time_launch_ms,filtered_altitude_ft,unfiltered_altitude_ft,pressure,temperature,acceleration_x_g,acceleration_y_g,acceleration_z_g,gyro_x_rate,gyro_y_rate,gyro_z_rate,max_altitude_ft,apogee_counter,event#,servo_x_state,servo_y_state,error_flag 
10,2.196676,4.417168,1015.73,-1,0.7412109, 15.99805, 0.2910156, 2.586875, -59.62594, 0.04718757,9.149079,1,1,False,False,177
130,-0.9300241,-4.056725,1016.041,50.99504,0.5981445, 15.97461, 0.3125, 48.165, -66.89156, -10.67156,9.149079,2,1,False,False,177
145,-0.6651616,-0.4002991,1015.906,-1,0.7783203, 13.33984, -0.03466797, 66.96188, -107.8759, -16.32781,9.149079,3,1,False,False,177
229,8.019146,16.70345,1015.278,-1,1.112793, 0.8500977, 1.905762, 83.36813, -161.8134, -59.90594,9.149079,4,1,False,False,177
296,5.438349,2.857552,1015.787,-1,2.127441, -1.366211, 2.233398, 82.165, -68.40719, -35.45281,9.149079,5,1,False,False,177
364,9.831874,14.2254,1015.369,-1,1.500977, -1.625488, 2.638184, 84.27438, 45.42094, -3.655937,9.149079,6,2,False,False,177
434,14.83594,19.84001,1015.163,49.80276,-0.5268555, -1.276367, 2.291504, 83.82125, 204.0616, 12.70344,9.831874,0,2,False,False,177
503,24.20027,33.5646,1014.66,-1,-1.838867, -0.9384766, 3.305176, 69.83688, 186.9991, 14.34406,14.83594,0,2,False,False,177
573,35.14688,46.09349,1014.201,49.40678,-0.675293, -0.8720703, 3.532715, 56.08688, -127.4697, -15.67156,24.20027,0,2,False,False,177
645,41.56462,47.98235,1014.131,-1,0.9506836, -1.389648, 2.97168, 52.8525, -117.6728, -37.81219,35.14688,0,2,False,False,177
814,57.09443,72.62424,1013.229,-1,0.01513672, -0.9189453, 2.52832, 63.415, 49.46781, -2.359062,41.56462,0,2,False,False,177
884,70.11003,83.12563,1012.844,-1,0.1821289, -0.8759766, 2.252441, 73.89938, 53.42094, 6.328438,57.09443,0,2,False,True,177
954,79.32549,88.54095,1012.645,-1,0.07177734, -0.5341797, 2.590332, 78.13375, -120.8603, 11.26594,70.11003,0,2,False,True,177
1027,84.05452,88.78355,1012.637,-1,0.96875, -0.5336914, 1.899414, 79.2275, -251.8134, -3.671562,79.32549,0,2,False,True,177
1098,89.3953,94.73608,1012.419,-1,1.210449, -0.5649414, 2.152344, 89.71188, -170.1572, -1.359062,84.05452,0,2,False,True,177
1169,95.67446,101.9536,1012.155,-1,1.018066, -0.5268555, 1.501953, 72.05563, -25.31344, 41.32844,89.3953,0,2,False,True,177
1241,100.9455,106.2166,1011.999,-1,0.171875, -0.5688477, 1.522461, 63.11813, 87.90531, -2.234062,95.67446,0,2,False,True,177
1317,107.0555,113.1655,1011.744,-1,0.3427734, -1.099121, 2.405762, 114.4619, 101.3272, -60.64031,100.9455,0,2,False,True,177
1392,111.4795,115.9035,1011.644,-1,0.3012695, -0.3774414, 1.678223, 103.7744, 63.42094, -87.85906,107.0555,0,2,False,True,177
1466,112.8207,114.1619,1011.708,-1,0.2431641, -0.1835938, 1.367188, 58.11813, -1.016562, -69.31219,111.4795,0,2,False,True,177
1542,116.9485,121.0762,1011.455,-1,0.09179688, -0.2866211, 0.6591797, 14.77437, -25.90719, -59.23406,112.8207,0,2,False,True,177
1618,118.6311,120.3137,1011.483,-1,0.2734375, -0.2998047, 0.7490234, -8.100625, 43.74906, -67.74969,116.9485,0,2,False,True,177
1805,122.9772,127.3233,1011.226,-1,0.2495117, -0.1884766, 0.3764648, 16.13375, 167.3584, -29.74969,118.6311,0,2,False,True,177
1884,124.7517,126.5262,1011.256,47.8726,0.1748047, -0.1855469, 0.34375, 23.71188, 171.9053, -17.59344,122.9772,0,2,False,True,177
1964,125.6389,126.5262,1011.256,47.89082,0.1953125, -0.2148438, 0.34375, 26.02438, 173.0303, -6.093437,124.7517,0,2,False,True,177
2045,125.4977,125.3565,1011.298,-1,0.1318359, -0.1816406, 0.2451172, 27.99313, 134.1241, 1.765938,125.6389,0,2,False,True,177
2125,125.2105,124.9232,1011.314,-1,0.0078125, -0.1791992, 0.3652344, 28.99313, 98.70219, 5.422188,125.6389,1,2,False,True,177
2206,124.0488,122.8871,1011.389,-1,0.1083984, -0.1928711, 0.3779297, 30.07125, 70.43656, 5.828438,125.6389,2,2,False,True,177
2289,123.2946,122.5405,1011.401,-1,0.1450195, -0.2412109, 0.2910156, 31.49313, 45.13969, 5.922188,125.6389,3,2,False,True,177
2370,121.0027,118.7108,1011.541,-1,0.152832, -0.2075195, 0.3300781, 31.33688, 23.17094, 7.109688,125.6389,4,2,False,True,177
2452,120.1384,119.274,1011.521,-1,0.2836914, -0.1875, 0.3623047, 31.44625, 8.280313, 10.17219,125.6389,5,3,True,True,177
2587,117.2888,114.4392,1011.698,48.12302,0.3735352, -0.2060547, 0.3525391, 33.79, 9.702188, 17.71906,125.6389,5,3,True,True,177
2653,114.7029,112.1171,1011.783,-1,0.3574219, -0.2182617, 0.3959961, 36.80563, 12.88969, 22.23469,125.6389,5,3,True,True,177
2715,110.8193,106.9357,1011.972,-1,0.3852539, -0.2666016, 0.4125977, 38.9775, 3.920938, 24.39094,125.6389,5,3,True,True,177
2888,104.7142,98.60912,1012.277,-1,0.2514648, -0.3310547, 0.4755859, 46.9775, -62.95406, 28.51594,125.6389,5,3,True,True,177
2962,99.89844,95.08266,1012.406,47.97277,0.4921875, -0.2099609, 0.3935547, 58.7275, -60.45406, 29.81281,125.6389,5,3,True,True,177
3026,98.17938,96.46032,1012.356,-1,0.3979492, -0.2900391, 0.5600586, 79.29, -87.43844, 26.62531,125.6389,5,3,True,True,177
3092,93.3645,88.54961,1012.645,47.60851,0.5136719, -0.2172852, 0.7216797, 87.74313, -107.0009, 19.73469,125.6389,5,3,True,True,177
3157,87.5909,81.81729,1012.892,-1,0.5175781, -0.4604492, 0.8242188, 82.33688, -86.90719, 24.71906,125.6389,5,3,True,True,177
3226,86.25504,84.91918,1012.778,-1,0.4936523, -0.2714844, 0.8925781, 72.1025, -18.00094, 36.46906,125.6389,5,3,True,True,177
3297,83.26069,80.26634,1012.949,-1,0.4179688, -0.4248047, 0.8642578, 75.415, 36.24906, 53.65656,125.6389,5,3,True,True,177
3366,83.19749,83.13429,1012.844,-1,0.3198242, -0.4360352, 1.079102, 65.07125, 48.96781, 62.32844,125.6389,5,3,True,True,177
3435,77.82422,72.45094,1013.235,-1,-0.01708984, -0.4130859, 1.288086, 53.38375, -5.094687, 62.21906,125.6389,5,3,True,True,177
3506,72.88481,67.9454,1013.4,-1,0.1943359, -0.4770508, 1.188965, 50.30563, -92.32906, 50.31281,125.6389,5,3,True,True,177
3576,69.55732,66.22983,1013.463,-1,0.1694336, -0.4282227, 1.227051, 59.57125, -149.3134, 39.12531,125.6389,5,3,True,True,177
3647,66.22132,62.88532,1013.585,-1,0.3754883, -0.512207, 1.06543, 63.19625, -217.6259, 21.50031,125.6389,5,3,True,True,177
3830,62.13592,58.05052,1013.762,-1,0.6245117, -0.4882813, 1.166504, 55.7275, -50.64156, 30.53156,125.6389,5,3,True,True,177
3904,58.71556,55.2952,1013.864,45.23093,0.574707, -0.3720703, 0.9511719, 59.04, 60.20219, 21.06281,125.6389,5,3,True,True,177
3978,55.0472,51.37885,1014.007,45.07147,0.03027344, -0.4599609, 0.8837891, 34.46188, 137.3584, 22.62531,125.6389,5,3,True,True,177
4050,50.99491,46.94261,1014.17,-1,0.0234375, -0.3481445, 1.126465, 25.4775, 130.4991, 24.46906,125.6389,5,3,True,True,177
4123,50.38974,49.78457,1014.065,44.77076,-0.2172852, -0.4599609, 1.029785, 13.04, 67.84281, 23.73469,125.6389,5,3,True,True,177
4200,48.31093,46.23212,1014.195,-1,0.01660156, -0.5073242, 0.8505859, 20.64938, -24.61031, 7.281563,125.6389,5,3,True,True,177
4274,44.16096,40.011,1014.424,-1,0.02148438, -0.4555664, 0.8569336, 29.52438, -106.8134, -0.7653124,125.6389,5,3,True,True,177
4354,40.40507,36.64917,1014.547,-1,0.3852539, -0.5253906, 0.840332, 35.665, -179.0791, -11.89031,125.6389,5,3,True,True,177
4434,36.43897,32.47287,1014.7,44.28319,0.4536133, -0.5288086, 0.7719727, 37.36813, -139.8291, -4.296562,125.6389,5,3,True,True,177
4515,36.97729,37.51562,1014.515,-1,0.6132813, -0.4418945, 0.9379883, 36.55563, -48.00094, 11.87531,125.6389,5,3,True,True,177
4594,31.77915,26.581,1014.916,-1,0.637207, -0.4697266, 0.9223633, 34.82125, -34.89156, 33.95344,125.6389,5,3,True,True,177
4674,26.6587,21.53825,1015.101,-1,0.3066406, -0.59375, 0.9174805, 40.08688, 11.04594, 62.18781,125.6389,5,3,True,True,177
4863,20.20811,13.75751,1015.387,43.69531,-0.0009765625, -0.7075195, 1.23877, 41.25875, 47.42094, 63.48469,125.6389,5,3,True,True,177
4947,17.13877,14.06944,1015.375,43.57225,-0.04833984, -0.5820313, 1.356445, 27.77438, -27.73531, 40.70344,125.6389,5,3,True,True,177
5032,13.12605,9.113335,1015.557,43.47654,-0.3696289, -1.300781, 0.7875977, 58.55563, 121.2491, 49.59406,125.6389,5,3,True,True,177
5117,18.14662,23.16718,1015.041,43.38995,-1.964844, -3.297363, 1.801758, 108.2744, 519.9366, 214.9534,125.6389,5,3,True,True,177
5202,21.40205,24.65748,1014.987,-1,-3.492188, -0.7651367, -3.630859, -277.5225, 519.9366, 377.8284,125.6389,5,3,True,True,177
5333,16.37541,11.34878,1015.475,-1,1.402344, 0.7543945, -0.5205078, 9.38375, 259.9991, -5.296562,125.6389,5,3,True,True,177
5397,11.42737,6.479324,1015.654,-1,0.6875, 0.04150391, -1.989746, 143.2275, -353.3603, 78.32844,125.6389,5,3,True,True,177
5463,4.534443,-2.358482,1015.978,-1,-4.035645, 8.319824, -15.99902, 190.4306, -504.0166, -7.234062,125.6389,5,3,True,True,177
5527,1.399904,-1.734634,1015.955,43.64518,-0.6928711, 0.4394531, 1.933594, -31.24125, 191.0459, 73.26594,125.6389,5,4,True,True,177
5593,0.5864459,-0.2270126,1015.9,-1,-0.2905273, 0.008300781, 0.3574219, -14.25688, 198.4209, 96.81281,125.6389,5,4,True,True,177
5662,0.7602411,0.9340363,1015.857,43.80469,0.2089844, 0.06591797, 0.07714844, -22.05375, 215.4522, 96.81281,125.6389,5,4,True,True,177
5727,2.978608,5.196976,1015.701,-1,-0.01367188, -0.09423828, -0.3637695, -26.67875, 204.1553, 76.78156,125.6389,5,4,True,True,177
5904,2.320229,1.66185,1015.83,-1,0.02050781, -0.3041992, -0.9082031, -36.585, -248.7197, 14.67219,125.6389,5,4,True,True,177
5972,1.696446,1.072662,1015.852,-1,-0.07324219, 0.04931641, -1.455078, -40.74125, -308.5009, 17.42219,125.6389,5,4,True,True,177
6048,0.310156,-1.076134,1015.931,-1,-0.8061523, 0.07910156, -0.8476563, 12.86812, -71.07906, -9.484062,125.6389,5,4,True,True,177
6117,0.7000762,1.089996,1015.851,-1,-0.4555664, 0.06982422, -0.8745117, -2.67875, 54.32719, 2.531563,125.6389,5,4,True,True,177
6186,-0.006075353,-0.7122269,1015.918,-1,-0.3051758, 0.06005859, -0.9741211, -2.600625, 102.1241, 0.6096876,125.6389,5,4,True,True,177
6256,-0.2551777,-0.5042801,1015.91,-1,-0.1972656, 0.02783203, -0.9238281, -0.850625, 1.295938, -0.6871874,125.6389,5,4,True,True,177
6331,1.153894,2.562965,1015.797,44.3561,-0.3994141, 0.02148438, -0.9526367, -1.55375, -25.65719, 0.3596876,125.6389,5,4,True,True,177
6405,0.7840278,0.4141617,1015.876,44.41079,-0.3266602, 0.04052734, -0.934082, -0.05375004, 9.702188, -0.3903124,125.6389,5,4,True,True,177
6480,0.6684116,0.5527954,1015.871,-1,-0.2592773, 0.03515625, -0.9599609, -0.17875, -1.750937, 0.07843757,125.6389,5,4,True,True,177
6555,1.529042,2.389671,1015.804,44.46547,-0.3212891, 0.005371094, -0.9829102, -0.131875, 9.780313, -0.5621874,125.6389,5,4,True,True,177
6631,0.5816976,-0.3656464,1015.905,-1,-0.3007813, 0.01025391, -0.9741211, 0.118125, -2.657187, 0.4221876,125.6389,5,4,True,True,177
6707,1.295064,2.00843,1015.818,-1,-0.2895508, 0.05664063, -0.8427734, -0.11625, 0.8740625, 0.1721876,125.6389,5,4,True,True,177
6890,1.149207,1.003349,1015.855,-1,-0.3295898, 0.03564453, -0.9189453, 0.03999996, -0.8290625, 0.3128126,125.6389,5,4,True,True,177
6965,1.076278,1.003349,1015.855,-1,-0.2973633, 0.03515625, -0.9204102, 0.08687496, 0.1396875, 0.1253126,125.6389,5,4,True,True,177
7043,1.750305,2.424332,1015.803,44.53837,-0.3076172, 0.03466797, -0.9213867, 0.008749962, -4.579062, 0.5159376,125.6389,5,4,True,True,177
7119,1.506794,1.263283,1015.845,-1,-0.3144531, 0.0390625, -0.9165039, 0.05562496, 0.6865625, 0.07843757,125.6389,5,4,True,True,177
7198,3.247911,4.989029,1015.708,-1,-0.3173828, 0.03662109, -0.9174805, 0.008749962, -2.016562, 0.2659376,125.6389,5,4,True,True,177
7279,0.401391,-2.445129,1015.981,44.55204,-0.3115234, 0.03759766, -0.9165039, 0.03999996, -0.9071875, 0.1721876,125.6389,5,4,True,True,177
7359,0.9709706,1.54055,1015.835,44.53837,-0.3129883, 0.03808594, -0.9160156, -0.006875038, -0.2509375, 0.1409376,125.6389,5,4,True,True,177
7443,0.7185595,0.4661484,1015.874,44.56115,-0.3134766, 0.03613281, -0.9165039, 0.008749962, -0.5478125, 0.1878126,125.6389,5,4,True,True,177
7525,1.207535,1.69651,1015.829,-1,-0.3129883, 0.03759766, -0.9140625, 0.02437496, -0.4384375, 0.1721876,125.6389,5,4,True,True,177
7608,2.604404,4.001274,1015.745,-1,-0.3129883, 0.03613281, -0.9150391, -0.006875038, -0.4071875, 0.1878126,125.6389,5,4,True,True,177
7693,2.453714,2.303024,1015.807,44.58849,-0.3134766, 0.03710938, -0.9155273, 0.008749962, -0.5321875, 0.1721876,125.6389,5,4,True,True,177
7777,2.68163,2.909546,1015.784,44.59305,-0.3139648, 0.03808594, -0.9165039, 0.02437496, -0.5634375, 0.1721876,125.6389,5,4,True,True,177
8018,1.374606,0.06758118,1015.889,-1,-0.3149414, 0.03662109, -0.9150391, 0.02437496, -0.4853125, 0.1878126,125.6389,5,4,True,True,177
8081,2.142076,2.909546,1015.784,-1,-0.3134766, 0.03710938, -0.9169922, -0.02250004, -0.3446875, 0.1878126,125.6389,5,4,True,True,177
8147,1.382092,0.6221085,1015.869,44.59761,-0.3125, 0.03613281, -0.9135742, 0.07124996, -0.3134375, 0.1409376,125.6389,5,4,True,True,177
8213,1.573958,1.765823,1015.827,-1,-0.3129883, 0.03710938, -0.9145508, 0.008749962, -0.4071875, 0.1253126,125.6389,5,4,True,True,177
8281,0.2142516,-1.145454,1015.934,44.59305,-0.3134766, 0.03759766, -0.9150391, 0.02437496, -0.3915625, 0.1253126,125.6389,5,4,True,True,177
8348,0.1062599,-0.001731873,1015.891,-1,-0.3134766, 0.03759766, -0.9150391, -0.02250004, -0.4540625, 0.1721876,125.6389,5,4,True,True,177
8416,0.3208606,0.5354614,1015.872,44.57483,-0.3125, 0.03564453, -0.9150391, 0.05562496, -0.4228125, 0.1878126,125.6389,5,4,True,True,177
8486,-0.1436964,-0.6082535,1015.914,44.56571,-0.3134766, 0.03808594, -0.9145508, 0.008749962, -0.3915625, 0.1721876,125.6389,5,4,True,True,177
8557,0.9063737,1.956444,1015.82,44.56571,-0.3120117, 0.03808594, -0.9165039, 0.05562496, -0.4228125, 0.1253126,125.6389,5,4,True,True,177
8626,0.4176606,-0.07105255,1015.894,44.5566,-0.3125, 0.03662109, -0.9130859, -0.006875038, -0.3915625, 0.1721876,125.6389,5,4,True,True,177
8696,0.2686142,0.1195679,1015.887,-1,-0.3129883, 0.03515625, -0.9169922, 0.02437496, -0.4228125, 0.1409376,125.6389,5,4,True,True,177
8768,0.6359818,1.003349,1015.855,-1,-0.3129883, 0.03808594, -0.9165039, 0.03999996, -0.3915625, 0.1565626,125.6389,5,4,True,True,177
8946,0.6463753,0.6567688,1015.867,-1,-0.3134766, 0.03564453, -0.9150391, 0.008749962, -0.4540625, 0.1721876,125.6389,5,4,True,True,177
9020,1.630664,2.614952,1015.795,44.53382,-0.3144531, 0.03759766, -0.9155273, 0.05562496, -0.4696875, 0.1721876,125.6389,5,4,True,True,177
9090,1.550947,1.47123,1015.838,-1,-0.3139648, 0.03662109, -0.9125977, -0.05375004, -0.4696875, 0.1253126,125.6389,5,4,True,True,177
9172,2.351546,3.152145,1015.776,-1,-0.3125, 0.03564453, -0.9135742, -0.02250004, -0.4540625, 0.1565626,125.6389,5,4,True,True,177
9247,2.751846,3.152145,1015.776,-1,-0.3125, 0.03662109, -0.9116211, 0.05562496, -0.3759375, 0.1253126,125.6389,5,4,True,True,177
9322,2.380138,2.00843,1015.818,-1,-0.3129883, 0.03710938, -0.9130859, 0.05562496, -0.3759375, 0.2190626,125.6389,5,4,True,True,177
9397,1.041906,-0.2963257,1015.902,-1,-0.3129883, 0.03515625, -0.9121094, -0.02250004, -0.4540625, 0.1721876,125.6389,5,4,True,True,177
9475,-0.199071,-1.440048,1015.945,44.49736,-0.3125, 0.03710938, -0.9135742, 0.05562496, -0.4071875, 0.1721876,125.6389,5,4,True,True,177
9552,1.745138,3.689346,1015.756,-1,-0.3125, 0.03759766, -0.9121094, -0.05375004, -0.4071875, 0.1878126,125.6389,5,4,True,True,177
9630,0.4211452,-0.9028473,1015.925,-1,-0.3120117, 0.03662109, -0.9121094, 0.008749962, -0.3915625, 0.1565626,125.6389,5,4,True,True,177
9709,-0.240851,-0.9028473,1015.925,-1,-0.3120117, 0.03613281, -0.9106445, -0.02250004, -0.4540625, 0.1878126,125.6389,5,4,True,True,177
9785,0.8837897,2.00843,1015.818,-1,-0.3149414, 0.03710938, -0.9111328, 0.02437496, -0.3290625, 0.1565626,125.6389,5,4,True,True,177
9975,0.293732,-0.2963257,1015.902,-1,-0.3134766, 0.03710938, -0.9086914, -0.006875038, -0.3759375, 0.1721876,125.6389,5,4,True,True,177
10058,0.2673037,0.2408752,1015.883,44.50648,-0.3134766, 0.03808594, -0.9101563, 0.02437496, -0.3290625, 0.1565626,125.6389,5,4,True,True,177
10143,0.8259469,1.38459,1015.84,44.49281,-0.3129883, 0.03759766, -0.9091797, -0.02250004, -0.3446875, 0.1878126,125.6389,5,4,True,True,177
10224,0.360117,-0.1057129,1015.895,-1,-0.3134766, 0.03808594, -0.9086914, -0.05375004, -0.3759375, 0.1878126,125.6389,5,4,True,True,177
10307,0.2658358,0.1715546,1015.885,44.48369,-0.3134766, 0.03710938, -0.909668, -0.02250004, -0.3915625, 0.1878126,125.6389,5,4,True,True,177
10390,-0.795053,-1.855942,1015.96,-1,-0.3134766, 0.03808594, -0.9086914, 0.02437496, -0.3915625, 0.1409376,125.6389,5,4,True,True,177
10523,0.2254517,1.245956,1015.846,-1,-0.3134766, 0.03759766, -0.9091797, 0.008749962, -0.3603125, 0.1721876,125.6389,5,4,True,True,177
10587,0.1551796,0.08490753,1015.888,44.46547,-0.3144531, 0.03662109, -0.9091797, 0.05562496, -0.4071875, 0.1409376,125.6389,5,4,True,True,177
10652,-0.4518139,-1.058807,1015.93,-1,-0.3125, 0.03857422, -0.9086914, 0.008749962, -0.3915625, 0.1878126,125.6389,5,4,True,True,177
10718,-0.9286009,-1.405388,1015.943,-1,-0.3134766, 0.03759766, -0.9077148, -0.02250004, -0.3759375, 0.1253126,125.6389,5,4,True,True,177
10783,-0.4565032,0.01559448,1015.891,-1,-0.3125, 0.03662109, -0.9077148, 0.03999996, -0.3759375, 0.1096876,125.6389,5,4,True,True,177
10852,-0.7923118,-1.12812,1015.933,-1,-0.3134766, 0.03759766, -0.9086914, 0.05562496, -0.3759375, 0.1409376,125.6389,5,4,True,True,177
11028,-0.6916156,-0.5909195,1015.913,-1,-0.3129883, 0.03662109, -0.9106445, 0.05562496, -0.4540625, 0.2034376,125.6389,5,4,True,True,177
11093,-1.256449,-1.821281,1015.958,-1,-0.3134766, 0.03710938, -0.9082031, 0.03999996, -0.4071875, 0.1253126,125.6389,5,4,True,True,177
11161,-0.3864869,0.4834747,1015.874,44.4199,-0.3134766, 0.03613281, -0.909668, 0.05562496, -0.4228125, 0.1721876,125.6389,5,4,True,True,177
11227,-1.268511,-2.150536,1015.971,-1,-0.3129883, 0.03564453, -0.9082031, 0.02437496, -0.3603125, 0.1721876,125.6389,5,4,True,True,177
11296,-0.1585743,0.9513626,1015.857,-1,-0.3125, 0.03662109, -0.9082031, 0.02437496, -0.3759375, 0.2034376,125.6389,5,4,True,True,177
11367,-0.4873873,-0.8162003,1015.921,44.39256,-0.3129883, 0.03662109, -0.9101563, 0.02437496, -0.3759375, 0.1409376,125.6389,5,4,True,True,177
11438,-0.51316,-0.5389328,1015.912,-1,-0.3134766, 0.03808594, -0.9077148, -0.006875038, -0.3759375, 0.1878126,125.6389,5,4,True,True,177
11511,0.8949322,2.303024,1015.807,44.37433,-0.3134766, 0.03564453, -0.909668, -0.03812504, -0.3915625, 0.1721876,125.6389,5,4,True,True,177
11585,0.8884871,0.8820419,1015.859,44.37433,-0.3125, 0.03710938, -0.9091797, -0.02250004, -0.3446875, 0.1409376,125.6389,5,4,True,True,177
11661,1.283836,1.679184,1015.83,44.3561,-0.3125, 0.03710938, -0.9091797, -0.006875038, -0.4071875, 0.2190626,125.6389,5,4,True,True,177
11735,0.7710186,0.2582016,1015.882,44.36066,-0.3120117, 0.03710938, -0.9082031, 0.02437496, -0.4228125, 0.1409376,125.6389,5,4,True,True,177
11811,-0.3691714,-1.509361,1015.947,-1,-0.3120117, 0.03662109, -0.9086914, 0.008749962, -0.3759375, 0.1721876,125.6389,5,4,True,True,177
11996,1.018913,2.406998,1015.803,-1,-0.3144531, 0.03662109, -0.9072266, 0.02437496, -0.4228125, 0.1253126,125.6389,5,4,True,True,177
12072,1.106441,1.19397,1015.848,-1,-0.3115234, 0.03808594, -0.9091797, 0.07124996, -0.3603125, 0.1409376,125.6389,5,4,True,True,177
12150,-0.002176285,-1.110794,1015.932,44.31053,-0.3120117, 0.03662109, -0.9086914, -0.02250004, -0.3290625, 0.1253126,125.6389,5,4,True,True,177
12234,0.4226065,0.8473892,1015.86,44.2923,-0.3125, 0.03564453, -0.909668, 0.02437496, -0.3759375, 0.1721876,125.6389,5,4,True,True,177
12311,0.4617076,0.5008087,1015.873,-1,-0.3120117, 0.03808594, -0.9116211, 0.02437496, -0.3759375, 0.1096876,125.6389,5,4,True,True,177
12390,2.04087,3.620033,1015.759,44.26952,-0.3129883, 0.03613281, -0.9091797, 0.02437496, -0.4071875, 0.1721876,125.6389,5,4,True,True,177
12470,1.94667,1.85247,1015.824,-1,-0.3120117, 0.03759766, -0.9086914, -0.006875038, -0.4071875, 0.1096876,125.6389,5,4,True,True,177
12551,1.760941,1.575211,1015.833,-1,-0.3125, 0.03759766, -0.9086914, 0.02437496, -0.3915625, 0.1721876,125.6389,5,4,True,True,177
12630,1.945339,2.129738,1015.814,-1,-0.3134766, 0.03808594, -0.9101563, 0.05562496, -0.2978125, 0.1721876,125.6389,5,4,True,True,177
12714,1.725615,1.50589,1015.836,-1,-0.3125, 0.03759766, -0.9091797, -0.02250004, -0.3603125, 0.1721876,125.6389,5,4,True,True,177
12796,1.581096,1.436577,1015.839,-1,-0.3134766, 0.03662109, -0.9101563, 0.02437496, -0.3446875, 0.1096876,125.6389,5,4,True,True,177
12881,1.508836,1.436577,1015.839,-1,-0.3115234, 0.03662109, -0.9086914, 0.03999996, -0.3446875, 0.1721876,125.6389,5,4,True,True,177
13123,-0.1562226,-1.821281,1015.958,44.21028,-0.3120117, 0.03662109, -0.9091797, -0.006875038, -0.3290625, 0.1878126,125.6389,5,4,True,True,177
13188,-0.2782608,-0.4002991,1015.906,-1,-0.3120117, 0.03759766, -0.9086914, 0.02437496, -0.4540625, 0.1878126,125.6389,5,4,True,True,177
13253,0.9430649,2.164391,1015.812,-1,-0.3134766, 0.03759766, -0.9101563, -0.006875038, -0.3759375, 0.1096876,125.6389,5,4,True,True,177
13317,1.120504,1.297943,1015.844,44.19205,-0.3129883, 0.03710938, -0.909668, -0.006875038, -0.3915625, 0.1878126,125.6389,5,4,True,True,177
13383,1.781081,2.441658,1015.802,44.19205,-0.3134766, 0.03662109, -0.9101563, 0.03999996, -0.3134375, 0.1565626,125.6389,5,4,True,True,177
13448,1.227588,0.6740952,1015.867,-1,-0.3129883, 0.03759766, -0.9067383, -0.006875038, -0.3603125, 0.1878126,125.6389,5,4,True,True,177
13517,0.3789842,-0.4696198,1015.909,44.18294,-0.3129883, 0.03759766, -0.9072266, 0.008749962, -0.3603125, 0.1253126,125.6389,5,4,True,True,177
13588,0.6651734,0.9513626,1015.857,44.17382,-0.3125, 0.03759766, -0.9086914, 0.02437496, -0.3134375, 0.1096876,125.6389,5,4,True,True,177
13657,0.2277436,-0.2096863,1015.899,-1,-0.3120117, 0.03759766, -0.909668, 0.03999996, -0.3915625, 0.2190626,125.6389,5,4,True,True,177
13728,0.1476624,0.06758118,1015.889,44.16471,-0.3134766, 0.03613281, -0.9082031, 0.008749962, -0.3603125, 0.2034376,125.6389,5,4,True,True,177
13798,0.6448227,1.141983,1015.85,-1,-0.3115234, 0.03710938, -0.9082031, -0.02250004, -0.3759375, 0.1721876,125.6389,5,4,True,True,177
13871,1.603894,2.562965,1015.797,44.15104,-0.3129883, 0.03662109, -0.9077148, -0.006875038, -0.3759375, 0.09406257,125.6389,5,4,True,True,177
14052,1.338278,1.072662,1015.852,44.12825,-0.3129883, 0.03710938, -0.9072266, 0.07124996, -0.3446875, 0.1721876,125.6389,5,4,True,True,177
14123,0.4603226,-0.4176331,1015.907,-1,-0.3125, 0.03662109, -0.9091797, 0.02437496, -0.3446875, 0.1409376,125.6389,5,4,True,True,177
14192,1.875551,3.290779,1015.771,-1,-0.3125, 0.03710938, -0.90625, 0.05562496, -0.3759375, 0.1721876,125.6389,5,4,True,True,177
14266,-0.3281128,-2.531776,1015.984,44.10547,-0.3129883, 0.03759766, -0.9082031, -0.006875038, -0.3290625, 0.1096876,125.6389,5,4,True,True,177
14340,1.14342,2.614952,1015.796,-1,-0.3120117, 0.0390625, -0.9072266, -0.02250004, -0.4853125, 0.1721876,125.6389,5,4,True,True,177
14416,-0.4255779,-1.994576,1015.964,-1,-0.3120117, 0.03613281, -0.9111328, -0.006875038, -0.3915625, 0.1409376,125.6389,5,4,True,True,177
14493,-0.09235135,0.2408752,1015.883,-1,-0.3120117, 0.03564453, -0.909668, 0.07124996, -0.3446875, 0.1878126,125.6389,5,4,True,True,177
14567,0.9147199,1.921791,1015.821,-1,-0.3129883, 0.03613281, -0.9116211, 0.05562496, -0.3759375, 0.1721876,125.6389,5,4,True,True,177
14642,0.5431372,0.1715546,1015.885,-1,-0.3120117, 0.03662109, -0.9121094, 0.008749962, -0.3446875, 0.1878126,125.6389,5,4,True,True,177
14720,0.3573459,0.1715546,1015.885,44.05534,-0.3129883, 0.03564453, -0.9111328, 0.03999996, -0.4228125, 0.1721876,125.6389,5,4,True,True,177
14800,-0.4806975,-1.318741,1015.94,44.04167,-0.3110352, 0.03759766, -0.9086914, 0.05562496, -0.3915625, 0.1721876,125.6389,5,4,True,True,177
14880,0.2439957,0.968689,1015.856,44.03255,-0.3120117, 0.03613281, -0.9106445, 0.02437496, -0.4071875, 0.2034376,125.6389,5,4,True,True,177
15070,1.420807,2.597618,1015.796,-1,-0.3129883, 0.03759766, -0.9077148, 0.05562496, -0.3446875, 0.1721876,125.6389,5,4,True,True,177
15152,0.6835442,-0.05371857,1015.893,-1,-0.3139648, 0.03710938, -0.9052734, -0.006875038, -0.3603125, 0.1409376,125.6389,5,4,True,True,177
15234,1.909182,3.134819,1015.776,43.99154,-0.3120117, 0.03662109, -0.9077148, 0.008749962, -0.3603125, 0.1721876,125.6389,5,4,True,True,177
15323,1.776853,1.644524,1015.831,-1,-0.3125, 0.03662109, -0.9101563, 0.008749962, -0.3759375, 0.1721876,125.6389,5,4,True,True,177
15404,1.979289,2.181725,1015.811,43.98243,-0.3129883, 0.03613281, -0.9086914, 0.118125, -0.3446875, 0.1096876,125.6389,5,4,True,True,177
15486,2.349107,2.718925,1015.792,-1,-0.3134766, 0.0390625, -0.9091797, 0.08687496, -0.4228125, 0.1721876,125.6389,5,4,True,True,177
15619,-0.5158953,-3.380898,1016.015,-1,-0.3120117, 0.03662109, -0.9135742, -0.02250004, -0.4071875, 0.1721876,125.6389,5,4,True,True,177
15684,0.7982543,2.112404,1015.814,43.95052,-0.3110352, 0.03808594, -0.9086914, 0.008749962, -0.3290625, 0.1409376,125.6389,5,4,True,True,177
15749,0.3982612,-0.001731873,1015.891,-1,-0.3125, 0.03710938, -0.9091797, 0.02437496, -0.3134375, 0.1253126,125.6389,5,4,True,True,177
15818,1.757877,3.117493,1015.777,43.93229,-0.3115234, 0.03710938, -0.9086914, 0.03999996, -0.3603125, 0.2034376,125.6389,5,4,True,True,177
15883,1.285303,0.8127289,1015.862,43.91862,-0.3125, 0.03662109, -0.909668, 0.02437496, -0.4384375, 0.09406257,125.6389,5,4,True,True,177
15953,2.877229,4.469154,1015.728,43.91407,-0.3129883, 0.03759766, -0.9101563, -0.006875038, -0.3603125, 0.1565626,125.6389,5,4,True,True,177
16133,0.6232839,-1.630661,1015.951,-1,-0.3110352, 0.03857422, -0.9086914, -0.03812504, -0.3603125, 0.1253126,125.6389,5,4,True,True,177
16202,0.7873232,0.9513626,1015.857,43.87305,-0.3125, 0.03613281, -0.9086914, 0.008749962, -0.3446875, 0.1096876,125.6389,5,4,True,True,177
16270,2.108368,3.429413,1015.765,-1,-0.3129883, 0.03808594, -0.9077148, 0.02437496, -0.3134375, 0.1409376,125.6389,5,4,True,True,177
16339,2.604263,3.100159,1015.778,-1,-0.3120117, 0.03710938, -0.9086914, -0.006875038, -0.4071875, 0.1409376,125.6389,5,4,True,True,177
16412,1.968433,1.332603,1015.842,43.8457,-0.3129883, 0.03759766, -0.9106445, 0.02437496, -0.3603125, 0.2034376,125.6389,5,4,True,True,177
16483,1.789148,1.609863,1015.833,-1,-0.3115234, 0.03759766, -0.9101563, 0.07124996, -0.3915625, 0.1409376,125.6389,5,4,True,True,177
16555,2.981854,4.174561,1015.738,-1,-0.3125, 0.03710938, -0.909668, 0.008749962, -0.3759375, 0.1565626,125.6389,5,4,True,True,177
16627,2.087912,1.19397,1015.848,43.81836,-0.3129883, 0.03857422, -0.9086914, 0.008749962, -0.4540625, 0.1565626,125.6389,5,4,True,True,177
16702,2.082832,2.077751,1015.815,43.80469,-0.3134766, 0.03662109, -0.909668, -0.006875038, -0.4384375, 0.1409376,125.6389,5,4,True,True,177
16777,1.777031,1.47123,1015.838,43.80013,-0.3125, 0.03759766, -0.9067383, 0.008749962, -0.3446875, 0.1878126,125.6389,5,4,True,True,177
16852,1.043609,0.3101883,1015.88,-1,-0.3120117, 0.03710938, -0.9077148, -0.02250004, -0.3915625, 0.1409376,125.6389,5,4,True,True,177
16928,2.808369,4.573128,1015.724,-1,-0.3129883, 0.03613281, -0.9086914, 0.03999996, -0.3603125, 0.1565626,125.6389,5,4,True,True,177
17112,2.50371,2.199051,1015.81,43.76367,-0.3134766, 0.03759766, -0.9116211, 0.02437496, -0.4071875, 0.1721876,125.6389,5,4,True,True,177
17188,1.207665,-0.08837891,1015.895,-1,-0.3115234, 0.03564453, -0.9072266, 0.05562496, -0.3446875, 0.1096876,125.6389,5,4,True,True,177
17266,1.400101,1.592537,1015.833,43.75911,-0.3139648, 0.03759766, -0.909668, -0.006875038, -0.2978125, 0.1721876,125.6389,5,4,True,True,177
17341,2.20681,3.013519,1015.781,-1,-0.3120117, 0.03710938, -0.9072266, -0.02250004, -0.3446875, 0.09406257,125.6389,5,4,True,True,177
17421,0.6173249,-0.9721603,1015.927,43.75456,-0.3120117, 0.03662109, -0.9091797, -0.05375004, -0.4071875, 0.1096876,125.6389,5,4,True,True,177
17501,0.9316407,1.245956,1015.846,-1,-0.3125, 0.03662109, -0.909668, 0.03999996, -0.4228125, 0.1409376,125.6389,5,4,True,True,177
17600,1.088799,1.245956,1015.846,43.73632,-0.3134766, 0.03759766, -0.9077148, -0.06937504, -0.4540625, 0.2346876,125.6389,5,4,True,True,177
17681,0.8641205,0.6394424,1015.868,43.74089,-0.3120117, 0.03857422, -0.9086914, 0.03999996, -0.3915625, 0.1565626,125.6389,5,4,True,True,177
17763,0.7517815,0.6394424,1015.868,-1,-0.3125, 0.03662109, -0.9101563, 0.02437496, -0.4071875, 0.1096876,125.6389,5,4,True,True,177
17846,0.9642086,1.176636,1015.848,43.72721,-0.3129883, 0.03759766, -0.9106445, 0.02437496, -0.3446875, 0.2034376,125.6389,5,4,True,True,177
17927,1.165732,1.367256,1015.841,-1,-0.3129883, 0.03613281, -0.909668, 0.02437496, -0.3915625, 0.09406257,125.6389,5,4,True,True,177
18010,2.999397,4.833061,1015.714,-1,-0.3125, 0.03808594, -0.909668, 0.05562496, -0.3603125, 0.2034376,125.6389,5,4,True,True,177
18256,2.313297,1.627197,1015.831,-1,-0.3120117, 0.03710938, -0.9091797, -0.02250004, -0.3759375, 0.1409376,125.6389,5,4,True,True,177
18320,2.074221,1.835144,1015.824,-1,-0.3129883, 0.03662109, -0.909668, 0.03999996, -0.3290625, 0.2034376,125.6389,5,4,True,True,177
18384,2.188622,2.303024,1015.807,-1,-0.3129883, 0.03613281, -0.909668, -0.006875038, -0.3290625, 0.1878126,125.6389,5,4,True,True,177
18454,2.783024,3.377426,1015.767,43.55402,-0.3120117, 0.03710938, -0.9077148, -0.05375004, -0.3446875, 0.1721876,125.6389,5,4,True,True,177
18529,2.335078,1.887131,1015.822,43.53579,-0.3115234, 0.03759766, -0.9077148, -0.02250004, -0.3446875, 0.1721876,125.6389,5,4,True,True,177
18596,1.37462,0.4141617,1015.876,-1,-0.3120117, 0.03710938, -0.9077148, -0.006875038, -0.2978125, 0.1253126,125.6389,5,4,True,True,177
18664,1.024357,0.6740952,1015.867,43.52668,-0.3125, 0.03564453, -0.9082031, -0.03812504, -0.3290625, 0.2034376,125.6389,5,4,True,True,177
18734,2.131575,3.238792,1015.772,43.51756,-0.3134766, 0.03564453, -0.909668, 0.05562496, -0.3759375, 0.1253126,125.6389,5,4,True,True,177
18804,1.506808,0.8820419,1015.859,43.50845,-0.3129883, 0.03759766, -0.9086914, -0.006875038, -0.3603125, 0.1253126,125.6389,5,4,True,True,177
18874,-0.08791965,-1.682648,1015.953,43.49022,-0.3129883, 0.03759766, -0.9086914, -0.006875038, -0.4228125, 0.2034376,125.6389,5,4,True,True,177
18944,-0.4867165,-0.8855133,1015.924,43.49477,-0.3125, 0.03710938, -0.9111328, -0.006875038, -0.3915625, 0.1409376,125.6389,5,4,True,True,177
19016,1.583989,3.654694,1015.758,-1,-0.3134766, 0.03710938, -0.909668, 0.02437496, -0.3290625, 0.1721876,125.6389,5,4,True,True,177
19194,1.163702,0.7434158,1015.864,43.46287,-0.3105469, 0.03759766, -0.9101563, -0.006875038, -0.3446875, 0.1721876,125.6389,5,4,True,True,177
19266,-0.1988229,-1.561348,1015.949,-1,-0.3115234, 0.0390625, -0.9086914, -0.006875038, -0.3603125, 0.1721876,125.6389,5,4,True,True,177
19338,0.1336628,0.4661484,1015.874,-1,-0.3125, 0.03662109, -0.9077148, 0.02437496, -0.3759375, 0.1721876,125.6389,5,4,True,True,177
19410,1.859518,3.585373,1015.76,-1,-0.3129883, 0.03564453, -0.9077148, -0.03812504, -0.3915625, 0.1409376,125.6389,5,4,True,True,177
19483,0.6949491,-0.4696198,1015.909,-1,-0.3120117, 0.03759766, -0.9077148, -0.006875038, -0.3134375, 0.2190626,125.6389,5,4,True,True,177
19558,0.9877829,1.280617,1015.844,-1,-0.3129883, 0.03564453, -0.9091797, -0.02250004, -0.3446875, 0.1565626,125.6389,5,4,True,True,177
19633,0.2590816,-0.4696198,1015.909,-1,-0.3115234, 0.03613281, -0.9086914, 0.03999996, -0.3915625, 0.1565626,125.6389,5,4,True,True,177
19709,0.1633314,0.06758118,1015.889,-1,-0.3125, 0.03808594, -0.909668, 0.02437496, -0.3446875, 0.09406257,125.6389,5,4,True,True,177
19788,1.536439,2.909546,1015.785,-1,-0.3125, 0.03564453, -0.9082031, -0.006875038, -0.4228125, 0.1409376,125.6389,5,4,True,True,177
19865,2.352959,3.169479,1015.775,-1,-0.3115234, 0.03857422, -0.9091797, -0.02250004, -0.3915625, 0.1565626,125.6389,5,4,True,True,177
19943,2.319328,2.285698,1015.807,43.42185,-0.3115234, 0.03759766, -0.9106445, 0.05562496, -0.3446875, 0.1878126,125.6389,5,4,True,True,177
20022,1.427395,0.5354614,1015.872,43.41273,-0.3129883, 0.03710938, -0.9082031, 0.03999996, -0.3915625, 0.1253126,125.6389,5,4,True,True,177
20213,-0.2056103,-1.838615,1015.959,-1,-0.3125, 0.03710938, -0.909668, 0.05562496, -0.4228125, 0.1878126,125.6389,5,4,True,True,177
20292,0.8320932,1.869797,1015.823,-1,-0.3115234, 0.03710938, -0.9091797, -0.006875038, -0.3134375, 0.1253126,125.6389,5,4,True,True,177
20377,1.324952,1.81781,1015.825,43.37627,-0.3115234, 0.03710938, -0.9091797, -0.05375004, -0.3915625, 0.2034376,125.6389,5,4,True,True,177
20461,0.6876032,0.05025482,1015.89,-1,-0.3115234, 0.03662109, -0.909668, 0.02437496, -0.3446875, 0.1565626,125.6389,5,4,True,True,177
20542,1.928541,3.169479,1015.775,-1,-0.3120117, 0.03662109, -0.9082031, 0.02437496, -0.4071875, 0.1253126,125.6389,5,4,True,True,177
20624,1.968486,2.00843,1015.818,-1,-0.3110352, 0.03759766, -0.9082031, 0.008749962, -0.3603125, 0.1409376,125.6389,5,4,True,True,177
20755,1.555234,1.141983,1015.85,43.33525,-0.3110352, 0.03857422, -0.909668, 0.03999996, -0.3915625, 0.1565626,125.6389,5,4,True,True,177
20821,1.478575,1.401917,1015.84,43.33525,-0.3129883, 0.03808594, -0.9086914, -0.02250004, -0.3759375, 0.1565626,125.6389,5,4,True,True,177
20886,2.012104,2.545631,1015.798,43.33525,-0.3115234, 0.03662109, -0.9101563, 0.1025, -0.3446875, 0.2034376,125.6389,5,4,True,True,177
20951,2.278867,2.545631,1015.798,-1,-0.3129883, 0.03808594, -0.9111328, 0.02437496, -0.3603125, 0.1409376,125.6389,5,4,True,True,177
21021,2.247626,2.216385,1015.81,43.32614,-0.3120117, 0.03759766, -0.9086914, 0.03999996, -0.3446875, 0.1565626,125.6389,5,4,True,True,177
21087,1.928745,1.609863,1015.833,-1,-0.3120117, 0.03662109, -0.9086914, 0.03999996, -0.4071875, 0.1096876,125.6389,5,4,True,True,177
21262,1.024156,0.1195679,1015.887,-1,-0.3120117, 0.03662109, -0.9091797, 0.008749962, -0.3603125, 0.1721876,125.6389,5,4,True,True,177
21330,3.136559,5.248962,1015.699,-1,-0.3120117, 0.03955078, -0.909668, 0.02437496, -0.3603125, 0.1721876,125.6389,5,4,True,True,177
21400,0.4496884,-2.237183,1015.974,-1,-0.3120117, 0.03857422, -0.9086914, -0.006875038, -0.3446875, 0.2346876,125.6389,5,4,True,True,177
21469,1.939551,3.429413,1015.766,43.26232,-0.3105469, 0.03759766, -0.9106445, 0.008749962, -0.3759375, 0.07843757,125.6389,5,4,True,True,177
21547,2.511191,3.082832,1015.778,-1,-0.3105469, 0.03710938, -0.9111328, 0.008749962, -0.3915625, 0.1721876,125.6389,5,4,True,True,177
21620,2.935646,3.3601,1015.768,43.24409,-0.3120117, 0.03759766, -0.9116211, -0.03812504, -0.2821875, 0.09406257,125.6389,5,4,True,True,177
21690,2.835949,2.736252,1015.791,-1,-0.3120117, 0.03710938, -0.9077148, 0.02437496, -0.3134375, 0.1878126,125.6389,5,4,True,True,177
21761,2.214243,1.592537,1015.833,-1,-0.3105469, 0.03662109, -0.9111328, -0.02250004, -0.3759375, 0.1721876,125.6389,5,4,True,True,177
21835,2.449254,2.684265,1015.793,-1,-0.3110352, 0.03662109, -0.9091797, 0.02437496, -0.3759375, 0.1565626,125.6389,5,4,True,True,177
21909,2.56676,2.684265,1015.793,-1,-0.3134766, 0.03710938, -0.9091797, 0.07124996, -0.3759375, 0.1878126,125.6389,5,4,True,True,177
21985,1.039907,-0.4869461,1015.909,-1,-0.3105469, 0.03759766, -0.9086914, 0.02437496, -0.3915625, 0.09406257,125.6389,5,4,True,True,177
22059,1.827429,2.614952,1015.796,-1,-0.3105469, 0.03710938, -0.9116211, 0.02437496, -0.3603125, 0.1721876,125.6389,5,4,True,True,177
22246,0.1936906,-1.440048,1015.945,-1,-0.3110352, 0.03710938, -0.9101563, 0.03999996, -0.3446875, 0.1721876,125.6389,5,4,True,True,177
22320,0.3559128,0.5181351,1015.873,-1,-0.3120117, 0.03710938, -0.9121094, 0.008749962, -0.4228125, 0.1409376,125.6389,5,4,True,True,177
22398,1.286149,2.216385,1015.81,43.17117,-0.3100586, 0.03710938, -0.9101563, -0.02250004, -0.3759375, 0.1253126,125.6389,5,4,True,True,177
22479,1.881234,2.476318,1015.801,-1,-0.3115234, 0.03808594, -0.9111328, 0.02437496, -0.4228125, 0.1565626,125.6389,5,4,True,True,177
22559,1.442291,1.003349,1015.855,43.15749,-0.3115234, 0.03759766, -0.9091797, -0.02250004, -0.3759375, 0.1253126,125.6389,5,4,True,True,177
22638,2.635136,3.82798,1015.751,-1,-0.3110352, 0.03710938, -0.9077148, -0.006875038, -0.3134375, 0.1409376,125.6389,5,4,True,True,177
22720,2.789667,2.944199,1015.783,-1,-0.3115234, 0.03710938, -0.9091797, 0.05562496, -0.3915625, 0.1096876,125.6389,5,4,True,True,177
22803,2.433709,2.077751,1015.815,43.1347,-0.3125, 0.03662109, -0.9077148, 0.08687496, -0.3446875, 0.09406257,125.6389,5,4,True,True,177
22884,2.524331,2.614952,1015.796,-1,-0.3110352, 0.03759766, -0.9077148, 0.008749962, -0.3603125, 0.1096876,125.6389,5,4,True,True,177
22965,1.555893,0.5874557,1015.87,-1,-0.3129883, 0.03808594, -0.9082031, 0.02437496, -0.3446875, 0.1721876,125.6389,5,4,True,True,177
23048,2.492653,3.429413,1015.766,-1,-0.3125, 0.03808594, -0.9072266, 0.008749962, -0.3915625, 0.1565626,125.6389,5,4,True,True,177
23133,2.657776,2.822899,1015.788,43.09824,-0.3120117, 0.03662109, -0.9086914, -0.02250004, -0.3134375, 0.1409376,125.6389,5,4,True,True,177
23373,1.553299,0.448822,1015.875,43.06633,-0.3129883, 0.03613281, -0.9106445, -0.006875038, -0.3446875, 0.1721876,125.6389,5,4,True,True,177
23438,0.3945427,-0.7642136,1015.92,43.05721,-0.3125, 0.03759766, -0.9130859, 0.008749962, -0.3759375, 0.2190626,125.6389,5,4,True,True,177
23504,-0.0548687,-0.5042801,1015.91,-1,-0.3110352, 0.03710938, -0.9116211, 0.02437496, -0.3446875, 0.1253126,125.6389,5,4,True,True,177
23569,0.1276598,0.3101883,1015.88,-1,-0.3120117, 0.03759766, -0.9101563, 0.02437496, -0.4384375, 0.1565626,125.6389,5,4,True,True,177
23637,1.232672,2.337685,1015.806,43.05265,-0.3105469, 0.03613281, -0.9121094, 0.008749962, -0.3603125, 0.1409376,125.6389,5,4,True,True,177
23703,3.067527,4.902382,1015.711,-1,-0.3095703, 0.03710938, -0.909668, -0.02250004, -0.3603125, 0.1565626,125.6389,5,4,True,True,177
23773,3.24847,3.429413,1015.766,43.03442,-0.3129883, 0.03564453, -0.9101563, 0.03999996, -0.3446875, 0.1253126,125.6389,5,4,True,True,177
23842,3.200308,3.152145,1015.776,43.0253,-0.3120117, 0.03759766, -0.9101563, 0.1025, -0.3446875, 0.1565626,125.6389,5,4,True,True,177
23912,2.301112,1.401917,1015.84,43.01619,-0.3105469, 0.03710938, -0.909668, 0.05562496, -0.3446875, 0.1878126,125.6389,5,4,True,True,177
23982,2.388715,2.476318,1015.801,43.01619,-0.3100586, 0.03857422, -0.9101563, 0.008749962, -0.3759375, 0.1409376,125.6389,5,4,True,True,177
24053,2.397856,2.406998,1015.803,-1,-0.3115234, 0.03710938, -0.9116211, -0.03812504, -0.2821875, 0.1565626,125.6389,5,4,True,True,177
24126,2.064514,1.731171,1015.828,42.96149,-0.3100586, 0.03662109, -0.9125977, -0.006875038, -0.3134375, 0.1409376,125.6389,5,4,True,True,177
24307,2.842274,3.620033,1015.758,-1,-0.3105469, 0.03759766, -0.9121094, 0.02437496, -0.3603125, 0.07843757,125.6389,5,4,True,True,177
24381,2.191412,1.54055,1015.835,42.91134,-0.3120117, 0.03759766, -0.9111328, -0.006875038, -0.3759375, 0.2034376,125.6389,5,4,True,True,177
24455,0.9562063,-0.2789993,1015.902,42.88856,-0.3129883, 0.03857422, -0.9091797, 0.02437496, -0.3446875, 0.1565626,125.6389,5,4,True,True,177
24531,-0.1032872,-1.162781,1015.934,42.87032,-0.3115234, 0.03857422, -0.9125977, -0.05375004, -0.3759375, 0.1409376,125.6389,5,4,True,True,177
24603,0.753288,1.609863,1015.833,-1,-0.3134766, 0.03759766, -0.9135742, -0.02250004, -0.3290625, 0.2034376,125.6389,5,4,True,True,177
24686,0.739685,0.7260818,1015.865,-1,-0.3120117, 0.03564453, -0.9116211, -0.006875038, -0.3759375, 0.1409376,125.6389,5,4,True,True,177
24761,0.5942535,0.448822,1015.875,42.84753,-0.3125, 0.03710938, -0.9091797, 0.008749962, -0.3603125, 0.1409376,125.6389,5,4,True,True,177
24838,2.245777,3.897301,1015.748,-1,-0.3115234, 0.03564453, -0.9116211, 0.03999996, -0.3603125, 0.1721876,125.6389,5,4,True,True,177
24911,2.499678,2.753578,1015.79,-1,-0.3125, 0.03759766, -0.9091797, 0.02437496, -0.2509375, 0.1409376,125.6389,5,4,True,True,177
24986,2.462005,2.424332,1015.803,-1,-0.3120117, 0.03662109, -0.9116211, 0.03999996, -0.3134375, 0.1565626,125.6389,5,4,True,True,177
25066,1.290786,0.1195679,1015.887,42.83841,-0.3105469, 0.03759766, -0.9106445, 0.03999996, -0.3759375, 0.1565626,125.6389,5,4,True,True,177
25146,1.987526,2.684265,1015.793,-1,-0.3110352, 0.03808594, -0.9135742, 0.008749962, -0.3290625, 0.1721876,125.6389,5,4,True,True,177
25331,0.3083991,-1.370728,1015.942,-1,-0.3100586, 0.03564453, -0.909668, -0.02250004, -0.3915625, 0.1878126,125.6389,5,4,True,True,177
25411,0.179327,0.05025482,1015.89,42.82018,-0.3105469, 0.03759766, -0.9091797, 0.008749962, -0.3915625, 0.1409376,125.6389,5,4,True,True,177
25492,-0.1538096,-0.4869461,1015.91,-1,-0.3095703, 0.03710938, -0.909668, 0.02437496, -0.3759375, 0.1878126,125.6389,5,4,True,True,177
25575,-0.3550382,-0.5562668,1015.912,-1,-0.3110352, 0.03759766, -0.9091797, 0.008749962, -0.3759375, 0.09406257,125.6389,5,4,True,True,177
25659,-0.4556525,-0.5562668,1015.912,42.8065,-0.3105469, 0.03808594, -0.9121094, 0.008749962, -0.3603125, 0.1096876,125.6389,5,4,True,True,177
25741,-0.9391833,-1.422714,1015.944,-1,-0.3100586, 0.03857422, -0.9111328, 0.02437496, -0.3134375, 0.1565626,125.6389,5,4,True,True,177
25877,-1.926096,-2.91301,1015.998,-1,-0.3115234, 0.03613281, -0.9111328, 0.008749962, -0.3603125, 0.1721876,125.6389,5,4,True,True,177
25940,0.1451442,2.216385,1015.81,-1,-0.3110352, 0.03759766, -0.9121094, -0.006875038, -0.3915625, 0.1565626,125.6389,5,4,True,True,177
26006,0.4442801,0.7434158,1015.864,-1,-0.3110352, 0.03710938, -0.9106445, 0.008749962, -0.3603125, 0.1721876,125.6389,5,4,True,True,177
26071,0.02199048,-0.4002991,1015.907,-1,-0.3115234, 0.03613281, -0.9130859, 0.05562496, -0.3915625, 0.1878126,125.6389,5,4,True,True,177
26134,0.7812704,1.54055,1015.835,-1,-0.3110352, 0.03759766, -0.9086914, 0.05562496, -0.3603125, 0.1253126,125.6389,5,4,True,True,177
26199,0.0171954,-0.7468796,1015.919,42.75636,-0.3115234, 0.03808594, -0.9106445, 0.03999996, -0.3915625, 0.1565626,125.6389,5,4,True,True,177
26374,-0.9713598,-1.959915,1015.964,42.73357,-0.3110352, 0.03759766, -0.9116211, 0.05562496, -0.3759375, 0.09406257,125.6389,5,4,True,True,177
26443,-0.05332213,0.8647156,1015.86,42.70166,-0.3129883, 0.03662109, -0.9125977, 0.03999996, -0.2978125, 0.1721876,125.6389,5,4,True,True,177
26514,-0.9373017,-1.821281,1015.958,42.6971,-0.3115234, 0.03759766, -0.9130859, 0.08687496, -0.3134375, 0.1253126,125.6389,5,4,True,True,177
26584,-0.09694296,0.7434158,1015.864,42.69254,-0.3115234, 0.03613281, -0.9135742, 0.02437496, -0.3446875, 0.1253126,125.6389,5,4,True,True,177
26654,2.004152,4.105247,1015.741,-1,-0.3105469, 0.03662109, -0.9116211, 0.008749962, -0.3603125, 0.1721876,125.6389,5,4,True,True,177
26725,2.621472,3.238792,1015.773,-1,-0.3115234, 0.03662109, -0.9116211, 0.02437496, -0.3446875, 0.1878126,125.6389,5,4,True,True,177
26794,0.7726693,-1.076134,1015.931,-1,-0.3115234, 0.03710938, -0.9150391, 0.02437496, -0.3446875, 0.1721876,125.6389,5,4,True,True,177
26865,1.130616,1.488564,1015.837,-1,-0.3105469, 0.03613281, -0.9135742, 0.02437496, -0.4384375, 0.1409376,125.6389,5,4,True,True,177
26939,-0.00741899,-1.145454,1015.934,-1,-0.3125, 0.03613281, -0.9135742, -0.006875038, -0.3603125, 0.1565626,125.6389,5,4,True,True,177
27014,0.2640212,0.5354614,1015.872,42.63328,-0.3100586, 0.03710938, -0.9130859, 0.07124996, -0.3134375, 0.1721876,125.6389,5,4,True,True,177
27089,-1.315831,-2.895683,1015.998,42.62416,-0.3115234, 0.03759766, -0.9111328, -0.02250004, -0.3134375, 0.1409376,125.6389,5,4,True,True,177
27163,-0.4161782,0.4834747,1015.874,-1,-0.3120117, 0.03759766, -0.9121094, -0.006875038, -0.2821875, 0.1721876,125.6389,5,4,True,True,177
27348,-1.993848,-3.571518,1016.023,-1,-0.3100586, 0.03662109, -0.9111328, 0.02437496, -0.3290625, 0.1253126,125.6389,5,4,True,True,177
27423,-0.2179857,1.557877,1015.834,-1,-0.3100586, 0.03613281, -0.9082031, 0.02437496, -0.3446875, 0.1409376,125.6389,5,4,True,True,177
27500,0.06343144,0.3448486,1015.879,-1,-0.3110352, 0.03613281, -0.9106445, 0.02437496, -0.3446875, 0.1721876,125.6389,5,4,True,True,177
27578,1.755085,3.446739,1015.765,42.57402,-0.3110352, 0.03662109, -0.9106445, 0.008749962, -0.3446875, 0.1721876,125.6389,5,4,True,True,177
27658,0.4434492,-0.868187,1015.923,-1,-0.3110352, 0.03710938, -0.9111328, 0.05562496, -0.4071875, 0.1409376,125.6389,5,4,True,True,177
27747,-0.2123689,-0.868187,1015.923,-1,-0.3095703, 0.03662109, -0.9111328, 0.03999996, -0.3134375, 0.1409376,125.6389,5,4,True,True,177
27825,-0.6702446,-1.12812,1015.933,-1,-0.3105469, 0.03564453, -0.9101563, -0.006875038, -0.3759375, 0.1565626,125.6389,5,4,True,True,177
27904,-0.3619816,-0.05371857,1015.893,-1,-0.3110352, 0.03808594, -0.909668, -0.006875038, -0.3603125, 0.1096876,125.6389,5,4,True,True,177
27988,0.06074656,0.4834747,1015.874,42.53755,-0.3095703, 0.03613281, -0.9130859, 0.02437496, -0.3134375, 0.1253126,125.6389,5,4,True,True,177
28072,0.9826018,1.904457,1015.822,-1,-0.3115234, 0.03808594, -0.9106445, 0.02437496, -0.3759375, 0.1565626,125.6389,5,4,True,True,177
28154,0.8716721,0.7607422,1015.864,-1,-0.3100586, 0.03759766, -0.9106445, 0.03999996, -0.2821875, 0.2034376,125.6389,5,4,True,True,177
28237,1.084808,1.297943,1015.844,42.54211,-0.3095703, 0.03808594, -0.9116211, 0.03999996, -0.3759375, 0.1721876,125.6389,5,4,True,True,177
28478,0.6195179,0.1542282,1015.886,-1,-0.3115234, 0.03808594, -0.9086914, 0.02437496, -0.3915625, 0.1565626,125.6389,5,4,True,True,177
28544,0.3868731,0.1542282,1015.886,-1,-0.3120117, 0.03710938, -0.9091797, 0.008749962, -0.4071875, 0.1721876,125.6389,5,4,True,True,177
28607,0.8424081,1.297943,1015.844,-1,-0.3105469, 0.03662109, -0.9082031, -0.006875038, -0.3759375, 0.1565626,125.6389,5,4,True,True,177
28672,2.049267,3.256126,1015.772,42.51476,-0.3110352, 0.03759766, -0.9077148, 0.02437496, -0.2509375, 0.2034376,125.6389,5,4,True,True,177
28739,1.474322,0.8993759,1015.859,-1,-0.3125, 0.03857422, -0.9101563, 0.118125, -0.3134375, 0.1721876,125.6389,5,4,True,True,177
28804,1.022222,0.5701218,1015.871,-1,-0.3120117, 0.03564453, -0.9077148, 0.008749962, -0.4384375, 0.1253126,125.6389,5,4,True,True,177
28872,0.7615152,0.5008087,1015.873,-1,-0.3105469, 0.03759766, -0.9116211, 0.02437496, -0.3915625, 0.1253126,125.6389,5,4,True,True,177
28942,0.0593045,-0.6429062,1015.915,42.45549,-0.3105469, 0.03662109, -0.9106445, 0.05562496, -0.3290625, 0.1253126,125.6389,5,4,True,True,177
29011,1.423771,2.788239,1015.789,42.45549,-0.3110352, 0.03515625, -0.9086914, -0.006875038, -0.3603125, 0.2034376,125.6389,5,4,True,True,177
29082,1.499491,1.575211,1015.834,42.44181,-0.3105469, 0.03564453, -0.9086914, -0.006875038, -0.3446875, 0.1565626,125.6389,5,4,True,True,177
29153,1.23409,0.968689,1015.856,-1,-0.3120117, 0.03808594, -0.9091797, -0.02250004, -0.3915625, 0.1565626,125.6389,5,4,True,True,177
29227,-0.3455824,-1.925255,1015.962,42.43725,-0.309082, 0.03808594, -0.9086914, 0.02437496, -0.3915625, 0.1409376,125.6389,5,4,True,True,177
29408,0.6927941,1.731171,1015.828,-1,-0.3110352, 0.03710938, -0.909668, 0.02437496, -0.3290625, 0.1878126,125.6389,5,4,True,True,177
29481,-0.6768841,-2.046562,1015.967,42.37799,-0.309082, 0.03613281, -0.9091797, 0.03999996, -0.2821875, 0.1096876,125.6389,5,4,True,True,177
29556,0.189226,1.055336,1015.853,42.37799,-0.3095703, 0.03759766, -0.9116211, 0.008749962, -0.2665625, 0.1409376,125.6389,5,4,True,True,177
29632,1.324105,2.458984,1015.801,42.37343,-0.3115234, 0.03564453, -0.9121094, -0.02250004, -0.3759375, 0.1409376,125.6389,5,4,True,True,177
29706,-0.699142,-2.722389,1015.991,-1,-0.3105469, 0.03710938, -0.9125977, -0.006875038, -0.3446875, 0.1409376,125.6389,5,4,True,True,177
29781,0.5506709,1.800484,1015.825,-1,-0.3105469, 0.03662109, -0.9111328, -0.02250004, -0.3446875, 0.1878126,125.6389,5,4,True,True,177
29858,-0.8779124,-2.306496,1015.976,-1,-0.3110352, 0.03564453, -0.9116211, -0.006875038, -0.2978125, 0.1409376,125.6389,5,4,True,True,177
29936,0.6345759,2.147064,1015.813,42.27769,-0.3110352, 0.03759766, -0.9106445, 0.008749962, -0.3915625, 0.2034376,125.6389,5,4,True,True,177
30015,0.1864515,-0.261673,1015.901,42.24578,-0.3095703, 0.03710938, -0.9125977, -0.03812504, -0.3446875, 0.1878126,125.6389,5,4,True,True,177
30095,0.06636644,-0.05371857,1015.894,42.21843,-0.3105469, 0.03710938, -0.9140625, 0.07124996, -0.2978125, 0.1565626,125.6389,5,4,True,True,177
30173,-0.7388276,-1.544022,1015.948,-1,-0.3105469, 0.03808594, -0.9135742, -0.02250004, -0.4540625, 0.2034376,125.6389,5,4,True,True,177
30255,-1.176081,-1.613335,1015.95,42.18195,-0.3095703, 0.03710938, -0.9140625, 0.008749962, -0.2353125, 0.1096876,125.6389,5,4,True,True,177
30446,0.5721385,2.320358,1015.806,-1,-0.3110352, 0.03857422, -0.9116211, -0.006875038, -0.4071875, 0.1409376,125.6389,5,4,True,True,177
30525,0.2938665,0.01559448,1015.891,42.15916,-0.3105469, 0.03808594, -0.9140625, 0.02437496, -0.3446875, 0.2503126,125.6389,5,4,True,True,177
30610,0.1287372,-0.03639221,1015.893,42.14548,-0.3085938, 0.03662109, -0.9121094, 0.008749962, -0.3446875, 0.1878126,125.6389,5,4,True,True,177
30695,0.5833735,1.03801,1015.853,42.12268,-0.3095703, 0.03808594, -0.9106445, 0.008749962, -0.3446875, 0.1721876,125.6389,5,4,True,True,177
30780,-0.4976504,-1.578674,1015.95,42.11357,-0.3105469, 0.03759766, -0.9121094, 0.03999996, -0.3134375, 0.1096876,125.6389,5,4,True,True,177
30871,-0.09373108,0.3101883,1015.88,-1,-0.309082, 0.03613281, -0.9135742, -0.006875038, -0.2821875, 0.1409376,125.6389,5,4,True,True,177
31001,-0.792883,-1.492035,1015.947,-1,-0.3105469, 0.03662109, -0.9101563, 0.02437496, -0.3915625, 0.07843757,125.6389,5,4,True,True,177
31065,0.8417177,2.476318,1015.801,-1,-0.3100586, 0.03759766, -0.9130859, 0.02437496, -0.3759375, 0.1721876,125.6389,5,4,True,True,177
31130,1.624358,2.406998,1015.803,-1,-0.3100586, 0.03808594, -0.9091797, -0.02250004, -0.4228125, 0.1409376,125.6389,5,4,True,True,177
31195,2.154311,2.684265,1015.793,-1,-0.3095703, 0.03662109, -0.9121094, 0.03999996, -0.3759375, 0.1565626,125.6389,5,4,True,True,177
31260,1.986061,1.81781,1015.825,42.01327,-0.3095703, 0.03808594, -0.9111328, 0.02437496, -0.3446875, 0.1565626,125.6389,5,4,True,True,177
31325,0.723564,-0.5389328,1015.911,-1,-0.3105469, 0.03955078, -0.9116211, -0.03812504, -0.3446875, 0.1409376,125.6389,5,4,True,True,177
31501,-0.2456017,-1.214767,1015.936,-1,-0.3110352, 0.03759766, -0.9130859, 0.02437496, -0.3134375, 0.1565626,125.6389,5,4,True,True,177
31569,0.1189365,0.4834747,1015.874,41.95855,-0.3110352, 0.03759766, -0.9106445, 0.1025, -0.3290625, 0.1409376,125.6389,5,4,True,True,177
31640,-0.5739088,-1.266754,1015.938,-1,-0.309082, 0.03613281, -0.9125977, -0.006875038, -0.3446875, 0.1721876,125.6389,5,4,True,True,177
31710,0.3620172,1.297943,1015.844,-1,-0.3100586, 0.03613281, -0.9121094, 0.02437496, -0.3290625, 0.1721876,125.6389,5,4,True,True,177
31780,1.237211,2.112404,1015.814,-1,-0.3095703, 0.03613281, -0.9116211, 0.02437496, -0.2978125, 0.1096876,125.6389,5,4,True,True,177
31853,0.7996927,0.362175,1015.878,41.92208,-0.3100586, 0.03710938, -0.9130859, -0.02250004, -0.3915625, 0.1253126,125.6389,5,4,True,True,177
31924,-0.874705,-2.549103,1015.985,-1,-0.309082, 0.03759766, -0.9150391, -0.06937504, -0.3759375, 0.07843757,125.6389,5,4,True,True,177
31999,-1.16604,-1.457375,1015.945,41.89473,-0.309082, 0.03759766, -0.9145508, -0.02250004, -0.3290625, 0.1565626,125.6389,5,4,True,True,177
32074,-1.614964,-2.063889,1015.967,41.87648,-0.3085938, 0.03759766, -0.9125977, 0.02437496, -0.3759375, 0.1721876,125.6389,5,4,True,True,177
32149,0.7252708,3.065506,1015.779,-1,-0.3105469, 0.03759766, -0.9125977, -0.006875038, -0.3290625, 0.2034376,125.6389,5,4,True,True,177
32224,1.158904,1.592537,1015.833,41.86737,-0.3105469, 0.03710938, -0.9135742, -0.006875038, -0.3759375, 0.1253126,125.6389,5,4,True,True,177
32298,-0.6431128,-2.445129,1015.982,-1,-0.3105469, 0.03613281, -0.9111328, 0.05562496, -0.3134375, 0.1409376,125.6389,5,4,True,True,177
32484,-0.8162997,-0.9894867,1015.927,41.86737,-0.3110352, 0.03710938, -0.9116211, 0.02437496, -0.3134375, 0.1409376,125.6389,5,4,True,True,177
32559,-2.046612,-3.276924,1016.012,-1,-0.3100586, 0.03662109, -0.9145508, 0.03999996, -0.3759375, 0.1409376,125.6389,5,4,True,True,177
32638,-1.78665,-1.526688,1015.947,41.87648,-0.3095703, 0.03613281, -0.9121094, 0.008749962, -0.3915625, 0.1878126,125.6389,5,4,True,True,177
32718,-0.5129538,0.7607422,1015.863,41.88105,-0.309082, 0.03710938, -0.9111328, 0.008749962, -0.3134375, 0.1878126,125.6389,5,4,True,True,177
32798,-0.006072551,0.5008087,1015.873,-1,-0.3085938, 0.03759766, -0.9116211, 0.008749962, -0.2978125, 0.1409376,125.6389,5,4,True,True,177
32879,-0.7663801,-1.526688,1015.947,41.88105,-0.3095703, 0.03662109, -0.9111328, 0.07124996, -0.3290625, 0.1721876,125.6389,5,4,True,True,177
32958,-1.276504,-1.786629,1015.957,41.8856,-0.3115234, 0.03710938, -0.9121094, -0.006875038, -0.3290625, 0.1565626,125.6389,5,4,True,True,177
33038,-0.2578811,0.7607422,1015.863,-1,-0.3105469, 0.03710938, -0.9116211, 0.05562496, -0.3134375, 0.2034376,125.6389,5,4,True,True,177
33120,-0.3117637,-0.3656464,1015.905,-1,-0.3115234, 0.03759766, -0.9086914, -0.02250004, -0.3759375, 0.1721876,125.6389,5,4,True,True,177
33205,-0.6506252,-0.9894867,1015.927,-1,-0.3105469, 0.03710938, -0.9106445, 0.05562496, -0.3290625, 0.1565626,125.6389,5,4,True,True,177
33284,-0.5427923,-0.4349594,1015.907,-1,-0.3120117, 0.03564453, -0.9106445, 0.05562496, -0.3134375, 0.1721876,125.6389,5,4,True,True,177
33415,0.3515821,1.245956,1015.846,-1,-0.3105469, 0.03857422, -0.9111328, 0.02437496, -0.3759375, 0.1878126,125.6389,5,4,True,True,177
33584,-0.3449457,-1.041473,1015.93,-1,-0.3100586, 0.03759766, -0.9091797, 0.02437496, -0.2821875, 0.1096876,125.6389,5,4,True,True,177
33648,1.022363,2.389671,1015.803,-1,-0.3115234, 0.03710938, -0.9116211, 0.008749962, -0.2665625, 0.1253126,125.6389,5,4,True,True,177
33714,0.5623022,0.1022415,1015.888,-1,-0.3120117, 0.03710938, -0.9121094, 0.02437496, -0.3759375, 0.2034376,125.6389,5,4,True,True,177
33780,1.61462,2.666939,1015.793,-1,-0.3095703, 0.03613281, -0.9111328, -0.006875038, -0.2978125, 0.1409376,125.6389,5,4,True,True,177
33848,1.707552,1.800484,1015.826,-1,-0.3095703, 0.03515625, -0.9121094, 0.07124996, -0.3446875, 0.1409376,125.6389,5,4,True,True,177
33917,-0.1001882,-1.907928,1015.962,41.84001,-0.309082, 0.03662109, -0.9106445, 0.02437496, -0.3134375, 0.1721876,125.6389,5,4,True,True,177
34012,0.2696271,0.6394424,1015.868,41.84001,-0.3100586, 0.03808594, -0.9086914, 0.03999996, -0.2821875, 0.1878126,125.6389,5,4,True,True,177
34081,0.02130724,-0.2270126,1015.9,41.84001,-0.309082, 0.03710938, -0.9101563, 0.008749962, -0.2509375, 0.1409376,125.6389,5,4,True,True,177
34148,0.3303748,0.6394424,1015.868,-1,-0.3110352, 0.03613281, -0.9101563, 0.05562496, -0.3603125, 0.2034376,125.6389,5,4,True,True,177
34217,-0.2515759,-0.8335266,1015.922,-1,-0.3100586, 0.03759766, -0.9101563, 0.02437496, -0.3134375, 0.1721876,125.6389,5,4,True,True,177
34287,0.1939333,0.6394424,1015.868,-1,-0.3120117, 0.03564453, -0.9101563, 0.008749962, -0.3446875, 0.1409376,125.6389,5,4,True,True,177
34362,-0.1465064,-0.4869461,1015.91,41.84001,-0.3120117, 0.03710938, -0.9111328, 0.08687496, -0.3134375, 0.1721876,125.6389,5,4,True,True,177
34544,-0.3513866,-0.5562668,1015.912,-1,-0.3110352, 0.03808594, -0.9086914, -0.006875038, -0.3603125, 0.2034376,125.6389,5,4,True,True,177
34617,0.9671556,2.285698,1015.808,-1,-0.3115234, 0.03710938, -0.9111328, 0.03999996, -0.3446875, 0.1409376,125.6389,5,4,True,True,177
34692,1.184536,1.401917,1015.84,41.81265,-0.3095703, 0.03710938, -0.9082031, 0.008749962, -0.3446875, 0.2034376,125.6389,5,4,True,True,177
34766,-0.4223461,-2.029228,1015.966,41.80354,-0.3095703, 0.03759766, -0.909668, 0.02437496, -0.3134375, 0.1565626,125.6389,5,4,True,True,177
34843,0.8970194,2.216385,1015.81,-1,-0.3105469, 0.03710938, -0.9101563, 0.03999996, -0.3759375, 0.1565626,125.6389,5,4,True,True,177
34922,0.9848409,1.072662,1015.852,41.79442,-0.3085938, 0.03515625, -0.9101563, -0.006875038, -0.3446875, 0.1721876,125.6389,5,4,True,True,177
34997,-1.128711,-3.242264,1016.01,-1,-0.3115234, 0.03710938, -0.9082031, 0.008749962, -0.3759375, 0.1565626,125.6389,5,4,True,True,177
35076,-1.041773,-0.954834,1015.926,41.7853,-0.3100586, 0.03759766, -0.9091797, -0.03812504, -0.4228125, 0.2034376,125.6389,5,4,True,True,177
35155,1.124503,3.290779,1015.77,41.7853,-0.3110352, 0.03662109, -0.9116211, 0.05562496, -0.3759375, 0.2034376,125.6389,5,4,True,True,177
35232,-0.07978868,-1.284081,1015.939,-1,-0.3115234, 0.03662109, -0.9091797, 0.03999996, -0.3134375, 0.1721876,125.6389,5,4,True,True,177
35311,0.739044,1.557877,1015.835,41.78074,-0.3110352, 0.03710938, -0.9091797, 0.008749962, -0.3915625, 0.1096876,125.6389,5,4,True,True,177
35393,0.5766028,0.4141617,1015.877,-1,-0.3105469, 0.03662109, -0.9116211, -0.006875038, -0.3290625, 0.1721876,125.6389,5,4,True,True,177
35581,-0.1457921,-0.868187,1015.923,-1,-0.3100586, 0.03759766, -0.9116211, 0.02437496, -0.3134375, 0.1565626,125.6389,5,4,True,True,177
35660,-0.09975532,-0.05371857,1015.893,-1,-0.3095703, 0.03808594, -0.9135742, -0.02250004, -0.3446875, 0.1096876,125.6389,5,4,True,True,177
35743,-0.3713307,-0.6429062,1015.915,-1,-0.3110352, 0.03710938, -0.9106445, 0.02437496, -0.3290625, 0.1721876,125.6389,5,4,True,True,177
35826,0.7665632,1.904457,1015.821,41.70778,-0.3095703, 0.03662109, -0.9106445, 0.05562496, -0.3915625, 0.07843757,125.6389,5,4,True,True,177
35911,-0.674656,-2.115875,1015.969,-1,-0.3110352, 0.03710938, -0.9106445, -0.02250004, -0.3134375, 0.1096876,125.6389,5,4,True,True,177
36041,-0.9966985,-1.318741,1015.94,-1,-0.3105469, 0.03662109, -0.9116211, 0.02437496, -0.2821875, 0.1721876,125.6389,5,4,True,True,177
36105,1.536944,4.070587,1015.742,-1,-0.3100586, 0.03710938, -0.9125977, -0.02250004, -0.3134375, 0.1878126,125.6389,5,4,True,True,177
36171,1.365457,1.19397,1015.848,-1,-0.3105469, 0.03710938, -0.9121094, 0.05562496, -0.2509375, 0.1409376,125.6389,5,4,True,True,177
36236,2.120171,2.874886,1015.786,-1,-0.3105469, 0.03710938, -0.9116211, 0.07124996, -0.3446875, 0.1721876,125.6389,5,4,True,True,177
36305,1.050553,-0.01906586,1015.893,41.64851,-0.3125, 0.03759766, -0.909668, -0.02250004, -0.3446875, 0.1409376,125.6389,5,4,True,True,177
36372,-0.1947477,-1.440048,1015.944,-1,-0.3105469, 0.03662109, -0.9121094, -0.03812504, -0.3603125, 0.1721876,125.6389,5,4,True,True,177
36440,0.03172693,0.2582016,1015.882,41.63027,-0.3105469, 0.03857422, -0.909668, 0.05562496, -0.3759375, 0.07843757,125.6389,5,4,True,True,177
36621,0.1103039,0.1888809,1015.884,41.62115,-0.3105469, 0.03710938, -0.9111328, -0.02250004, -0.3446875, 0.06281257,125.6389,5,4,True,True,177
36691,-1.704614,-3.519531,1016.02,41.62115,-0.3110352, 0.03759766, -0.909668, 0.008749962, -0.3134375, 0.1721876,125.6389,5,4,True,True,177
36760,-0.8878331,-0.07105255,1015.894,-1,-0.3134766, 0.03613281, -0.909668, 0.008749962, -0.3134375, 0.1565626,125.6389,5,4,True,True,177
36831,-0.2195055,0.448822,1015.875,-1,-0.3125, 0.03613281, -0.909668, 0.02437496, -0.2509375, 0.1253126,125.6389,5,4,True,True,177
36902,-0.3185693,-0.4176331,1015.907,-1,-0.3115234, 0.03808594, -0.9135742, 0.02437496, -0.3134375, 0.1409376,125.6389,5,4,True,True,177
36975,-0.8013249,-1.284081,1015.939,41.60292,-0.3115234, 0.03710938, -0.9082031, 0.02437496, -0.3915625, 0.1096876,125.6389,5,4,True,True,177
37057,-1.47593,-2.150536,1015.971,-1,-0.3120117, 0.03662109, -0.9111328, 0.02437496, -0.3134375, 0.1253126,125.6389,5,4,True,True,177
37131,-1.813233,-2.150536,1015.971,-1,-0.3110352, 0.03662109, -0.9091797, 0.05562496, -0.2821875, 0.1253126,125.6389,5,4,True,True,177
37205,-1.583317,-1.353401,1015.941,-1,-0.3120117, 0.03808594, -0.9101563, 0.02437496, -0.3446875, 0.1253126,125.6389,5,4,True,True,177
37280,-1.468359,-1.353401,1015.941,41.57556,-0.3110352, 0.03662109, -0.9106445, 0.07124996, -0.3446875, 0.1096876,125.6389,5,4,True,True,177
37354,-1.003646,-0.5389328,1015.911,-1,-0.3105469, 0.03759766, -0.909668, -0.02250004, -0.3290625, 0.1409376,125.6389,5,4,True,True,177
37430,-0.3293986,0.3448486,1015.879,-1,-0.3105469, 0.03710938, -0.9091797, 0.008749962, -0.3290625, 0.1565626,125.6389,5,4,True,True,177
37616,0.2763216,0.8820419,1015.859,-1,-0.3110352, 0.03662109, -0.9111328, 0.008749962, -0.2821875, 0.1253126,125.6389,5,4,True,True,177
37694,0.5791818,0.8820419,1015.859,41.56644,-0.3100586, 0.03564453, -0.90625, 0.08687496, -0.3290625, 0.1721876,125.6389,5,4,True,True,177
37772,-0.2831363,-1.145454,1015.933,-1,-0.3105469, 0.03759766, -0.9101563, 0.03999996, -0.3446875, 0.1409376,125.6389,5,4,True,True,177
37849,0.2734595,0.8300552,1015.861,41.54819,-0.3115234, 0.03710938, -0.9086914, 0.02437496, -0.2978125, 0.1878126,125.6389,5,4,True,True,177
37930,-0.2887006,-0.8508606,1015.923,41.55732,-0.3105469, 0.03759766, -0.9106445, 0.008749962, -0.2821875, 0.1096876,125.6389,5,4,True,True,177
38009,-0.3011801,-0.3136597,1015.903,-1,-0.3105469, 0.03662109, -0.9101563, 0.03999996, -0.3603125, 0.1253126,125.6389,5,4,True,True,177
38090,0.229781,0.7607422,1015.864,-1,-0.3105469, 0.03613281, -0.9101563, 0.008749962, -0.3134375, 0.1409376,125.6389,5,4,True,True,177
38170,0.7725253,1.315269,1015.843,-1,-0.3120117, 0.03662109, -0.9101563, 0.02437496, -0.3446875, 0.1253126,125.6389,5,4,True,True,177
38249,0.4373834,0.1022415,1015.888,-1,-0.3100586, 0.03613281, -0.9106445, 0.05562496, -0.3134375, 0.1409376,125.6389,5,4,True,True,177
38330,1.387534,2.337685,1015.806,41.48436,-0.3105469, 0.03759766, -0.9101563, 0.05562496, -0.3446875, 0.1253126,125.6389,5,4,True,True,177
38414,1.689319,1.991104,1015.818,-1,-0.3110352, 0.03808594, -0.9111328, -0.006875038, -0.3446875, 0.1878126,125.6389,5,4,True,True,177
38547,0.8351267,-0.01906586,1015.892,-1,-0.3095703, 0.03759766, -0.9072266, 0.03999996, -0.3915625, 0.1253126,125.6389,5,4,True,True,177
38725,0.1134366,-0.6082535,1015.914,41.457,-0.3105469, 0.03662109, -0.909668, 0.02437496, -0.3290625, 0.1409376,125.6389,5,4,True,True,177
38789,1.866735,3.620033,1015.758,41.44788,-0.3120117, 0.03710938, -0.9111328, 0.02437496, -0.3603125, 0.1878126,125.6389,5,4,True,True,177
38854,2.067553,2.268372,1015.808,-1,-0.3110352, 0.03710938, -0.9086914, -0.06937504, -0.3446875, 0.2034376,125.6389,5,4,True,True,177
38919,1.301507,0.5354614,1015.872,-1,-0.3100586, 0.03662109, -0.9101563, 0.07124996, -0.2821875, 0.1721876,125.6389,5,4,True,True,177
38987,1.620312,1.939117,1015.82,-1,-0.3105469, 0.03710938, -0.9086914, -0.006875038, -0.2665625, 0.1409376,125.6389,5,4,True,True,177
39054,1.077887,0.5354614,1015.872,-1,-0.3100586, 0.03662109, -0.9091797, 0.05562496, -0.3446875, 0.2034376,125.6389,5,4,True,True,177
39121,-0.07710343,-1.232094,1015.937,-1,-0.3100586, 0.03710938, -0.9106445, -0.02250004, -0.3759375, 0.1565626,125.6389,5,4,True,True,177
39193,1.910099,3.897301,1015.748,41.43876,-0.3105469, 0.03662109, -0.9086914, 0.02437496, -0.3290625, 0.1409376,125.6389,5,4,True,True,177
39264,2.470472,3.030846,1015.78,-1,-0.3105469, 0.03759766, -0.9082031, 0.008749962, -0.3446875, 0.1409376,125.6389,5,4,True,True,177
39334,1.165053,-0.1403656,1015.897,41.4342,-0.3095703, 0.03662109, -0.9086914, 0.05562496, -0.3603125, 0.1409376,125.6389,5,4,True,True,177
39403,0.2437434,-0.6775665,1015.916,-1,-0.3115234, 0.03564453, -0.9091797, 0.008749962, -0.3759375, 0.1096876,125.6389,5,4,True,True,177
39475,-0.2169116,-0.6775665,1015.916,-1,-0.3110352, 0.03662109, -0.9086914, -0.02250004, -0.3446875, 0.1096876,125.6389,5,4,True,True,177
39655,0.09862505,0.4141617,1015.876,-1,-0.3110352, 0.03564453, -0.9111328, 0.03999996, -0.3759375, 0.1721876,125.6389,5,4,True,True,177
39725,0.6636276,1.22863,1015.847,-1,-0.3120117, 0.03759766, -0.909668, 0.02437496, -0.3759375, 0.1409376,125.6389,5,4,True,True,177
39799,0.9114685,1.159309,1015.849,41.3886,-0.3110352, 0.03662109, -0.909668, -0.006875038, -0.3915625, 0.1721876,125.6389,5,4,True,True,177
39875,0.6021652,0.2928619,1015.881,-1,-0.3115234, 0.03662109, -0.9101563, 0.008749962, -0.2353125, 0.1096876,125.6389,5,4,True,True,177
39949,0.4475136,0.2928619,1015.881,-1,-0.3120117, 0.03759766, -0.909668, 0.02437496, -0.3446875, 0.1253126,125.6389,5,4,True,True,177
40025,1.643869,2.840225,1015.787,-1,-0.3095703, 0.03808594, -0.909668, -0.006875038, -0.2665625, 0.1565626,125.6389,5,4,True,True,177
40103,2.519311,3.394753,1015.767,41.37492,-0.3105469, 0.03759766, -0.9082031, 0.1025, -0.3134375, 0.1565626,125.6389,5,4,True,True,177
40188,2.220551,1.921791,1015.821,41.3658,-0.3110352, 0.03759766, -0.9101563, -0.03812504, -0.3446875, 0.1409376,125.6389,5,4,True,True,177
40266,1.62928,1.03801,1015.853,-1,-0.3105469, 0.03662109, -0.9130859, 0.02437496, -0.2978125, 0.1253126,125.6389,5,4,True,True,177
40343,1.307652,0.9860229,1015.855,-1,-0.3115234, 0.03710938, -0.9106445, 0.03999996, -0.2509375, 0.1721876,125.6389,5,4,True,True,177
40423,2.151918,2.996185,1015.781,41.33389,-0.3110352, 0.03808594, -0.9077148, 0.07124996, -0.3446875, 0.1253126,125.6389,5,4,True,True,177
40503,0.6938524,-0.7642136,1015.92,41.32933,-0.309082, 0.03710938, -0.9106445, 0.03999996, -0.2978125, 0.1253126,125.6389,5,4,True,True,177
40695,0.9439111,1.19397,1015.848,-1,-0.3095703, 0.03613281, -0.9106445, 0.008749962, -0.3446875, 0.1096876,125.6389,5,4,True,True,177
40777,0.9043133,0.8647156,1015.86,41.30197,-0.3115234, 0.03662109, -0.9125977, 0.08687496, -0.3134375, 0.1565626,125.6389,5,4,True,True,177
40860,0.4512907,-0.001731873,1015.892,-1,-0.3105469, 0.03613281, -0.9116211, 0.02437496, -0.3915625, 0.1253126,125.6389,5,4,True,True,177
40945,0.9266036,1.401917,1015.84,-1,-0.3120117, 0.03613281, -0.9121094, -0.02250004, -0.3290625, 0.1409376,125.6389,5,4,True,True,177
41028,1.268233,1.609863,1015.832,-1,-0.3105469, 0.03808594, -0.9116211, -0.006875038, -0.3134375, 0.1409376,125.6389,5,4,True,True,177
41165,0.7372241,0.2062149,1015.884,-1,-0.3115234, 0.03808594, -0.909668, 0.02437496, -0.2978125, 0.1409376,125.6389,5,4,True,True,177
41228,0.3070925,-0.1230392,1015.896,-1,-0.3110352, 0.03662109, -0.9086914, 0.02437496, -0.4228125, 0.1565626,125.6389,5,4,True,True,177
41293,0.09202661,-0.1230392,1015.896,-1,-0.3100586, 0.03710938, -0.9125977, 0.008749962, -0.3134375, 0.1565626,125.6389,5,4,True,True,177
41358,0.8249516,1.557877,1015.834,-1,-0.3105469, 0.03662109, -0.9072266, 0.02437496, -0.3134375, 0.1409376,125.6389,5,4,True,True,177
41425,1.763272,2.701591,1015.792,-1,-0.3110352, 0.03564453, -0.9111328, 0.02437496, -0.3134375, 0.1721876,125.6389,5,4,True,True,177
41493,-0.3582591,-2.47979,1015.982,41.24725,-0.3115234, 0.03710938, -0.909668, 0.03999996, -0.3290625, 0.1409376,125.6389,5,4,True,True,177
41562,0.3052149,0.968689,1015.856,41.23357,-0.3115234, 0.03662109, -0.9116211, 0.05562496, -0.2821875, 0.1721876,125.6389,5,4,True,True,177
41740,0.4636617,0.6221085,1015.869,-1,-0.3115234, 0.03808594, -0.9091797, -0.006875038, -0.2821875, 0.1721876,125.6389,5,4,True,True,177
41812,0.386925,0.3101883,1015.88,41.21532,-0.3105469, 0.03710938, -0.9111328, 0.02437496, -0.3290625, 0.1565626,125.6389,5,4,True,True,177
41882,0.9204141,1.453903,1015.838,41.19708,-0.3100586, 0.03808594, -0.9106445, 0.07124996, -0.3446875, 0.1565626,125.6389,5,4,True,True,177
41952,0.04344374,-0.8335266,1015.922,41.2062,-0.309082, 0.03662109, -0.9116211, 0.03999996, -0.3446875, 0.1253126,125.6389,5,4,True,True,177
42023,0.4454165,0.8473892,1015.861,-1,-0.3110352, 0.03808594, -0.909668, 0.02437496, -0.3134375, 0.1721876,125.6389,5,4,True,True,177
42097,1.079627,1.713837,1015.829,41.20164,-0.3105469, 0.03857422, -0.909668, 0.05562496, -0.3446875, 0.1409376,125.6389,5,4,True,True,177
42170,0.6602509,0.2408752,1015.883,-1,-0.3110352, 0.03662109, -0.9082031, -0.006875038, -0.3134375, 0.1721876,125.6389,5,4,True,True,177
42243,0.8837868,1.107323,1015.851,-1,-0.3110352, 0.03662109, -0.909668, 0.02437496, -0.3290625, 0.09406257,125.6389,5,4,True,True,177
42314,0.7009609,0.5181351,1015.873,-1,-0.3105469, 0.03710938, -0.9091797, -0.006875038, -0.3134375, 0.1096876,125.6389,5,4,True,True,177
42387,1.753263,2.805565,1015.789,-1,-0.3100586, 0.03662109, -0.9101563, -0.006875038, -0.3134375, 0.1409376,125.6389,5,4,True,True,177
42463,1.265666,0.7780685,1015.863,-1,-0.3120117, 0.03662109, -0.9086914, 0.008749962, -0.3134375, 0.1878126,125.6389,5,4,True,True,177
42539,1.021867,0.7780685,1015.863,-1,-0.3129883, 0.03662109, -0.9086914, -0.006875038, -0.2821875, 0.1253126,125.6389,5,4,True,True,177
42727,2.017693,3.013519,1015.781,-1,-0.3110352, 0.03857422, -0.909668, 0.03999996, -0.3603125, 0.1253126,125.6389,5,4,True,True,177
42803,2.922837,3.82798,1015.751,41.16516,-0.3115234, 0.03613281, -0.9067383, 0.08687496, -0.3290625, 0.1565626,125.6389,5,4,True,True,177
42882,1.659836,0.3968353,1015.877,41.16516,-0.3110352, 0.03564453, -0.9086914, 0.05562496, -0.3915625, 0.1721876,125.6389,5,4,True,True,177
42962,0.4564782,-0.7468796,1015.919,-1,-0.3100586, 0.03564453, -0.9111328, 0.02437496, -0.2978125, 0.1253126,125.6389,5,4,True,True,177
43043,-0.1452007,-0.7468796,1015.919,-1,-0.3100586, 0.03710938, -0.909668, -0.02250004, -0.3290625, 0.07843757,125.6389,5,4,True,True,177
43124,2.551881,5.248962,1015.699,-1,-0.3110352, 0.03662109, -0.909668, 0.008749962, -0.2821875, 0.1253126,125.6389,5,4,True,True,177
43207,2.453446,2.355011,1015.805,41.13781,-0.3105469, 0.03662109, -0.9101563, 0.1025, -0.3603125, 0.1409376,125.6389,5,4,True,True,177
43297,1.260514,0.06758118,1015.889,-1,-0.3105469, 0.03759766, -0.9101563, 0.05562496, -0.2821875, 0.1409376,125.6389,5,4,True,True,177
43382,2.353626,3.446739,1015.765,41.12868,-0.3100586, 0.03808594, -0.909668, 0.03999996, -0.3446875, 0.1565626,125.6389,5,4,True,True,177
43467,1.756468,1.159309,1015.849,41.12412,-0.3105469, 0.03662109, -0.9082031, 0.008749962, -0.3446875, 0.1096876,125.6389,5,4,True,True,177
43551,1.319255,0.8820419,1015.859,-1,-0.3110352, 0.03857422, -0.9086914, 0.02437496, -0.3134375, 0.1409376,125.6389,5,4,True,True,177
43688,1.074655,0.8300552,1015.861,-1,-0.3115234, 0.03759766, -0.9082031, 0.07124996, -0.2978125, 0.1096876,125.6389,5,4,True,True,177
43862,0.8137253,0.5527954,1015.871,41.10132,-0.3100586, 0.03808594, -0.9082031, -0.03812504, -0.3134375, 0.09406257,125.6389,5,4,True,True,177
43927,1.965609,3.117493,1015.777,41.10588,-0.3110352, 0.03710938, -0.9086914, 0.08687496, -0.2196875, 0.1878126,125.6389,5,4,True,True,177
43991,1.666433,1.367256,1015.841,-1,-0.309082, 0.03710938, -0.9091797, -0.006875038, -0.3134375, 0.1409376,125.6389,5,4,True,True,177
44057,2.660563,3.654694,1015.757,41.09221,-0.3105469, 0.03808594, -0.9077148, -0.03812504, -0.3290625, 0.1253126,125.6389,5,4,True,True,177
44128,3.018995,3.377426,1015.767,41.09221,-0.3120117, 0.03808594, -0.9091797, 0.05562496, -0.3603125, 0.1253126,125.6389,5,4,True,True,177
44197,2.054495,1.089996,1015.851,-1,-0.3100586, 0.03564453, -0.9082031, 0.05562496, -0.2665625, 0.1721876,125.6389,5,4,True,True,177
44267,1.849509,1.644524,1015.831,41.08764,-0.3100586, 0.03662109, -0.9082031, -0.02250004, -0.2509375, 0.1096876,125.6389,5,4,True,True,177
44337,0.7419315,-0.3656464,1015.905,-1,-0.3110352, 0.03710938, -0.9082031, 0.008749962, -0.3134375, 0.1096876,125.6389,5,4,True,True,177
44407,0.5867098,0.431488,1015.875,-1,-0.3115234, 0.03808594, -0.9077148, 0.08687496, -0.2509375, 0.09406257,125.6389,5,4,True,True,177
44479,0.5090989,0.431488,1015.875,-1,-0.3110352, 0.03613281, -0.9072266, -0.03812504, -0.2978125, 0.1096876,125.6389,5,4,True,True,177
44551,1.319418,2.129738,1015.814,41.06484,-0.3100586, 0.03613281, -0.9082031, -0.006875038, -0.3446875, 0.1565626,125.6389,5,4,True,True,177
44623,1.144054,0.968689,1015.856,-1,-0.3095703, 0.03662109, -0.9091797, -0.02250004, -0.3759375, 0.1565626,125.6389,5,4,True,True,177
44807,0.7617775,0.3795013,1015.878,-1,-0.3105469, 0.03613281, -0.9077148, 0.05562496, -0.3603125, 0.1878126,125.6389,5,4,True,True,177
44881,1.419764,2.077751,1015.816,-1,-0.3110352, 0.03662109, -0.9082031, -0.02250004, -0.2821875, 0.1253126,125.6389,5,4,True,True,177
44957,0.8649763,0.3101883,1015.88,41.03748,-0.3110352, 0.03564453, -0.9106445, 0.008749962, -0.3759375, 0.1721876,125.6389,5,4,True,True,177
45033,1.731297,2.597618,1015.796,-1,-0.3105469, 0.03710938, -0.9077148, 0.05562496, -0.2978125, 0.1253126,125.6389,5,4,True,True,177
45111,1.298006,0.8647156,1015.86,-1,-0.3110352, 0.03710938, -0.9086914, -0.006875038, -0.2821875, 0.1409376,125.6389,5,4,True,True,177
45186,1.627225,1.956444,1015.82,-1,-0.3115234, 0.03857422, -0.9077148, 0.02437496, -0.2821875, 0.1878126,125.6389,5,4,True,True,177
45261,0.6481195,-0.330986,1015.904,41.00556,-0.3125, 0.03564453, -0.9086914, 0.05562496, -0.3759375, 0.1096876,125.6389,5,4,True,True,177
45338,0.2885335,-0.07105255,1015.894,-1,-0.3110352, 0.03662109, -0.9111328, 0.02437496, -0.3915625, 0.07843757,125.6389,5,4,True,True,177
45417,-0.05588278,-0.4002991,1015.906,-1,-0.3110352, 0.03759766, -0.909668, 0.02437496, -0.2509375, 0.1409376,125.6389,5,4,True,True,177
45497,0.6210301,1.297943,1015.844,-1,-0.3100586, 0.03759766, -0.9086914, -0.05375004, -0.3446875, 0.1721876,125.6389,5,4,True,True,177
45576,1.366717,2.112404,1015.814,-1,-0.3110352, 0.03662109, -0.9101563, -0.006875038, -0.3290625, 0.07843757,125.6389,5,4,True,True,177
45657,0.864446,0.362175,1015.878,-1,-0.3105469, 0.03808594, -0.9091797, 0.02437496, -0.3759375, 0.1565626,125.6389,5,4,True,True,177
45845,0.4226901,-0.01906586,1015.892,40.92803,-0.3100586, 0.03710938, -0.909668, -0.006875038, -0.2665625, 0.1721876,125.6389,5,4,True,True,177
45928,0.2018121,-0.01906586,1015.892,-1,-0.3120117, 0.03710938, -0.9082031, 0.03999996, -0.3134375, 0.1721876,125.6389,5,4,True,True,177
46012,0.3339802,0.4661484,1015.875,-1,-0.3115234, 0.03759766, -0.9091797, 0.008749962, -0.3134375, 0.09406257,125.6389,5,4,True,True,177
46097,-0.03315942,-0.4002991,1015.906,-1,-0.3100586, 0.03710938, -0.909668, 0.07124996, -0.2821875, 0.2034376,125.6389,5,4,True,True,177
46181,1.334216,2.701591,1015.793,-1,-0.3100586, 0.03662109, -0.9101563, -0.006875038, -0.2978125, 0.1409376,125.6389,5,4,True,True,177
46316,2.581098,3.82798,1015.751,40.88243,-0.3100586, 0.03613281, -0.9106445, 0.08687496, -0.3134375, 0.1253126,125.6389,5,4,True,True,177
46381,2.199454,1.81781,1015.825,-1,-0.3110352, 0.03564453, -0.9101563, -0.02250004, -0.2821875, 0.1721876,125.6389,5,4,True,True,177
46448,0.8649172,-0.4696198,1015.909,-1,-0.3105469, 0.03613281, -0.9101563, 0.05562496, -0.3134375, 0.1409376,125.6389,5,4,True,True,177
46522,-0.235575,-1.336067,1015.94,-1,-0.3100586, 0.03759766, -0.9111328, -0.006875038, -0.2665625, 0.1409376,125.6389,5,4,True,True,177
46587,0.3578938,0.9513626,1015.857,-1,-0.3105469, 0.03857422, -0.9077148, 0.02437496, -0.3134375, 0.1096876,125.6389,5,4,True,True,177
46656,-1.494172,-3.346237,1016.015,40.87331,-0.3129883, 0.03808594, -0.909668, -0.03812504, -0.3134375, 0.1721876,125.6389,5,4,True,True,177
46726,-0.002804101,1.488564,1015.837,40.86419,-0.3095703, 0.03808594, -0.9091797, 0.02437496, -0.3290625, 0.1721876,125.6389,5,4,True,True,177
46906,0.4482859,0.8993759,1015.859,40.84595,-0.3115234, 0.03759766, -0.9101563, 0.05562496, -0.3290625, 0.1409376,125.6389,5,4,True,True,177
46975,-0.3399172,-1.12812,1015.933,-1,-0.3105469, 0.03564453, -0.9121094, 0.03999996, -0.2665625, 0.1096876,125.6389,5,4,True,True,177
47042,1.388788,3.117493,1015.777,-1,-0.3105469, 0.03808594, -0.9077148, 0.05562496, -0.3759375, 0.1721876,125.6389,5,4,True,True,177
47108,1.109421,0.8300552,1015.861,-1,-0.3115234, 0.03710938, -0.9086914, -0.006875038, -0.3134375, 0.1721876,125.6389,5,4,True,True,177
47178,2.252087,3.394753,1015.767,-1,-0.3095703, 0.03808594, -0.9091797, 0.05562496, -0.3603125, 0.1096876,125.6389,5,4,True,True,177
47247,-0.165838,-2.583763,1015.987,-1,-0.3105469, 0.03759766, -0.9106445, 0.08687496, -0.3290625, 0.1409376,125.6389,5,4,True,True,177
47316,0.3321086,0.8300552,1015.861,-1,-0.3110352, 0.03759766, -0.9101563, 0.008749962, -0.3134375, 0.1409376,125.6389,5,4,True,True,177
47390,-0.9871935,-2.306496,1015.977,-1,-0.3120117, 0.03662109, -0.9086914, 0.02437496, -0.3290625, 0.1409376,125.6389,5,4,True,True,177
47466,-0.3731591,0.2408752,1015.883,40.82771,-0.3105469, 0.03710938, -0.9106445, 0.05562496, -0.2665625, 0.1878126,125.6389,5,4,True,True,177
47541,0.3410884,1.055336,1015.853,-1,-0.3085938, 0.03710938, -0.9077148, 0.02437496, -0.3134375, 0.1096876,125.6389,5,4,True,True,177
47617,-0.7487635,-1.838615,1015.959,-1,-0.3125, 0.03808594, -0.9091797, 0.008749962, -0.3290625, 0.07843757,125.6389,5,4,True,True,177
47695,-1.016422,-1.284081,1015.939,40.79578,-0.3105469, 0.03710938, -0.909668, 0.03999996, -0.2978125, 0.1409376,125.6389,5,4,True,True,177
47882,0.2360708,1.488564,1015.837,-1,-0.3110352, 0.03857422, -0.9082031, 0.05562496, -0.2978125, 0.1721876,125.6389,5,4,True,True,177
47958,0.6976901,1.159309,1015.849,-1,-0.3100586, 0.03759766, -0.9086914, 0.02437496, -0.3134375, 0.1253126,125.6389,5,4,True,True,177
48037,0.6252427,0.5527954,1015.871,-1,-0.3120117, 0.03759766, -0.9121094, -0.006875038, -0.3134375, 0.1565626,125.6389,5,4,True,True,177
48116,0.4503853,0.275528,1015.881,40.74561,-0.3105469, 0.03759766, -0.9091797, 0.118125, -0.2978125, 0.1721876,125.6389,5,4,True,True,177
48196,1.757946,3.065506,1015.779,40.72738,-0.3095703, 0.03662109, -0.9116211, 0.008749962, -0.3290625, 0.1409376,125.6389,5,4,True,True,177
48276,0.2542589,-1.249428,1015.937,40.71825,-0.3129883, 0.03759766, -0.9106445, -0.05375004, -0.2978125, 0.1565626,125.6389,5,4,True,True,177
48360,0.6201409,0.9860229,1015.855,40.70913,-0.3095703, 0.03710938, -0.9111328, 0.02437496, -0.3446875, 0.1565626,125.6389,5,4,True,True,177
48441,1.64354,2.666939,1015.793,40.70001,-0.3120117, 0.03710938, -0.9116211, 0.008749962, -0.2040625, 0.1409376,125.6389,5,4,True,True,177
48523,0.7429202,-0.1576996,1015.897,-1,-0.3095703, 0.03613281, -0.9091797, 0.05562496, -0.3134375, 0.1409376,125.6389,5,4,True,True,177
48607,0.8384782,0.9340363,1015.857,-1,-0.3115234, 0.03710938, -0.9106445, -0.02250004, -0.2978125, 0.1721876,125.6389,5,4,True,True,177
48691,0.6089898,0.3795013,1015.877,-1,-0.3100586, 0.03710938, -0.9086914, 0.02437496, -0.3134375, 0.1409376,125.6389,5,4,True,True,177
48822,-0.2075786,-1.024147,1015.929,-1,-0.3115234, 0.03857422, -0.9116211, -0.006875038, -0.2509375, 0.1096876,125.6389,5,4,True,True,177
48995,-0.7804899,-1.353401,1015.941,-1,-0.3100586, 0.03759766, -0.9111328, 0.008749962, -0.2978125, 0.1253126,125.6389,5,4,True,True,177
49062,-0.9283118,-1.076134,1015.931,-1,-0.3105469, 0.03662109, -0.9125977, 0.02437496, -0.2509375, 0.1096876,125.6389,5,4,True,True,177
49126,-1.140857,-1.353401,1015.941,-1,-0.3100586, 0.03759766, -0.9116211, 0.05562496, -0.2978125, 0.1409376,125.6389,5,4,True,True,177
49191,-0.8398947,-0.5389328,1015.911,40.67265,-0.3105469, 0.03710938, -0.9130859, 0.02437496, -0.2821875, 0.1096876,125.6389,5,4,True,True,177
49256,0.5842679,2.00843,1015.817,-1,-0.3115234, 0.03808594, -0.909668, 0.008749962, -0.3446875, 0.1409376,125.6389,5,4,True,True,177
49322,1.296349,2.00843,1015.817,-1,-0.3105469, 0.03662109, -0.9091797, -0.006875038, -0.2978125, 0.1253126,125.6389,5,4,True,True,177
49391,0.7859385,0.275528,1015.881,-1,-0.3095703, 0.03662109, -0.9121094, 0.02437496, -0.3446875, 0.1409376,125.6389,5,4,True,True,177
49461,1.535818,2.285698,1015.808,-1,-0.3095703, 0.03808594, -0.909668, 0.05562496, -0.2978125, 0.07843757,125.6389,5,4,True,True,177
49530,-0.09940809,-1.734634,1015.955,-1,-0.3095703, 0.03710938, -0.9106445, 0.02437496, -0.2978125, 0.09406257,125.6389,5,4,True,True,177
49610,0.4952941,1.089996,1015.852,-1,-0.3105469, 0.03613281, -0.9125977, 0.05562496, -0.2509375, 0.1409376,125.6389,5,4,True,True,177
49681,-0.5070336,-1.509361,1015.947,-1,-0.3100586, 0.03710938, -0.9125977, 0.03999996, -0.2509375, 0.1565626,125.6389,5,4,True,True,177
49751,0.3954548,1.297943,1015.844,40.6088,-0.3110352, 0.03710938, -0.9145508, 0.008749962, -0.2978125, 0.1409376,125.6389,5,4,True,True,177
49933,0.05822772,-0.2789993,1015.902,-1,-0.3115234, 0.03710938, -0.9116211, -0.03812504, -0.3290625, 0.09406257,125.6389,5,4,True,True,177
50006,-0.5436133,-1.145454,1015.934,-1,-0.3100586, 0.03662109, -0.9101563, -0.02250004, -0.3446875, 0.1096876,125.6389,5,4,True,True,177
50080,-0.4372997,-0.330986,1015.904,40.55407,-0.3105469, 0.03808594, -0.9106445, 0.05562496, -0.3134375, 0.1878126,125.6389,5,4,True,True,177
50157,-0.8173704,-1.197441,1015.935,-1,-0.3095703, 0.03759766, -0.9130859, 0.05562496, -0.3134375, 0.09406257,125.6389,5,4,True,True,177
50236,0.8381371,2.493645,1015.8,40.54495,-0.3105469, 0.03759766, -0.9125977, 0.05562496, -0.2821875, 0.1409376,125.6389,5,4,True,True,177
50315,1.094033,1.34993,1015.842,40.54495,-0.3115234, 0.03759766, -0.9125977, 0.05562496, -0.3290625, 0.1253126,125.6389,5,4,True,True,177
50390,0.7887541,0.4834747,1015.874,-1,-0.3105469, 0.03710938, -0.9091797, 0.05562496, -0.3446875, 0.2034376,125.6389,5,4,True,True,177
50486,1.641199,2.493645,1015.8,40.53582,-0.3115234, 0.03759766, -0.9116211, 0.02437496, -0.3290625, 0.1253126,125.6389,5,4,True,True,177
50566,2.041429,2.441658,1015.802,40.53582,-0.3110352, 0.03759766, -0.9130859, 0.03999996, -0.2821875, 0.1096876,125.6389,5,4,True,True,177
50647,2.10291,2.164391,1015.812,-1,-0.3105469, 0.03564453, -0.9106445, 0.02437496, -0.3290625, 0.1096876,125.6389,5,4,True,True,177
50726,1.561793,1.020676,1015.854,-1,-0.3110352, 0.03662109, -0.9116211, -0.006875038, -0.2353125, 0.1721876,125.6389,5,4,True,True,177
50807,1.568502,1.575211,1015.834,-1,-0.3105469, 0.03710938, -0.909668, 0.02437496, -0.2821875, 0.1721876,125.6389,5,4,True,True,177
51000,1.979086,2.389671,1015.804,40.50846,-0.3110352, 0.03662109, -0.9091797, 0.008749962, -0.3446875, 0.1721876,125.6389,5,4,True,True,177
51082,2.591613,3.20414,1015.774,-1,-0.3100586, 0.03759766, -0.9106445, -0.006875038, -0.3134375, 0.1096876,125.6389,5,4,True,True,177
51165,2.629276,2.666939,1015.794,-1,-0.3105469, 0.03564453, -0.9101563, 0.07124996, -0.2821875, 0.2034376,125.6389,5,4,True,True,177
51250,1.365759,0.1022415,1015.888,40.5039,-0.3115234, 0.03662109, -0.9125977, 0.03999996, -0.3134375, 0.1409376,125.6389,5,4,True,True,177
51335,1.002601,0.6394424,1015.868,40.49934,-0.3110352, 0.03710938, -0.9130859, 0.03999996, -0.3134375, 0.1409376,125.6389,5,4,True,True,177
51400,2.675228,4.347855,1015.732,40.49934,-0.3110352, 0.03808594, -0.909668, 0.008749962, -0.3446875, 0.1565626,125.6389,5,4,True,True,177
51466,2.367822,2.060417,1015.816,-1,-0.3105469, 0.03710938, -0.9101563, 0.03999996, -0.3134375, 0.1253126,125.6389,5,4,True,True,177
51531,2.491387,2.614952,1015.796,40.4811,-0.3100586, 0.03759766, -0.9125977, 0.008749962, -0.3134375, 0.07843757,125.6389,5,4,True,True,177
51596,0.6989598,-1.093468,1015.932,-1,-0.3100586, 0.03662109, -0.9106445, 0.03999996, -0.2821875, 0.1565626,125.6389,5,4,True,True,177
51661,2.766011,4.833061,1015.714,-1,-0.3105469, 0.03759766, -0.9111328, -0.006875038, -0.3134375, 0.1096876,125.6389,5,4,True,True,177
51731,2.083963,1.401917,1015.84,40.44461,-0.3105469, 0.03710938, -0.909668, 0.07124996, -0.3759375, 0.1096876,125.6389,5,4,True,True,177
51796,0.1140108,-1.855942,1015.96,-1,-0.3095703, 0.03662109, -0.9121094, -0.02250004, -0.2978125, 0.07843757,125.6389,5,4,True,True,177
51971,0.3247361,0.5354614,1015.872,40.36251,-0.3100586, 0.03662109, -0.9101563, 0.05562496, -0.2978125, 0.1096876,125.6389,5,4,True,True,177
52041,1.279224,2.233711,1015.81,-1,-0.3095703, 0.03662109, -0.9121094, 0.02437496, -0.2509375, 0.1721876,125.6389,5,4,True,True,177
52110,0.6127525,-0.05371857,1015.894,40.35795,-0.3110352, 0.03564453, -0.9121094, 0.05562496, -0.2978125, 0.1409376,125.6389,5,4,True,True,177
52181,1.145968,1.679184,1015.83,-1,-0.3095703, 0.03710938, -0.9111328, 0.02437496, -0.3134375, 0.1409376,125.6389,5,4,True,True,177
52251,-0.138373,-1.422714,1015.943,-1,-0.3100586, 0.03808594, -0.9106445, 0.008749962, -0.3446875, 0.1409376,125.6389,5,4,True,True,177
52322,1.368256,2.874886,1015.786,-1,-0.3105469, 0.03710938, -0.9091797, 0.02437496, -0.2509375, 0.1565626,125.6389,5,4,True,True,177
52393,-0.1658627,-1.699982,1015.954,-1,-0.309082, 0.03857422, -0.9121094, 0.02437496, -0.3134375, 0.1409376,125.6389,5,4,True,True,177
52465,0.07216281,0.3101883,1015.88,40.38532,-0.3095703, 0.03613281, -0.9106445, 0.008749962, -0.3290625, 0.1565626,125.6389,5,4,True,True,177
52541,-0.8139094,-1.699982,1015.954,-1,-0.3105469, 0.0390625, -0.909668, 0.02437496, -0.2665625, 0.09406257,125.6389,5,4,True,True,177
52620,0.1640368,1.141983,1015.85,-1,-0.3095703, 0.03710938, -0.9106445, 0.03999996, -0.2509375, 0.1096876,125.6389,5,4,True,True,177
52695,0.1851258,0.2062149,1015.884,40.35795,-0.3115234, 0.0390625, -0.9150391, 0.08687496, -0.3290625, 0.07843757,125.6389,5,4,True,True,177
52771,0.1956704,0.2062149,1015.884,-1,-0.3100586, 0.03759766, -0.9116211, 0.05562496, -0.3446875, 0.1565626,125.6389,5,4,True,True,177
52958,0.04497874,-0.1057129,1015.896,-1,-0.3100586, 0.03662109, -0.9106445, 0.05562496, -0.3290625, 0.1721876,125.6389,5,4,True,True,177
53038,0.2642267,0.4834747,1015.874,-1,-0.3115234, 0.03710938, -0.9101563, -0.02250004, -0.2978125, 0.1096876,125.6389,5,4,True,True,177
53116,-0.761201,-1.786629,1015.957,-1,-0.309082, 0.03662109, -0.9101563, -0.006875038, -0.3446875, 0.1721876,125.6389,5,4,True,True,177
53193,0.1297373,1.020676,1015.854,-1,-0.3100586, 0.03759766, -0.9116211, 0.008749962, -0.3290625, 0.1409376,125.6389,5,4,True,True,177
53272,1.718925,3.308113,1015.77,-1,-0.3110352, 0.03759766, -0.9101563, -0.02250004, -0.2196875, 0.1253126,125.6389,5,4,True,True,177
53352,1.673061,1.627197,1015.832,-1,-0.3105469, 0.03662109, -0.9106445, -0.006875038, -0.2821875, 0.1096876,125.6389,5,4,True,True,177
53433,1.078268,0.4834747,1015.874,-1,-0.3110352, 0.03710938, -0.909668, 0.05562496, -0.2821875, 0.1409376,125.6389,5,4,True,True,177
53513,0.07038403,-0.9375,1015.926,-1,-0.3105469, 0.03710938, -0.9091797, 0.03999996, -0.3446875, 0.1253126,125.6389,5,4,True,True,177
53595,1.152048,2.233711,1015.81,-1,-0.3115234, 0.03710938, -0.9111328, -0.006875038, -0.2821875, 0.1409376,125.6389,5,4,True,True,177
53681,0.8177612,0.4834747,1015.874,40.35339,-0.3110352, 0.03857422, -0.9091797, 0.02437496, -0.3759375, 0.1565626,125.6389,5,4,True,True,177
53808,-0.18984,-1.197441,1015.936,-1,-0.3105469, 0.03710938, -0.9082031, -0.006875038, -0.2821875, 0.1253126,125.6389,5,4,True,True,177
53872,-0.6936405,-1.197441,1015.936,-1,-0.3095703, 0.03662109, -0.9106445, -0.02250004, -0.2665625, 0.1565626,125.6389,5,4,True,True,177
54041,-0.2437128,0.2062149,1015.884,-1,-0.3110352, 0.03564453, -0.9106445, 0.008749962, -0.3446875, 0.1409376,125.6389,5,4,True,True,177
54106,1.124966,2.493645,1015.8,-1,-0.3100586, 0.03662109, -0.909668, 0.02437496, -0.3603125, 0.1565626,125.6389,5,4,True,True,177
54171,0.2323629,-0.6602402,1015.916,-1,-0.3100586, 0.03857422, -0.9077148, 0.03999996, -0.2978125, 0.1409376,125.6389,5,4,True,True,177
54236,-0.07530493,-0.3829727,1015.906,-1,-0.3105469, 0.03662109, -0.9111328, 0.02437496, -0.3446875, 0.1721876,125.6389,5,4,True,True,177
54302,0.4726854,1.020676,1015.854,-1,-0.3100586, 0.03710938, -0.9091797, -0.02250004, -0.3290625, 0.1253126,125.6389,5,4,True,True,177
54372,-0.9602287,-2.393143,1015.979,40.33515,-0.3095703, 0.03662109, -0.9091797, 0.02437496, -0.3759375, 0.1253126,125.6389,5,4,True,True,177
54440,-0.8362278,-0.7122269,1015.918,40.32603,-0.3110352, 0.03710938, -0.9121094, 0.008749962, -0.2821875, 0.1721876,125.6389,5,4,True,True,177
54508,-0.6355936,-0.4349594,1015.908,-1,-0.3100586, 0.03662109, -0.9130859, 0.02437496, -0.2821875, 0.1565626,125.6389,5,4,True,True,177
54576,-0.3966466,-0.1576996,1015.898,-1,-0.3095703, 0.03759766, -0.909668, 0.03999996, -0.3446875, 0.1253126,125.6389,5,4,True,True,177
54646,0.3986616,1.19397,1015.848,-1,-0.3095703, 0.03710938, -0.9101563, 0.03999996, -0.3446875, 0.1565626,125.6389,5,4,True,True,177
54716,1.064916,1.731171,1015.828,-1,-0.3095703, 0.03710938, -0.9116211, -0.006875038, -0.3134375, 0.1096876,125.6389,5,4,True,True,177
54788,0.1243579,-0.8162003,1015.922,-1,-0.3100586, 0.03759766, -0.9101563, 0.07124996, -0.2978125, 0.1253126,125.6389,5,4,True,True,177
54971,1.040401,1.956444,1015.82,40.26217,-0.3100586, 0.03662109, -0.9106445, 0.02437496, -0.2821875, 0.1096876,125.6389,5,4,True,True,177
55046,1.195165,1.34993,1015.842,40.25305,-0.309082, 0.03759766, -0.9135742, 0.008749962, -0.2978125, 0.1409376,125.6389,5,4,True,True,177
55121,1.549811,1.904457,1015.822,-1,-0.3115234, 0.03710938, -0.9125977, -0.006875038, -0.3290625, 0.1096876,125.6389,5,4,True,True,177
55195,0.8606829,0.1715546,1015.885,-1,-0.3095703, 0.03710938, -0.9121094, 0.118125, -0.3446875, 0.1096876,125.6389,5,4,True,True,177
55272,-0.2203658,-1.301414,1015.939,40.21656,-0.3100586, 0.03662109, -0.9125977, 0.1025, -0.2821875, 0.1096876,125.6389,5,4,True,True,177
55348,-0.6309196,-1.041473,1015.93,-1,-0.3115234, 0.03564453, -0.9106445, 0.07124996, -0.3446875, 0.07843757,125.6389,5,4,True,True,177
55427,0.5847821,1.800484,1015.826,-1,-0.3105469, 0.03710938, -0.9135742, 0.05562496, -0.2978125, 0.1409376,125.6389,5,4,True,True,177
55507,-0.2283457,-1.041473,1015.93,-1,-0.309082, 0.03759766, -0.9111328, 0.008749962, -0.3134375, 0.1409376,125.6389,5,4,True,True,177
55586,-0.4962796,-0.7642136,1015.919,40.21656,-0.3110352, 0.03857422, -0.9111328, -0.03812504, -0.2821875, 0.1878126,125.6389,5,4,True,True,177
55665,-0.4916129,-0.4869461,1015.909,40.21656,-0.3105469, 0.03710938, -0.9101563, -0.006875038, -0.3446875, 0.1096876,125.6389,5,4,True,True,177
55755,0.6544354,1.800484,1015.826,40.20744,-0.3100586, 0.03759766, -0.9106445, 0.008749962, -0.3446875, 0.1721876,125.6389,5,4,True,True,177
55837,0.6209455,0.5874557,1015.87,40.19831,-0.3115234, 0.03662109, -0.909668, 0.02437496, -0.3134375, 0.1096876,125.6389,5,4,True,True,177
56027,0.6042006,0.5874557,1015.87,-1,-0.3095703, 0.03759766, -0.9086914, -0.006875038, -0.3290625, 0.1409376,125.6389,5,4,True,True,177
56106,0.8730918,1.141983,1015.849,-1,-0.3105469, 0.03759766, -0.909668, 0.02437496, -0.2665625, 0.1409376,125.6389,5,4,True,True,177
56187,0.1410862,-0.5909195,1015.913,-1,-0.3100586, 0.03759766, -0.9106445, 0.02437496, -0.3134375, 0.1096876,125.6389,5,4,True,True,177
56272,1.187399,2.233711,1015.81,40.16183,-0.3100586, 0.03759766, -0.9077148, 0.08687496, -0.3603125, 0.1409376,125.6389,5,4,True,True,177
56404,-0.005021214,-1.197441,1015.935,-1,-0.3110352, 0.03759766, -0.9106445, -0.006875038, -0.3446875, 0.1409376,125.6389,5,4,True,True,177
56467,-0.02936989,-0.05371857,1015.894,-1,-0.309082, 0.03564453, -0.909668, 0.02437496, -0.3446875, 0.1409376,125.6389,5,4,True,True,177
56532,-0.3101447,-0.5909195,1015.913,-1,-0.3095703, 0.03662109, -0.9111328, 0.02437496, -0.2978125, 0.1565626,125.6389,5,4,True,True,177
56596,0.1213254,0.5527954,1015.871,-1,-0.3100586, 0.03808594, -0.9111328, -0.006875038, -0.2978125, 0.1409376,125.6389,5,4,True,True,177
56663,0.4756903,0.8300552,1015.861,-1,-0.3105469, 0.03613281, -0.9082031, -0.006875038, -0.3290625, 0.1409376,125.6389,5,4,True,True,177
56732,-0.2222417,-0.9201736,1015.925,40.16183,-0.3110352, 0.03808594, -0.9101563, 0.02437496, -0.3290625, 0.1253126,125.6389,5,4,True,True,177
56801,-0.1639773,-0.1057129,1015.895,40.1527,-0.3105469, 0.03613281, -0.9091797, -0.02250004, -0.3603125, 0.1565626,125.6389,5,4,True,True,177
56872,0.1684157,0.5008087,1015.873,40.13902,-0.3110352, 0.03564453, -0.9106445, 0.02437496, -0.3446875, 0.1721876,125.6389,5,4,True,True,177
57052,0.3086189,0.448822,1015.875,-1,-0.3095703, 0.03662109, -0.9106445, 0.05562496, -0.2665625, 0.1409376,125.6389,5,4,True,True,177
57123,-0.201804,-0.7122269,1015.917,-1,-0.3110352, 0.03662109, -0.909668, 0.008749962, -0.2509375, 0.1878126,125.6389,5,4,True,True,177
57193,-0.8902391,-1.578674,1015.949,-1,-0.3105469, 0.03710938, -0.9077148, 0.08687496, -0.2978125, 0.1409376,125.6389,5,4,True,True,177
57264,0.3424857,1.575211,1015.833,-1,-0.3095703, 0.03662109, -0.909668, 0.03999996, -0.3134375, 0.1096876,125.6389,5,4,True,True,177
57337,0.9588481,1.575211,1015.833,40.13446,-0.3100586, 0.03808594, -0.9082031, -0.006875038, -0.3134375, 0.1096876,125.6389,5,4,True,True,177
57411,0.1233106,-0.7122269,1015.917,40.13446,-0.3095703, 0.03515625, -0.9116211, -0.006875038, -0.3134375, 0.1409376,125.6389,5,4,True,True,177
57486,-0.7276819,-1.578674,1015.949,40.14359,-0.3115234, 0.03662109, -0.9101563, 0.02437496, -0.3134375, 0.1253126,125.6389,5,4,True,True,177
57562,0.5623942,1.85247,1015.823,40.12534,-0.3100586, 0.03662109, -0.9091797, 0.02437496, -0.3134375, 0.1565626,125.6389,5,4,True,True,177
57636,1.346066,2.129738,1015.813,40.13446,-0.3100586, 0.03808594, -0.9086914, 0.008749962, -0.3446875, 0.1409376,125.6389,5,4,True,True,177
57714,0.5941832,-0.1576996,1015.897,-1,-0.3120117, 0.03710938, -0.9116211, 0.03999996, -0.3134375, 0.1096876,125.6389,5,4,True,True,177
57788,1.760528,2.926872,1015.784,-1,-0.3100586, 0.0390625, -0.9086914, 0.008749962, -0.3915625, 0.1565626,125.6389,5,4,True,True,177
57863,0.2035633,-1.353401,1015.941,-1,-0.3085938, 0.03613281, -0.9101563, -0.006875038, -0.3446875, 0.1721876,125.6389,5,4,True,True,177
58047,0.5428026,0.8820419,1015.859,40.09797,-0.3100586, 0.03710938, -0.9091797, 0.03999996, -0.2509375, 0.1878126,125.6389,5,4,True,True,177
58127,1.14565,1.748497,1015.828,-1,-0.3095703, 0.03662109, -0.9101563, -0.006875038, -0.2978125, 0.1409376,125.6389,5,4,True,True,177
58206,0.7365822,0.3275146,1015.879,-1,-0.3100586, 0.03662109, -0.9116211, 0.03999996, -0.3134375, 0.1409376,125.6389,5,4,True,True,177
58287,1.24254,1.748497,1015.828,40.08885,-0.3110352, 0.03564453, -0.9091797, -0.006875038, -0.2821875, 0.09406257,125.6389,5,4,True,True,177
58368,-0.3500246,-1.942589,1015.963,-1,-0.3105469, 0.03613281, -0.9101563, 0.03999996, -0.3134375, 0.09406257,125.6389,5,4,True,True,177
58448,-0.3058488,-0.261673,1015.901,-1,-0.309082, 0.03662109, -0.9111328, 0.008749962, -0.3446875, 0.1565626,125.6389,5,4,True,True,177
58531,0.2880966,0.8820419,1015.859,40.09797,-0.3105469, 0.03759766, -0.9072266, -0.08500004, -0.3290625, 0.1253126,125.6389,5,4,True,True,177
58614,0.0132118,-0.261673,1015.901,-1,-0.3110352, 0.03662109, -0.9101563, 0.03999996, -0.3290625, 0.1409376,125.6389,5,4,True,True,177
58699,0.5775974,1.141983,1015.849,-1,-0.3105469, 0.03710938, -0.9091797, -0.03812504, -0.3446875, 0.1096876,125.6389,5,4,True,True,177
58782,1.163047,1.748497,1015.828,40.08885,-0.3095703, 0.03808594, -0.9106445, -0.02250004, -0.2509375, 0.07843757,125.6389,5,4,True,True,177
58922,0.7192876,0.275528,1015.881,40.08885,-0.309082, 0.03662109, -0.909668, 0.03999996, -0.3134375, 0.1878126,125.6389,5,4,True,True,177
58988,0.3587779,-0.001731873,1015.891,-1,-0.3105469, 0.03710938, -0.9106445, 0.08687496, -0.2509375, 0.1721876,125.6389,5,4,True,True,177
59162,-0.4106646,-1.180107,1015.935,-1,-0.3105469, 0.03662109, -0.9086914, -0.006875038, -0.3134375, 0.1096876,125.6389,5,4,True,True,177
59228,-0.6654191,-0.9201736,1015.925,-1,-0.3105469, 0.03710938, -0.909668, -0.006875038, -0.3290625, 0.1721876,125.6389,5,4,True,True,177
59293,1.06141,2.788239,1015.789,-1,-0.309082, 0.03759766, -0.909668, -0.006875038, -0.3134375, 0.09406257,125.6389,5,4,True,True,177
59358,1.352967,1.644524,1015.831,-1,-0.3110352, 0.03662109, -0.9072266, -0.006875038, -0.3446875, 0.1253126,125.6389,5,4,True,True,177
59425,1.056854,0.7607422,1015.863,-1,-0.3105469, 0.03710938, -0.9086914, -0.02250004, -0.2665625, 0.1253126,125.6389,5,4,True,True,177
59493,1.489323,1.921791,1015.821,-1,-0.3095703, 0.03613281, -0.9091797, -0.006875038, -0.2665625, 0.09406257,125.6389,5,4,True,True,177
59564,0.1199475,-1.249428,1015.937,-1,-0.3085938, 0.03662109, -0.9111328, 0.02437496, -0.2353125, 0.1096876,125.6389,5,4,True,True,177
59635,1.020869,1.921791,1015.821,-1,-0.3100586, 0.03857422, -0.9091797, -0.006875038, -0.3134375, 0.1096876,125.6389,5,4,True,True,177
59707,0.8734756,0.7260818,1015.865,40.04324,-0.3095703, 0.03955078, -0.9086914, 0.08687496, -0.3290625, 0.1096876,125.6389,5,4,True,True,177
59782,0.7997787,0.7260818,1015.865,40.03867,-0.3100586, 0.0390625, -0.9111328, 0.05562496, -0.3603125, 0.1878126,125.6389,5,4,True,True,177
59853,0.901564,1.003349,1015.855,40.02499,-0.3100586, 0.03662109, -0.9101563, 0.008749962, -0.3134375, 0.1409376,125.6389,5,4,True,True,177
59928,-0.06129151,-1.024147,1015.929,40.02499,-0.3105469, 0.03662109, -0.9106445, 0.008749962, -0.3134375, 0.1721876,125.6389,5,4,True,True,177
60108,0.8436028,1.748497,1015.827,-1,-0.3095703, 0.03808594, -0.9086914, 0.05562496, -0.2821875, 0.1253126,125.6389,5,4,True,True,177
60182,0.4036053,-0.03639221,1015.893,39.97938,-0.3100586, 0.03808594, -0.9130859, -0.006875038, -0.2978125, 0.1096876,125.6389,5,4,True,True,177
60254,0.5908369,0.7780685,1015.863,-1,-0.3105469, 0.03662109, -0.9121094, 0.02437496, -0.3446875, 0.1409376,125.6389,5,4,True,True,177
60328,0.5198295,0.448822,1015.875,-1,-0.309082, 0.03759766, -0.9121094, 0.02437496, -0.3134375, 0.1409376,125.6389,5,4,True,True,177
60404,0.3283618,0.1368942,1015.887,-1,-0.3105469, 0.03710938, -0.9111328, 0.03999996, -0.2353125, 0.1096876,125.6389,5,4,True,True,177
60482,-0.7984465,-1.925255,1015.962,39.89271,-0.309082, 0.04003906, -0.9121094, -0.006875038, -0.2978125, 0.1096876,125.6389,5,4,True,True,177
60560,-0.1141623,0.5701218,1015.87,-1,-0.3095703, 0.03759766, -0.9106445, 0.02437496, -0.2509375, 0.1721876,125.6389,5,4,True,True,177
60640,-1.643557,-3.172951,1016.008,-1,-0.3115234, 0.03710938, -0.9121094, -0.02250004, -0.3446875, 0.1409376,125.6389,5,4,True,True,177
60722,0.8582716,3.3601,1015.768,39.86078,-0.3105469, 0.03808594, -0.9101563, -0.03812504, -0.3134375, 0.1409376,125.6389,5,4,True,True,177
60803,-0.01362085,-0.8855133,1015.924,39.8699,-0.3095703, 0.03759766, -0.9086914, 0.008749962, -0.2665625, 0.09406257,125.6389,5,4,True,True,177
60885,-0.1809666,-0.3483124,1015.904,-1,-0.3105469, 0.03662109, -0.9101563, 0.02437496, -0.1884375, 0.1878126,125.6389,5,4,True,True,177
60967,0.02995431,0.2408752,1015.882,-1,-0.3085938, 0.03710938, -0.9116211, 0.03999996, -0.2040625, 0.1721876,125.6389,5,4,True,True,177
61160,1.12317,2.216385,1015.81,-1,-0.3125, 0.03808594, -0.9106445, 0.05562496, -0.3446875, 0.1096876,125.6389,5,4,True,True,177
61243,1.64378,2.164391,1015.812,-1,-0.3095703, 0.03564453, -0.9121094, 0.008749962, -0.2978125, 0.1721876,125.6389,5,4,True,True,177
61325,1.600828,1.557877,1015.834,-1,-0.3100586, 0.03808594, -0.9111328, -0.006875038, -0.3446875, 0.1721876,125.6389,5,4,True,True,177
61409,1.847953,2.095078,1015.814,-1,-0.3085938, 0.03662109, -0.9135742, 0.008749962, -0.2196875, 0.1409376,125.6389,5,4,True,True,177
61544,1.105064,0.362175,1015.878,-1,-0.3105469, 0.03662109, -0.9106445, -0.03812504, -0.1259375, 0.1721876,125.6389,5,4,True,True,177
61608,0.7336195,0.362175,1015.878,-1,-0.3095703, 0.03710938, -0.9111328, -0.006875038, -0.2353125, 0.1096876,125.6389,5,4,True,True,177
61673,-0.9943849,-2.722389,1015.992,-1,-0.3085938, 0.03759766, -0.9125977, 0.008749962, -0.3290625, 0.1096876,125.6389,5,4,True,True,177
61738,-0.4460717,0.1022415,1015.888,-1,-0.3095703, 0.03759766, -0.9106445, 0.008749962, -0.2821875, 0.1253126,125.6389,5,4,True,True,177
61805,0.09668538,0.6394424,1015.868,-1,-0.3081055, 0.03613281, -0.9111328, 0.02437496, -0.2353125, 0.1096876,125.6389,5,4,True,True,177
61874,0.6366606,1.176636,1015.848,-1,-0.309082, 0.03710938, -0.9101563, -0.006875038, -0.1728125, 0.1878126,125.6389,5,4,True,True,177
61944,-0.2284036,-1.093468,1015.932,-1,-0.3100586, 0.03857422, -0.9121094, 0.02437496, -0.2665625, 0.06281257,125.6389,5,4,True,True,177
62024,0.01489902,0.2582016,1015.882,39.77868,-0.3095703, 0.03808594, -0.9111328, 0.07124996, -0.2665625, 0.1721876,125.6389,5,4,True,True,177
62200,-0.04540694,-0.1057129,1015.895,-1,-0.309082, 0.03710938, -0.9121094, 0.008749962, -0.2821875, 0.1565626,125.6389,5,4,True,True,177
62271,-0.2141898,-0.3829727,1015.906,-1,-0.3100586, 0.03613281, -0.9121094, 0.03999996, -0.3446875, 0.1253126,125.6389,5,4,True,True,177
62344,-0.1599514,-0.1057129,1015.895,39.74218,-0.309082, 0.03808594, -0.9111328, 0.08687496, -0.3603125, 0.1096876,125.6389,5,4,True,True,177
62416,-0.1328321,-0.1057129,1015.895,-1,-0.3085938, 0.03808594, -0.9130859, 0.03999996, -0.3603125, 0.1096876,125.6389,5,4,True,True,177
62489,0.01069804,0.1542282,1015.886,39.74218,-0.309082, 0.03662109, -0.909668, 0.008749962, -0.2665625, 0.2034376,125.6389,5,4,True,True,177
62564,0.3597268,0.7087555,1015.865,-1,-0.3105469, 0.03808594, -0.9111328, 0.05562496, -0.2978125, 0.1253126,125.6389,5,4,True,True,177
62639,0.3956074,0.431488,1015.876,39.71938,-0.3095703, 0.03759766, -0.9091797, 0.05562496, -0.2821875, 0.1409376,125.6389,5,4,True,True,177
62713,0.6821482,0.968689,1015.856,-1,-0.3105469, 0.03808594, -0.9116211, -0.03812504, -0.2509375, 0.2034376,125.6389,5,4,True,True,177
62789,0.236231,-0.2096863,1015.899,39.70569,-0.3095703, 0.03759766, -0.9121094, -0.006875038, -0.2665625, 0.1721876,125.6389,5,4,True,True,177
62865,0.4118433,0.5874557,1015.87,-1,-0.3105469, 0.03564453, -0.909668, 0.02437496, -0.3134375, 0.1565626,125.6389,5,4,True,True,177
62943,0.4996496,0.5874557,1015.87,39.69201,-0.3085938, 0.03613281, -0.9125977, 0.02437496, -0.3134375, 0.1096876,125.6389,5,4,True,True,177
63021,1.964531,3.429413,1015.765,-1,-0.3100586, 0.03662109, -0.909668, 0.03999996, -0.3134375, 0.1409376,125.6389,5,4,True,True,177
63208,1.275993,0.5874557,1015.87,-1,-0.3095703, 0.03710938, -0.909668, -0.006875038, -0.3759375, 0.1409376,125.6389,5,4,True,True,177
63283,-0.9051551,-3.086304,1016.005,-1,-0.3085938, 0.03564453, -0.9106445, 0.008749962, -0.2821875, 0.09406257,125.6389,5,4,True,True,177
63363,0.5516376,2.00843,1015.817,-1,-0.309082, 0.03759766, -0.9106445, 0.02437496, -0.2978125, 0.1096876,125.6389,5,4,True,True,177
63439,0.006352425,-0.5389328,1015.911,-1,-0.309082, 0.03808594, -0.9091797, 0.05562496, -0.2665625, 0.1409376,125.6389,5,4,True,True,177
63518,-0.1016669,-0.2096863,1015.899,-1,-0.3085938, 0.03808594, -0.909668, -0.006875038, -0.2978125, 0.1096876,125.6389,5,4,True,True,177
63599,0.9533817,2.00843,1015.817,-1,-0.3095703, 0.03759766, -0.9116211, -0.02250004, -0.3134375, 0.1096876,125.6389,5,4,True,True,177
63682,-0.2260031,-1.405388,1015.943,39.68744,-0.309082, 0.03662109, -0.9091797, 0.008749962, -0.2821875, 0.1721876,125.6389,5,4,True,True,177
63765,1.038511,2.303024,1015.807,-1,-0.3095703, 0.03515625, -0.9106445, 0.02437496, -0.3134375, 0.1409376,125.6389,5,4,True,True,177
63849,2.372595,3.70668,1015.756,39.68744,-0.3100586, 0.03662109, -0.9082031, 0.02437496, -0.3134375, 0.1096876,125.6389,5,4,True,True,177
63933,2.034553,1.69651,1015.829,39.68288,-0.3095703, 0.0390625, -0.9116211, 0.02437496, -0.2509375, 0.1253126,125.6389,5,4,True,True,177
64064,1.596931,1.159309,1015.849,39.68744,-0.309082, 0.03857422, -0.9082031, -0.05375004, -0.3290625, 0.1096876,125.6389,5,4,True,True,177
64129,1.239486,0.8820419,1015.859,39.68744,-0.3110352, 0.03808594, -0.9116211, 0.07124996, -0.2353125, 0.1409376,125.6389,5,4,True,True,177
64303,1.199398,1.159309,1015.849,39.68288,-0.3110352, 0.03857422, -0.9082031, 0.02437496, -0.2509375, 0.1096876,125.6389,5,4,True,True,177
64369,-0.2416249,-1.682648,1015.953,-1,-0.3100586, 0.03710938, -0.9101563, 0.05562496, -0.2040625, 0.1878126,125.6389,5,4,True,True,177
64434,0.3202085,0.8820419,1015.859,-1,-0.3095703, 0.03710938, -0.909668, 0.008749962, -0.2196875, 0.1565626,125.6389,5,4,True,True,177
64501,0.3238616,0.3275146,1015.879,-1,-0.3085938, 0.03613281, -0.9125977, 0.008749962, -0.2821875, 0.1253126,125.6389,5,4,True,True,177
64570,-0.8093636,-1.942589,1015.963,-1,-0.309082, 0.03710938, -0.9116211, 0.05562496, -0.2196875, 0.1409376,125.6389,5,4,True,True,177
64639,-1.375976,-1.942589,1015.963,-1,-0.3095703, 0.03662109, -0.9140625, 0.05562496, -0.2353125, 0.1409376,125.6389,5,4,True,True,177
64706,0.1775972,1.731171,1015.828,-1,-0.3085938, 0.03710938, -0.9111328, 0.02437496, -0.1884375, 0.1253126,125.6389,5,4,True,True,177
64775,-0.3366317,-0.8508606,1015.923,-1,-0.3100586, 0.03710938, -0.9101563, 0.02437496, -0.2821875, 0.1096876,125.6389,5,4,True,True,177
64844,0.08208852,0.5008087,1015.873,-1,-0.3085938, 0.03710938, -0.9086914, 0.05562496, -0.3290625, 0.1565626,125.6389,5,4,True,True,177
64916,0.1354847,0.1888809,1015.885,-1,-0.3085938, 0.03759766, -0.9106445, 0.02437496, -0.2978125, 0.1878126,125.6389,5,4,True,True,177
64990,0.1275263,0.1195679,1015.887,39.62358,-0.3105469, 0.03710938, -0.9121094, -0.006875038, -0.3134375, 0.1721876,125.6389,5,4,True,True,177
65064,-1.332092,-2.79171,1015.994,39.6099,-0.3100586, 0.03857422, -0.9121094, 0.008749962, -0.2978125, 0.1253126,125.6389,5,4,True,True,177
65255,-1.931934,-2.531776,1015.984,-1,-0.3105469, 0.03564453, -0.9116211, 0.02437496, -0.3134375, 0.1253126,125.6389,5,4,True,True,177
65330,-1.088137,-0.244339,1015.9,-1,-0.3105469, 0.03710938, -0.9121094, 0.008749962, -0.3603125, 0.1721876,125.6389,5,4,True,True,177
65405,-1.809957,-2.531776,1015.984,-1,-0.309082, 0.03662109, -0.9091797, 0.02437496, -0.3446875, 0.1721876,125.6389,5,4,True,True,177
65481,-1.027148,-0.244339,1015.9,-1,-0.3095703, 0.03613281, -0.9106445, -0.006875038, -0.3290625, 0.1253126,125.6389,5,4,True,True,177
65559,-1.909429,-2.79171,1015.994,39.59621,-0.3095703, 0.03710938, -0.9111328, -0.006875038, -0.3290625, 0.1409376,125.6389,5,4,True,True,177
65640,-0.07180274,1.765823,1015.827,39.60534,-0.3095703, 0.03857422, -0.9135742, -0.006875038, -0.2353125, 0.09406257,125.6389,5,4,True,True,177
65719,0.5697467,1.211296,1015.847,39.60534,-0.3100586, 0.03759766, -0.9121094, 0.05562496, -0.2978125, 0.1565626,125.6389,5,4,True,True,177
65797,0.7605547,0.9513626,1015.857,-1,-0.309082, 0.03710938, -0.9116211, 0.07124996, -0.2665625, 0.1409376,125.6389,5,4,True,True,177
65876,0.7173249,0.6740952,1015.867,-1,-0.3105469, 0.03710938, -0.9106445, 0.008749962, -0.2196875, 0.1409376,125.6389,5,4,True,True,177
65957,0.9643106,1.211296,1015.847,-1,-0.3085938, 0.03759766, -0.9125977, -0.03812504, -0.2978125, 0.1253126,125.6389,5,4,True,True,177
66036,1.087803,1.211296,1015.847,-1,-0.309082, 0.03857422, -0.9121094, 0.05562496, -0.3134375, 0.1409376,125.6389,5,4,True,True,177
66120,1.14955,1.211296,1015.847,39.60534,-0.3095703, 0.03808594, -0.9125977, 0.03999996, -0.2821875, 0.1253126,125.6389,5,4,True,True,177
66307,1.75228,2.355011,1015.805,-1,-0.3085938, 0.03710938, -0.9101563, 0.02437496, -0.3134375, 0.1409376,125.6389,5,4,True,True,177
66386,-0.08648724,-1.925255,1015.962,-1,-0.3095703, 0.03710938, -0.9111328, 0.05562496, -0.2978125, 0.1096876,125.6389,5,4,True,True,177
66470,0.1291807,0.3448486,1015.879,-1,-0.3095703, 0.03759766, -0.9106445, 0.008749962, -0.2665625, 0.1253126,125.6389,5,4,True,True,177
66555,-1.062664,-2.254509,1015.974,39.59165,-0.3105469, 0.03808594, -0.9082031, 0.02437496, -0.2821875, 0.1565626,125.6389,5,4,True,True,177
66701,0.3515796,1.765823,1015.827,-1,-0.309082, 0.03808594, -0.9077148, 0.008749962, -0.2509375, 0.09406257,125.6389,5,4,True,True,177
66764,0.1922502,0.03292084,1015.89,-1,-0.3105469, 0.03808594, -0.9072266, 0.02437496, -0.2665625, 0.1253126,125.6389,5,4,True,True,177
66830,1.524901,2.857552,1015.787,39.58709,-0.309082, 0.03662109, -0.9106445, 0.02437496, -0.3290625, 0.1409376,125.6389,5,4,True,True,177
66894,-0.6593978,-2.843697,1015.996,-1,-0.3100586, 0.03857422, -0.9116211, 0.03999996, -0.2509375, 0.1409376,125.6389,5,4,True,True,177
66961,-1.595587,-2.531776,1015.984,-1,-0.3095703, 0.03759766, -0.9067383, 0.008749962, -0.2821875, 0.09406257,125.6389,5,4,True,True,177
67031,-1.223224,-0.8508606,1015.922,-1,-0.3100586, 0.03710938, -0.9082031, 0.02437496, -0.2665625, 0.1878126,125.6389,5,4,True,True,177
67100,1.085764,3.394753,1015.767,-1,-0.3100586, 0.03662109, -0.9111328, -0.006875038, -0.2040625, 0.1409376,125.6389,5,4,True,True,177
67170,0.827943,0.5701218,1015.87,39.57796,-0.3085938, 0.03613281, -0.9091797, 0.008749962, -0.2665625, 0.1565626,125.6389,5,4,True,True,177
67346,-0.869243,-2.566429,1015.986,-1,-0.3095703, 0.03613281, -0.9091797, -0.006875038, -0.2821875, 0.1409376,125.6389,5,4,True,True,177
67414,-1.016012,-1.162781,1015.934,-1,-0.3100586, 0.03613281, -0.9106445, 0.02437496, -0.2509375, 0.07843757,125.6389,5,4,True,True,177
67484,-0.2489384,0.5181351,1015.872,39.56884,-0.3095703, 0.03662109, -0.9106445, 0.02437496, -0.2509375, 0.1253126,125.6389,5,4,True,True,177
67556,0.004631579,0.2582016,1015.882,-1,-0.3110352, 0.03710938, -0.9106445, 0.008749962, -0.2509375, 0.1565626,125.6389,5,4,True,True,177
67630,-0.4404408,-0.8855133,1015.924,39.56884,-0.3100586, 0.03710938, -0.909668, 0.03999996, -0.2665625, 0.09406257,125.6389,5,4,True,True,177
67701,0.1774808,0.7954025,1015.862,-1,-0.3110352, 0.03662109, -0.9116211, -0.006875038, -0.2509375, 0.1253126,125.6389,5,4,True,True,177
67779,-0.08541577,-0.3483124,1015.904,39.55972,-0.3120117, 0.03710938, -0.9091797, -0.006875038, -0.2353125, 0.1721876,125.6389,5,4,True,True,177
67855,-0.9273552,-1.769295,1015.956,39.55515,-0.309082, 0.03515625, -0.9106445, -0.006875038, -0.2821875, 0.1409376,125.6389,5,4,True,True,177
67931,-0.4992039,-0.07105255,1015.894,-1,-0.3105469, 0.03710938, -0.9106445, 0.03999996, -0.3134375, 0.09406257,125.6389,5,4,True,True,177
68005,-0.2851282,-0.07105255,1015.894,-1,-0.3095703, 0.03857422, -0.9077148, -0.006875038, -0.2509375, 0.07843757,125.6389,5,4,True,True,177
68084,0.09051007,0.4661484,1015.874,39.55059,-0.3100586, 0.03857422, -0.9086914, 0.07124996, -0.2821875, 0.1409376,125.6389,5,4,True,True,177
68162,-0.284865,-0.6602402,1015.916,-1,-0.3095703, 0.03808594, -0.9057617, 0.02437496, -0.3134375, 0.07843757,125.6389,5,4,True,True,177
68360,-0.9057763,-1.526688,1015.948,39.53235,-0.3095703, 0.03613281, -0.9106445, 0.008749962, -0.2509375, 0.1253126,125.6389,5,4,True,True,177
68439,-2.221317,-3.536858,1016.021,39.52322,-0.3095703, 0.03662109, -0.909668, 0.03999996, -0.2978125, 0.1409376,125.6389,5,4,True,True,177
68516,-2.30723,-2.393143,1015.98,-1,-0.3105469, 0.03710938, -0.909668, 0.008749962, -0.2509375, 0.1721876,125.6389,5,4,True,True,177
68594,-0.3746767,1.557877,1015.834,39.52322,-0.3100586, 0.03759766, -0.9091797, 0.02437496, -0.2821875, 0.1253126,125.6389,5,4,True,True,177
68675,0.02840567,0.431488,1015.876,39.52322,-0.3105469, 0.03808594, -0.9082031, -0.02250004, -0.3446875, 0.1409376,125.6389,5,4,True,True,177
68759,-0.7751343,-1.578674,1015.95,39.52322,-0.3100586, 0.03613281, -0.9101563, 0.05562496, -0.3446875, 0.1253126,125.6389,5,4,True,True,177
68839,-1.341531,-1.907928,1015.962,-1,-0.309082, 0.03710938, -0.9091797, 0.05562496, -0.2978125, 0.1096876,125.6389,5,4,True,True,177
68921,-0.481015,0.3795013,1015.878,-1,-0.3100586, 0.03564453, -0.9106445, 0.05562496, -0.2821875, 0.1565626,125.6389,5,4,True,True,177
69002,-2.060923,-3.640831,1016.025,-1,-0.3095703, 0.03808594, -0.9101563, 0.02437496, -0.2509375, 0.1409376,125.6389,5,4,True,True,177
69131,-1.161298,-0.261673,1015.901,-1,-0.3110352, 0.03613281, -0.9106445, 0.03999996, -0.2821875, 0.1096876,125.6389,5,4,True,True,177
69191,-1.560607,-1.959915,1015.964,-1,-0.3085938, 0.03808594, -0.9077148, -0.02250004, -0.2665625, 0.1409376,125.6389,5,4,True,True,177
69255,-1.924888,-2.289169,1015.975,39.4776,-0.309082, 0.03662109, -0.909668, -0.006875038, -0.2978125, 0.1096876,125.6389,5,4,True,True,177
69427,-1.968395,-2.011902,1015.965,-1,-0.3105469, 0.03759766, -0.909668, -0.02250004, -0.2821875, 0.1409376,125.6389,5,4,True,True,177
69491,-1.418291,-0.868187,1015.923,-1,-0.3100586, 0.03710938, -0.9082031, 0.02437496, -0.2978125, 0.09406257,125.6389,5,4,True,True,177
69556,-1.437833,-1.457375,1015.945,-1,-0.309082, 0.03808594, -0.9101563, 0.008749962, -0.3290625, 0.09406257,125.6389,5,4,True,True,177
69621,-0.03528827,1.367256,1015.841,-1,-0.3110352, 0.03710938, -0.9091797, -0.02250004, -0.2821875, 0.1409376,125.6389,5,4,True,True,177
69690,-0.6076977,-1.180107,1015.935,39.45023,-0.3115234, 0.03613281, -0.9121094, 0.03999996, -0.2821875, 0.1409376,125.6389,5,4,True,True,177
69760,0.3797792,1.367256,1015.841,39.44111,-0.3100586, 0.03613281, -0.9116211, 0.02437496, -0.3134375, 0.1409376,125.6389,5,4,True,True,177
69830,0.5702607,0.7607422,1015.863,-1,-0.3110352, 0.03808594, -0.9086914, -0.006875038, -0.2665625, 0.1096876,125.6389,5,4,True,True,177
69901,-0.4695503,-1.509361,1015.947,39.43198,-0.3100586, 0.03759766, -0.9116211, 0.05562496, -0.2821875, 0.1096876,125.6389,5,4,True,True,177
69971,0.7174534,1.904457,1015.821,-1,-0.3100586, 0.03710938, -0.909668, 0.02437496, -0.2821875, 0.1253126,125.6389,5,4,True,True,177
70040,0.444504,0.1715546,1015.885,-1,-0.3110352, 0.03662109, -0.9086914, 0.05562496, -0.2196875, 0.1721876,125.6389,5,4,True,True,177
70116,0.446663,0.448822,1015.875,39.43198,-0.3095703, 0.03710938, -0.909668, 0.02437496, -0.2978125, 0.1721876,125.6389,5,4,True,True,177
70188,1.721424,2.996185,1015.781,-1,-0.3095703, 0.03808594, -0.9101563, -0.02250004, -0.2978125, 0.1721876,125.6389,5,4,True,True,177
70371,1.223753,0.7260818,1015.865,-1,-0.3100586, 0.03710938, -0.9106445, 0.008749962, -0.3134375, 0.06281257,125.6389,5,4,True,True,177
70445,0.2384367,-0.7468796,1015.919,39.4183,-0.3105469, 0.03759766, -0.9082031, 0.02437496, -0.2978125, 0.1253126,125.6389,5,4,True,True,177
70520,0.1790023,0.1195679,1015.887,39.41374,-0.3095703, 0.0390625, -0.9106445, 0.05562496, -0.2978125, 0.1409376,125.6389,5,4,True,True,177
70596,0.8511093,1.523216,1015.835,-1,-0.309082, 0.03710938, -0.9101563, 0.008749962, -0.2665625, 0.1253126,125.6389,5,4,True,True,177
70675,1.33446,1.81781,1015.825,39.4183,-0.3105469, 0.03710938, -0.9111328, 0.02437496, -0.2665625, 0.09406257,125.6389,5,4,True,True,177
70755,1.272878,1.211296,1015.847,39.39549,-0.3110352, 0.03759766, -0.9106445, 0.02437496, -0.3446875, 0.1253126,125.6389,5,4,True,True,177
70832,1.354727,1.436577,1015.839,-1,-0.3100586, 0.03662109, -0.9111328, 0.05562496, -0.2509375, 0.1409376,125.6389,5,4,True,True,177
70910,0.7978013,0.2408752,1015.883,-1,-0.3095703, 0.03710938, -0.9086914, 0.02437496, -0.2821875, 0.1253126,125.6389,5,4,True,True,177
70991,1.065202,1.332603,1015.842,39.33162,-0.3100586, 0.03662109, -0.9106445, -0.006875038, -0.2665625, 0.1409376,125.6389,5,4,True,True,177
71071,0.6097153,0.1542282,1015.886,-1,-0.3095703, 0.03808594, -0.9116211, 0.02437496, -0.2821875, 0.1721876,125.6389,5,4,True,True,177
71151,-0.761747,-2.133209,1015.97,39.30882,-0.3100586, 0.03808594, -0.9106445, -0.006875038, -0.2353125, 0.1253126,125.6389,5,4,True,True,177
71235,-0.03515893,0.6914291,1015.866,39.31338,-0.3095703, 0.03808594, -0.9130859, 0.008749962, -0.2821875, 0.1409376,125.6389,5,4,True,True,177
71431,0.3281351,0.6914291,1015.866,-1,-0.3115234, 0.03564453, -0.9116211, 0.03999996, -0.2821875, 0.1253126,125.6389,5,4,True,True,177
71513,0.3711484,0.4141617,1015.876,-1,-0.3095703, 0.03710938, -0.909668, 0.02437496, -0.3134375, 0.1253126,125.6389,5,4,True,True,177
71596,1.53637,2.701591,1015.792,39.31794,-0.3095703, 0.03710938, -0.9082031, -0.02250004, -0.2821875, 0.1565626,125.6389,5,4,True,True,177
71726,2.144974,2.753578,1015.791,-1,-0.3095703, 0.03857422, -0.9082031, 0.02437496, -0.2978125, 0.1253126,125.6389,5,4,True,True,177
71788,0.7423669,-0.6602402,1015.916,-1,-0.3100586, 0.03710938, -0.9077148, -0.02250004, -0.2353125, 0.1096876,125.6389,5,4,True,True,177
71852,1.037485,1.332603,1015.842,-1,-0.3095703, 0.03662109, -0.9116211, 0.08687496, -0.2978125, 0.1253126,125.6389,5,4,True,True,177
71918,1.600938,2.164391,1015.812,-1,-0.3110352, 0.03710938, -0.9101563, 0.02437496, -0.3134375, 0.1096876,125.6389,5,4,True,True,177
71986,0.7389493,-0.1230392,1015.896,39.3225,-0.3095703, 0.03759766, -0.9077148, 0.08687496, -0.2509375, 0.1096876,125.6389,5,4,True,True,177
72052,0.7411826,0.7434158,1015.864,-1,-0.3105469, 0.03710938, -0.9082031, 0.008749962, -0.3134375, 0.09406257,125.6389,5,4,True,True,177
72122,0.5776721,0.4141617,1015.876,39.31338,-0.3105469, 0.03710938, -0.9106445, 0.03999996, -0.3290625, 0.1565626,125.6389,5,4,True,True,177
72192,0.6345506,0.6914291,1015.866,-1,-0.3100586, 0.03759766, -0.9077148, 0.07124996, -0.3134375, 0.1253126,125.6389,5,4,True,True,177
72263,0.3943894,0.1542282,1015.886,-1,-0.3105469, 0.03857422, -0.9091797, -0.02250004, -0.2509375, 0.1409376,125.6389,5,4,True,True,177
72441,1.253397,2.112404,1015.814,-1,-0.309082, 0.03662109, -0.909668, 0.008749962, -0.3603125, 0.1409376,125.6389,5,4,True,True,177
72512,1.111043,0.968689,1015.856,-1,-0.3100586, 0.03808594, -0.9091797, 0.02437496, -0.2509375, 0.1096876,125.6389,5,4,True,True,177
72582,0.3380417,-0.4349594,1015.908,-1,-0.3110352, 0.03613281, -0.909668, 0.03999996, -0.2040625, 0.1721876,125.6389,5,4,True,True,177
72656,0.6533653,0.968689,1015.856,39.30425,-0.3100586, 0.03710938, -0.9101563, 0.03999996, -0.3290625, 0.1253126,125.6389,5,4,True,True,177
72731,0.8110271,0.968689,1015.856,39.29969,-0.309082, 0.03710938, -0.9077148, 0.08687496, -0.2821875, 0.1096876,125.6389,5,4,True,True,177
72803,0.8898581,0.968689,1015.856,-1,-0.3095703, 0.03613281, -0.909668, 0.008749962, -0.2821875, 0.1409376,125.6389,5,4,True,True,177
72877,-0.3444081,-1.578674,1015.95,-1,-0.3105469, 0.03710938, -0.9111328, 0.02437496, -0.2353125, 0.1253126,125.6389,5,4,True,True,177
72952,1.022632,2.389671,1015.804,-1,-0.3095703, 0.03564453, -0.9082031, -0.006875038, -0.2353125, 0.1096876,125.6389,5,4,True,True,177
73026,-0.2780213,-1.578674,1015.95,-1,-0.3095703, 0.03808594, -0.9111328, 0.008749962, -0.2353125, 0.09406257,125.6389,5,4,True,True,177
73101,1.480386,3.238792,1015.772,-1,-0.3095703, 0.03662109, -0.9082031, 0.03999996, -0.2509375, 0.1721876,125.6389,5,4,True,True,177
73177,1.224537,0.968689,1015.856,-1,-0.3100586, 0.03759766, -0.909668, 0.008749962, -0.2821875, 0.1409376,125.6389,5,4,True,True,177
73257,-0.6102961,-2.445129,1015.981,39.31338,-0.3100586, 0.03759766, -0.9091797, -0.006875038, -0.3134375, 0.1409376,125.6389,5,4,True,True,177
73443,0.1791965,0.968689,1015.856,-1,-0.3095703, 0.03662109, -0.9091797, -0.006875038, -0.2196875, 0.2034376,125.6389,5,4,True,True,177
73521,0.5739427,0.968689,1015.856,-1,-0.3081055, 0.03613281, -0.9101563, 0.07124996, -0.2665625, 0.1409376,125.6389,5,4,True,True,177
73602,-0.9355934,-2.445129,1015.981,39.286,-0.3115234, 0.03759766, -0.9091797, 0.03999996, -0.2196875, 0.1096876,125.6389,5,4,True,True,177
73682,-0.7112698,-0.4869461,1015.91,39.30425,-0.3100586, 0.03808594, -0.909668, 0.008749962, -0.2978125, 0.1409376,125.6389,5,4,True,True,177
73767,0.5359438,1.783157,1015.826,39.28144,-0.3095703, 0.03759766, -0.9091797, -0.02250004, -0.2978125, 0.1409376,125.6389,5,4,True,True,177
73847,1.29818,2.060417,1015.816,-1,-0.3100586, 0.03759766, -0.9106445, 0.02437496, -0.3134375, 0.07843757,125.6389,5,4,True,True,177
73927,0.4056172,-0.4869461,1015.91,-1,-0.3110352, 0.03662109, -0.9086914, -0.03812504, -0.2978125, 0.1253126,125.6389,5,4,True,True,177
74012,0.6611598,0.9167023,1015.858,39.286,-0.3095703, 0.03662109, -0.9082031, 0.03999996, -0.3134375, 0.1721876,125.6389,5,4,True,True,177
74096,-0.216154,-1.093468,1015.931,-1,-0.3105469, 0.03808594, -0.9101563, -0.006875038, -0.2978125, 0.1253126,125.6389,5,4,True,True,177
74232,-0.3775434,-0.5389328,1015.911,39.26776,-0.3095703, 0.03662109, -0.9082031, 0.008749962, -0.2665625, 0.1565626,125.6389,5,4,True,True,177
74297,-0.8914657,-1.405388,1015.943,39.27232,-0.3105469, 0.03662109, -0.9067383, 0.02437496, -0.2665625, 0.1096876,125.6389,5,4,True,True,177
74362,-1.148427,-1.405388,1015.943,39.26319,-0.3095703, 0.03759766, -0.9077148, 0.02437496, -0.2821875, 0.1409376,125.6389,5,4,True,True,177
74547,-0.9996437,-0.8508606,1015.923,39.26319,-0.3100586, 0.03710938, -0.909668, 0.02437496, -0.3446875, 0.1096876,125.6389,5,4,True,True,177
74623,-0.5006878,-0.001731873,1015.891,-1,-0.3110352, 0.03613281, -0.9111328, 0.02437496, -0.2509375, 0.1409376,125.6389,5,4,True,True,177
74689,1.438369,3.377426,1015.768,-1,-0.3100586, 0.03564453, -0.9086914, 0.02437496, -0.2978125, 0.1253126,125.6389,5,4,True,True,177
74758,0.7009885,-0.03639221,1015.893,39.24951,-0.3115234, 0.03662109, -0.9106445, -0.006875038, -0.2665625, 0.1721876,125.6389,5,4,True,True,177
74827,0.3322981,-0.03639221,1015.893,39.24039,-0.3100586, 0.03613281, -0.9091797, 0.07124996, -0.2509375, 0.1253126,125.6389,5,4,True,True,177
74897,0.4165534,0.5008087,1015.873,39.24495,-0.309082, 0.03662109, -0.9101563, -0.006875038, -0.2821875, 0.1096876,125.6389,5,4,True,True,177
74967,-0.6763706,-1.769295,1015.957,-1,-0.3105469, 0.03613281, -0.9086914, 0.008749962, -0.2196875, 0.1409376,125.6389,5,4,True,True,177
75037,0.04218578,0.7607422,1015.863,-1,-0.3100586, 0.03710938, -0.909668, 0.05562496, -0.2978125, 0.1253126,125.6389,5,4,True,True,177
75108,0.401464,0.7607422,1015.863,-1,-0.3095703, 0.03662109, -0.9101563, 0.008749962, -0.2665625, 0.07843757,125.6389,5,4,True,True,177
75179,1.724818,3.048172,1015.78,-1,-0.3095703, 0.03710938, -0.9106445, 0.03999996, -0.2665625, 0.2034376,125.6389,5,4,True,True,177
75252,1.24278,0.7607422,1015.863,-1,-0.3110352, 0.03564453, -0.909668, 0.008749962, -0.2821875, 0.1096876,125.6389,5,4,True,True,177
75328,0.4385669,-0.3656464,1015.905,39.24039,-0.3095703, 0.03613281, -0.9101563, -0.02250004, -0.2353125, 0.1409376,125.6389,5,4,True,True,177
75512,0.8769182,1.315269,1015.843,-1,-0.3095703, 0.03808594, -0.9072266, -0.006875038, -0.2509375, 0.2034376,125.6389,5,4,True,True,177
75585,0.5242364,0.1715546,1015.885,-1,-0.3110352, 0.03759766, -0.9091797, 0.008749962, -0.2821875, 0.09406257,125.6389,5,4,True,True,177
75662,0.05330166,-0.4176331,1015.907,39.22213,-0.3081055, 0.03662109, -0.909668, -0.006875038, -0.3134375, 0.1721876,125.6389,5,4,True,True,177
75739,1.524743,2.996185,1015.781,-1,-0.3100586, 0.03662109, -0.909668, 0.05562496, -0.2353125, 0.1721876,125.6389,5,4,True,True,177
75818,0.9607894,0.3968353,1015.877,39.20845,-0.3095703, 0.03662109, -0.9077148, 0.02437496, -0.3759375, 0.1565626,125.6389,5,4,True,True,177
75898,0.8174423,0.6740952,1015.867,39.19476,-0.309082, 0.03710938, -0.9101563, 0.02437496, -0.2509375, 0.1096876,125.6389,5,4,True,True,177
75978,0.312545,-0.1923523,1015.898,39.19476,-0.309082, 0.0390625, -0.9091797, 0.03999996, -0.3134375, 0.1253126,125.6389,5,4,True,True,177
76057,-0.3731312,-1.058807,1015.93,-1,-0.3100586, 0.03710938, -0.9101563, -0.006875038, -0.3290625, 0.1253126,125.6389,5,4,True,True,177
76137,1.294201,2.961533,1015.783,39.18564,-0.3100586, 0.03857422, -0.9091797, -0.006875038, -0.3290625, 0.1253126,125.6389,5,4,True,True,177
76219,1.122782,0.9513626,1015.857,-1,-0.3115234, 0.03808594, -0.9086914, 0.08687496, -0.2978125, 0.1409376,125.6389,5,4,True,True,177
76300,0.1619539,-0.7988739,1015.92,-1,-0.3095703, 0.03564453, -0.909668, -0.05375004, -0.3759375, 0.1565626,125.6389,5,4,True,True,177
76383,1.397116,2.632278,1015.795,39.19476,-0.3095703, 0.0390625, -0.9091797, 0.03999996, -0.2509375, 0.1565626,125.6389,5,4,True,True,177
76570,0.3251183,-0.7468796,1015.919,-1,-0.3100586, 0.03662109, -0.9086914, -0.006875038, -0.2821875, 0.09406257,125.6389,5,4,True,True,177
76653,-1.068669,-2.462456,1015.982,-1,-0.3095703, 0.03564453, -0.9101563, -0.006875038, -0.2353125, 0.1096876,125.6389,5,4,True,True,177
76786,-1.748236,-2.427803,1015.98,-1,-0.3105469, 0.03759766, -0.9082031, -0.006875038, -0.3134375, 0.1721876,125.6389,5,4,True,True,177
76848,-1.672122,-1.596008,1015.95,39.19476,-0.3105469, 0.03710938, -0.9106445, 0.02437496, -0.2821875, 0.1565626,125.6389,5,4,True,True,177
76914,0.3414444,2.355011,1015.805,-1,-0.3105469, 0.03710938, -0.9077148, 0.02437496, -0.3290625, 0.1878126,125.6389,5,4,True,True,177
76979,-0.09008101,-0.5216064,1015.91,-1,-0.3095703, 0.03564453, -0.9067383, 0.008749962, -0.2353125, 0.1409376,125.6389,5,4,True,True,177
77049,0.1273838,0.3448486,1015.879,39.18108,-0.3110352, 0.03710938, -0.9077148, 0.008749962, -0.3134375, 0.1565626,125.6389,5,4,True,True,177
77114,-1.332163,-2.79171,1015.994,39.17195,-0.3085938, 0.03710938, -0.9057617, 0.05562496, -0.2978125, 0.1096876,125.6389,5,4,True,True,177
77183,-0.788251,-0.244339,1015.9,39.17651,-0.309082, 0.03857422, -0.9067383, 0.008749962, -0.2978125, 0.1409376,125.6389,5,4,True,True,177
77253,-0.3776651,0.03292084,1015.89,39.17651,-0.3095703, 0.03710938, -0.909668, 0.05562496, -0.3134375, 0.1409376,125.6389,5,4,True,True,177
77321,-0.7442296,-1.110794,1015.932,-1,-0.3105469, 0.03662109, -0.9067383, -0.02250004, -0.2978125, 0.1253126,125.6389,5,4,True,True,177
77394,-0.06106055,0.6221085,1015.869,39.16739,-0.309082, 0.03808594, -0.9077148, -0.02250004, -0.2978125, 0.1096876,125.6389,5,4,True,True,177
77569,-0.01406986,0.03292084,1015.89,-1,-0.3100586, 0.03759766, -0.9072266, -0.006875038, -0.2353125, 0.1409376,125.6389,5,4,True,True,177
77649,-0.727059,-1.440048,1015.944,-1,-0.3100586, 0.03613281, -0.9077148, 0.05562496, -0.2821875, 0.1253126,125.6389,5,4,True,True,177
77719,-0.9362567,-1.145454,1015.934,-1,-0.3100586, 0.03710938, -0.9091797, -0.02250004, -0.2665625, 0.1253126,125.6389,5,4,True,True,177
77791,-0.3390275,0.2582016,1015.882,-1,-0.3100586, 0.03564453, -0.9086914, -0.02250004, -0.2821875, 0.1409376,125.6389,5,4,True,True,177
77865,-0.20504,-0.07105255,1015.894,39.12633,-0.3095703, 0.03808594, -0.9072266, -0.02250004, -0.2509375, 0.1096876,125.6389,5,4,True,True,177
77940,0.7110786,1.627197,1015.832,-1,-0.3105469, 0.03466797, -0.909668, 0.008749962, -0.2196875, 0.07843757,125.6389,5,4,True,True,177
78015,1.732328,2.753578,1015.79,-1,-0.3115234, 0.03759766, -0.9086914, 0.02437496, -0.2821875, 0.1565626,125.6389,5,4,True,True,177
78094,1.246535,0.7607422,1015.864,39.12177,-0.3100586, 0.03564453, -0.9077148, -0.02250004, -0.3290625, 0.1409376,125.6389,5,4,True,True,177
78170,2.000057,2.753578,1015.79,-1,-0.3105469, 0.03710938, -0.9091797, -0.006875038, -0.3134375, 0.1409376,125.6389,5,4,True,True,177
78247,0.2453477,-1.509361,1015.947,-1,-0.309082, 0.03759766, -0.9072266, -0.006875038, -0.2978125, 0.1096876,125.6389,5,4,True,True,177
78325,0.3644112,0.4834747,1015.874,-1,-0.3110352, 0.03710938, -0.909668, -0.006875038, -0.2665625, 0.1409376,125.6389,5,4,True,True,177
78401,1.264401,2.164391,1015.812,-1,-0.3095703, 0.03759766, -0.9091797, 0.008749962, -0.2509375, 0.1565626,125.6389,5,4,True,True,177
78587,1.142538,1.020676,1015.854,-1,-0.3105469, 0.03613281, -0.9106445, 0.05562496, -0.2665625, 0.1565626,125.6389,5,4,True,True,177
78667,0.2238227,-0.6948929,1015.917,-1,-0.3105469, 0.03515625, -0.9086914, 0.05562496, -0.2353125, 0.1565626,125.6389,5,4,True,True,177
78747,0.5962558,0.968689,1015.856,-1,-0.3120117, 0.03662109, -0.9082031, 0.05562496, -0.2665625, 0.1253126,125.6389,5,4,True,True,177
78827,0.4878786,0.3795013,1015.878,-1,-0.3100586, 0.03662109, -0.9082031, 0.02437496, -0.2821875, 0.1253126,125.6389,5,4,True,True,177
78910,0.43369,0.3795013,1015.878,39.08071,-0.3105469, 0.03662109, -0.9086914, -0.02250004, -0.2821875, 0.1409376,125.6389,5,4,True,True,177
78994,1.255721,2.077751,1015.815,39.08527,-0.3100586, 0.03710938, -0.9082031, 0.05562496, -0.2978125, 0.1253126,125.6389,5,4,True,True,177
79076,1.372142,1.488564,1015.837,-1,-0.3105469, 0.03808594, -0.9086914, -0.006875038, -0.2509375, 0.1253126,125.6389,5,4,True,True,177
79162,0.2866341,-0.7988739,1015.921,-1,-0.3095703, 0.03613281, -0.9086914, -0.02250004, -0.2665625, 0.1565626,125.6389,5,4,True,True,177
79293,-0.2561199,-0.7988739,1015.921,-1,-0.3095703, 0.03466797, -0.9082031, 0.008749962, -0.2509375, 0.1565626,125.6389,5,4,True,True,177
79360,0.04436436,0.3448486,1015.879,39.05333,-0.3115234, 0.03662109, -0.9077148, 0.008749962, -0.2509375, 0.1409376,125.6389,5,4,True,True,177
79426,0.3245732,0.6047821,1015.869,-1,-0.3100586, 0.03710938, -0.9091797, -0.03812504, -0.1884375, 0.1409376,125.6389,5,4,True,True,177
79492,-0.6443807,-1.613335,1015.951,-1,-0.3100586, 0.03662109, -0.9086914, -0.02250004, -0.2821875, 0.1565626,125.6389,5,4,True,True,177
79671,0.5780515,1.800484,1015.825,39.08983,-0.3100586, 0.03662109, -0.9086914, -0.05375004, -0.3134375, 0.1409376,125.6389,5,4,True,True,177
79741,0.0455527,-0.4869461,1015.909,39.08983,-0.3100586, 0.03662109, -0.9091797, 0.05562496, -0.2821875, 0.09406257,125.6389,5,4,True,True,177
79810,-1.061155,-2.167862,1015.971,39.08527,-0.3100586, 0.03808594, -0.9067383, 0.05562496, -0.2978125, 0.09406257,125.6389,5,4,True,True,177
79877,0.3696645,1.800484,1015.825,-1,-0.3110352, 0.03613281, -0.9086914, 0.008749962, -0.2821875, 0.09406257,125.6389,5,4,True,True,177
79947,0.374583,0.3795013,1015.878,-1,-0.309082, 0.03808594, -0.9116211, 0.03999996, -0.2978125, 0.1409376,125.6389,5,4,True,True,177
80017,1.798025,3.221466,1015.773,-1,-0.3095703, 0.03857422, -0.9101563, 0.03999996, -0.2196875, 0.1565626,125.6389,5,4,True,True,177
80087,-0.04628879,-1.890602,1015.961,-1,-0.3105469, 0.03662109, -0.9106445, 0.03999996, -0.2665625, 0.2034376,125.6389,5,4,True,True,177
80160,0.01064619,0.06758118,1015.889,39.07159,-0.3095703, 0.03515625, -0.9121094, 0.02437496, -0.2353125, 0.1409376,125.6389,5,4,True,True,177
80231,1.884657,3.758667,1015.754,-1,-0.3100586, 0.03710938, -0.9101563, 0.02437496, -0.3603125, 0.1253126,125.6389,5,4,True,True,177
80305,0.3782681,-1.12812,1015.933,39.0579,-0.3100586, 0.03613281, -0.9082031, 0.03999996, -0.2353125, 0.1409376,125.6389,5,4,True,True,177
80380,-0.09766253,-0.5735931,1015.912,39.04877,-0.3095703, 0.03759766, -0.9077148, 0.05562496, -0.2665625, 0.1409376,125.6389,5,4,True,True,177
80456,0.3661963,0.8300552,1015.861,39.03965,-0.3095703, 0.03710938, -0.9091797, -0.02250004, -0.2509375, 0.09406257,125.6389,5,4,True,True,177
80636,0.8753933,1.38459,1015.841,-1,-0.309082, 0.03662109, -0.9091797, -0.006875038, -0.2978125, 0.1096876,125.6389,5,4,True,True,177
80721,-1.148779,-3.172951,1016.008,39.03052,-0.309082, 0.03759766, -0.9091797, 0.03999996, -0.2821875, 0.1878126,125.6389,5,4,True,True,177
80797,-0.3413152,0.4661484,1015.875,-1,-0.3085938, 0.03808594, -0.9111328, 0.07124996, -0.2665625, 0.1878126,125.6389,5,4,True,True,177
80876,-0.5094409,-0.6775665,1015.916,39.00315,-0.3105469, 0.03710938, -0.9086914, -0.02250004, -0.2665625, 0.1409376,125.6389,5,4,True,True,177
80956,-1.018064,-1.526688,1015.948,39.00771,-0.3110352, 0.03759766, -0.909668, -0.006875038, -0.3290625, 0.07843757,125.6389,5,4,True,True,177
81033,-0.1373242,0.7434158,1015.864,-1,-0.3105469, 0.03710938, -0.909668, 0.02437496, -0.3446875, 0.1721876,125.6389,5,4,True,True,177
81116,-0.5634055,-0.9894867,1015.928,39.00315,-0.3095703, 0.03759766, -0.9086914, 0.02437496, -0.2509375, 0.1409376,125.6389,5,4,True,True,177
81197,0.3586056,1.280617,1015.844,-1,-0.3100586, 0.03759766, -0.909668, 0.03999996, -0.2509375, 0.1565626,125.6389,5,4,True,True,177
81281,0.9582411,1.557877,1015.834,38.99402,-0.3100586, 0.03515625, -0.9091797, 0.02437496, -0.2665625, 0.1253126,125.6389,5,4,True,True,177
81362,-0.01562279,-0.9894867,1015.928,-1,-0.3100586, 0.03808594, -0.9101563, -0.006875038, -0.2665625, 0.1253126,125.6389,5,4,True,True,177
81447,0.6324969,1.280617,1015.844,38.99402,-0.3095703, 0.03808594, -0.9082031, 0.008749962, -0.2509375, 0.06281257,125.6389,5,4,True,True,177
81529,0.3846956,0.1368942,1015.886,-1,-0.3105469, 0.03759766, -0.9072266, 0.02437496, -0.2821875, 0.1409376,125.6389,5,4,True,True,177
81719,0.971286,1.557877,1015.834,-1,-0.3095703, 0.03662109, -0.9106445, 0.05562496, -0.2665625, 0.09406257,125.6389,5,4,True,True,177
81803,0.2594963,-0.4522934,1015.908,-1,-0.3100586, 0.03613281, -0.9101563, -0.006875038, -0.2821875, 0.1878126,125.6389,5,4,True,True,177
81952,1.04732,1.835144,1015.824,-1,-0.3105469, 0.03759766, -0.9072266, -0.02250004, -0.2040625, 0.1096876,125.6389,5,4,True,True,177
82017,1.163968,1.280617,1015.844,-1,-0.309082, 0.03759766, -0.9086914, 0.05562496, -0.2821875, 0.1253126,125.6389,5,4,True,True,177
82083,1.360923,1.557877,1015.834,-1,-0.3105469, 0.03710938, -0.9091797, 0.02437496, -0.2509375, 0.09406257,125.6389,5,4,True,True,177
82153,0.1857179,-0.9894867,1015.928,-1,-0.3115234, 0.03808594, -0.9082031, -0.02250004, -0.2509375, 0.1409376,125.6389,5,4,True,True,177
82217,-0.4018844,-0.9894867,1015.928,-1,-0.3105469, 0.03710938, -0.9116211, 0.02437496, -0.3446875, 0.1409376,125.6389,5,4,True,True,177
82286,1.721711,3.845306,1015.751,38.9849,-0.3095703, 0.03564453, -0.9082031, 0.03999996, -0.2821875, 0.1721876,125.6389,5,4,True,True,177
82354,2.055691,2.389671,1015.804,-1,-0.3095703, 0.03662109, -0.9091797, 0.07124996, -0.2978125, 0.07843757,125.6389,5,4,True,True,177
82423,0.6457388,-0.7642136,1015.92,-1,-0.309082, 0.03613281, -0.9101563, -0.03812504, -0.3134375, 0.1409376,125.6389,5,4,True,True,177
82492,1.491712,2.337685,1015.806,38.96665,-0.3100586, 0.03857422, -0.9082031, 0.008749962, -0.2509375, 0.1565626,125.6389,5,4,True,True,177
82562,1.186877,0.8820419,1015.859,38.9484,-0.3095703, 0.03662109, -0.9077148, 0.02437496, -0.2665625, 0.1096876,125.6389,5,4,True,True,177
82737,2.004888,2.822899,1015.788,-1,-0.3100586, 0.03662109, -0.9086914, 0.02437496, -0.2353125, 0.1565626,125.6389,5,4,True,True,177
82810,0.689654,-0.6255798,1015.915,-1,-0.309082, 0.03662109, -0.9106445, 0.02437496, -0.3134375, 0.1096876,125.6389,5,4,True,True,177
82883,-0.2452266,-1.180107,1015.935,38.90278,-0.3105469, 0.03613281, -0.9101563, -0.02250004, -0.2353125, 0.09406257,125.6389,5,4,True,True,177
82957,0.4050547,1.055336,1015.853,38.9119,-0.3095703, 0.03759766, -0.9077148, 0.05562496, -0.2821875, 0.1253126,125.6389,5,4,True,True,177
83033,0.5915616,0.7780685,1015.863,38.9119,-0.3100586, 0.03759766, -0.9106445, -0.006875038, -0.2821875, 0.1409376,125.6389,5,4,True,True,177
83109,1.9585,3.325439,1015.769,-1,-0.3085938, 0.03759766, -0.9091797, -0.02250004, -0.2196875, 0.07843757,125.6389,5,4,True,True,177
83188,1.801512,1.644524,1015.831,38.90278,-0.3095703, 0.03759766, -0.9077148, 0.008749962, -0.3446875, 0.1565626,125.6389,5,4,True,True,177
83267,0.9951964,0.1888809,1015.885,38.89821,-0.3095703, 0.03613281, -0.909668, 0.008749962, -0.2978125, 0.07843757,125.6389,5,4,True,True,177
83344,0.5920387,0.1888809,1015.885,-1,-0.3100586, 0.03564453, -0.9086914, 0.02437496, -0.3134375, 0.09406257,125.6389,5,4,True,True,177
83423,0.8236874,1.055336,1015.853,38.88453,-0.3095703, 0.03808594, -0.9091797, 0.08687496, -0.3134375, 0.1096876,125.6389,5,4,True,True,177
83503,-0.7673975,-2.358482,1015.978,38.89821,-0.3105469, 0.03662109, -0.9116211, 0.08687496, -0.2353125, 0.1409376,125.6389,5,4,True,True,177
83583,-0.2892583,0.1888809,1015.885,-1,-0.309082, 0.03710938, -0.909668, -0.02250004, -0.2665625, 0.1253126,125.6389,5,4,True,True,177
83770,-0.1888186,-0.08837891,1015.895,-1,-0.3105469, 0.03710938, -0.909668, 0.008749962, -0.2821875, 0.1253126,125.6389,5,4,True,True,177
83858,0.4072654,1.003349,1015.855,-1,-0.3110352, 0.03662109, -0.9086914, -0.006875038, -0.2821875, 0.1096876,125.6389,5,4,True,True,177
83943,1.138531,1.869797,1015.823,38.88453,-0.3095703, 0.03662109, -0.9086914, 0.02437496, -0.3446875, 0.07843757,125.6389,5,4,True,True,177
84024,0.4990828,-0.1403656,1015.896,-1,-0.3105469, 0.03857422, -0.9091797, 0.008749962, -0.2353125, 0.1409376,125.6389,5,4,True,True,177
84108,0.1793586,-0.1403656,1015.896,38.88909,-0.3100586, 0.03759766, -0.9082031, 0.02437496, -0.2040625, 0.1565626,125.6389,5,4,True,True,177
84193,0.2967601,0.4141617,1015.876,38.87997,-0.3095703, 0.03759766, -0.9116211, -0.05375004, -0.2353125, 0.07843757,125.6389,5,4,True,True,177
84279,0.3554609,0.4141617,1015.876,38.86628,-0.3105469, 0.03710938, -0.9091797, 0.03999996, -0.3134375, 0.1253126,125.6389,5,4,True,True,177
84414,0.6534118,0.9513626,1015.857,-1,-0.3100586, 0.03710938, -0.9111328, 0.05562496, -0.3134375, 0.1253126,125.6389,5,4,True,True,177
84483,-0.3326645,-1.318741,1015.94,38.8754,-0.3095703, 0.03710938, -0.9106445, -0.006875038, -0.2353125, 0.1721876,125.6389,5,4,True,True,177
84548,-0.2625084,-0.1923523,1015.898,-1,-0.309082, 0.03613281, -0.909668, 0.02437496, -0.2353125, 0.1096876,125.6389,5,4,True,True,177
84614,0.2144603,0.6914291,1015.866,-1,-0.3095703, 0.03808594, -0.9086914, 0.07124996, -0.2509375, 0.1253126,125.6389,5,4,True,True,177
84679,0.01105403,-0.1923523,1015.898,-1,-0.3095703, 0.03613281, -0.909668, -0.006875038, -0.2665625, 0.09406257,125.6389,5,4,True,True,177
84853,0.3512416,0.6914291,1015.866,38.8754,-0.3105469, 0.03857422, -0.9091797, -0.006875038, -0.2353125, 0.1253126,125.6389,5,4,True,True,177
84920,1.22316,2.095078,1015.815,-1,-0.3095703, 0.03613281, -0.9082031, -0.006875038, -0.2509375, 0.1253126,125.6389,5,4,True,True,177
84986,-0.4810182,-2.185196,1015.972,-1,-0.3095703, 0.03759766, -0.9111328, -0.02250004, -0.2665625, 0.1253126,125.6389,5,4,True,True,177
85054,1.214264,2.909546,1015.785,38.85715,-0.3085938, 0.03808594, -0.909668, 0.02437496, -0.2978125, 0.1409376,125.6389,5,4,True,True,177
85124,0.7882195,0.362175,1015.878,-1,-0.3110352, 0.03759766, -0.9086914, 0.008749962, -0.2353125, 0.1721876,125.6389,5,4,True,True,177
85195,0.8437977,0.8993759,1015.858,-1,-0.3095703, 0.03662109, -0.9111328, 0.008749962, -0.3446875, 0.1409376,125.6389,5,4,True,True,177
85264,0.7416201,0.6394424,1015.868,-1,-0.309082, 0.03759766, -0.9101563, 0.02437496, -0.2978125, 0.1253126,125.6389,5,4,True,True,177
85336,1.097762,1.453903,1015.838,-1,-0.3095703, 0.03710938, -0.9091797, 0.008749962, -0.2821875, 0.07843757,125.6389,5,4,True,True,177
85410,0.703975,0.3101883,1015.88,-1,-0.3095703, 0.03759766, -0.9121094, 0.008749962, -0.2353125, 0.1565626,125.6389,5,4,True,True,177
85484,0.7843452,0.8647156,1015.86,38.82521,-0.3105469, 0.03613281, -0.9106445, 0.03999996, -0.2978125, 0.1096876,125.6389,5,4,True,True,177
85559,1.942252,3.100159,1015.778,38.82065,-0.3100586, 0.03808594, -0.909668, 0.02437496, -0.2509375, 0.1409376,125.6389,5,4,True,True,177
85633,1.386154,0.8300552,1015.861,38.81153,-0.3095703, 0.03759766, -0.9111328, 0.07124996, -0.2821875, 0.07843757,125.6389,5,4,True,True,177
85814,1.922569,2.458984,1015.801,-1,-0.3105469, 0.03662109, -0.9111328, -0.02250004, -0.2665625, 0.1409376,125.6389,5,4,True,True,177
85890,0.6225013,-0.6775665,1015.917,-1,-0.3100586, 0.03759766, -0.9130859, 0.008749962, -0.2665625, 0.1565626,125.6389,5,4,True,True,177
85966,0.6742916,0.7260818,1015.865,-1,-0.3100586, 0.03710938, -0.9116211, -0.02250004, -0.2040625, 0.1409376,125.6389,5,4,True,True,177
86040,0.9687872,1.263283,1015.845,-1,-0.3100586, 0.03710938, -0.9111328, 0.02437496, -0.2978125, 0.1253126,125.6389,5,4,True,True,177
86115,1.116035,1.263283,1015.845,-1,-0.3085938, 0.03759766, -0.9111328, 0.05562496, -0.2353125, 0.07843757,125.6389,5,4,True,True,177
86195,-0.5172503,-2.150536,1015.97,38.7659,-0.3115234, 0.03857422, -0.9135742, 0.05562496, -0.3446875, 0.1096876,125.6389,5,4,True,True,177
86277,0.3470229,1.211296,1015.847,-1,-0.3081055, 0.03808594, -0.9130859, 0.008749962, -0.2196875, 0.09406257,125.6389,5,4,True,True,177
86359,0.2159652,0.08490753,1015.889,38.73853,-0.309082, 0.03710938, -0.9116211, -0.006875038, -0.2821875, 0.1409376,125.6389,5,4,True,True,177
86440,0.8522644,1.488564,1015.837,-1,-0.3076172, 0.03662109, -0.9116211, 0.07124996, -0.2509375, 0.1409376,125.6389,5,4,True,True,177
86524,1.603638,2.355011,1015.805,38.74765,-0.3100586, 0.03613281, -0.9130859, -0.006875038, -0.2509375, 0.1721876,125.6389,5,4,True,True,177
86607,0.9829063,0.362175,1015.879,-1,-0.3085938, 0.03613281, -0.9106445, 0.05562496, -0.3915625, 0.09406257,125.6389,5,4,True,True,177
86691,0.8025074,0.6221085,1015.868,-1,-0.3105469, 0.03662109, -0.9130859, 0.02437496, -0.2821875, 0.1253126,125.6389,5,4,True,True,177
86882,0.9895716,1.176636,1015.848,-1,-0.3100586, 0.03808594, -0.9101563, 0.02437496, -0.3446875, 0.1878126,125.6389,5,4,True,True,177
87012,1.221737,1.453903,1015.838,-1,-0.309082, 0.03710938, -0.9111328, -0.006875038, -0.2509375, 0.1096876,125.6389,5,4,True,True,177
87083,1.476454,1.731171,1015.828,-1,-0.3105469, 0.03808594, -0.909668, -0.02250004, -0.2665625, 0.1096876,125.6389,5,4,True,True,177
87146,1.603812,1.731171,1015.828,38.7294,-0.3110352, 0.03662109, -0.9091797, 0.03999996, -0.2353125, 0.1096876,125.6389,5,4,True,True,177
87213,2.802543,4.001274,1015.745,-1,-0.3100586, 0.03710938, -0.9077148, 0.008749962, -0.2821875, 0.1253126,125.6389,5,4,True,True,177
87280,3.401909,4.001274,1015.745,-1,-0.3100586, 0.03613281, -0.909668, 0.05562496, -0.2509375, 0.1409376,125.6389,5,4,True,True,177
87350,2.861134,2.320358,1015.806,-1,-0.3105469, 0.03662109, -0.9111328, -0.006875038, -0.2509375, 0.1096876,125.6389,5,4,True,True,177
87416,2.018885,1.176636,1015.848,-1,-0.3100586, 0.03710938, -0.9091797, -0.006875038, -0.2353125, 0.1253126,125.6389,5,4,True,True,177
87486,-0.109149,-2.237183,1015.974,38.72484,-0.3085938, 0.03759766, -0.9091797, -0.06937504, -0.2821875, 0.1878126,125.6389,5,4,True,True,177
87556,0.3951135,0.8993759,1015.858,-1,-0.3095703, 0.03662109, -0.9082031, -0.02250004, -0.2353125, 0.09406257,125.6389,5,4,True,True,177
87626,0.7858746,1.176636,1015.848,-1,-0.3100586, 0.03808594, -0.909668, -0.05375004, -0.2665625, 0.1565626,125.6389,5,4,True,True,177
87698,0.9812551,1.176636,1015.848,-1,-0.3100586, 0.03759766, -0.909668, -0.006875038, -0.3446875, 0.09406257,125.6389,5,4,True,True,177
87881,0.515755,0.05025482,1015.89,38.73853,-0.309082, 0.03759766, -0.9082031, -0.006875038, -0.2978125, 0.1096876,125.6389,5,4,True,True,177
87955,0.2830049,0.05025482,1015.89,38.73853,-0.3110352, 0.03710938, -0.909668, 0.02437496, -0.2978125, 0.1721876,125.6389,5,4,True,True,177
88027,1.596275,2.909546,1015.785,38.7294,-0.3085938, 0.03808594, -0.909668, -0.006875038, -0.2353125, 0.1565626,125.6389,5,4,True,True,177
88101,1.681049,1.765823,1015.827,38.7294,-0.3100586, 0.03662109, -0.9077148, 0.02437496, -0.3134375, 0.1096876,125.6389,5,4,True,True,177
88178,1.428843,1.176636,1015.848,-1,-0.3110352, 0.03759766, -0.9106445, 0.02437496, -0.2196875, 0.1878126,125.6389,5,4,True,True,177
88253,0.4362879,-0.5562668,1015.912,-1,-0.3100586, 0.03808594, -0.909668, 0.03999996, -0.2665625, 0.1096876,125.6389,5,4,True,True,177
88326,0.5118718,0.5874557,1015.87,-1,-0.3081055, 0.03662109, -0.9091797, -0.006875038, -0.2509375, 0.1096876,125.6389,5,4,True,True,177
88403,2.38654,4.261208,1015.735,-1,-0.3095703, 0.03710938, -0.9082031, -0.02250004, -0.2353125, 0.09406257,125.6389,5,4,True,True,177
88481,1.192404,-0.001731873,1015.892,38.71115,-0.3085938, 0.03808594, -0.9077148, 0.008749962, -0.2978125, 0.1253126,125.6389,5,4,True,True,177
88560,3.142703,5.093002,1015.705,38.71115,-0.3085938, 0.03662109, -0.9116211, 0.02437496, -0.2821875, 0.1409376,125.6389,5,4,True,True,177
88640,1.839082,0.5354614,1015.872,38.70203,-0.3095703, 0.03710938, -0.9111328, 0.05562496, -0.2665625, 0.06281257,125.6389,5,4,True,True,177
88721,0.6240814,-0.5909195,1015.914,38.69746,-0.3110352, 0.03759766, -0.9106445, -0.05375004, -0.2665625, 0.1253126,125.6389,5,4,True,True,177
88909,1.151633,1.679184,1015.83,-1,-0.3105469, 0.03662109, -0.909668, 0.008749962, -0.2040625, 0.1565626,125.6389,5,4,True,True,177
88991,1.848632,2.545631,1015.798,38.68378,-0.3095703, 0.03808594, -0.9077148, 0.1025, -0.3134375, 0.1096876,125.6389,5,4,True,True,177
89072,1.607944,1.367256,1015.842,-1,-0.3100586, 0.03613281, -0.9082031, -0.006875038, -0.1884375, 0.06281257,125.6389,5,4,True,True,177
89154,1.322977,1.03801,1015.853,-1,-0.3100586, 0.03759766, -0.9091797, 0.07124996, -0.2509375, 0.1409376,125.6389,5,4,True,True,177
89237,0.01944816,-1.284081,1015.939,-1,-0.3085938, 0.03662109, -0.9106445, -0.006875038, -0.2196875, 0.1409376,125.6389,5,4,True,True,177
89318,0.9186291,1.81781,1015.825,-1,-0.3095703, 0.03564453, -0.9121094, -0.006875038, -0.2665625, 0.1409376,125.6389,5,4,True,True,177
89402,1.914087,2.909546,1015.785,-1,-0.3105469, 0.03759766, -0.9101563, 0.02437496, -0.2509375, 0.1253126,125.6389,5,4,True,True,177
89537,1.112138,0.3101883,1015.88,38.61533,-0.3095703, 0.03808594, -0.9121094, -0.02250004, -0.2665625, 0.07843757,125.6389,5,4,True,True,177
89603,0.8671232,0.6221085,1015.869,-1,-0.3105469, 0.03759766, -0.9116211, -0.02250004, -0.2821875, 0.1409376,125.6389,5,4,True,True,177
89669,0.7446158,0.6221085,1015.869,-1,-0.3110352, 0.03808594, -0.909668, -0.02250004, -0.2978125, 0.1253126,125.6389,5,4,True,True,177
89736,2.260304,3.775993,1015.753,38.62902,-0.3095703, 0.03857422, -0.9116211, 0.03999996, -0.2353125, 0.1253126,125.6389,5,4,True,True,177
89803,1.441206,0.6221085,1015.869,-1,-0.3120117, 0.03613281, -0.9121094, 0.008749962, -0.2196875, 0.09406257,125.6389,5,4,True,True,177
89978,1.170291,0.8993759,1015.859,-1,-0.3100586, 0.03759766, -0.9101563, -0.006875038, -0.2509375, 0.1721876,125.6389,5,4,True,True,177
90047,-0.2388519,-1.647995,1015.952,38.6199,-0.3095703, 0.03613281, -0.9125977, -0.006875038, -0.2196875, 0.1409376,125.6389,5,4,True,True,177
90123,0.9021194,2.043091,1015.817,38.61077,-0.3110352, 0.03662109, -0.9111328, 0.008749962, -0.2509375, 0.1409376,125.6389,5,4,True,True,177
90192,0.9007477,0.8993759,1015.859,38.62902,-0.3095703, 0.03613281, -0.9121094, 0.02437496, -0.2978125, 0.1409376,125.6389,5,4,True,True,177
90262,0.9000618,0.8993759,1015.859,38.61077,-0.3100586, 0.03662109, -0.9116211, 0.008749962, -0.2665625, 0.09406257,125.6389,5,4,True,True,177
90332,-0.1053661,-1.110794,1015.932,38.61077,-0.3095703, 0.03857422, -0.9116211, 0.008749962, -0.3134375, 0.1565626,125.6389,5,4,True,True,177
90403,0.5356348,1.176636,1015.848,-1,-0.309082, 0.03662109, -0.9121094, 0.07124996, -0.2509375, 0.1096876,125.6389,5,4,True,True,177
90474,0.7175054,0.8993759,1015.859,-1,-0.3120117, 0.03515625, -0.9111328, 0.008749962, -0.2821875, 0.1096876,125.6389,5,4,True,True,177
90545,1.380298,2.043091,1015.817,-1,-0.3100586, 0.03808594, -0.9101563, 0.07124996, -0.2978125, 0.1409376,125.6389,5,4,True,True,177
90618,0.5679796,-0.244339,1015.9,-1,-0.309082, 0.03662109, -0.9077148, 0.03999996, -0.2665625, 0.09406257,125.6389,5,4,True,True,177
90693,2.171987,3.775993,1015.753,-1,-0.3081055, 0.03710938, -0.9125977, 0.008749962, -0.2978125, 0.1096876,125.6389,5,4,True,True,177
90768,2.402133,2.632278,1015.795,38.61533,-0.3095703, 0.03564453, -0.9106445, 0.02437496, -0.2509375, 0.2034376,125.6389,5,4,True,True,177
90950,1.217527,0.03292084,1015.89,-1,-0.3100586, 0.03662109, -0.9106445, 0.02437496, -0.2978125, 0.1253126,125.6389,5,4,True,True,177
91025,1.058451,0.8993759,1015.859,-1,-0.3100586, 0.03710938, -0.9086914, 0.008749962, -0.2665625, 0.07843757,125.6389,5,4,True,True,177
91104,2.547189,4.035927,1015.743,38.62902,-0.3095703, 0.03759766, -0.9116211, 0.03999996, -0.2665625, 0.09406257,125.6389,5,4,True,True,177
91178,2.996964,3.446739,1015.765,-1,-0.3095703, 0.03662109, -0.909668, 0.02437496, -0.2821875, 0.1096876,125.6389,5,4,True,True,177
91256,2.520027,2.043091,1015.817,-1,-0.3100586, 0.03759766, -0.9077148, 0.08687496, -0.2353125, 0.1253126,125.6389,5,4,True,True,177
91334,1.571068,0.6221085,1015.869,-1,-0.3100586, 0.03808594, -0.9101563, -0.02250004, -0.2821875, 0.07843757,125.6389,5,4,True,True,177
91414,1.235222,0.8993759,1015.859,38.6199,-0.3095703, 0.03662109, -0.9077148, 0.08687496, -0.2196875, 0.1253126,125.6389,5,4,True,True,177
91493,0.7727051,0.3101883,1015.88,-1,-0.3095703, 0.03613281, -0.9121094, 0.02437496, -0.2665625, 0.1096876,125.6389,5,4,True,True,177
91573,1.676498,2.580292,1015.797,-1,-0.3081055, 0.03857422, -0.909668, -0.006875038, -0.2978125, 0.1721876,125.6389,5,4,True,True,177
91655,1.565201,1.453903,1015.838,-1,-0.3095703, 0.03515625, -0.9106445, -0.006875038, -0.2040625, 0.1409376,125.6389,5,4,True,True,177
91734,2.055416,2.545631,1015.798,-1,-0.309082, 0.03662109, -0.9106445, 0.02437496, -0.2509375, 0.1409376,125.6389,5,4,True,True,177
91819,1.451403,0.8473892,1015.86,38.59252,-0.3100586, 0.03613281, -0.9082031, 0.008749962, -0.3134375, 0.1409376,125.6389,5,4,True,True,177
92014,0.993432,0.5354614,1015.872,38.59252,-0.3095703, 0.03710938, -0.9091797, 0.03999996, -0.2509375, 0.1878126,125.6389,5,4,True,True,177
92146,1.197674,1.401917,1015.84,-1,-0.3100586, 0.03564453, -0.909668, -0.02250004, -0.2665625, 0.1253126,125.6389,5,4,True,True,177
92210,1.299795,1.401917,1015.84,-1,-0.3105469, 0.03662109, -0.9101563, 0.02437496, -0.2509375, 0.1409376,125.6389,5,4,True,True,177
92275,1.619456,1.939117,1015.82,-1,-0.3095703, 0.03759766, -0.9101563, 0.02437496, -0.2353125, 0.1096876,125.6389,5,4,True,True,177
92337,1.779287,1.939117,1015.82,-1,-0.3110352, 0.03662109, -0.909668, -0.02250004, -0.2040625, 0.1565626,125.6389,5,4,True,True,177
92401,0.4295566,-0.9201736,1015.925,-1,-0.3105469, 0.03808594, -0.9072266, 0.05562496, -0.3290625, 0.1253126,125.6389,5,4,True,True,177
92465,-0.8171659,-2.063889,1015.967,-1,-0.3100586, 0.03710938, -0.9106445, 0.008749962, -0.2821875, 0.1253126,125.6389,5,4,True,True,177
92529,0.8382394,2.493645,1015.8,-1,-0.309082, 0.03613281, -0.9086914, 0.05562496, -0.2353125, 0.1096876,125.6389,5,4,True,True,177
92595,1.371348,1.904457,1015.822,-1,-0.3095703, 0.03759766, -0.9101563, -0.02250004, -0.2353125, 0.07843757,125.6389,5,4,True,True,177
92664,0.6328177,-0.1057129,1015.895,38.56514,-0.3100586, 0.03759766, -0.9101563, -0.03812504, -0.2353125, 0.1096876,125.6389,5,4,True,True,177
92734,1.831832,3.030846,1015.78,38.55602,-0.3115234, 0.03808594, -0.9111328, 0.008749962, -0.2196875, 0.1565626,125.6389,5,4,True,True,177
92805,1.001693,0.1715546,1015.885,-1,-0.3095703, 0.03710938, -0.9116211, -0.02250004, -0.2509375, 0.07843757,125.6389,5,4,True,True,177
92985,1.721676,2.441658,1015.802,-1,-0.3100586, 0.03710938, -0.9116211, 0.008749962, -0.3134375, 0.1409376,125.6389,5,4,True,True,177
93060,1.353849,0.9860229,1015.855,38.53777,-0.3105469, 0.03662109, -0.9111328, -0.006875038, -0.3290625, 0.1409376,125.6389,5,4,True,True,177
93131,1.013972,0.6740952,1015.867,-1,-0.3085938, 0.03808594, -0.9082031, 0.02437496, -0.2509375, 0.07843757,125.6389,5,4,True,True,177
93210,1.121301,1.22863,1015.847,-1,-0.309082, 0.03759766, -0.9101563, -0.006875038, -0.3134375, 0.1721876,125.6389,5,4,True,True,177
93286,0.8717049,0.6221085,1015.869,38.50583,-0.3085938, 0.03759766, -0.9111328, 0.03999996, -0.1728125, 0.1096876,125.6389,5,4,True,True,177
93361,1.02417,1.176636,1015.848,-1,-0.309082, 0.03759766, -0.9116211, 0.02437496, -0.2509375, 0.1409376,125.6389,5,4,True,True,177
93438,1.369004,1.713837,1015.828,-1,-0.3095703, 0.03710938, -0.9116211, -0.02250004, -0.2821875, 0.09406257,125.6389,5,4,True,True,177
93516,1.27282,1.176636,1015.848,38.4967,-0.3095703, 0.03662109, -0.9125977, -0.006875038, -0.3134375, 0.1096876,125.6389,5,4,True,True,177
93593,2.065186,2.857552,1015.787,-1,-0.3100586, 0.03759766, -0.9121094, 0.008749962, -0.2821875, 0.09406257,125.6389,5,4,True,True,177
93673,0.8930931,-0.2789993,1015.902,-1,-0.3105469, 0.03710938, -0.9135742, 0.02437496, -0.3134375, 0.06281257,125.6389,5,4,True,True,177
93751,1.303465,1.713837,1015.828,38.48758,-0.3085938, 0.03759766, -0.9125977, 0.03999996, -0.3290625, 0.1409376,125.6389,5,4,True,True,177
93831,0.9454603,0.5874557,1015.87,38.49214,-0.3081055, 0.03564453, -0.9101563, 0.05562496, -0.2509375, 0.1253126,125.6389,5,4,True,True,177
94018,1.199682,1.453903,1015.838,-1,-0.3095703, 0.03662109, -0.9111328, 0.07124996, -0.2821875, 0.07843757,125.6389,5,4,True,True,177
94097,0.754935,0.3101883,1015.88,-1,-0.3100586, 0.03759766, -0.9116211, -0.006875038, -0.2353125, 0.1409376,125.6389,5,4,True,True,177
94176,0.4025949,0.05025482,1015.89,-1,-0.3095703, 0.03710938, -0.9116211, 0.05562496, -0.2821875, 0.07843757,125.6389,5,4,True,True,177
94258,1.630073,2.857552,1015.787,-1,-0.309082, 0.03613281, -0.9091797, 0.03999996, -0.3446875, 0.1409376,125.6389,5,4,True,True,177
94341,1.671955,1.713837,1015.828,38.49214,-0.3100586, 0.03613281, -0.9091797, 0.02437496, -0.2353125, 0.06281257,125.6389,5,4,True,True,177
94427,1.692896,1.713837,1015.828,38.49214,-0.3095703, 0.03662109, -0.9086914, 0.02437496, -0.2509375, 0.1096876,125.6389,5,4,True,True,177
94509,1.140176,0.5874557,1015.87,-1,-0.3095703, 0.03662109, -0.9101563, -0.006875038, -0.2665625, 0.1721876,125.6389,5,4,True,True,177
94643,2.137497,3.134819,1015.777,-1,-0.3100586, 0.03613281, -0.9091797, 0.02437496, -0.2509375, 0.1096876,125.6389,5,4,True,True,177
94707,1.925667,1.713837,1015.828,38.48301,-0.3085938, 0.03662109, -0.9101563, 0.02437496, -0.2040625, 0.07843757,125.6389,5,4,True,True,177
94774,1.958386,1.991104,1015.818,-1,-0.3110352, 0.03808594, -0.9106445, 0.02437496, -0.2040625, 0.1721876,125.6389,5,4,True,True,177
94841,1.541517,1.124649,1015.85,38.49214,-0.3081055, 0.03710938, -0.9086914, 0.008749962, -0.2509375, 0.07843757,125.6389,5,4,True,True,177
94907,1.904944,2.268372,1015.808,-1,-0.3100586, 0.03662109, -0.9101563, 0.03999996, -0.2509375, 0.1409376,125.6389,5,4,True,True,177
95083,2.086658,2.268372,1015.808,38.48758,-0.3105469, 0.03759766, -0.9086914, -0.006875038, -0.2196875, 0.1409376,125.6389,5,4,True,True,177
95152,1.882921,1.679184,1015.83,38.47845,-0.3095703, 0.03857422, -0.9091797, 0.008749962, -0.2978125, 0.06281257,125.6389,5,4,True,True,177
95218,0.9405946,-0.001731873,1015.892,-1,-0.3110352, 0.03613281, -0.909668, 0.08687496, -0.2821875, 0.1096876,125.6389,5,4,True,True,177
95287,1.015296,1.089996,1015.852,38.47389,-0.3100586, 0.03808594, -0.9106445, 0.02437496, -0.2509375, 0.1565626,125.6389,5,4,True,True,177
95357,0.7753785,0.5354614,1015.872,38.46476,-0.3105469, 0.03759766, -0.9116211, -0.02250004, -0.2509375, 0.1565626,125.6389,5,4,True,True,177
95427,0.7940536,0.8127289,1015.862,-1,-0.3095703, 0.03710938, -0.9111328, 0.05562496, -0.2509375, 0.1096876,125.6389,5,4,True,True,177
95500,1.236619,1.679184,1015.83,-1,-0.3095703, 0.03759766, -0.9082031, 0.05562496, -0.3134375, 0.1409376,125.6389,5,4,True,True,177
95573,0.3228496,-0.5909195,1015.913,38.46933,-0.3076172, 0.03564453, -0.9082031, 0.02437496, -0.2821875, 0.07843757,125.6389,5,4,True,True,177
95647,0.4291555,0.5354614,1015.872,38.46933,-0.3100586, 0.03613281, -0.9082031, 0.05562496, -0.2353125, 0.09406257,125.6389,5,4,True,True,177
95720,0.4823085,0.5354614,1015.872,-1,-0.3110352, 0.03662109, -0.9057617, -0.006875038, -0.2665625, 0.1409376,125.6389,5,4,True,True,177
95793,0.508885,0.5354614,1015.872,-1,-0.309082, 0.03710938, -0.9101563, -0.05375004, -0.2665625, 0.07843757,125.6389,5,4,True,True,177
95870,0.3835433,0.2582016,1015.882,-1,-0.3095703, 0.03710938, -0.9067383, -0.006875038, -0.2821875, 0.1096876,125.6389,5,4,True,True,177
96055,1.325957,2.268372,1015.808,-1,-0.3100586, 0.03808594, -0.9086914, 0.05562496, -0.2821875, 0.1096876,125.6389,5,4,True,True,177
96133,2.074428,2.822899,1015.788,38.46933,-0.3095703, 0.03710938, -0.9067383, 0.02437496, -0.2509375, 0.1253126,125.6389,5,4,True,True,177
96210,2.31003,2.545631,1015.798,-1,-0.3095703, 0.03759766, -0.9091797, 0.05562496, -0.2196875, 0.1253126,125.6389,5,4,True,True,177
96294,2.289201,2.268372,1015.808,-1,-0.3115234, 0.03759766, -0.9082031, -0.006875038, -0.2509375, 0.1565626,125.6389,5,4,True,True,177
96373,1.412331,0.5354614,1015.872,-1,-0.3095703, 0.03759766, -0.9077148, 0.03999996, -0.2978125, 0.1253126,125.6389,5,4,True,True,177
96454,0.9738962,0.5354614,1015.872,38.46476,-0.3095703, 0.03613281, -0.9091797, 0.02437496, -0.2978125, 0.1409376,125.6389,5,4,True,True,177
96534,1.46517,1.956444,1015.82,-1,-0.3095703, 0.03759766, -0.909668, 0.08687496, -0.1259375, 0.1096876,125.6389,5,4,True,True,177
96614,1.277583,1.089996,1015.852,-1,-0.3095703, 0.03662109, -0.9091797, -0.006875038, -0.2509375, 0.1565626,125.6389,5,4,True,True,177
96694,2.318841,3.3601,1015.768,38.46933,-0.3085938, 0.03710938, -0.9091797, 0.08687496, -0.2353125, 0.07843757,125.6389,5,4,True,True,177
96773,1.704419,1.089996,1015.852,-1,-0.3095703, 0.03662109, -0.9086914, 0.05562496, -0.2665625, 0.1409376,125.6389,5,4,True,True,177
96858,1.665808,1.627197,1015.832,38.46476,-0.3095703, 0.03710938, -0.9111328, -0.05375004, -0.2978125, 0.1096876,125.6389,5,4,True,True,177
96959,1.646503,1.627197,1015.832,-1,-0.3100586, 0.03710938, -0.9121094, 0.008749962, -0.2353125, 0.1253126,125.6389,5,4,True,True,177
97149,1.342256,1.03801,1015.853,38.44651,-0.3085938, 0.03808594, -0.9101563, 0.03999996, -0.2196875, 0.1253126,125.6389,5,4,True,True,177
97280,0.6182716,-0.1057129,1015.895,-1,-0.3095703, 0.03759766, -0.9111328, 0.05562496, -0.2509375, 0.09406257,125.6389,5,4,True,True,177
97344,0.9667706,1.315269,1015.843,38.44195,-0.3095703, 0.03710938, -0.9086914, 0.05562496, -0.2821875, 0.1409376,125.6389,5,4,True,True,177
97409,0.4305288,-0.1057129,1015.895,-1,-0.3095703, 0.03613281, -0.9077148, 0.05562496, -0.2353125, 0.1096876,125.6389,5,4,True,True,177
97474,0.7342692,1.03801,1015.853,38.44195,-0.3100586, 0.03759766, -0.9091797, -0.02250004, -0.2978125, 0.1409376,125.6389,5,4,True,True,177
97540,0.4529119,0.1715546,1015.885,-1,-0.3100586, 0.03710938, -0.9077148, 0.008749962, -0.2509375, 0.1253126,125.6389,5,4,True,True,177
97606,1.585919,2.718925,1015.792,-1,-0.3115234, 0.03662109, -0.9082031, 0.02437496, -0.2821875, 0.06281257,125.6389,5,4,True,True,177
97674,2.152422,2.718925,1015.792,38.43739,-0.3095703, 0.03662109, -0.909668, 0.02437496, -0.2353125, 0.1253126,125.6389,5,4,True,True,177
97744,1.733846,1.315269,1015.843,-1,-0.3095703, 0.03710938, -0.909668, 0.08687496, -0.2509375, 0.1409376,125.6389,5,4,True,True,177
97817,1.931792,2.129738,1015.813,-1,-0.3085938, 0.03857422, -0.9111328, 0.05562496, -0.2040625, 0.1253126,125.6389,5,4,True,True,177
97890,2.437995,2.944199,1015.783,38.41914,-0.3105469, 0.03759766, -0.9091797, -0.006875038, -0.2665625, 0.1096876,125.6389,5,4,True,True,177
97959,2.257873,2.077751,1015.815,38.40545,-0.3085938, 0.03710938, -0.9077148, 0.02437496, -0.3134375, 0.1253126,125.6389,5,4,True,True,177
98139,2.583709,2.909546,1015.785,38.39632,-0.3105469, 0.03808594, -0.9116211, 0.02437496, -0.2821875, 0.09406257,125.6389,5,4,True,True,177
98211,2.590664,2.597618,1015.797,-1,-0.3105469, 0.03662109, -0.9106445, -0.02250004, -0.2509375, 0.1409376,125.6389,5,4,True,True,177
98282,1.181826,-0.2270126,1015.9,-1,-0.3095703, 0.03710938, -0.9106445, 0.02437496, -0.2353125, 0.1096876,125.6389,5,4,True,True,177
98357,1.040601,0.8993759,1015.858,-1,-0.3100586, 0.03613281, -0.9082031, -0.02250004, -0.3290625, 0.1253126,125.6389,5,4,True,True,177
98430,1.385886,1.731171,1015.828,-1,-0.309082, 0.03662109, -0.9116211, 0.05562496, -0.2353125, 0.1409376,125.6389,5,4,True,True,177
98505,1.991752,2.597618,1015.797,-1,-0.3100586, 0.03759766, -0.9106445, 0.008749962, -0.3134375, 0.1878126,125.6389,5,4,True,True,177
98580,1.428234,0.8647156,1015.86,-1,-0.3100586, 0.03759766, -0.9116211, 0.05562496, -0.2509375, 0.1253126,125.6389,5,4,True,True,177
98656,2.125566,2.822899,1015.788,38.35526,-0.3081055, 0.03759766, -0.909668, 0.03999996, -0.2821875, 0.1409376,125.6389,5,4,True,True,177
98730,2.881463,3.63736,1015.758,-1,-0.3085938, 0.03759766, -0.9077148, 0.008749962, -0.2821875, 0.1409376,125.6389,5,4,True,True,177
98810,0.6860509,-1.509361,1015.947,38.337,-0.3095703, 0.03613281, -0.9106445, 0.02437496, -0.2821875, 0.07843757,125.6389,5,4,True,True,177
98890,0.7060664,0.7260818,1015.865,38.31419,-0.3085938, 0.03613281, -0.909668, 0.02437496, -0.2353125, 0.1253126,125.6389,5,4,True,True,177
98971,1.261938,1.81781,1015.825,38.3005,-0.3095703, 0.03759766, -0.909668, -0.006875038, -0.2353125, 0.1253126,125.6389,5,4,True,True,177
99160,0.6301032,-0.001731873,1015.891,-1,-0.3085938, 0.03710938, -0.9091797, 0.05562496, -0.2978125, 0.07843757,125.6389,5,4,True,True,177
99241,-0.1363721,-0.9028473,1015.925,-1,-0.309082, 0.03662109, -0.9116211, 0.05562496, -0.2978125, 0.1409376,125.6389,5,4,True,True,177
99322,1.29994,2.736252,1015.791,-1,-0.3100586, 0.03857422, -0.9116211, -0.03812504, -0.2821875, 0.07843757,125.6389,5,4,True,True,177
99403,0.3198498,-0.6602402,1015.916,-1,-0.3095703, 0.03662109, -0.909668, 0.008749962, -0.2978125, 0.1096876,125.6389,5,4,True,True,177
99496,1.528051,2.736252,1015.791,38.20924,-0.309082, 0.03759766, -0.9106445, 0.05562496, -0.3290625, 0.1409376,125.6389,5,4,True,True,177
99581,1.568957,1.609863,1015.833,-1,-0.3095703, 0.03710938, -0.9091797, 0.008749962, -0.1728125, 0.1096876,125.6389,5,4,True,True,177
99666,0.1770948,-1.214767,1015.936,38.21836,-0.309082, 0.03710938, -0.9111328, 0.02437496, -0.1728125, 0.1253126,125.6389,5,4,True,True,177
99801,0.347615,0.5181351,1015.873,38.23661,-0.3095703, 0.03759766, -0.909668, -0.03812504, -0.2353125, 0.1565626,125.6389,5,4,True,True,177
99866,0.9960693,1.644524,1015.831,38.23205,-0.3085938, 0.03613281, -0.9101563, 0.008749962, -0.2821875, 0.1409376,125.6389,5,4,True,True,177
99931,-0.2219894,-1.440048,1015.945,38.22749,-0.3095703, 0.03710938, -0.9091797, -0.03812504, -0.2821875, 0.1253126,125.6389,5,4,True,True,177
99997,0.5726334,1.367256,1015.841,-1,-0.3100586, 0.03613281, -0.9111328, 0.02437496, -0.1728125, 0.1409376,125.6389,5,4,True,True,177
100063,1.706429,2.840225,1015.787,-1,-0.3095703, 0.03662109, -0.9116211, 0.02437496, -0.2665625, 0.1096876,125.6389,5,4,True,True,177
100241,1.4502,1.19397,1015.848,38.27312,-0.3095703, 0.03662109, -0.9111328, 0.02437496, -0.2821875, 0.1253126,125.6389,5,4,True,True,177
100308,2.569773,3.689346,1015.756,-1,-0.3095703, 0.03662109, -0.9072266, 0.05562496, -0.2040625, 0.07843757,125.6389,5,4,True,True,177
100378,2.150472,1.731171,1015.828,-1,-0.309082, 0.03564453, -0.9111328, 0.05562496, -0.3134375, 0.1565626,125.6389,5,4,True,True,177
100447,1.07437,-0.001731873,1015.891,-1,-0.309082, 0.03710938, -0.9111328, 0.03999996, -0.2196875, 0.07843757,125.6389,5,4,True,True,177
100517,0.1290848,-0.8162003,1015.921,-1,-0.309082, 0.03710938, -0.909668, 0.05562496, -0.2821875, 0.1096876,125.6389,5,4,True,True,177
100588,1.935209,3.741333,1015.754,-1,-0.3110352, 0.03759766, -0.9106445, 0.008749962, -0.2509375, 0.1253126,125.6389,5,4,True,True,177
100657,1.261332,0.5874557,1015.87,-1,-0.3100586, 0.03759766, -0.9091797, 0.08687496, -0.2509375, 0.1253126,125.6389,5,4,True,True,177
100729,1.773515,2.285698,1015.808,-1,-0.3081055, 0.03662109, -0.9121094, 0.07124996, -0.2509375, 0.1096876,125.6389,5,4,True,True,177
100802,2.887395,4.001274,1015.745,-1,-0.3105469, 0.03710938, -0.9091797, 0.02437496, -0.2196875, 0.07843757,125.6389,5,4,True,True,177
100877,1.737425,0.5874557,1015.87,-1,-0.3105469, 0.03564453, -0.9091797, 0.02437496, -0.2509375, 0.1565626,125.6389,5,4,True,True,177
100953,1.439704,1.141983,1015.85,38.26399,-0.3105469, 0.03759766, -0.9116211, 0.03999996, -0.2821875, 0.1253126,125.6389,5,4,True,True,177
101027,2.720489,4.001274,1015.745,-1,-0.3095703, 0.03662109, -0.9077148, -0.006875038, -0.1884375, 0.1096876,125.6389,5,4,True,True,177
101212,1.818596,0.9167023,1015.858,38.27768,-0.3100586, 0.03710938, -0.9101563, 0.008749962, -0.2978125, 0.1096876,125.6389,5,4,True,True,177
101288,1.506283,1.19397,1015.848,-1,-0.309082, 0.03662109, -0.9086914, 0.05562496, -0.1884375, 0.1409376,125.6389,5,4,True,True,177
101365,1.211493,0.9167023,1015.858,-1,-0.3085938, 0.03662109, -0.9101563, 0.03999996, -0.1728125, 0.1409376,125.6389,5,4,True,True,177
101443,0.9254675,0.6394424,1015.868,-1,-0.3105469, 0.03759766, -0.909668, -0.006875038, -0.2509375, 0.1409376,125.6389,5,4,True,True,177
101519,2.056137,3.186806,1015.774,-1,-0.3100586, 0.03759766, -0.9106445, 0.03999996, -0.2821875, 0.09406257,125.6389,5,4,True,True,177
101598,1.625053,1.19397,1015.848,-1,-0.3105469, 0.03564453, -0.9121094, 0.05562496, -0.2821875, 0.1253126,125.6389,5,4,True,True,177
101679,0.2657927,-1.093468,1015.931,-1,-0.3081055, 0.03662109, -0.9091797, 0.03999996, -0.1884375, 0.1565626,125.6389,5,4,True,True,177
101763,-0.2752038,-0.8162003,1015.921,38.26399,-0.309082, 0.03808594, -0.9111328, 0.05562496, -0.2353125, 0.1096876,125.6389,5,4,True,True,177
101843,0.7279835,1.731171,1015.828,38.26399,-0.3105469, 0.03808594, -0.9082031, 0.05562496, -0.2509375, 0.1409376,125.6389,5,4,True,True,177
101925,-1.049193,-2.82637,1015.995,-1,-0.3100586, 0.03564453, -0.9111328, -0.02250004, -0.2665625, 0.1096876,125.6389,5,4,True,True,177
102010,0.1850247,1.419243,1015.84,-1,-0.3105469, 0.03662109, -0.9091797, 0.07124996, -0.2665625, 0.06281257,125.6389,5,4,True,True,177
102092,0.3689101,0.5527954,1015.871,38.2503,-0.309082, 0.03662109, -0.909668, 0.05562496, -0.2040625, 0.1096876,125.6389,5,4,True,True,177
102280,0.4608527,0.5527954,1015.871,-1,-0.3105469, 0.03662109, -0.9101563, 0.03999996, -0.2665625, 0.1565626,125.6389,5,4,True,True,177
102416,0.7840877,1.107323,1015.851,-1,-0.3081055, 0.03662109, -0.9111328, 0.02437496, -0.2509375, 0.1565626,125.6389,5,4,True,True,177
102475,0.8070715,0.8300552,1015.861,-1,-0.3095703, 0.03710938, -0.9111328, -0.05375004, -0.2665625, 0.1409376,125.6389,5,4,True,True,177
102538,0.6626033,0.5181351,1015.873,38.22749,-0.3100586, 0.03662109, -0.9077148, 0.07124996, -0.2509375, 0.09406257,125.6389,5,4,True,True,177
102611,-0.120122,-0.9028473,1015.925,-1,-0.309082, 0.03759766, -0.9106445, 0.02437496, -0.2821875, 0.06281257,125.6389,5,4,True,True,177
102676,0.1730132,0.4661484,1015.874,-1,-0.3100586, 0.03613281, -0.9130859, 0.03999996, -0.2040625, 0.07843757,125.6389,5,4,True,True,177
102745,0.3195808,0.4661484,1015.874,-1,-0.3095703, 0.03662109, -0.9150391, 0.02437496, -0.2196875, 0.1096876,125.6389,5,4,True,True,177
102816,0.9387287,1.557877,1015.834,-1,-0.3095703, 0.03808594, -0.9130859, 0.02437496, -0.2040625, 0.1409376,125.6389,5,4,True,True,177
102884,1.525566,2.112404,1015.814,38.18642,-0.309082, 0.03955078, -0.9116211, 0.02437496, -0.2509375, 0.1253126,125.6389,5,4,True,True,177
102953,1.818985,2.112404,1015.814,-1,-0.309082, 0.03710938, -0.9145508, 0.02437496, -0.3290625, 0.1409376,125.6389,5,4,True,True,177
103026,2.216969,2.614952,1015.796,-1,-0.3100586, 0.03808594, -0.9116211, -0.006875038, -0.2821875, 0.1721876,125.6389,5,4,True,True,177
103095,0.1371899,-1.942589,1015.963,-1,-0.3095703, 0.03662109, -0.9116211, -0.006875038, -0.2821875, 0.1565626,125.6389,5,4,True,True,177
103275,1.514701,2.892212,1015.786,38.14991,-0.3100586, 0.03662109, -0.9121094, 0.07124996, -0.2040625, 0.07843757,125.6389,5,4,True,True,177
103344,1.770233,2.025764,1015.817,38.14535,-0.3105469, 0.03759766, -0.9116211, 0.02437496, -0.2509375, 0.1565626,125.6389,5,4,True,True,177
103416,1.897999,2.025764,1015.817,-1,-0.3100586, 0.03857422, -0.9116211, 0.02437496, -0.3134375, 0.1253126,125.6389,5,4,True,True,177
103491,1.39002,0.8820419,1015.859,-1,-0.3095703, 0.03808594, -0.9116211, 0.02437496, -0.2665625, 0.1096876,125.6389,5,4,True,True,177
103565,0.5468473,-0.2963257,1015.903,-1,-0.3105469, 0.03662109, -0.9111328, 0.03999996, -0.2509375, 0.1409376,125.6389,5,4,True,True,177
103640,1.104349,1.66185,1015.831,-1,-0.3100586, 0.03564453, -0.9130859, -0.02250004, -0.2509375, 0.1565626,125.6389,5,4,True,True,177
103715,1.660367,2.216385,1015.81,-1,-0.3100586, 0.03613281, -0.9106445, 0.07124996, -0.2821875, 0.1409376,125.6389,5,4,True,True,177
103792,2.778834,3.897301,1015.749,-1,-0.3095703, 0.03710938, -0.9121094, -0.02250004, -0.2353125, 0.1721876,125.6389,5,4,True,True,177
103871,2.766206,2.753578,1015.79,-1,-0.3110352, 0.03564453, -0.909668, 0.02437496, -0.1884375, 0.1253126,125.6389,5,4,True,True,177
103950,2.352662,1.939117,1015.821,-1,-0.3085938, 0.03808594, -0.9086914, -0.02250004, -0.2665625, 0.1253126,125.6389,5,4,True,True,177
104030,2.007256,1.66185,1015.831,38.11341,-0.3095703, 0.03613281, -0.9101563, 0.02437496, -0.2821875, 0.1253126,125.6389,5,4,True,True,177
104111,1.557289,1.107323,1015.851,38.1271,-0.3095703, 0.03564453, -0.9091797, 0.05562496, -0.2821875, 0.1253126,125.6389,5,4,True,True,177
104297,1.332306,1.107323,1015.851,-1,-0.3129883, 0.03515625, -0.9121094, 0.02437496, -0.2821875, 0.1721876,125.6389,5,4,True,True,177
104380,1.774345,2.216385,1015.81,38.10884,-0.309082, 0.03613281, -0.909668, 0.03999996, -0.2665625, 0.1409376,125.6389,5,4,True,True,177
104461,1.579468,1.38459,1015.841,38.10428,-0.3100586, 0.03710938, -0.9091797, 0.02437496, -0.2353125, 0.1409376,125.6389,5,4,True,True,177
104543,0.8928413,0.2062149,1015.884,-1,-0.3085938, 0.03662109, -0.9106445, -0.006875038, -0.2665625, 0.1409376,125.6389,5,4,True,True,177
104626,2.819632,4.746422,1015.717,-1,-0.3095703, 0.03710938, -0.9121094, 0.008749962, -0.2353125, 0.1253126,125.6389,5,4,True,True,177
104711,2.379375,1.939117,1015.821,-1,-0.3105469, 0.03662109, -0.909668, 0.07124996, -0.2509375, 0.1409376,125.6389,5,4,True,True,177
104796,3.017034,3.654694,1015.757,38.11341,-0.3105469, 0.03759766, -0.9116211, -0.006875038, -0.2353125, 0.1096876,125.6389,5,4,True,True,177
104930,2.616709,2.216385,1015.81,38.11797,-0.3105469, 0.03710938, -0.9086914, 0.03999996, -0.2353125, 0.1878126,125.6389,5,4,True,True,177
104997,2.572507,2.528305,1015.799,38.11341,-0.3081055, 0.03710938, -0.9091797, 0.02437496, -0.2353125, 0.1409376,125.6389,5,4,True,True,177
105066,0.9734638,-0.6255798,1015.914,-1,-0.3100586, 0.03710938, -0.9111328, 0.02437496, -0.2665625, 0.1253126,125.6389,5,4,True,True,177
105132,2.729972,4.486481,1015.727,-1,-0.3100586, 0.03613281, -0.909668, 0.05562496, -0.2821875, 0.1409376,125.6389,5,4,True,True,177
105201,1.468094,0.2062149,1015.884,-1,-0.3100586, 0.03808594, -0.9082031, -0.006875038, -0.1884375, 0.1721876,125.6389,5,4,True,True,177
105373,0.2912902,-0.8855133,1015.924,-1,-0.3095703, 0.03759766, -0.9101563, 0.02437496, -0.2040625, 0.1721876,125.6389,5,4,True,True,177
105442,0.97657,1.66185,1015.831,-1,-0.309082, 0.03515625, -0.9072266, -0.03812504, -0.2196875, 0.1409376,125.6389,5,4,True,True,177
105512,1.18058,1.38459,1015.841,38.11797,-0.309082, 0.03662109, -0.9086914, 0.02437496, -0.3290625, 0.1409376,125.6389,5,4,True,True,177
105581,0.9879913,0.7954025,1015.862,-1,-0.3095703, 0.03613281, -0.9101563, 0.02437496, -0.2196875, 0.07843757,125.6389,5,4,True,True,177
105649,1.186291,1.38459,1015.841,-1,-0.3105469, 0.03759766, -0.9072266, 0.05562496, -0.3134375, 0.1253126,125.6389,5,4,True,True,177
105726,2.420492,3.654694,1015.757,-1,-0.309082, 0.03662109, -0.9072266, 0.02437496, -0.2353125, 0.09406257,125.6389,5,4,True,True,177
105798,2.448405,2.476318,1015.8,-1,-0.3095703, 0.03759766, -0.9101563, 0.02437496, -0.2509375, 0.09406257,125.6389,5,4,True,True,177
105868,1.32731,0.2062149,1015.884,-1,-0.3115234, 0.03710938, -0.9086914, 0.008749962, -0.2353125, 0.07843757,125.6389,5,4,True,True,177
105942,0.7667625,0.2062149,1015.884,38.09972,-0.3095703, 0.03564453, -0.9086914, 0.02437496, -0.2353125, 0.07843757,125.6389,5,4,True,True,177
106017,2.332032,3.897301,1015.749,38.09515,-0.3105469, 0.03759766, -0.9077148, -0.02250004, -0.2665625, 0.1096876,125.6389,5,4,True,True,177
106089,1.546387,0.7607422,1015.864,-1,-0.309082, 0.03808594, -0.9101563, -0.006875038, -0.2353125, 0.06281257,125.6389,5,4,True,True,177
106163,2.288616,3.030846,1015.781,-1,-0.3095703, 0.03759766, -0.9091797, -0.05375004, -0.2040625, 0.07843757,125.6389,5,4,True,True,177
106348,0.9528217,-0.3829727,1015.906,-1,-0.3095703, 0.03515625, -0.9091797, -0.006875038, -0.2509375, 0.1409376,125.6389,5,4,True,True,177
106427,1.125382,1.297943,1015.844,38.08147,-0.3110352, 0.03662109, -0.9111328, 0.05562496, -0.2509375, 0.1096876,125.6389,5,4,True,True,177
106504,0.6398053,0.1542282,1015.886,-1,-0.3110352, 0.03564453, -0.9121094, 0.02437496, -0.2353125, 0.1409376,125.6389,5,4,True,True,177
106579,0.9688742,1.297943,1015.844,-1,-0.3100586, 0.03613281, -0.9091797, 0.02437496, -0.2196875, 0.1096876,125.6389,5,4,True,True,177
106655,1.8439,2.718925,1015.792,-1,-0.3100586, 0.03808594, -0.909668, 0.05562496, -0.2040625, 0.1253126,125.6389,5,4,True,True,177
106734,2.281413,2.718925,1015.792,-1,-0.3105469, 0.03613281, -0.9116211, 0.03999996, -0.2040625, 0.09406257,125.6389,5,4,True,True,177
106814,2.066941,1.85247,1015.824,-1,-0.3100586, 0.03662109, -0.9082031, 0.02437496, -0.2353125, 0.1409376,125.6389,5,4,True,True,177
106898,0.8246542,-0.4176331,1015.907,38.07234,-0.3081055, 0.03710938, -0.9082031, -0.006875038, -0.2353125, 0.09406257,125.6389,5,4,True,True,177
106983,-0.09108323,-1.006821,1015.929,38.06778,-0.3100586, 0.03710938, -0.9082031, -0.02250004, -0.2665625, 0.1253126,125.6389,5,4,True,True,177
107064,0.8806935,1.85247,1015.824,-1,-0.3105469, 0.03710938, -0.9072266, 0.05562496, -0.2821875, 0.04718757,125.6389,5,4,True,True,177
107148,1.799809,2.718925,1015.792,38.08147,-0.3095703, 0.03759766, -0.9116211, 0.008749962, -0.2509375, 0.06281257,125.6389,5,4,True,True,177
107234,2.683928,3.568047,1015.76,38.07234,-0.309082, 0.03808594, -0.9082031, -0.006875038, -0.2353125, 0.09406257,125.6389,5,4,True,True,177
107425,2.129569,1.575211,1015.834,-1,-0.3110352, 0.03662109, -0.9082031, -0.006875038, -0.2509375, 0.1096876,125.6389,5,4,True,True,177
107559,2.848808,3.568047,1015.76,-1,-0.3100586, 0.03662109, -0.9082031, 0.008749962, -0.2040625, 0.1409376,125.6389,5,4,True,True,177
107623,0.79969,-1.249428,1015.937,38.08603,-0.3095703, 0.03710938, -0.9082031, -0.02250004, -0.2040625, 0.1253126,125.6389,5,4,True,True,177
107688,1.620674,2.441658,1015.802,38.08147,-0.3110352, 0.03515625, -0.9111328, -0.006875038, -0.2665625, 0.07843757,125.6389,5,4,True,True,177
107756,1.459309,1.297943,1015.844,-1,-0.309082, 0.03808594, -0.9077148, 0.05562496, -0.3134375, 0.09406257,125.6389,5,4,True,True,177
107824,1.65589,1.85247,1015.824,-1,-0.3105469, 0.03808594, -0.9106445, -0.03812504, -0.1884375, 0.1409376,125.6389,5,4,True,True,177
107891,1.320956,0.9860229,1015.855,-1,-0.3100586, 0.03613281, -0.9086914, 0.07124996, -0.2509375, 0.1096876,125.6389,5,4,True,True,177
107958,2.860399,4.399841,1015.73,38.0769,-0.3105469, 0.03759766, -0.9101563, 0.03999996, -0.2978125, 0.07843757,125.6389,5,4,True,True,177
108029,2.625035,2.389671,1015.804,38.07234,-0.3095703, 0.03808594, -0.9077148, 0.03999996, -0.2509375, 0.1565626,125.6389,5,4,True,True,177
108098,0.2372497,-2.150536,1015.97,38.06321,-0.3095703, 0.03662109, -0.9101563, 0.02437496, -0.2353125, 0.09406257,125.6389,5,4,True,True,177
108169,1.313461,2.389671,1015.804,-1,-0.309082, 0.03808594, -0.9091797, 0.03999996, -0.2665625, 0.1253126,125.6389,5,4,True,True,177
108241,0.15332,-1.006821,1015.929,-1,-0.3110352, 0.03710938, -0.9106445, 0.02437496, -0.2196875, 0.1409376,125.6389,5,4,True,True,177
108420,0.3617208,0.5701218,1015.87,-1,-0.3100586, 0.03759766, -0.9106445, 0.07124996, -0.2509375, 0.1096876,125.6389,5,4,True,True,177
108495,0.1713275,-0.01906586,1015.892,-1,-0.3105469, 0.03857422, -0.909668, -0.006875038, -0.2353125, 0.1096876,125.6389,5,4,True,True,177
108569,0.5353517,0.8993759,1015.859,38.00845,-0.3095703, 0.03662109, -0.9091797, 0.03999996, -0.2353125, 0.1253126,125.6389,5,4,True,True,177
108644,1.263228,1.991104,1015.818,38.01302,-0.309082, 0.03515625, -0.9106445, 0.02437496, -0.2821875, 0.1409376,125.6389,5,4,True,True,177
108720,1.055309,0.8473892,1015.86,-1,-0.3100586, 0.03662109, -0.9086914, 0.05562496, -0.2978125, 0.1721876,125.6389,5,4,True,True,177
108802,1.66184,2.268372,1015.808,-1,-0.3110352, 0.03710938, -0.909668, 0.008749962, -0.2978125, 0.1096876,125.6389,5,4,True,True,177
108874,1.965106,2.268372,1015.808,-1,-0.3100586, 0.03662109, -0.9086914, 0.008749962, -0.2509375, 0.07843757,125.6389,5,4,True,True,177
108949,2.679929,3.394753,1015.767,-1,-0.3105469, 0.03759766, -0.9091797, -0.006875038, -0.2353125, 0.06281257,125.6389,5,4,True,True,177
109025,3.470568,4.261208,1015.735,-1,-0.3100586, 0.03808594, -0.9077148, 0.05562496, -0.2509375, 0.1721876,125.6389,5,4,True,True,177
109104,2.886796,2.303024,1015.807,38.03127,-0.3110352, 0.03613281, -0.9091797, -0.006875038, -0.2353125, 0.07843757,125.6389,5,4,True,True,177
109185,1.615823,0.3448486,1015.879,38.03127,-0.3110352, 0.03710938, -0.9101563, -0.006875038, -0.2509375, 0.1096876,125.6389,5,4,True,True,177
109264,0.5557713,-0.5042801,1015.91,-1,-0.3100586, 0.03662109, -0.9086914, -0.006875038, -0.2509375, 0.07843757,125.6389,5,4,True,True,177
109453,-0.1128843,-0.7815399,1015.92,-1,-0.309082, 0.03662109, -0.9121094, 0.03999996, -0.2353125, 0.1721876,125.6389,5,4,True,True,177
109535,-0.5858459,-1.058807,1015.93,38.04496,-0.309082, 0.03857422, -0.9091797, -0.006875038, -0.2509375, 0.1253126,125.6389,5,4,True,True,177
109617,-0.9609565,-1.336067,1015.941,-1,-0.3105469, 0.0390625, -0.9082031, 0.05562496, -0.2665625, 0.1096876,125.6389,5,4,True,True,177
109700,-0.01346013,0.9340363,1015.857,38.04496,-0.3095703, 0.03710938, -0.9086914, 0.05562496, -0.2353125, 0.1253126,125.6389,5,4,True,True,177
109786,1.144782,2.303024,1015.807,38.02671,-0.3115234, 0.03662109, -0.9082031, -0.006875038, -0.2821875, 0.1253126,125.6389,5,4,True,True,177
109868,1.455303,1.765823,1015.827,-1,-0.3100586, 0.03759766, -0.909668, 0.02437496, -0.2196875, 0.07843757,125.6389,5,4,True,True,177
110000,0.9000757,0.3448486,1015.879,-1,-0.309082, 0.03710938, -0.9091797, -0.006875038, -0.3446875, 0.1096876,125.6389,5,4,True,True,177
110066,0.4664983,0.03292084,1015.89,-1,-0.3100586, 0.0390625, -0.9077148, 0.02437496, -0.2353125, 0.1721876,125.6389,5,4,True,True,177
110131,1.384761,2.303024,1015.807,38.02214,-0.3100586, 0.03808594, -0.909668, 0.05562496, -0.2196875, 0.1096876,125.6389,5,4,True,True,177
110197,-0.01897645,-1.422714,1015.944,-1,-0.3085938, 0.03662109, -0.9077148, -0.006875038, -0.2821875, 0.1096876,125.6389,5,4,True,True,177
110266,1.142024,2.303024,1015.807,38.01302,-0.3100586, 0.03662109, -0.9116211, 0.02437496, -0.2353125, 0.1409376,125.6389,5,4,True,True,177
110333,1.999788,2.857552,1015.787,-1,-0.3085938, 0.03710938, -0.9101563, 0.008749962, -0.2353125, 0.09406257,125.6389,5,4,True,True,177
110511,1.406258,0.8127289,1015.862,-1,-0.3100586, 0.03564453, -0.9082031, 0.05562496, -0.2665625, 0.09406257,125.6389,5,4,True,True,177
110576,1.819985,2.233711,1015.81,37.9902,-0.3105469, 0.03857422, -0.9111328, -0.02250004, -0.3134375, 0.1721876,125.6389,5,4,True,True,177
110643,0.3199389,-1.180107,1015.935,-1,-0.3100586, 0.03515625, -0.9091797, 0.008749962, -0.2353125, 0.09406257,125.6389,5,4,True,True,177
110713,2.10862,3.897301,1015.748,-1,-0.3095703, 0.03662109, -0.909668, 0.02437496, -0.2821875, 0.1565626,125.6389,5,4,True,True,177
110783,1.729275,1.34993,1015.842,-1,-0.3105469, 0.03613281, -0.9106445, 0.008749962, -0.2509375, 0.07843757,125.6389,5,4,True,True,177
110856,0.2485905,-1.232094,1015.937,37.98563,-0.3095703, 0.03662109, -0.9086914, 0.05562496, -0.2978125, 0.1096876,125.6389,5,4,True,True,177
110927,-0.6303854,-1.509361,1015.947,-1,-0.3095703, 0.03662109, -0.9086914, 0.008749962, -0.2509375, 0.1096876,125.6389,5,4,True,True,177
110999,-0.9312396,-1.232094,1015.937,-1,-0.3110352, 0.03564453, -0.909668, 0.03999996, -0.2196875, 0.1096876,125.6389,5,4,True,True,177
111072,-0.2152154,0.5008087,1015.873,-1,-0.3100586, 0.03662109, -0.9111328, 0.03999996, -0.2665625, 0.1409376,125.6389,5,4,True,True,177
111147,0.9832545,2.181725,1015.812,-1,-0.3095703, 0.03759766, -0.909668, -0.006875038, -0.2196875, 0.1253126,125.6389,5,4,True,True,177
111222,1.877083,2.770912,1015.79,37.98563,-0.3115234, 0.03613281, -0.9106445, 0.05562496, -0.2040625, 0.1253126,125.6389,5,4,True,True,177
111298,0.05389428,-1.769295,1015.957,37.98107,-0.3100586, 0.03857422, -0.9106445, 0.02437496, -0.2353125, 0.1253126,125.6389,5,4,True,True,177
111482,0.9791757,1.904457,1015.821,-1,-0.3105469, 0.03808594, -0.9077148, 0.008749962, -0.3134375, 0.1409376,125.6389,5,4,True,True,177
111557,1.58045,2.181725,1015.812,-1,-0.3095703, 0.03857422, -0.9101563, -0.006875038, -0.2196875, 0.1409376,125.6389,5,4,True,True,177
111632,0.4687719,-0.6429062,1015.915,-1,-0.3105469, 0.03759766, -0.9101563, -0.02250004, -0.2196875, 0.1096876,125.6389,5,4,True,True,177
111725,1.463878,2.458984,1015.802,-1,-0.3100586, 0.03808594, -0.9111328, -0.05375004, -0.2040625, 0.1253126,125.6389,5,4,True,True,177
111802,0.9823435,0.5008087,1015.873,-1,-0.3095703, 0.03710938, -0.9091797, 0.02437496, -0.2509375, 0.1096876,125.6389,5,4,True,True,177
111883,0.4469823,-0.08837891,1015.895,37.97195,-0.3095703, 0.03613281, -0.9086914, 0.008749962, -0.2665625, 0.09406257,125.6389,5,4,True,True,177
111972,0.3092684,0.1715546,1015.885,-1,-0.3095703, 0.03564453, -0.9101563, -0.006875038, -0.2353125, 0.1096876,125.6389,5,4,True,True,177
112054,-0.4614127,-1.232094,1015.937,-1,-0.3110352, 0.03564453, -0.909668, 0.02437496, -0.2353125, 0.1096876,125.6389,5,4,True,True,177
112137,0.5655622,1.592537,1015.833,37.97195,-0.3125, 0.03808594, -0.909668, 0.008749962, -0.2509375, 0.07843757,125.6389,5,4,True,True,177
112218,1.373643,2.181725,1015.812,-1,-0.3129883, 0.03662109, -0.9111328, -0.006875038, -0.2196875, 0.1096876,125.6389,5,4,True,True,177
112304,1.067193,0.7607422,1015.863,37.97195,-0.3100586, 0.03759766, -0.90625, 0.03999996, -0.2353125, 0.1096876,125.6389,5,4,True,True,177
112388,2.326283,3.585373,1015.76,-1,-0.3095703, 0.03759766, -0.9111328, 0.03999996, -0.2821875, 0.09406257,125.6389,5,4,True,True,177
112629,0.8243582,-0.6775665,1015.917,-1,-0.309082, 0.03808594, -0.9077148, 0.03999996, -0.2978125, 0.09406257,125.6389,5,4,True,True,177
112693,3.20995,5.595543,1015.686,37.97195,-0.3115234, 0.0390625, -0.9077148, 0.008749962, -0.2821875, 0.1096876,125.6389,5,4,True,True,177
112756,2.12398,1.03801,1015.853,-1,-0.3105469, 0.03613281, -0.909668, 0.008749962, -0.2196875, 0.1409376,125.6389,5,4,True,True,177
112821,1.719625,1.315269,1015.843,-1,-0.3095703, 0.03613281, -0.9077148, -0.006875038, -0.2509375, 0.1565626,125.6389,5,4,True,True,177
112886,0.2437655,-1.232094,1015.937,-1,-0.3100586, 0.03710938, -0.9072266, -0.02250004, -0.2665625, 0.1253126,125.6389,5,4,True,True,177
112954,0.7795175,1.315269,1015.843,-1,-0.309082, 0.03564453, -0.9067383, -0.02250004, -0.3603125, 0.1096876,125.6389,5,4,True,True,177
113023,-0.2262882,-1.232094,1015.937,37.97195,-0.3076172, 0.03710938, -0.9082031, 0.03999996, -0.1884375, 0.1565626,125.6389,5,4,True,True,177
113089,0.6831244,1.592537,1015.833,37.96282,-0.3105469, 0.03662109, -0.9072266, -0.03812504, -0.2353125, 0.09406257,125.6389,5,4,True,True,177
113158,-0.2744847,-1.232094,1015.937,37.96738,-0.3095703, 0.03662109, -0.9091797, 0.05562496, -0.2353125, 0.09406257,125.6389,5,4,True,True,177
113229,-0.7532893,-1.232094,1015.937,-1,-0.309082, 0.03808594, -0.9052734, -0.02250004, -0.2665625, 0.06281257,125.6389,5,4,True,True,177
113303,-0.1522336,0.448822,1015.875,37.97195,-0.3105469, 0.03710938, -0.9101563, 0.02437496, -0.2353125, 0.07843757,125.6389,5,4,True,True,177
113379,0.009660467,0.1715546,1015.885,37.96282,-0.3105469, 0.03710938, -0.9101563, 0.05562496, -0.2040625, 0.07843757,125.6389,5,4,True,True,177
113559,0.8010987,1.592537,1015.833,-1,-0.3100586, 0.03710938, -0.9072266, 0.008749962, -0.2196875, 0.1409376,125.6389,5,4,True,True,177
113629,0.3390297,-0.1230392,1015.896,-1,-0.3115234, 0.03710938, -0.9072266, 0.03999996, -0.2821875, 0.1565626,125.6389,5,4,True,True,177
113702,0.5325558,0.7260818,1015.865,-1,-0.3100586, 0.03759766, -0.9077148, 0.05562496, -0.2196875, 0.1096876,125.6389,5,4,True,True,177
113776,0.06612837,-0.4002991,1015.907,-1,-0.3095703, 0.03662109, -0.9091797, 0.008749962, -0.2353125, 0.07843757,125.6389,5,4,True,True,177
113851,1.40119,2.736252,1015.791,-1,-0.309082, 0.03613281, -0.9086914, 0.008749962, -0.2040625, 0.09406257,125.6389,5,4,True,True,177
113927,0.7690421,0.1368942,1015.887,-1,-0.3095703, 0.03808594, -0.9082031, 0.02437496, -0.2821875, 0.1253126,125.6389,5,4,True,True,177
114005,-0.248856,-1.266754,1015.938,37.95369,-0.309082, 0.03662109, -0.9082031, 0.05562496, -0.2665625, 0.1253126,125.6389,5,4,True,True,177
114085,0.08265284,0.4141617,1015.877,37.95826,-0.3105469, 0.03857422, -0.9086914, 0.03999996, -0.2821875, 0.07843757,125.6389,5,4,True,True,177
114165,0.8116015,1.54055,1015.835,37.94456,-0.3095703, 0.03759766, -0.9067383, 0.008749962, -0.2509375, 0.1253126,125.6389,5,4,True,True,177
114246,0.3442811,-0.1230392,1015.896,37.95369,-0.3095703, 0.03710938, -0.9072266, -0.006875038, -0.2196875, 0.1096876,125.6389,5,4,True,True,177
114326,1.947501,3.55072,1015.761,-1,-0.3095703, 0.03662109, -0.9086914, -0.03812504, -0.2353125, 0.1096876,125.6389,5,4,True,True,177
114402,0.47034,-1.006821,1015.928,-1,-0.3100586, 0.03564453, -0.9072266, 0.08687496, -0.2196875, 0.1409376,125.6389,5,4,True,True,177
114591,0.8668114,1.263283,1015.845,-1,-0.3100586, 0.03710938, -0.90625, 0.02437496, -0.2665625, 0.1409376,125.6389,5,4,True,True,177
114670,-0.1999714,-1.266754,1015.938,-1,-0.3105469, 0.03759766, -0.9072266, 0.02437496, -0.2353125, 0.07843757,125.6389,5,4,True,True,177
114751,0.1070951,0.4141617,1015.877,-1,-0.3095703, 0.03710938, -0.9072266, 0.008749962, -0.2196875, 0.09406257,125.6389,5,4,True,True,177
114836,0.8238227,1.54055,1015.835,37.94913,-0.3085938, 0.03759766, -0.9082031, 0.03999996, -0.2353125, 0.07843757,125.6389,5,4,True,True,177
114921,0.3503917,-0.1230392,1015.896,37.94456,-0.3110352, 0.03662109, -0.9077148, 0.08687496, -0.2353125, 0.06281257,125.6389,5,4,True,True,177
115057,-1.324633,-2.999657,1016.002,-1,-0.3100586, 0.03564453, -0.9091797, 0.008749962, -0.2509375, 0.1565626,125.6389,5,4,True,True,177
115132,1.113044,3.55072,1015.761,37.94913,-0.3100586, 0.03759766, -0.9072266, -0.006875038, -0.2196875, 0.1096876,125.6389,5,4,True,True,177
115197,0.7636027,0.4141617,1015.877,-1,-0.3110352, 0.03662109, -0.9082031, 0.05562496, -0.2353125, 0.1253126,125.6389,5,4,True,True,177
115263,0.7275159,0.6914291,1015.866,-1,-0.3100586, 0.03662109, -0.9077148, 0.02437496, -0.3134375, 0.1409376,125.6389,5,4,True,True,177
115327,1.54993,2.372345,1015.805,-1,-0.3100586, 0.03662109, -0.9072266, -0.006875038, -0.2509375, 0.1253126,125.6389,5,4,True,True,177
115396,0.1155948,-1.318741,1015.94,37.94913,-0.3115234, 0.03710938, -0.9086914, 0.07124996, -0.2821875, 0.07843757,125.6389,5,4,True,True,177
115467,0.1262445,0.1368942,1015.887,37.94456,-0.3110352, 0.03759766, -0.90625, 0.02437496, -0.2821875, 0.1721876,125.6389,5,4,True,True,177
115641,0.1315694,0.1368942,1015.887,37.94456,-0.3105469, 0.03564453, -0.9077148, 0.08687496, -0.2665625, 0.1253126,125.6389,5,4,True,True,177
115709,-0.8708494,-1.873268,1015.96,-1,-0.3081055, 0.03613281, -0.9086914, -0.02250004, -0.2821875, 0.09406257,125.6389,5,4,True,True,177
115778,0.4734803,1.81781,1015.825,-1,-0.3100586, 0.03710938, -0.909668, 0.03999996, -0.2353125, 0.1409376,125.6389,5,4,True,True,177
115851,-1.124454,-2.722389,1015.992,37.94913,-0.309082, 0.03710938, -0.9091797, -0.02250004, -0.3290625, 0.1409376,125.6389,5,4,True,True,177
115922,-0.08654594,0.9513626,1015.856,-1,-0.3110352, 0.03613281, -0.9082031, 0.05562496, -0.2821875, 0.1096876,125.6389,5,4,True,True,177
115994,1.004266,2.095078,1015.815,-1,-0.3095703, 0.03710938, -0.9077148, 0.02437496, -0.1728125, 0.09406257,125.6389,5,4,True,True,177
116067,-0.001277447,-1.006821,1015.928,-1,-0.3105469, 0.03759766, -0.9067383, -0.006875038, -0.2353125, 0.1253126,125.6389,5,4,True,True,177
116139,0.4750426,0.9513626,1015.856,-1,-0.3105469, 0.03710938, -0.9091797, 0.008749962, -0.2353125, 0.09406257,125.6389,5,4,True,True,177
116215,0.7132026,0.9513626,1015.856,-1,-0.3100586, 0.03808594, -0.9082031, -0.006875038, -0.2509375, 0.1565626,125.6389,5,4,True,True,177
116289,1.67274,2.632278,1015.795,-1,-0.3115234, 0.03662109, -0.9106445, -0.02250004, -0.2353125, 0.1253126,125.6389,5,4,True,True,177
116368,2.022543,2.372345,1015.805,37.92632,-0.3095703, 0.03613281, -0.9077148, 0.07124996, -0.2353125, 0.1253126,125.6389,5,4,True,True,177
116443,2.327411,2.632278,1015.795,-1,-0.3110352, 0.03613281, -0.9101563, 0.03999996, -0.2040625, 0.07843757,125.6389,5,4,True,True,177
116630,1.622056,0.9167023,1015.858,-1,-0.3105469, 0.03613281, -0.9077148, -0.006875038, -0.2509375, 0.1409376,125.6389,5,4,True,True,177
116709,-0.1602662,-1.942589,1015.963,-1,-0.3095703, 0.03613281, -0.9106445, 0.03999996, -0.1884375, 0.1409376,125.6389,5,4,True,True,177
116788,-0.2109696,-0.261673,1015.901,37.90806,-0.3105469, 0.03662109, -0.9077148, -0.006875038, -0.2821875, 0.1096876,125.6389,5,4,True,True,177
116865,-0.2363213,-0.261673,1015.901,-1,-0.3105469, 0.03515625, -0.9101563, 0.02437496, -0.2353125, 0.1096876,125.6389,5,4,True,True,177
116942,-0.8208546,-1.405388,1015.943,-1,-0.3125, 0.03662109, -0.9086914, 0.008749962, -0.2040625, 0.1096876,125.6389,5,4,True,True,177
117023,0.03059369,0.8820419,1015.859,37.90806,-0.309082, 0.03759766, -0.9082031, 0.05562496, -0.1884375, 0.06281257,125.6389,5,4,True,True,177
117103,-1.111958,-2.254509,1015.974,-1,-0.309082, 0.03808594, -0.909668, 0.03999996, -0.2196875, 0.1253126,125.6389,5,4,True,True,177
117185,-1.414633,-1.717308,1015.954,-1,-0.3129883, 0.03466797, -0.9077148, 0.02437496, -0.2353125, 0.09406257,125.6389,5,4,True,True,177
117269,-0.4309187,0.5527954,1015.871,-1,-0.3115234, 0.03613281, -0.9150391, 0.02437496, -0.2509375, 0.1253126,125.6389,5,4,True,True,177
117351,-1.507341,-2.583763,1015.986,-1,-0.309082, 0.03662109, -0.909668, 0.03999996, -0.2196875, 0.1253126,125.6389,5,4,True,True,177
117433,-0.9018333,-0.2963257,1015.903,-1,-0.3105469, 0.03564453, -0.9091797, 0.07124996, -0.2509375, 0.1253126,125.6389,5,4,True,True,177
117565,-1.170941,-1.440048,1015.944,-1,-0.3061523, 0.04199219, -0.9018555, 0.02437496, -0.2665625, 0.2034376,125.6389,5,4,True,True,177
117736,-0.03180903,1.107323,1015.851,-1,-0.3085938, 0.03613281, -0.9101563, 0.05562496, -0.1884375, 0.04718757,125.6389,5,4,True,True,177
117801,-1.030519,-2.029228,1015.966,-1,-0.3100586, 0.03710938, -0.9086914, 0.02437496, -0.2196875, 0.09406257,125.6389,5,4,True,True,177
117864,-0.3948217,0.2408752,1015.883,37.86699,-0.309082, 0.03662109, -0.9101563, 0.008749962, -0.3134375, 0.1409376,125.6389,5,4,True,True,177
117929,-0.371567,-0.3483124,1015.904,-1,-0.3100586, 0.03710938, -0.9106445, 0.008749962, -0.2509375, 0.1096876,125.6389,5,4,True,True,177
117996,0.2119177,0.7954025,1015.863,-1,-0.3100586, 0.03662109, -0.9121094, 0.008749962, -0.2196875, 0.06281257,125.6389,5,4,True,True,177
118065,0.2263965,0.2408752,1015.883,-1,-0.3095703, 0.03613281, -0.9121094, 0.02437496, -0.1884375, 0.1096876,125.6389,5,4,True,True,177
118131,0.5108995,0.7954025,1015.863,-1,-0.309082, 0.03662109, -0.9086914, 0.02437496, -0.2353125, 0.09406257,125.6389,5,4,True,True,177
118209,0.3585572,0.2062149,1015.884,37.86242,-0.3100586, 0.03808594, -0.9091797, 0.02437496, -0.2196875, 0.06281257,125.6389,5,4,True,True,177
118281,0.8455803,1.332603,1015.843,-1,-0.3100586, 0.03710938, -0.9111328, 0.03999996, -0.2509375, 0.1096876,125.6389,5,4,True,True,177
118350,0.6558643,0.4661484,1015.874,-1,-0.309082, 0.03759766, -0.9121094, 0.03999996, -0.2665625, 0.09406257,125.6389,5,4,True,True,177
118422,1.271497,1.887131,1015.822,-1,-0.3100586, 0.03710938, -0.9111328, 0.05562496, -0.2040625, 0.1565626,125.6389,5,4,True,True,177
118495,0.4442624,-0.3829727,1015.906,-1,-0.3100586, 0.03662109, -0.9077148, -0.006875038, -0.2509375, 0.07843757,125.6389,5,4,True,True,177
118676,-0.5412126,-1.526688,1015.947,-1,-0.3100586, 0.03710938, -0.9106445, -0.006875038, -0.2509375, 0.1409376,125.6389,5,4,True,True,177
118751,-0.7566864,-0.9721603,1015.927,-1,-0.3095703, 0.03613281, -0.9091797, 0.02437496, -0.2509375, 0.1253126,125.6389,5,4,True,True,177
118825,-0.3012291,0.1542282,1015.886,-1,-0.309082, 0.03808594, -0.9106445, 0.03999996, -0.2353125, 0.1253126,125.6389,5,4,True,True,177
118900,-0.07350045,0.1542282,1015.886,-1,-0.3110352, 0.03808594, -0.9072266, 0.02437496, -0.2353125, 0.1253126,125.6389,5,4,True,True,177
118976,0.04036388,0.1542282,1015.886,37.82592,-0.3105469, 0.03710938, -0.9106445, 0.08687496, -0.3134375, 0.1409376,125.6389,5,4,True,True,177
119053,0.3745597,0.7087555,1015.866,-1,-0.3095703, 0.03662109, -0.9101563, 0.02437496, -0.2040625, 0.1253126,125.6389,5,4,True,True,177
119130,-0.1688336,-0.7122269,1015.917,-1,-0.3100586, 0.03710938, -0.9116211, 0.008749962, -0.2040625, 0.1565626,125.6389,5,4,True,True,177
119211,0.2699609,0.7087555,1015.866,37.82592,-0.3081055, 0.03710938, -0.909668, 0.03999996, -0.2821875, 0.1409376,125.6389,5,4,True,True,177
119290,0.3507245,0.431488,1015.876,-1,-0.309082, 0.03515625, -0.9106445, 0.03999996, -0.2040625, 0.09406257,125.6389,5,4,True,True,177
119371,0.09651245,-0.1576996,1015.897,37.82592,-0.3095703, 0.03662109, -0.9077148, 0.02437496, -0.1884375, 0.1565626,125.6389,5,4,True,True,177
119452,0.6712344,1.245956,1015.846,-1,-0.3115234, 0.03759766, -0.9135742, 0.07124996, -0.2509375, 0.09406257,125.6389,5,4,True,True,177
119536,0.3954011,0.1195679,1015.887,37.82135,-0.3100586, 0.03613281, -0.9116211, 0.008749962, -0.2196875, 0.1721876,125.6389,5,4,True,True,177
119725,1.505177,2.614952,1015.795,37.79853,-0.3105469, 0.03613281, -0.909668, -0.006875038, -0.2353125, 0.1721876,125.6389,5,4,True,True,177
119805,2.060064,2.614952,1015.795,37.79853,-0.3105469, 0.03759766, -0.9125977, -0.006875038, -0.2353125, 0.09406257,125.6389,5,4,True,True,177
119888,-0.2011957,-2.462456,1015.982,-1,-0.3354492, 0.03955078, -0.9282227, -0.131875, -2.500937, -0.5465624,125.6389,5,4,True,True,177
119971,-1.063225,-1.925255,1015.962,-1,-0.3305664, 0.02978516, -0.9077148, 0.336875, -0.3915625, 0.07843757,125.6389,5,4,True,True,177
120056,-0.6277888,-0.1923523,1015.899,37.8031,-0.3955078, 0.04296875, -0.8769531, -1.085, -6.922812, -2.905937,125.6389,5,4,True,True,177
120188,-0.2801038,0.06758118,1015.889,-1,-0.2558594, 0.04052734, -0.8852539, 0.305625, 3.967813, 2.297188,125.6389,5,4,True,True,177
120252,0.1710023,0.6221085,1015.869,37.79853,-0.3046875, 0.003417969, -1.115723, -0.46, -1.954062, 1.094063,125.6389,5,4,True,True,177
120317,-0.1753021,-0.5216064,1015.91,-1,-0.3608398, 0.07275391, -0.9418945, 1.399375, 3.202188, 0.5003126,125.6389,5,4,True,True,177
120383,1.063861,2.303024,1015.807,-1,-0.3256836, 0.02832031, -0.9223633, -0.335, -1.422812, -0.2653124,125.6389,5,4,True,True,177
120452,1.120248,1.176636,1015.849,37.78484,-0.4545898, 0.00390625, -0.8291016, -0.05375004, -0.4696875, 0.4065626,125.6389,5,4,True,True,177
120519,0.2819908,-0.5562668,1015.912,-1,-0.3178711, 0.04736328, -0.8896484, -0.444375, -0.0009374619, 0.4221876,125.6389,5,4,True,True,177
120583,0.1574558,0.03292084,1015.89,-1,-0.3105469, 0.0390625, -0.9111328, -0.08500004, 0.01468754, 0.1409376,125.6389,5,4,True,True,177
120761,0.3464586,0.5354614,1015.872,-1,-0.4145508, 0.1064453, -1.018066, 3.38375, 9.061563, 2.656563,125.6389,5,4,True,True,177
120831,-0.6940879,-1.734634,1015.955,37.7529,-0.2695313, 0.01757813, -0.9609375, 3.63375, 8.936563, -3.749687,125.6389,5,4,True,True,177
120899,-0.07931322,0.5354614,1015.872,-1,-0.347168, 0.04052734, -0.8896484, 0.03999996, -5.047812, 2.265938,125.6389,5,4,True,True,177
120971,-0.3351164,-0.5909195,1015.914,37.75747,-0.2607422, 0.01611328, -0.8793945, 0.899375, 8.280313, -0.9215624,125.6389,5,4,True,True,177
121044,-1.606737,-2.878357,1015.997,-1,-0.2900391, 0.04443359, -0.8974609, -1.30375, -8.079062, -0.8278124,125.6389,5,4,True,True,177
121117,-1.532056,-1.457375,1015.945,37.74377,-0.3032227, 0.04443359, -0.9443359, -1.1475, 3.295938, 0.6253126,125.6389,5,4,True,True,177
121192,-0.4982971,0.5354614,1015.872,37.74377,-0.296875, 0.03027344, -0.8969727, 1.6025, 9.389688, 0.4378126,125.6389,5,4,True,True,177
121275,-0.9778358,-1.457375,1015.945,-1,-0.3383789, 0.04345703, -0.9428711, 0.743125, 1.483438, 2.703438,125.6389,5,4,True,True,177
121348,-1.650829,-2.323822,1015.977,-1,-0.296875, 0.05566406, -0.9179688, 0.1025, 0.1865625, 0.7034376,125.6389,5,4,True,True,177
121424,-1.692732,-1.734634,1015.955,-1,-0.3125, 0.01708984, -0.9033203, -0.256875, 1.858438, 0.3284376,125.6389,5,4,True,True,177
121499,-1.141826,-0.5909195,1015.914,-1,-0.3144531, 0.03222656, -0.9199219, -0.05375004, -2.688437, 0.01593757,125.6389,5,4,True,True,177
121573,1.109137,3.3601,1015.768,-1,-0.3061523, 0.02685547, -0.9199219, 0.2275, 1.483438, 0.2190626,125.6389,5,4,True,True,177
121759,1.53279,1.956444,1015.82,-1,-0.3046875, 0.03271484, -0.909668, 0.08687496, 0.3428125, 0.1878126,125.6389,5,4,True,True,177
121835,0.7395359,-0.05371857,1015.893,-1,-0.3066406, 0.03417969, -0.909668, -0.006875038, 0.01468754, 0.09406257,125.6389,5,4,True,True,177
121913,0.2129381,-0.3136597,1015.903,-1,-0.3046875, 0.03564453, -0.9121094, 0.008749962, -0.1571875, 0.04718757,125.6389,5,4,True,True,177
121993,-0.4835845,-1.180107,1015.935,-1,-0.309082, 0.03320313, -0.9101563, -0.006875038, -0.06343746, 0.2034376,125.6389,5,4,True,True,177
122074,0.3032059,1.089996,1015.852,-1,-0.3085938, 0.03369141, -0.9072266, -0.02250004, -0.2509375, 0.1253126,125.6389,5,4,True,True,177
122158,1.831653,3.3601,1015.768,37.74377,-0.3066406, 0.03417969, -0.909668, 0.008749962, -0.2040625, 0.1409376,125.6389,5,4,True,True,177
122238,0.8889671,-0.05371857,1015.893,37.74377,-0.3232422, 0.05224609, -0.9331055, 0.2275, -1.047812, 0.2815626,125.6389,5,4,True,True,177
122319,0.2616604,-0.3656464,1015.905,37.73465,-0.2802734, 0.03417969, -0.9072266, -0.11625, -3.688437, -0.5309374,125.6389,5,4,True,True,177
122400,-0.5025469,-1.266754,1015.938,-1,-0.2998047, 0.02880859, -0.9072266, -0.131875, 3.342813, -0.5465624,125.6389,5,4,True,True,177
122484,-0.6160501,-0.7295532,1015.918,37.70726,-0.3164063, 0.03662109, -0.9130859, -0.319375, 1.264688, 0.6096876,125.6389,5,4,True,True,177
122568,1.034108,2.684265,1015.793,-1,-0.3100586, 0.03515625, -0.90625, 0.03999996, -1.000937, 0.2034376,125.6389,5,4,True,True,177
122699,0.7068045,0.3795013,1015.878,-1,-0.3217773, 0.03564453, -0.9052734, 0.32125, -0.4853125, -0.3746874,125.6389,5,4,True,True,177
122869,0.5431529,0.3795013,1015.878,-1,-0.3349609, 0.02441406, -0.8862305, 0.555625, -1.282187, 0.2659376,125.6389,5,4,True,True,177
122936,0.3226972,0.1022415,1015.888,-1,-0.3076172, 0.05664063, -0.8994141, -0.350625, -1.672812, -0.2965624,125.6389,5,4,True,True,177
123001,-0.4980218,-1.318741,1015.94,-1,-0.3168945, 0.03955078, -0.9150391, 0.555625, 2.483438, 0.5940626,125.6389,5,4,True,True,177
123069,-0.6137876,-0.7295532,1015.918,-1,-0.3022461, 0.03710938, -0.9199219, 0.3525, -7.172812, -0.9684374,125.6389,5,4,True,True,177
123139,-0.6716704,-0.7295532,1015.918,37.69814,-0.3334961, 0.04052734, -0.9345703, 0.399375, 2.389688, -0.6090624,125.6389,5,4,True,True,177
123206,0.00987938,0.6914291,1015.866,-1,-0.3032227, 0.03662109, -0.9003906, 0.493125, 4.702188, 0.7190626,125.6389,5,4,True,True,177
123278,0.3506542,0.6914291,1015.866,37.69357,-0.2905273, 0.02099609, -0.9291992, -0.131875, -0.2665625, -0.03093743,125.6389,5,4,True,True,177
123349,1.6301,2.909546,1015.785,-1,-0.3164063, 0.04052734, -0.8964844, -0.256875, 0.2334375, 0.2190626,125.6389,5,4,True,True,177
123419,1.273401,0.9167023,1015.858,-1,-0.3208008, 0.03076172, -0.9355469, -0.256875, -1.047812, 0.5628126,125.6389,5,4,True,True,177
123491,0.09863371,-1.076134,1015.931,-1,-0.3056641, 0.03320313, -0.9169922, 0.02437496, -2.125937, 0.0003125668,125.6389,5,4,True,True,177
123561,0.7589383,1.419243,1015.839,-1,-0.3105469, 0.03759766, -0.9130859, -0.11625, 1.217813, 0.1721876,125.6389,5,4,True,True,177
123632,-0.2019212,-1.162781,1015.934,-1,-0.3271484, 0.03125, -0.918457, 0.1025, -5.219687, -0.1090624,125.6389,5,4,True,True,177
123809,0.4353705,1.072662,1015.852,37.60686,-0.2963867, 0.03222656, -0.9072266, 0.165, 1.170938, 0.09406257,125.6389,5,4,True,True,177
123885,0.7366901,1.03801,1015.853,37.58404,-0.2915039, 0.0390625, -0.9169922, 0.274375, 6.452188, -0.03093743,125.6389,5,4,True,True,177
123957,1.849111,2.961533,1015.783,-1,-0.3408203, 0.03320313, -0.9150391, -0.30375, -0.8603125, 0.6721876,125.6389,5,4,True,True,177
124031,0.6810826,-0.4869461,1015.91,-1,-0.3232422, 0.03466797, -0.9145508, 0.19625, -2.063437, 0.2034376,125.6389,5,4,True,True,177
124106,0.9375261,1.19397,1015.848,-1,-0.3056641, 0.03320313, -0.9121094, 0.02437496, -3.844687, 0.2190626,125.6389,5,4,True,True,177
124182,1.317018,1.69651,1015.829,-1,-0.2871094, 0.03076172, -0.9101563, 0.19625, 2.795938, -0.2653124,125.6389,5,4,True,True,177
124260,0.3717126,-0.5735931,1015.912,37.4882,-0.3134766, 0.03369141, -0.918457, -0.006875038, -0.2509375, 0.1253126,125.6389,5,4,True,True,177
124337,1.718609,3.065506,1015.779,-1,-0.3203125, 0.02929688, -0.8994141, -0.006875038, -1.266562, 0.2503126,125.6389,5,4,True,True,177
124425,1.846194,1.973778,1015.819,37.49733,-0.3081055, 0.02587891, -0.8989258, -0.194375, -5.485312, 0.1565626,125.6389,5,4,True,True,177
124502,2.204579,2.562965,1015.798,-1,-0.2949219, 0.03076172, -0.9174805, 0.25875, 2.827188, 0.1409376,125.6389,5,4,True,True,177
124582,0.6768594,-0.8508606,1015.923,-1,-0.2993164, 0.02978516, -0.909668, 0.19625, -0.4853125, -0.06218743,125.6389,5,4,True,True,177
124661,0.3462269,0.01559448,1015.891,-1,-0.3095703, 0.03759766, -0.902832, 0.3525, 6.327188, 0.0003125668,125.6389,5,4,True,True,177
124851,1.610556,2.874886,1015.786,-1,-0.2753906, 0.02392578, -0.956543, -1.538125, -0.3446875, 0.5159376,125.6389,5,4,True,True,177
124933,1.965457,2.320358,1015.806,-1,-0.3066406, 0.03271484, -0.9145508, 0.03999996, 0.6240625, 0.1096876,125.6389,5,4,True,True,177
125016,1.025182,0.08490753,1015.888,37.53841,-0.3085938, 0.03466797, -0.9121094, -0.02250004, 0.04593754, 0.1253126,125.6389,5,4,True,True,177
125102,0.1218212,-0.7815399,1015.92,37.5521,-0.3076172, 0.03515625, -0.9121094, -0.006875038, -0.2353125, 0.04718757,125.6389,5,4,True,True,177
125186,0.6752256,1.22863,1015.847,37.5521,-0.3095703, 0.03320313, -0.9121094, -0.006875038, -0.2196875, 0.09406257,125.6389,5,4,True,True,177
125321,0.657334,0.6394424,1015.868,37.54753,-0.3081055, 0.03466797, -0.9106445, -0.02250004, -0.1415625, 0.07843757,125.6389,5,4,True,True,177
125387,1.92207,3.186806,1015.775,37.54753,-0.3081055, 0.03466797, -0.9135742, 0.008749962, -0.2353125, 0.1096876,125.6389,5,4,True,True,177
125452,1.98258,2.043091,1015.816,-1,-0.3076172, 0.03417969, -0.9135742, 0.03999996, -0.2196875, 0.07843757,125.6389,5,4,True,True,177
125517,2.290099,2.597618,1015.796,-1,-0.3095703, 0.03369141, -0.9125977, 0.02437496, -0.2196875, 0.06281257,125.6389,5,4,True,True,177
125584,1.170177,0.05025482,1015.89,-1,-0.3081055, 0.03271484, -0.9121094, 0.008749962, -0.2665625, 0.1253126,125.6389,5,4,True,True,177
125652,0.8788164,0.5874557,1015.87,37.52928,-0.3085938, 0.03417969, -0.9125977, 0.03999996, -0.1728125, 0.07843757,125.6389,5,4,True,True,177
125722,0.7331361,0.5874557,1015.87,37.51559,-0.3076172, 0.03466797, -0.9106445, 0.008749962, -0.2353125, 0.07843757,125.6389,5,4,True,True,177
125899,1.07619,1.419243,1015.839,-1,-0.3076172, 0.03466797, -0.9125977, 0.02437496, -0.1884375, 0.1096876,125.6389,5,4,True,True,177
125968,0.8318226,0.5874557,1015.87,-1,-0.3085938, 0.03417969, -0.9116211, 0.02437496, -0.2040625, 0.1096876,125.6389,5,4,True,True,177
126037,-0.009518981,-0.8508606,1015.923,37.52928,-0.3085938, 0.03271484, -0.9121094, -0.006875038, -0.2040625, 0.06281257,125.6389,5,4,True,True,177
126107,1.432683,2.874886,1015.786,37.52928,-0.3095703, 0.03369141, -0.9121094, 0.03999996, -0.2821875, 0.1409376,125.6389,5,4,True,True,177
126175,1.010069,0.5874557,1015.87,-1,-0.3085938, 0.03466797, -0.9116211, -0.006875038, -0.1884375, 0.1565626,125.6389,5,4,True,True,177
126245,1.10202,1.19397,1015.848,-1,-0.3071289, 0.03466797, -0.9106445, 0.008749962, -0.2040625, 0.07843757,125.6389,5,4,True,True,177
126318,0.7147671,0.3275146,1015.88,37.52928,-0.309082, 0.03271484, -0.9125977, 0.03999996, -0.2353125, 0.06281257,125.6389,5,4,True,True,177
126410,0.9543684,1.19397,1015.848,-1,-0.309082, 0.03515625, -0.9116211, 0.05562496, -0.2196875, 0.09406257,125.6389,5,4,True,True,177
126484,0.6409415,0.3275146,1015.88,-1,-0.3095703, 0.03613281, -0.9091797, -0.006875038, -0.2353125, 0.1096876,125.6389,5,4,True,True,177
126558,0.3455982,0.05025482,1015.89,-1,-0.3100586, 0.03320313, -0.9082031, 0.02437496, -0.2040625, 0.07843757,125.6389,5,4,True,True,177
126634,0.1979265,0.05025482,1015.89,-1,-0.3081055, 0.03564453, -0.9082031, -0.006875038, -0.2040625, 0.1096876,125.6389,5,4,True,True,177
126711,0.6959481,1.19397,1015.848,-1,-0.309082, 0.03369141, -0.909668, -0.006875038, -0.2040625, 0.1253126,125.6389,5,4,True,True,177
126895,1.074926,1.453903,1015.838,-1,-0.3076172, 0.03320313, -0.909668, 0.07124996, -0.2040625, 0.04718757,125.6389,5,4,True,True,177
126974,-0.0006040335,-1.076134,1015.931,37.53384,-0.3081055, 0.03466797, -0.9082031, -0.006875038, -0.2665625, 0.1096876,125.6389,5,4,True,True,177
127050,-0.2437751,-0.4869461,1015.91,-1,-0.3085938, 0.03466797, -0.9082031, -0.02250004, -0.1571875, 0.1096876,125.6389,5,4,True,True,177
127129,-1.231812,-2.219849,1015.973,37.53384,-0.3081055, 0.03271484, -0.9072266, 0.02437496, -0.1728125, 0.1096876,125.6389,5,4,True,True,177
127209,-0.5907785,0.05025482,1015.89,-1,-0.3100586, 0.03466797, -0.9086914, 0.02437496, -0.1259375, 0.1565626,125.6389,5,4,True,True,177
127290,-0.1143018,0.362175,1015.878,-1,-0.309082, 0.03222656, -0.9106445, 0.02437496, -0.6259375, 0.1253126,125.6389,5,4,True,True,177
127371,0.8344277,1.783157,1015.826,-1,-0.3105469, 0.03271484, -0.9101563, 0.05562496, -0.5321875, 0.01593757,125.6389,5,4,True,True,177
127455,0.7369351,0.6394424,1015.868,-1,-0.309082, 0.03466797, -0.9086914, -0.02250004, -0.4228125, 0.1096876,125.6389,5,4,True,True,177
127537,1.82324,2.909546,1015.785,-1,-0.3105469, 0.03271484, -0.9082031, 0.02437496, -0.2196875, 0.09406257,125.6389,5,4,True,True,177
127630,2.938251,4.053261,1015.743,37.5521,-0.3081055, 0.03320313, -0.9091797, 0.008749962, -0.1571875, 0.09406257,125.6389,5,4,True,True,177
127716,1.650213,0.362175,1015.878,-1,-0.3081055, 0.03466797, -0.9086914, 0.02437496, -0.2040625, 0.09406257,125.6389,5,4,True,True,177
127851,1.439421,1.22863,1015.847,-1,-0.3095703, 0.03369141, -0.9077148, -0.006875038, -0.2196875, 0.1565626,125.6389,5,4,True,True,177
128021,1.897216,2.355011,1015.805,-1,-0.309082, 0.03369141, -0.9072266, 0.07124996, -0.1415625, 0.1096876,125.6389,5,4,True,True,177
128086,1.562923,1.22863,1015.847,-1,-0.309082, 0.03417969, -0.9057617, -0.006875038, -0.2040625, 0.06281257,125.6389,5,4,True,True,177
128151,2.262228,2.961533,1015.783,-1,-0.309082, 0.03417969, -0.9082031, 0.008749962, -0.2353125, 0.07843757,125.6389,5,4,True,True,177
128221,1.476829,0.6914291,1015.866,37.54753,-0.3081055, 0.03417969, -0.9082031, -0.006875038, -0.2821875, 0.09406257,125.6389,5,4,True,True,177
128288,1.352729,1.22863,1015.847,-1,-0.309082, 0.03417969, -0.909668, -0.02250004, -0.2040625, 0.1253126,125.6389,5,4,True,True,177
128357,0.155628,-1.041473,1015.93,-1,-0.309082, 0.03466797, -0.9077148, 0.02437496, -0.1728125, 0.1096876,125.6389,5,4,True,True,177
128425,0.692129,1.22863,1015.847,-1,-0.3100586, 0.03320313, -0.9091797, 0.02437496, -0.2978125, 0.1409376,125.6389,5,4,True,True,177
128496,1.237643,1.783157,1015.826,-1,-0.309082, 0.03369141, -0.9111328, 0.07124996, -0.2821875, 0.09406257,125.6389,5,4,True,True,177
128567,-0.7597032,-2.75705,1015.993,-1,-0.3085938, 0.03564453, -0.9086914, -0.006875038, -0.2353125, 0.04718757,125.6389,5,4,True,True,177
128636,-0.0861237,0.5874557,1015.87,-1,-0.3095703, 0.03271484, -0.909668, 0.008749962, -0.2353125, 0.07843757,125.6389,5,4,True,True,177
128706,1.099787,2.285698,1015.808,-1,-0.3076172, 0.03369141, -0.9086914, 0.008749962, -0.2040625, 0.1565626,125.6389,5,4,True,True,177
128778,1.259515,1.419243,1015.839,-1,-0.3081055, 0.03417969, -0.9106445, -0.02250004, -0.2353125, 0.1409376,125.6389,5,4,True,True,177
128958,1.183419,1.107323,1015.851,-1,-0.309082, 0.03564453, -0.9101563, 0.02437496, -0.1884375, 0.1409376,125.6389,5,4,True,True,177
129032,1.258011,1.332603,1015.842,37.47908,-0.3085938, 0.03417969, -0.909668, 0.03999996, -0.2196875, 0.07843757,125.6389,5,4,True,True,177
129106,2.300388,3.342766,1015.769,37.47908,-0.3095703, 0.03369141, -0.9111328, 0.02437496, -0.2040625, 0.1096876,125.6389,5,4,True,True,177
129182,1.097338,-0.1057129,1015.895,-1,-0.309082, 0.03515625, -0.909668, 0.02437496, -0.2821875, 0.1409376,125.6389,5,4,True,True,177
129257,1.492234,1.887131,1015.822,-1,-0.3081055, 0.03417969, -0.9101563, 0.05562496, -0.2509375, 0.1409376,125.6389,5,4,True,True,177
129332,1.828312,2.164391,1015.812,-1,-0.3085938, 0.03417969, -0.9121094, -0.006875038, -0.2353125, 0.1253126,125.6389,5,4,True,True,177
129408,1.996351,2.164391,1015.812,-1,-0.309082, 0.03271484, -0.9106445, -0.02250004, -0.1884375, 0.1253126,125.6389,5,4,True,True,177
129484,2.080371,2.164391,1015.812,-1,-0.3076172, 0.03222656, -0.9116211, 0.07124996, -0.2353125, 0.06281257,125.6389,5,4,True,True,177
129564,2.122381,2.164391,1015.812,-1,-0.3085938, 0.03271484, -0.9111328, -0.03812504, -0.2040625, 0.04718757,125.6389,5,4,True,True,177
129643,1.276934,0.431488,1015.876,-1,-0.3076172, 0.03466797, -0.9091797, -0.006875038, -0.1884375, 0.09406257,125.6389,5,4,True,True,177
129722,0.4036573,-0.4696198,1015.909,-1,-0.3081055, 0.03320313, -0.9106445, -0.006875038, -0.1884375, 0.07843757,125.6389,5,4,True,True,177
129802,1.08474,1.765823,1015.826,-1,-0.3100586, 0.03417969, -0.9116211, 0.08687496, -0.2353125, 0.1096876,125.6389,5,4,True,True,177
129990,0.974728,0.8647156,1015.86,-1,-0.3085938, 0.03417969, -0.9121094, 0.008749962, -0.2821875, 0.1096876,125.6389,5,4,True,True,177
130073,1.482916,1.991104,1015.818,37.38779,-0.3095703, 0.03417969, -0.9106445, -0.006875038, -0.2821875, 0.09406257,125.6389,5,4,True,True,177
130157,0.6019584,-0.2789993,1015.901,37.38779,-0.3081055, 0.03417969, -0.9116211, 0.03999996, -0.2509375, 0.1253126,125.6389,5,4,True,True,177
130242,1.573795,2.545631,1015.798,37.38323,-0.3105469, 0.03369141, -0.9101563, -0.006875038, -0.1415625, 0.1253126,125.6389,5,4,True,True,177
130328,2.354307,3.134819,1015.776,-1,-0.3081055, 0.03417969, -0.9106445, -0.006875038, -0.2196875, 0.06281257,125.6389,5,4,True,True,177
130459,2.467299,2.580292,1015.797,-1,-0.3085938, 0.03320313, -0.9091797, 0.03999996, -0.2040625, 0.1409376,125.6389,5,4,True,True,177
130522,2.801059,3.134819,1015.776,37.40605,-0.3085938, 0.03466797, -0.9101563, 0.03999996, -0.2509375, 0.1253126,125.6389,5,4,True,True,177
130584,3.262533,3.724007,1015.755,-1,-0.3081055, 0.03320313, -0.9101563, -0.006875038, -0.1415625, 0.09406257,125.6389,5,4,True,True,177
130648,3.354636,3.446739,1015.765,-1,-0.3085938, 0.03613281, -0.9116211, 0.05562496, -0.2196875, 0.1096876,125.6389,5,4,True,True,177
130713,4.39711,5.439583,1015.692,37.40605,-0.3095703, 0.03417969, -0.9082031, 0.02437496, -0.2353125, 0.1096876,125.6389,5,4,True,True,177
130788,3.514694,2.632278,1015.795,37.41518,-0.3076172, 0.03369141, -0.9111328, 0.02437496, -0.2040625, 0.1409376,125.6389,5,4,True,True,177
130858,1.661171,-0.1923523,1015.898,37.42887,-0.3095703, 0.03271484, -0.9082031, 0.05562496, -0.2196875, 0.07843757,125.6389,5,4,True,True,177
131034,1.869461,2.077751,1015.815,-1,-0.3081055, 0.03466797, -0.9101563, 0.07124996, -0.1884375, 0.1253126,125.6389,5,4,True,True,177
131100,2.389503,2.909546,1015.785,-1,-0.3085938, 0.03417969, -0.9082031, 0.008749962, -0.1884375, 0.1096876,125.6389,5,4,True,True,177
131169,1.921703,1.453903,1015.838,37.39692,-0.3095703, 0.03466797, -0.9091797, 0.02437496, -0.2509375, 0.07843757,125.6389,5,4,True,True,177
131243,1.826437,1.731171,1015.828,37.38779,-0.309082, 0.03369141, -0.9125977, 0.008749962, -0.2040625, 0.1253126,125.6389,5,4,True,True,177
131315,-0.3786631,-2.583763,1015.986,-1,-0.3100586, 0.03564453, -0.9111328, -0.05375004, -0.2040625, 0.09406257,125.6389,5,4,True,True,177
131385,1.360748,3.100159,1015.778,-1,-0.309082, 0.03417969, -0.9116211, -0.02250004, -0.2040625, 0.06281257,125.6389,5,4,True,True,177
131456,3.911369,6.46199,1015.654,-1,-0.3085938, 0.03222656, -0.9101563, -0.02250004, -0.2353125, 0.1409376,125.6389,5,4,True,True,177
131530,2.91658,1.921791,1015.821,37.34672,-0.3081055, 0.03613281, -0.9106445, 0.05562496, -0.2978125, 0.07843757,125.6389,5,4,True,True,177
131603,1.284134,-0.3483124,1015.904,-1,-0.3081055, 0.03417969, -0.9121094, -0.006875038, -0.1884375, 0.09406257,125.6389,5,4,True,True,177
131679,1.602962,1.921791,1015.821,37.35585,-0.3081055, 0.03515625, -0.9101563, 0.008749962, -0.2353125, 0.09406257,125.6389,5,4,True,True,177
131754,0.9045887,0.2062149,1015.884,-1,-0.3085938, 0.03417969, -0.9082031, -0.006875038, -0.2353125, 0.09406257,125.6389,5,4,True,True,177
131831,0.2781382,-0.3483124,1015.904,-1,-0.309082, 0.03515625, -0.909668, 0.03999996, -0.3134375, 0.06281257,125.6389,5,4,True,True,177
132011,-0.3296809,-0.9375,1015.926,-1,-0.3076172, 0.03417969, -0.9082031, -0.03812504, -0.2353125, 0.06281257,125.6389,5,4,True,True,177
132087,-0.06173301,0.2062149,1015.884,-1,-0.3085938, 0.03613281, -0.9086914, -0.006875038, -0.2821875, 0.1409376,125.6389,5,4,True,True,177
132165,0.07224095,0.2062149,1015.884,37.34672,-0.309082, 0.03466797, -0.9082031, 0.02437496, -0.2040625, 0.09406257,125.6389,5,4,True,True,177
132245,-0.9958238,-2.063889,1015.968,37.34216,-0.3076172, 0.03369141, -0.909668, 0.008749962, -0.2821875, 0.07843757,125.6389,5,4,True,True,177
132326,-0.3948045,0.2062149,1015.884,-1,-0.3081055, 0.03369141, -0.909668, 0.008749962, -0.2353125, 0.1096876,125.6389,5,4,True,True,177
132407,0.7634933,1.921791,1015.821,-1,-0.3081055, 0.03369141, -0.9091797, 0.02437496, -0.1728125, 0.1253126,125.6389,5,4,True,True,177
132489,1.481272,2.199051,1015.811,37.35128,-0.3085938, 0.03369141, -0.9116211, -0.02250004, -0.2353125, 0.1096876,125.6389,5,4,True,True,177
132570,0.5664799,-0.3483124,1015.904,-1,-0.3095703, 0.03564453, -0.909668, 0.02437496, -0.2353125, 0.1253126,125.6389,5,4,True,True,177
132655,-0.1681837,-0.9028473,1015.924,37.35585,-0.309082, 0.03222656, -0.9101563, 0.008749962, -0.1728125, 0.1409376,125.6389,5,4,True,True,177
132741,1.604621,3.377426,1015.768,37.36041,-0.3076172, 0.03320313, -0.9091797, 0.03999996, -0.2040625, 0.06281257,125.6389,5,4,True,True,177
132873,1.191345,0.7780685,1015.863,-1,-0.3095703, 0.03564453, -0.9125977, -0.006875038, -0.2509375, 0.1253126,125.6389,5,4,True,True,177
132940,0.9847067,0.7780685,1015.863,37.35128,-0.3095703, 0.03417969, -0.9121094, 0.02437496, -0.1728125, 0.1096876,125.6389,5,4,True,True,177
133116,0.3181972,-0.3483124,1015.904,37.35128,-0.3095703, 0.03271484, -0.909668, 0.05562496, -0.2196875, 0.1096876,125.6389,5,4,True,True,177
133183,0.5481328,0.7780685,1015.863,-1,-0.3076172, 0.03417969, -0.9091797, 0.008749962, -0.2353125, 0.09406257,125.6389,5,4,True,True,177
133248,-0.4632841,-1.474701,1015.946,-1,-0.3085938, 0.03320313, -0.9125977, 0.07124996, -0.2040625, 0.1096876,125.6389,5,4,True,True,177
133316,-0.4057982,-0.3483124,1015.904,37.35585,-0.3085938, 0.03320313, -0.9121094, 0.08687496, -0.2509375, 0.09406257,125.6389,5,4,True,True,177
133383,1.754414,3.914627,1015.748,-1,-0.3085938, 0.03417969, -0.9116211, 0.07124996, -0.2978125, 0.1096876,125.6389,5,4,True,True,177
133453,2.834521,3.914627,1015.748,-1,-0.3081055, 0.03417969, -0.9106445, 0.02437496, -0.2353125, 0.07843757,125.6389,5,4,True,True,177
133524,1.243104,-0.3483124,1015.904,-1,-0.3095703, 0.03466797, -0.9091797, 0.02437496, -0.2509375, 0.09406257,125.6389,5,4,True,True,177
133596,-0.1157984,-1.474701,1015.946,37.36041,-0.3085938, 0.03466797, -0.9091797, 0.008749962, -0.1884375, 0.09406257,125.6389,5,4,True,True,177
133667,1.760781,3.63736,1015.758,37.35585,-0.309082, 0.03369141, -0.9091797, 0.02437496, -0.2509375, 0.1409376,125.6389,5,4,True,True,177
133748,1.564018,1.367256,1015.841,-1,-0.3095703, 0.03515625, -0.9106445, 0.08687496, -0.2509375, 0.1409376,125.6389,5,4,True,True,177
133818,3.172546,4.781075,1015.716,-1,-0.3105469, 0.03369141, -0.9082031, 0.03999996, -0.2509375, 0.1096876,125.6389,5,4,True,True,177
133891,2.139935,1.107323,1015.851,37.36954,-0.3081055, 0.03564453, -0.9082031, 0.02437496, -0.2040625, 0.07843757,125.6389,5,4,True,True,177
134071,2.620047,3.100159,1015.778,-1,-0.3095703, 0.03564453, -0.9116211, -0.006875038, -0.1884375, 0.09406257,125.6389,5,4,True,True,177
134147,0.01814175,-2.583763,1015.986,37.36954,-0.309082, 0.03515625, -0.909668, -0.006875038, -0.1884375, 0.09406257,125.6389,5,4,True,True,177
134222,1.55915,3.100159,1015.778,-1,-0.3085938, 0.03466797, -0.9101563, -0.02250004, -0.2196875, 0.1096876,125.6389,5,4,True,True,177
134298,2.191025,2.822899,1015.788,-1,-0.3085938, 0.03564453, -0.9106445, 0.008749962, -0.2509375, 0.07843757,125.6389,5,4,True,True,177
134373,2.645592,3.100159,1015.778,-1,-0.3085938, 0.03417969, -0.909668, -0.006875038, -0.2509375, 0.1253126,125.6389,5,4,True,True,177
134452,2.872875,3.100159,1015.778,37.3741,-0.3085938, 0.03564453, -0.9086914, 0.05562496, -0.2040625, 0.1096876,125.6389,5,4,True,True,177
134529,2.709253,2.545631,1015.798,-1,-0.3076172, 0.03466797, -0.9106445, 0.008749962, -0.2040625, 0.09406257,125.6389,5,4,True,True,177
134607,1.769654,0.8300552,1015.861,-1,-0.3081055, 0.03466797, -0.9106445, 0.07124996, -0.2353125, 0.09406257,125.6389,5,4,True,True,177
134688,0.4593968,-0.8508606,1015.923,-1,-0.3076172, 0.03417969, -0.9077148, 0.02437496, -0.1728125, 0.1253126,125.6389,5,4,True,True,177
134768,-1.19215,-2.843697,1015.996,-1,-0.309082, 0.03271484, -0.9121094, 0.02437496, -0.2353125, 0.07843757,125.6389,5,4,True,True,177
134848,-0.1810473,0.8300552,1015.861,-1,-0.3100586, 0.03466797, -0.9101563, 0.05562496, -0.2040625, 0.1409376,125.6389,5,4,True,True,177
134929,1.728156,3.63736,1015.758,-1,-0.3081055, 0.03417969, -0.9101563, 0.05562496, -0.1884375, 0.09406257,125.6389,5,4,True,True,177
135120,0.2826877,-1.162781,1015.934,-1,-0.3076172, 0.03369141, -0.909668, -0.006875038, -0.2196875, 0.1253126,125.6389,5,4,True,True,177
135200,-0.1714461,-0.6255798,1015.914,-1,-0.3095703, 0.03369141, -0.9072266, 0.03999996, -0.1728125, 0.1409376,125.6389,5,4,True,True,177
135280,-0.5371467,-0.9028473,1015.924,-1,-0.3081055, 0.03271484, -0.9116211, 0.05562496, -0.2040625, 0.1096876,125.6389,5,4,True,True,177
135364,1.550107,3.63736,1015.758,-1,-0.309082, 0.03271484, -0.9101563, -0.006875038, -0.2040625, 0.1096876,125.6389,5,4,True,True,177
135499,0.3236296,-0.9028473,1015.924,37.36041,-0.3061523, 0.03466797, -0.9072266, 0.05562496, -0.2665625, 0.1409376,125.6389,5,4,True,True,177
135563,0.7154761,1.107323,1015.851,-1,-0.3100586, 0.03564453, -0.9086914, 0.008749962, -0.2353125, 0.1253126,125.6389,5,4,True,True,177
135628,0.9113995,1.107323,1015.851,-1,-0.309082, 0.03466797, -0.9091797, 0.008749962, -0.2196875, 0.07843757,125.6389,5,4,True,True,177
135694,2.274379,3.63736,1015.758,-1,-0.3100586, 0.03466797, -0.9086914, 0.03999996, -0.2509375, 0.1096876,125.6389,5,4,True,True,177
135760,1.690851,1.107323,1015.851,-1,-0.3076172, 0.03417969, -0.9106445, 0.03999996, -0.2353125, 0.1096876,125.6389,5,4,True,True,177
135828,0.3940019,-0.9028473,1015.924,37.35585,-0.309082, 0.03417969, -0.9091797, 0.02437496, -0.2040625, 0.09406257,125.6389,5,4,True,True,177
135899,2.154315,3.914627,1015.748,37.35585,-0.3095703, 0.03417969, -0.9091797, -0.006875038, -0.2040625, 0.06281257,125.6389,5,4,True,True,177
135970,2.038053,1.921791,1015.821,-1,-0.309082, 0.03662109, -0.9091797, 0.02437496, -0.2978125, 0.07843757,125.6389,5,4,True,True,177
136149,1.408061,0.7780685,1015.863,37.35585,-0.3081055, 0.03417969, -0.9111328, 0.02437496, -0.2509375, 0.1253126,125.6389,5,4,True,True,177
136219,0.5298741,-0.3483124,1015.904,-1,-0.3085938, 0.03369141, -0.9101563, 0.03999996, -0.2509375, 0.1096876,125.6389,5,4,True,True,177
136291,0.3680445,0.2062149,1015.884,-1,-0.3100586, 0.03515625, -0.9091797, 0.02437496, -0.2040625, 0.09406257,125.6389,5,4,True,True,177
136360,0.7116902,1.055336,1015.853,-1,-0.3085938, 0.03369141, -0.9101563, 0.03999996, -0.2665625, 0.1096876,125.6389,5,4,True,True,177
136430,0.1816889,-0.3483124,1015.904,-1,-0.3105469, 0.03417969, -0.909668, 0.02437496, -0.2040625, 0.07843757,125.6389,5,4,True,True,177
136504,0.1939519,0.2062149,1015.884,37.33303,-0.3100586, 0.03222656, -0.909668, -0.006875038, -0.2978125, 0.1409376,125.6389,5,4,True,True,177
136579,0.4686839,0.7434158,1015.864,37.33303,-0.3095703, 0.03515625, -0.9106445, -0.006875038, -0.2821875, 0.09406257,125.6389,5,4,True,True,177
136654,0.7446797,1.020676,1015.854,37.33759,-0.3081055, 0.03369141, -0.9086914, 0.02437496, -0.2040625, 0.06281257,125.6389,5,4,True,True,177
136730,-0.252374,-1.249428,1015.937,37.33759,-0.3081055, 0.03369141, -0.909668, 0.008749962, -0.2196875, 0.07843757,125.6389,5,4,True,True,177
136806,-1.314091,-2.375809,1015.979,-1,-0.3085938, 0.03369141, -0.909668, 0.02437496, -0.2040625, 0.1096876,125.6389,5,4,True,True,177
136892,-1.28176,-1.249428,1015.937,-1,-0.3095703, 0.03466797, -0.9106445, -0.006875038, -0.2665625, 0.09406257,125.6389,5,4,True,True,177
136969,-1.12696,-0.9721603,1015.927,37.32846,-0.309082, 0.03417969, -0.909668, 0.03999996, -0.2040625, 0.1096876,125.6389,5,4,True,True,177
137156,0.0854916,1.297943,1015.844,-1,-0.3085938, 0.03564453, -0.9082031, 0.008749962, -0.1884375, 0.1253126,125.6389,5,4,True,True,177
137236,-0.1660707,-0.4176331,1015.907,37.3239,-0.3081055, 0.03417969, -0.9082031, 0.07124996, -0.3134375, 0.1096876,125.6389,5,4,True,True,177
137315,-0.1618852,-0.1576996,1015.897,-1,-0.3085938, 0.03369141, -0.9101563, 0.05562496, -0.2040625, 0.04718757,125.6389,5,4,True,True,177
137396,-0.7056565,-1.249428,1015.937,37.31477,-0.3095703, 0.03466797, -0.9106445, 0.02437496, -0.1884375, 0.1096876,125.6389,5,4,True,True,177
137475,-0.2757141,0.1542282,1015.886,-1,-0.3085938, 0.03369141, -0.9086914, -0.05375004, -0.2040625, 0.1096876,125.6389,5,4,True,True,177
137557,0.3551544,0.9860229,1015.856,-1,-0.3100586, 0.03417969, -0.9086914, 0.03999996, -0.2353125, 0.09406257,125.6389,5,4,True,True,177
137640,-0.6030968,-1.561348,1015.949,-1,-0.309082, 0.03466797, -0.909668, 0.05562496, -0.2353125, 0.1253126,125.6389,5,4,True,True,177
137722,-0.5103649,-0.4176331,1015.907,-1,-0.3085938, 0.03515625, -0.9111328, 0.03999996, -0.2196875, 0.07843757,125.6389,5,4,True,True,177
137803,-1.17449,-1.838615,1015.959,-1,-0.3081055, 0.03271484, -0.9106445, 0.02437496, -0.1415625, 0.09406257,125.6389,5,4,True,True,177
137936,-0.6660949,-0.1576996,1015.897,37.3239,-0.3095703, 0.03515625, -0.909668, -0.006875038, -0.2665625, 0.1096876,125.6389,5,4,True,True,177
137997,-1.252355,-1.838615,1015.959,-1,-0.309082, 0.03320313, -0.9082031, -0.006875038, -0.2509375, 0.04718757,125.6389,5,4,True,True,177
138062,-0.2717998,0.7087555,1015.865,-1,-0.3085938, 0.03320313, -0.9077148, 0.02437496, -0.2196875, 0.1409376,125.6389,5,4,True,True,177
138232,-0.9165739,-1.561348,1015.949,-1,-0.3100586, 0.03320313, -0.909668, -0.006875038, -0.1728125, 0.1096876,125.6389,5,4,True,True,177
138302,-1.940785,-2.964996,1016.001,37.31934,-0.3095703, 0.03417969, -0.9086914, 0.03999996, -0.2353125, 0.1253126,125.6389,5,4,True,True,177
138368,-1.317839,-0.6948929,1015.917,-1,-0.3095703, 0.03271484, -0.9116211, 0.008749962, -0.2509375, 0.09406257,125.6389,5,4,True,True,177
138437,-0.009947956,1.297943,1015.844,37.3239,-0.3095703, 0.03320313, -0.9086914, 0.03999996, -0.2040625, 0.07843757,125.6389,5,4,True,True,177
138504,-0.3524204,-0.6948929,1015.917,-1,-0.3076172, 0.03515625, -0.9101563, 0.05562496, -0.2353125, 0.09406257,125.6389,5,4,True,True,177
138574,-1.095518,-1.838615,1015.959,-1,-0.3085938, 0.03515625, -0.9086914, -0.006875038, -0.1884375, 0.1096876,125.6389,5,4,True,True,177
138642,0.508443,2.112404,1015.814,-1,-0.3071289, 0.03369141, -0.9072266, 0.02437496, -0.2665625, 0.09406257,125.6389,5,4,True,True,177
138718,0.04540497,-0.4176331,1015.907,37.31934,-0.3085938, 0.03417969, -0.9101563, 0.02437496, -0.2509375, 0.07843757,125.6389,5,4,True,True,177
138789,-0.7579715,-1.561348,1015.949,-1,-0.3085938, 0.03515625, -0.9106445, 0.02437496, -0.2509375, 0.1096876,125.6389,5,4,True,True,177
138863,0.4086195,1.575211,1015.834,37.31021,-0.3085938, 0.03222656, -0.9091797, 0.02437496, -0.2353125, 0.1096876,125.6389,5,4,True,True,177
138937,-1.009592,-2.427803,1015.981,37.31021,-0.309082, 0.03417969, -0.9121094, 0.08687496, -0.2821875, 0.1096876,125.6389,5,4,True,True,177
139010,-0.5836457,-0.1576996,1015.897,-1,-0.309082, 0.03369141, -0.9111328, 0.07124996, -0.2821875, 0.1565626,125.6389,5,4,True,True,177
139193,0.608419,1.800484,1015.825,37.29652,-0.3095703, 0.03320313, -0.909668, 0.03999996, -0.1728125, 0.06281257,125.6389,5,4,True,True,177
139266,0.641257,0.6740952,1015.867,-1,-0.3076172, 0.03466797, -0.9086914, 0.03999996, -0.2040625, 0.09406257,125.6389,5,4,True,True,177
139342,-0.2001082,-1.041473,1015.93,37.29195,-0.3081055, 0.03271484, -0.9091797, 0.008749962, -0.2196875, 0.06281257,125.6389,5,4,True,True,177
139419,0.514261,1.22863,1015.847,-1,-0.3095703, 0.03369141, -0.9101563, 0.03999996, -0.2509375, 0.07843757,125.6389,5,4,True,True,177
139499,0.7328118,0.9513626,1015.857,37.28739,-0.309082, 0.03369141, -0.9106445, 0.008749962, -0.3134375, 0.1409376,125.6389,5,4,True,True,177
139579,0.1142659,-0.5042801,1015.91,37.28739,-0.3081055, 0.03369141, -0.9091797, 0.07124996, -0.2040625, 0.06281257,125.6389,5,4,True,True,177
139655,0.0995867,0.08490753,1015.888,-1,-0.3095703, 0.03271484, -0.9082031, -0.006875038, -0.2196875, 0.09406257,125.6389,5,4,True,True,177
139738,1.201306,2.303024,1015.807,37.28739,-0.3095703, 0.03466797, -0.9082031, -0.006875038, -0.2040625, 0.1721876,125.6389,5,4,True,True,177
139818,0.6431065,0.08490753,1015.888,-1,-0.3081055, 0.03271484, -0.909668, 0.07124996, -0.1884375, 0.07843757,125.6389,5,4,True,True,177
139901,-1.065639,-2.774384,1015.993,-1,-0.309082, 0.03417969, -0.9086914, 0.008749962, -0.2353125, 0.1096876,125.6389,5,4,True,True,177
139989,0.3500924,1.765823,1015.827,37.27826,-0.309082, 0.03369141, -0.9091797, 0.05562496, -0.1884375, 0.1409376,125.6389,5,4,True,True,177
140093,-0.3456905,-1.041473,1015.93,-1,-0.3085938, 0.03662109, -0.9111328, 0.03999996, -0.2665625, 0.06281257,125.6389,5,4,True,True,177
140281,-0.2863516,-0.2270126,1015.9,-1,-0.3095703, 0.03466797, -0.9082031, 0.02437496, -0.2509375, 0.03156257,125.6389,5,4,True,True,177
140366,-0.6639125,-1.041473,1015.93,-1,-0.3100586, 0.03564453, -0.9082031, -0.02250004, -0.2353125, 0.07843757,125.6389,5,4,True,True,177
140451,0.1437251,0.9513626,1015.857,-1,-0.3081055, 0.03271484, -0.9091797, -0.06937504, -0.2040625, 0.1721876,125.6389,5,4,True,True,177
140586,0.6861775,1.22863,1015.847,-1,-0.309082, 0.03515625, -0.9086914, -0.006875038, -0.2040625, 0.1409376,125.6389,5,4,True,True,177
140650,0.3855425,0.08490753,1015.888,-1,-0.3076172, 0.03417969, -0.9077148, 0.03999996, -0.1884375, 0.1253126,125.6389,5,4,True,True,177
140715,0.235225,0.08490753,1015.888,37.28739,-0.3085938, 0.03466797, -0.9111328, 0.02437496, -0.1884375, 0.1253126,125.6389,5,4,True,True,177
140779,0.1600663,0.08490753,1015.888,-1,-0.3095703, 0.03466797, -0.9091797, 0.07124996, -0.1728125, 0.07843757,125.6389,5,4,True,True,177
140845,0.4170807,0.6740952,1015.867,37.28739,-0.3085938, 0.03369141, -0.9116211, 0.02437496, -0.1728125, 0.1253126,125.6389,5,4,True,True,177
140911,-0.8840576,-2.185196,1015.972,-1,-0.3105469, 0.03515625, -0.9072266, 0.02437496, -0.2196875, 0.1409376,125.6389,5,4,True,True,177
140977,-0.399575,0.08490753,1015.888,-1,-0.3085938, 0.03515625, -0.9077148, -0.006875038, -0.2040625, 0.1409376,125.6389,5,4,True,True,177
141046,-0.1573338,0.08490753,1015.888,-1,-0.309082, 0.03466797, -0.9091797, -0.006875038, -0.2040625, 0.09406257,125.6389,5,4,True,True,177
141116,-0.5994036,-1.041473,1015.93,-1,-0.3105469, 0.03369141, -0.9091797, 0.008749962, -0.1571875, 0.1096876,125.6389,5,4,True,True,177
141296,0.0373458,0.6740952,1015.867,37.28283,-0.3081055, 0.03515625, -0.9101563, 0.05562496, -0.1571875, 0.1253126,125.6389,5,4,True,True,177
141370,0.3557205,0.6740952,1015.867,37.29652,-0.3095703, 0.03417969, -0.9082031, -0.02250004, -0.2821875, 0.1096876,125.6389,5,4,True,True,177
141440,0.220314,0.08490753,1015.888,-1,-0.3110352, 0.03369141, -0.9106445, 0.03999996, -0.1728125, 0.07843757,125.6389,5,4,True,True,177
141512,0.724472,1.22863,1015.847,-1,-0.3105469, 0.03369141, -0.9091797, 0.07124996, -0.2196875, 0.1409376,125.6389,5,4,True,True,177
141586,0.5433235,0.362175,1015.878,37.29195,-0.3095703, 0.03466797, -0.9077148, 0.02437496, -0.2821875, 0.1409376,125.6389,5,4,True,True,177
141661,1.015944,1.488564,1015.837,37.29195,-0.3105469, 0.03466797, -0.9082031, 0.02437496, -0.2509375, 0.1253126,125.6389,5,4,True,True,177
141736,-0.2900324,-1.596008,1015.95,37.28739,-0.3081055, 0.03369141, -0.9086914, 0.03999996, -0.2040625, 0.1096876,125.6389,5,4,True,True,177
141811,0.3306651,0.9513626,1015.857,-1,-0.3095703, 0.03515625, -0.9072266, 0.05562496, -0.2509375, 0.07843757,125.6389,5,4,True,True,177
141887,0.7796476,1.22863,1015.847,37.28283,-0.3081055, 0.03369141, -0.909668, 0.02437496, -0.2353125, 0.1253126,125.6389,5,4,True,True,177
141966,1.134106,1.488564,1015.837,37.28739,-0.3076172, 0.03417969, -0.9086914, 0.02437496, -0.2040625, 0.1409376,125.6389,5,4,True,True,177
142043,-0.5255452,-2.185196,1015.972,-1,-0.3095703, 0.03466797, -0.9082031, -0.006875038, -0.2665625, 0.06281257,125.6389,5,4,True,True,177
142123,0.6201391,1.765823,1015.827,-1,-0.309082, 0.03369141, -0.9091797, 0.05562496, -0.2196875, 0.1253126,125.6389,5,4,True,True,177
142312,-0.0807004,-0.7815399,1015.92,-1,-0.3076172, 0.03417969, -0.9082031, 0.03999996, -0.1415625, 0.1096876,125.6389,5,4,True,True,177
142392,0.8425615,1.765823,1015.827,37.27826,-0.309082, 0.03466797, -0.9072266, -0.006875038, -0.2353125, 0.1409376,125.6389,5,4,True,True,177
142472,1.867387,2.892212,1015.785,-1,-0.309082, 0.03417969, -0.9077148, -0.02250004, -0.2196875, 0.1096876,125.6389,5,4,True,True,177
142554,0.3869595,-1.093468,1015.932,-1,-0.3085938, 0.03417969, -0.9106445, 0.02437496, -0.2040625, 0.1409376,125.6389,5,4,True,True,177
142637,0.2186072,0.05025482,1015.89,37.26913,-0.3095703, 0.03417969, -0.9106445, 0.02437496, -0.1259375, 0.1409376,125.6389,5,4,True,True,177
142722,0.134431,0.05025482,1015.89,37.26913,-0.3085938, 0.03417969, -0.909668, -0.006875038, -0.2196875, 0.1253126,125.6389,5,4,True,True,177
142807,-0.2022509,-0.5389328,1015.912,37.26001,-0.309082, 0.03320313, -0.9106445, 0.02437496, -0.1728125, 0.06281257,125.6389,5,4,True,True,177
142893,0.0539687,0.3101883,1015.88,37.26001,-0.3085938, 0.03417969, -0.9130859, 0.05562496, -0.2353125, 0.1409376,125.6389,5,4,True,True,177
143027,-0.242482,-0.5389328,1015.912,37.26001,-0.3085938, 0.03369141, -0.9086914, 0.05562496, -0.2196875, 0.09406257,125.6389,5,4,True,True,177
143093,0.1724868,0.5874557,1015.87,37.26913,-0.3085938, 0.03564453, -0.9101563, -0.006875038, -0.1571875, 0.1565626,125.6389,5,4,True,True,177
143163,-0.0272629,-0.2270126,1015.9,-1,-0.309082, 0.03466797, -0.9091797, 0.05562496, -0.2353125, 0.09406257,125.6389,5,4,True,True,177
143228,0.8432869,1.713837,1015.828,37.26001,-0.3085938, 0.03417969, -0.9067383, 0.008749962, -0.1884375, 0.1253126,125.6389,5,4,True,True,177
143404,1.989053,3.134819,1015.776,-1,-0.3081055, 0.03466797, -0.9106445, 0.008749962, -0.2509375, 0.1409376,125.6389,5,4,True,True,177
143474,1.288254,0.5874557,1015.87,37.26001,-0.3105469, 0.03271484, -0.9082031, 0.05562496, -0.2665625, 0.1253126,125.6389,5,4,True,True,177
143540,1.934273,2.580292,1015.797,-1,-0.3076172, 0.03417969, -0.9091797, 0.02437496, -0.1884375, 0.07843757,125.6389,5,4,True,True,177
143608,0.9922639,0.05025482,1015.89,37.26913,-0.3095703, 0.03369141, -0.9101563, 0.02437496, -0.1728125, 0.1409376,125.6389,5,4,True,True,177
143676,0.7898598,0.5874557,1015.87,-1,-0.309082, 0.03564453, -0.9077148, -0.02250004, -0.1728125, 0.06281257,125.6389,5,4,True,True,177
143744,0.6886578,0.5874557,1015.87,-1,-0.3095703, 0.03466797, -0.9086914, 0.1025, -0.2509375, 0.09406257,125.6389,5,4,True,True,177
143814,0.499423,0.3101883,1015.88,-1,-0.3100586, 0.03417969, -0.909668, 0.02437496, -0.1728125, 0.1253126,125.6389,5,4,True,True,177
143886,0.2748389,0.05025482,1015.89,-1,-0.3100586, 0.03466797, -0.9106445, -0.02250004, -0.2509375, 0.06281257,125.6389,5,4,True,True,177
143959,1.566195,2.857552,1015.787,37.26001,-0.3100586, 0.03466797, -0.9106445, -0.006875038, -0.2665625, 0.1096876,125.6389,5,4,True,True,177
144034,1.804643,2.043091,1015.817,-1,-0.3095703, 0.03320313, -0.9091797, 0.02437496, -0.2040625, 0.1409376,125.6389,5,4,True,True,177
144106,0.9274489,0.05025482,1015.89,-1,-0.3095703, 0.03417969, -0.9091797, 0.05562496, -0.2196875, 0.07843757,125.6389,5,4,True,True,177
144180,1.615237,2.303024,1015.807,-1,-0.3095703, 0.03222656, -0.909668, 0.008749962, -0.2353125, 0.09406257,125.6389,5,4,True,True,177
144363,-0.1723393,-1.959915,1015.963,37.26457,-0.3081055, 0.03662109, -0.9101563, 0.05562496, -0.2665625, 0.1096876,125.6389,5,4,True,True,177
144441,-0.6329035,-1.093468,1015.932,-1,-0.309082, 0.03515625, -0.9086914, -0.006875038, -0.2509375, 0.07843757,125.6389,5,4,True,True,177
144515,-0.2913243,0.05025482,1015.89,-1,-0.3076172, 0.03417969, -0.9077148, 0.03999996, -0.2040625, 0.09406257,125.6389,5,4,True,True,177
144592,-0.2591685,-0.2270126,1015.9,-1,-0.3095703, 0.03173828, -0.9086914, 0.02437496, -0.1571875, 0.1409376,125.6389,5,4,True,True,177
144670,0.3201037,0.8993759,1015.858,-1,-0.3076172, 0.03271484, -0.909668, -0.02250004, -0.1728125, 0.1096876,125.6389,5,4,True,True,177
144747,1.311564,2.303024,1015.807,-1,-0.3105469, 0.03271484, -0.9111328, -0.006875038, -0.2196875, 0.07843757,125.6389,5,4,True,True,177
144826,0.6809094,0.05025482,1015.89,-1,-0.3085938, 0.03271484, -0.9077148, 0.03999996, -0.1884375, 0.06281257,125.6389,5,4,True,True,177
144906,1.067406,1.453903,1015.838,-1,-0.3081055, 0.03515625, -0.909668, 0.03999996, -0.1415625, 0.1253126,125.6389,5,4,True,True,177
144987,0.6887973,0.3101883,1015.88,-1,-0.3095703, 0.03369141, -0.9082031, 0.02437496, -0.2821875, 0.1253126,125.6389,5,4,True,True,177
145070,-0.06370148,-0.8162003,1015.922,37.26913,-0.3100586, 0.03369141, -0.9086914, 0.02437496, -0.1728125, 0.1096876,125.6389,5,4,True,True,177
145150,0.2618771,0.5874557,1015.87,-1,-0.3095703, 0.03564453, -0.9106445, 0.02437496, -0.2196875, 0.09406257,125.6389,5,4,True,True,177
145232,0.7192564,1.176636,1015.848,-1,-0.3095703, 0.03564453, -0.9072266, 0.02437496, -0.2196875, 0.07843757,125.6389,5,4,True,True,177
145426,0.5147223,0.3101883,1015.88,-1,-0.3081055, 0.03515625, -0.9111328, 0.07124996, -0.2353125, 0.1565626,125.6389,5,4,True,True,177
145511,-0.2893727,-1.093468,1015.932,37.26001,-0.3115234, 0.03466797, -0.9101563, 0.02437496, -0.1884375, 0.1096876,125.6389,5,4,True,True,177
145646,1.422723,3.134819,1015.776,37.26457,-0.3076172, 0.03466797, -0.9116211, -0.006875038, -0.2040625, 0.09406257,125.6389,5,4,True,True,177
145711,1.00509,0.5874557,1015.87,37.25544,-0.309082, 0.03564453, -0.9101563, -0.02250004, -0.2040625, 0.07843757,125.6389,5,4,True,True,177
145776,-0.06151545,-1.12812,1015.933,-1,-0.3081055, 0.03369141, -0.9116211, -0.02250004, -0.1884375, 0.07843757,125.6389,5,4,True,True,177
145842,-0.5948179,-1.12812,1015.933,-1,-0.3095703, 0.03369141, -0.9082031, 0.05562496, -0.2353125, 0.09406257,125.6389,5,4,True,True,177
145907,-0.5668754,-0.5389328,1015.912,37.25544,-0.3081055, 0.03466797, -0.9091797, 0.02437496, -0.2040625, 0.07843757,125.6389,5,4,True,True,177
145976,-0.8474978,-1.12812,1015.933,-1,-0.309082, 0.03466797, -0.9086914, -0.02250004, -0.2665625, 0.1096876,125.6389,5,4,True,True,177
146046,0.1472426,1.141983,1015.85,37.25544,-0.309082, 0.03369141, -0.9072266, 0.02437496, -0.2665625, 0.07843757,125.6389,5,4,True,True,177
146116,1.21647,2.285698,1015.808,37.26001,-0.3095703, 0.03320313, -0.9072266, 0.03999996, -0.2509375, 0.07843757,125.6389,5,4,True,True,177
146197,0.901963,0.5874557,1015.87,37.26001,-0.309082, 0.03466797, -0.9091797, 0.02437496, -0.2353125, 0.1409376,125.6389,5,4,True,True,177
146268,1.455197,2.00843,1015.818,-1,-0.309082, 0.03564453, -0.9101563, 0.05562496, -0.2353125, 0.07843757,125.6389,5,4,True,True,177
146447,1.29859,1.141983,1015.85,37.25088,-0.3085938, 0.03271484, -0.9077148, 0.008749962, -0.2196875, 0.06281257,125.6389,5,4,True,True,177
146518,0.648429,-0.001731873,1015.891,-1,-0.3095703, 0.03466797, -0.909668, 0.03999996, -0.2040625, 0.07843757,125.6389,5,4,True,True,177
146592,-0.3784794,-1.405388,1015.943,37.25088,-0.3081055, 0.03466797, -0.9116211, 0.05562496, -0.2353125, 0.1409376,125.6389,5,4,True,True,177
146663,1.516804,3.412086,1015.766,-1,-0.3085938, 0.03515625, -0.909668, 0.03999996, -0.1728125, 0.1096876,125.6389,5,4,True,True,177
146738,1.597994,1.679184,1015.83,-1,-0.3081055, 0.03466797, -0.9086914, 0.05562496, -0.2196875, 0.06281257,125.6389,5,4,True,True,177
146813,1.075395,0.5527954,1015.871,-1,-0.3076172, 0.03417969, -0.9077148, 0.05562496, -0.2196875, 0.07843757,125.6389,5,4,True,True,177
146888,0.814095,0.5527954,1015.871,-1,-0.3081055, 0.03515625, -0.9067383, -0.03812504, -0.1884375, 0.1253126,125.6389,5,4,True,True,177
146963,1.385269,1.956444,1015.819,-1,-0.3095703, 0.03515625, -0.909668, 0.008749962, -0.2509375, 0.1096876,125.6389,5,4,True,True,177
147040,1.402256,1.419243,1015.84,-1,-0.3100586, 0.03515625, -0.9101563, -0.02250004, -0.2196875, 0.03156257,125.6389,5,4,True,True,177
147117,0.6829319,-0.03639221,1015.893,-1,-0.3076172, 0.03417969, -0.9106445, 0.02437496, -0.2821875, 0.07843757,125.6389,5,4,True,True,177
147194,0.05466941,-0.5735931,1015.913,-1,-0.309082, 0.03320313, -0.9082031, 0.02437496, -0.2509375, 0.07843757,125.6389,5,4,True,True,177
147270,-1.394514,-2.843697,1015.996,-1,-0.3095703, 0.03564453, -0.9101563, -0.006875038, -0.2665625, 0.07843757,125.6389,5,4,True,True,177
147460,-0.1522586,1.089996,1015.851,-1,-0.3085938, 0.03417969, -0.9106445, 0.008749962, -0.2196875, 0.1878126,125.6389,5,4,True,True,177
147539,0.7634626,1.679184,1015.83,-1,-0.3085938, 0.03222656, -0.9106445, 0.02437496, -0.2353125, 0.1721876,125.6389,5,4,True,True,177
147621,0.3635352,-0.03639221,1015.893,-1,-0.309082, 0.03466797, -0.909668, 0.02437496, -0.2196875, 0.1096876,125.6389,5,4,True,True,177
147703,0.432172,0.5008087,1015.873,37.22349,-0.3071289, 0.03564453, -0.9082031, -0.006875038, -0.1728125, 0.1096876,125.6389,5,4,True,True,177
147788,-0.3826346,-1.197441,1015.936,37.21893,-0.3100586, 0.03417969, -0.9111328, -0.02250004, -0.2353125, 0.07843757,125.6389,5,4,True,True,177
147874,-0.5214374,-0.6602402,1015.916,-1,-0.309082, 0.03564453, -0.9082031, 0.02437496, -0.2509375, 0.1565626,125.6389,5,4,True,True,177
147959,-0.3135751,-0.1057129,1015.896,37.19611,-0.3081055, 0.03466797, -0.9077148, 0.02437496, -0.2040625, 0.07843757,125.6389,5,4,True,True,177
148094,-1.362022,-2.410469,1015.98,-1,-0.309082, 0.03369141, -0.9082031, 0.03999996, -0.2353125, 0.1096876,125.6389,5,4,True,True,177
148160,0.3751909,2.112404,1015.814,37.17785,-0.3076172, 0.03417969, -0.909668, 0.008749962, -0.2353125, 0.1409376,125.6389,5,4,True,True,177
148224,0.6806069,0.9860229,1015.855,37.18241,-0.3076172, 0.03564453, -0.909668, 0.05562496, -0.2353125, 0.07843757,125.6389,5,4,True,True,177
148290,1.829733,2.978859,1015.782,37.17785,-0.309082, 0.03369141, -0.9091797, 0.02437496, -0.2040625, 0.1096876,125.6389,5,4,True,True,177
148356,1.971068,2.112404,1015.814,-1,-0.3066406, 0.03320313, -0.90625, 0.03999996, -0.2040625, 0.1409376,125.6389,5,4,True,True,177
148531,0.9153514,-0.1403656,1015.897,-1,-0.3100586, 0.03369141, -0.9091797, 0.02437496, -0.2353125, 0.07843757,125.6389,5,4,True,True,177
148597,0.1102293,-0.6948929,1015.917,-1,-0.309082, 0.03466797, -0.9082031, 0.02437496, -0.1884375, 0.07843757,125.6389,5,4,True,True,177
148665,0.7040862,1.297943,1015.844,37.18698,-0.3076172, 0.03417969, -0.909668, -0.02250004, -0.2665625, 0.1409376,125.6389,5,4,True,True,177
148732,0.004596651,-0.6948929,1015.917,-1,-0.3085938, 0.03417969, -0.9091797, -0.006875038, -0.2509375, 0.07843757,125.6389,5,4,True,True,177
148805,-0.05055812,-0.1057129,1015.896,37.20067,-0.3110352, 0.03466797, -0.9067383, -0.08500004, -0.2196875, 0.1096876,125.6389,5,4,True,True,177
148875,-0.0781355,-0.1057129,1015.896,-1,-0.309082, 0.03417969, -0.9086914, 0.02437496, -0.1728125, 0.09406257,125.6389,5,4,True,True,177
148946,0.4712701,1.020676,1015.854,37.19611,-0.3085938, 0.03369141, -0.9086914, -0.03812504, -0.2196875, 0.09406257,125.6389,5,4,True,True,177
149018,1.1792,1.887131,1015.822,-1,-0.3081055, 0.03466797, -0.9101563, 0.05562496, -0.1728125, 0.09406257,125.6389,5,4,True,True,177
149087,0.5367437,-0.1057129,1015.896,-1,-0.3120117, 0.03320313, -0.9038086, 0.02437496, -0.1259375, 0.09406257,125.6389,5,4,True,True,177
149161,-1.35276,-3.242264,1016.011,37.19611,-0.3198242, 0.02734375, -0.9194336, 0.336875, 10.31156, -1.171562,125.6389,5,4,True,True,177
149243,-0.02740848,1.297943,1015.844,-1,-0.3378906, 0.04248047, -0.9306641, -0.08500004, -18.64156, 0.8440626,125.6389,5,4,True,True,177
149319,0.06340986,0.1542282,1015.886,-1,-0.2851563, 0.03369141, -0.9160156, 0.180625, 7.077188, -0.4371874,125.6389,5,4,True,True,177
149503,1.659768,3.256126,1015.772,-1,-0.3066406, 0.03417969, -0.9091797, 0.03999996, 0.6084375, 0.06281257,125.6389,5,4,True,True,177
149579,2.02472,2.389671,1015.804,-1,-0.3203125, 0.02441406, -0.9199219, -0.86625, -0.7040625, 0.4221876,125.6389,5,4,True,True,177
149657,1.782635,1.54055,1015.835,37.17785,-0.3266602, -0.006347656, -0.9331055, -1.069375, -0.06343746, 0.4221876,125.6389,5,4,True,True,177
149732,0.5265409,-0.7295532,1015.918,-1,-0.3149414, 0.02832031, -0.8862305, -0.11625, -0.6571875, -0.03093743,125.6389,5,4,True,True,177
149808,1.172175,1.81781,1015.825,-1,-0.3564453, -0.01074219, -0.9790039, 3.00875, 2.077188, -1.109062,125.6389,5,4,True,True,177
149887,1.919557,2.666939,1015.793,37.16872,-0.3081055, 0.03613281, -0.9052734, -0.49125, -0.9540625, 0.1878126,125.6389,5,4,True,True,177
149967,1.868684,1.81781,1015.825,-1,-0.3212891, 0.03564453, -0.8989258, 0.415, -0.7353125, -0.01531243,125.6389,5,4,True,True,177
150047,1.704617,1.54055,1015.835,-1,-0.3173828, 0.04736328, -0.9033203, 0.13375, -1.688437, 0.01593757,125.6389,5,4,True,True,177
150128,0.7561323,-0.1923523,1015.898,-1,-0.3095703, 0.03369141, -0.9082031, 0.19625, -0.8290625, 0.07843757,125.6389,5,4,True,True,177
150208,1.148341,1.54055,1015.835,-1,-0.3085938, 0.03808594, -0.9125977, -0.835, -1.516562, 0.3596876,125.6389,5,4,True,True,177
150289,2.340864,3.533386,1015.762,-1,-0.3085938, 0.03662109, -0.90625, 0.149375, 0.4053125, 0.1096876,125.6389,5,4,True,True,177
150374,1.663443,0.9860229,1015.855,-1,-0.3081055, 0.03759766, -0.9082031, -0.03812504, 0.1553125, 0.09406257,125.6389,5,4,True,True,177
150567,0.5969118,-0.4696198,1015.908,37.16416,-0.3286133, 0.09130859, -0.8925781, 3.13375, 4.405313, 0.1253126,125.6389,5,4,True,True,177
150699,2.33375,4.070587,1015.742,37.16416,-0.1767578, -0.04052734, -0.7949219, -10.86625, 50.70219, 8.765938,125.6389,5,4,True,True,177
150759,2.638974,2.944199,1015.783,-1,-0.02441406, 0.06542969, -0.9555664, -8.085, -66.57906, -4.359062,125.6389,5,4,True,True,177
150825,2.089762,1.54055,1015.835,-1,-0.4335938, 0.01123047, -1.07373, -7.835, -65.14156, 1.922188,125.6389,5,4,True,True,177
150890,1.243299,0.3968353,1015.877,-1,-0.4804688, 0.1083984, -1.505859, 2.00875, 4.639688, -0.2340624,125.6389,5,4,True,True,177
150956,0.9586969,0.6740952,1015.867,-1,-0.2480469, 0.08105469, -0.8964844, -0.631875, 74.32719, 1.359688,125.6389,5,4,True,True,177
151020,2.653276,4.347855,1015.732,-1,-0.3266602, 0.06982422, -1.356934, 4.3525, 105.6553, 0.3909376,125.6389,5,4,True,True,177
151084,3.205971,3.758667,1015.753,-1,0.02294922, -0.01416016, -1.208008, 8.118125, 106.7022, -18.62469,125.6389,5,4,True,True,177
151150,2.511891,1.81781,1015.825,-1,-0.1269531, 0.04492188, -1.103027, 11.11812, 60.70219, -47.09344,125.6389,5,4,True,True,177
151221,1.454363,0.3968353,1015.877,-1,-0.3012695, 0.04541016, -0.9155273, 19.19625, -19.68844, -38.65594,125.6389,5,4,True,True,177
151290,2.043321,2.632278,1015.795,-1,-0.2539063, -0.01123047, -0.777832, 25.915, -56.11031, -20.92156,125.6389,5,4,True,True,177
151359,2.181839,2.320358,1015.807,37.13221,-0.1865234, 0.006835938, -0.6708984, 31.50875, -37.34469, -13.39031,125.6389,5,4,True,True,177
151539,2.796963,3.412086,1015.766,37.11395,-0.0859375, -0.02880859, -0.7919922, 28.58688, 39.93656, -6.030937,125.6389,5,4,True,True,177
151610,3.243155,3.689346,1015.756,37.11395,-0.09082031, 0.03759766, -0.9248047, 24.8525, 38.65531, -17.42156,125.6389,5,4,True,True,177
151680,3.604884,3.966614,1015.746,37.10938,-0.02734375, -0.01464844, -0.7124023, 2.649375, -10.18844, -25.06219,125.6389,5,4,True,True,177
151754,3.352521,3.100159,1015.778,37.10026,-0.09179688, 0.01708984, -0.8676758, -29.47562, -71.71969, -31.15594,125.6389,5,4,True,True,177
151826,4.066798,4.781075,1015.716,-1,-0.2036133, -0.04833984, -0.8183594, -28.7725, -112.7353, -26.93719,125.6389,5,4,True,True,177
151900,4.40661,4.746422,1015.717,-1,-0.2905273, -0.04785156, -0.8862305, -41.74125, -117.0791, -9.577812,125.6389,5,4,True,True,177
151975,5.988832,7.571053,1015.614,-1,-0.3461914, -0.004394531, -0.909668, -41.19437, -59.43844, 4.750313,125.6389,5,4,True,True,177
152054,4.232575,2.476318,1015.801,37.07744,-0.3427734, -0.03857422, -0.9545898, -36.88187, 10.10844, 13.00031,125.6389,5,4,True,True,177
152132,3.493077,2.753578,1015.791,-1,-0.2841797, -0.02099609, -1.07666, -34.1475, 67.82719, 14.17219,125.6389,5,4,True,True,177
152211,3.842485,4.191895,1015.737,37.08656,-0.1625977, 0.06542969, -1.074219, -35.2725, 68.98344, 4.484688,125.6389,5,4,True,True,177
152290,3.176728,2.510971,1015.799,37.09569,-0.1123047, 0.06933594, -1.062988, -29.2725, 22.56156, -9.187187,125.6389,5,4,True,True,177
152375,3.996232,4.815735,1015.715,-1,-0.1835938, 0.03955078, -0.9477539, -25.72562, -35.04781, -18.28094,125.6389,5,4,True,True,177
152565,4.250023,4.503815,1015.726,37.10482,-0.2514648, -0.01660156, -0.7885742, -3.350625, 4.014688, -6.327812,125.6389,5,4,True,True,177
152645,4.948776,5.64753,1015.684,37.09569,-0.2148438, -0.004882813, -0.7773438, -2.006875, 45.12406, 0.6565626,125.6389,5,4,True,True,177
152725,5.298153,5.64753,1015.684,-1,-0.1669922, 0.01757813, -0.8393555, 6.57125, 65.78031, 2.344063,125.6389,5,4,True,True,177
152806,4.745024,4.191895,1015.737,-1,-0.1289063, -0.01318359, -0.9208984, 16.21188, 53.03031, -0.8903124,125.6389,5,4,True,True,177
152891,3.905265,3.065506,1015.779,37.09569,-0.137207, 0.03613281, -1.029785, 14.9775, 5.374063, -6.202812,125.6389,5,4,True,True,177
152973,3.208118,2.510971,1015.799,-1,-0.2036133, 0.06835938, -1.045898, 20.75875, -30.31344, -11.04656,125.6389,5,4,True,True,177
153057,5.285612,7.363106,1015.621,37.10938,-0.1992188, 0.05957031, -0.8154297, 24.08688, -34.90719, -13.40594,125.6389,5,4,True,True,177
153142,5.327937,5.370262,1015.694,37.10482,-0.2070313, 0.1918945, -0.7177734, 17.30563, -19.65719, -17.70281,125.6389,5,4,True,True,177
153274,4.777242,4.226547,1015.736,-1,-0.300293, -0.01806641, -1.030762, 10.415, 31.68656, 4.531563,125.6389,5,4,True,True,177
153338,3.921374,3.065506,1015.779,-1,-0.2451172, -0.1020508, -1.166016, 12.25875, 53.37406, 6.219063,125.6389,5,4,True,True,177
153401,3.918001,3.914627,1015.747,-1,-0.1821289, 0.1079102, -1.268066, 3.88375, 33.51469, -2.624687,125.6389,5,4,True,True,177
153467,2.651295,1.38459,1015.841,-1,-0.1533203, -0.02246094, -1.164063, 3.524375, -9.344687, -13.18719,125.6389,5,4,True,True,177
153639,4.149413,5.64753,1015.684,-1,-0.2260742, 0.06542969, -0.8291016, -11.335, -85.67281, -75.62469,125.6389,5,4,True,True,177
153707,5.037105,5.924797,1015.674,37.10938,-0.2773438, 0.06738281, -0.7382813, -15.55375, -73.89156, -63.34344,125.6389,5,4,True,True,177
153777,4.345899,3.654694,1015.758,37.10938,-0.2758789, 0.02783203, -0.7197266, -8.5225, -39.92281, -50.35906,125.6389,5,4,True,True,177
153847,4.996715,5.64753,1015.684,37.10938,-0.2666016, -0.03710938, -0.7958984, -10.75688, 15.99906, -39.67156,125.6389,5,4,True,True,177
153917,5.460756,5.924797,1015.674,-1,-0.2524414, -0.02880859, -1.054199, -12.13188, 68.65531, -38.04656,125.6389,5,4,True,True,177
153988,4.557725,3.654694,1015.758,37.09569,-0.1704102, 0.0078125, -1.234863, -8.881875, 89.04594, -48.01531,125.6389,5,4,True,True,177
154059,3.239758,1.921791,1015.821,-1,-0.09423828, -0.01611328, -1.038574, -11.22563, 58.28031, -63.53094,125.6389,5,4,True,True,177
154129,3.854456,4.469154,1015.727,-1,-0.1103516, -0.03369141, -0.9160156, -15.50688, -2.297812, -71.67156,125.6389,5,4,True,True,177
154218,4.872296,5.890137,1015.676,-1,-0.2368164, 0.05029297, -1.004395, -27.81937, -65.57906, -69.56219,125.6389,5,4,True,True,177
154292,7.053467,9.234638,1015.552,37.06831,-0.3369141, 0.01513672, -0.9155273, -30.60062, -65.67281, -56.57781,125.6389,5,4,True,True,177
154368,4.886196,2.718925,1015.792,37.05918,-0.4575195, 0.02734375, -1.228027, -21.50687, 0.9678125, -39.90594,125.6389,5,4,True,True,177
154444,5.206213,5.52623,1015.689,37.04092,-0.3183594, 0.04199219, -1.316895, -6.631875, 69.01469, -32.85906,125.6389,5,4,True,True,177
154628,4.075206,2.944199,1015.783,37.04092,-0.04052734, 0.05908203, -0.8603516, 8.711875, -48.96969, -65.79656,125.6389,5,4,True,True,177
154703,5.077981,6.080757,1015.668,-1,-0.1079102, 0.02001953, -0.675293, 11.54, -91.39156, -74.39031,125.6389,5,4,True,True,177
154779,5.717999,6.358017,1015.658,37.03179,-0.1225586, 0.01074219, -0.3666992, 8.149375, -97.78219, -75.35906,125.6389,5,4,True,True,177
154858,5.327521,4.937042,1015.71,37.03179,-0.1206055, -0.04931641, -0.1933594, -3.335, -80.76656, -67.67156,125.6389,5,4,True,True,177
154935,5.565505,5.80349,1015.678,-1,-0.215332, -0.2060547, -0.2636719, -35.75687, -70.96969, -47.07781,125.6389,5,4,True,True,177
155014,5.121303,4.677101,1015.72,-1,-0.5356445, -0.1030273, -0.9731445, -68.53812, 24.46781, -4.093437,125.6389,5,4,True,True,177
155091,4.604609,4.087914,1015.742,-1,-0.40625, 0.01269531, -1.399414, -54.88187, 145.4834, -3.327812,125.6389,5,4,True,True,177
155169,4.892125,5.179642,1015.702,37.02266,-0.1064453, 0.01611328, -1.157715, -51.03812, 162.7022, -27.29656,125.6389,5,4,True,True,177
155249,4.195426,3.498726,1015.763,37.0181,-0.01171875, 0.06689453, -0.9165039, -32.69437, 59.98344, -51.70281,125.6389,5,4,True,True,177
155331,5.120761,6.046097,1015.67,-1,-0.08935547, 0.03369141, -1.033203, -36.53812, -63.79781, -61.31219,125.6389,5,4,True,True,177
155414,4.171113,3.221466,1015.773,37.02266,-0.230957, 0.02001953, -0.8608398, -40.28812, -108.3134, -58.37469,125.6389,5,4,True,True,177
155505,3.83492,3.498726,1015.763,37.0181,-0.4321289, 0.02148438, -1.057129, -28.00687, -48.23531, -47.35906,125.6389,5,4,True,True,177
155697,4.074057,4.313194,1015.733,-1,-0.1850586, 0.02490234, -1.008789, 18.8525, 118.1709, -32.10906,125.6389,5,4,True,True,177
155780,3.335838,2.597618,1015.796,36.99984,-0.046875, 0.01513672, -0.5327148, 18.415, 67.32719, -34.06219,125.6389,5,4,True,True,177
155866,4.535007,5.734177,1015.681,37.00897,-0.03515625, 0.05761719, -0.8051758, 24.3525, -5.157187, -40.78094,125.6389,5,4,True,True,177
156000,4.718695,4.902382,1015.711,-1,-0.4350586, 0.1708984, -1.255371, 7.430625, -87.78219, -58.14031,125.6389,5,4,True,True,177
156063,4.10871,3.498726,1015.763,-1,-0.7011719, 0.1601563, -1.538574, 0.3525, -57.62594, -31.89031,125.6389,5,4,True,True,177
156125,3.786392,3.464073,1015.765,-1,-1.347168, 0.4619141, -0.2055664, 15.30562, 24.03031, -4.124687,125.6389,5,4,True,True,177
156188,3.347969,2.909546,1015.785,-1,-0.1547852, -0.1230469, -0.8598633, 19.63375, 101.7803, 56.92219,125.6389,5,4,True,True,177
156252,3.561981,3.775993,1015.753,-1,-0.04052734, -0.1499023, -0.7695313, 7.149375, 77.38969, 48.42219,125.6389,5,4,True,True,177
156318,3.798954,4.035927,1015.743,-1,0.01269531, 0.07177734, -0.9624023, 2.7275, 11.18656, 37.03156,125.6389,5,4,True,True,177
156386,6.187546,8.576138,1015.577,37.02266,-0.009765625, 0.0078125, -0.7739258, 0.44625, -66.11031, 16.90656,125.6389,5,4,True,True,177
156456,4.687176,3.186806,1015.775,37.0181,-0.0234375, -0.03466797, -0.8188477, 3.04, -121.1416, 7.062813,125.6389,5,4,True,True,177
156526,3.096533,1.50589,1015.836,37.02266,-0.1474609, 0.1030273, -1.03418, 2.63375, -130.5947, -10.24969,125.6389,5,4,True,True,177
156704,3.56623,4.035927,1015.743,-1,-0.5297852, -0.03613281, -0.9667969, 5.930625, 7.827188, -0.6715624,125.6389,5,4,True,True,177
156772,3.532478,3.498726,1015.763,37.0181,-0.2919922, 0.04296875, -0.7338867, 1.13375, 47.09281, 27.64094,125.6389,5,4,True,True,177
156842,3.238338,2.944199,1015.783,37.02266,-0.2358398, -0.1083984, -0.6245117, -2.694375, 73.90531, 42.21906,125.6389,5,4,True,True,177
156913,3.931726,4.625114,1015.721,-1,-0.09570313, -0.03369141, -0.7285156, -3.11625, 67.54594, 48.21906,125.6389,5,4,True,True,177
156987,4.573014,5.214302,1015.7,-1,-0.05273438, 0.01806641, -0.8725586, -0.08500004, 45.67094, 30.42219,125.6389,5,4,True,True,177
157061,4.625058,4.677101,1015.72,37.04549,-0.04150391, 0.046875, -0.9960938, -1.17875, 2.983438, 14.14094,125.6389,5,4,True,True,177
157137,4.651079,4.677101,1015.72,-1,-0.1367188, 0.05615234, -1.134277, -3.350625, -29.70406, -3.530937,125.6389,5,4,True,True,177
157213,3.251775,1.85247,1015.824,37.05462,-0.2685547, 0.05419922, -1.0625, -6.381875, -27.11031, -13.45281,125.6389,5,4,True,True,177
157288,3.409911,3.568047,1015.761,-1,-0.387207, -0.05908203, -0.9360352, 5.336875, -1.579062, -4.109062,125.6389,5,4,True,True,177
157362,4.078166,4.746422,1015.717,-1,-0.2919922, 0.02783203, -0.7783203, 5.118125, 30.15531, 11.73469,125.6389,5,4,True,True,177
157440,5.547346,7.016525,1015.634,-1,-0.269043, 0.01416016, -0.8115234, 17.30563, 57.95219, 20.40656,125.6389,5,4,True,True,177
157518,6.143302,6.739258,1015.644,37.08656,-0.2070313, 0.005859375, -0.8515625, 25.89938, 52.93656, 27.50031,125.6389,5,4,True,True,177
157705,6.55392,6.964539,1015.636,-1,-0.105957, 0.02001953, -1.03125, 28.68063, -15.21969, 4.812813,125.6389,5,4,True,True,177
157783,4.081892,1.609863,1015.832,-1,-0.1333008, 0.01757813, -0.831543, 17.04, -38.56344, -12.89031,125.6389,5,4,True,True,177
157863,4.53546,4.989029,1015.709,-1,-0.1933594, -0.04882813, -0.6274414, 14.82125, -49.32906, -19.28094,125.6389,5,4,True,True,177
157944,4.034423,3.533386,1015.762,37.05462,-0.3618164, -0.02099609, -0.9916992, 12.99312, -36.42281, -12.45281,125.6389,5,4,True,True,177
158028,3.922539,3.810654,1015.752,37.03179,-0.3095703, 0.01855469, -0.8891602, 4.086875, 2.842813, 9.187813,125.6389,5,4,True,True,177
158111,3.138775,2.355011,1015.805,-1,-0.2617188, -0.06689453, -0.8623047, -0.225625, 38.90531, 22.65656,125.6389,5,4,True,True,177
158194,2.339663,1.54055,1015.835,37.03179,-0.1035156, -0.01171875, -0.9902344, -0.6475, 33.38969, 26.28156,125.6389,5,4,True,True,177
158276,2.780564,3.221466,1015.773,-1,-0.05371094, -0.01953125, -1.092285, -16.78812, -20.95406, 13.10969,125.6389,5,4,True,True,177
158359,3.278279,3.775993,1015.753,-1,-0.1982422, 0.06445313, -1.335449, -18.66312, -89.11031, 0.9690626,125.6389,5,4,True,True,177
158445,3.527136,3.775993,1015.753,-1,-0.3637695, 0.01220703, -1.313477, -12.7725, -106.4853, 1.609688,125.6389,5,4,True,True,177
158579,3.512931,3.498726,1015.763,-1,-0.3208008, -0.02392578, -1.084473, -41.22562, 23.32719, -0.3903124,125.6389,5,4,True,True,177
158644,3.505828,3.498726,1015.763,37.02266,-0.3642578, -0.06396484, -1.07373, -41.56937, 100.7178, -10.92156,125.6389,5,4,True,True,177
158822,3.190357,2.874886,1015.786,-1,-0.2163086, 0.05566406, -1.155273, -42.96, 37.95219, 2.844063,125.6389,5,4,True,True,177
158890,2.738028,2.285698,1015.808,36.99072,-0.2011719, 0.08007813, -1.044434, -29.17875, -24.31344, 8.172188,125.6389,5,4,True,True,177
158955,3.352321,3.966614,1015.746,-1,-0.1630859, -0.02539063, -0.8129883, -16.74125, -42.54781, 9.094063,125.6389,5,4,True,True,177
159025,3.936731,4.521141,1015.726,36.95876,-0.1635742, 0.002929688, -0.7163086, -15.56938, -21.56344, 3.359688,125.6389,5,4,True,True,177
159095,4.19428,4.451828,1015.728,36.9405,-0.1850586, 0.05029297, -0.6889648, -16.46, 16.17094, -4.140312,125.6389,5,4,True,True,177
159163,3.8725,3.55072,1015.761,-1,-0.1542969, -0.01464844, -0.6831055, -16.5225, 45.12406, -8.359062,125.6389,5,4,True,True,177
159235,4.257474,4.642448,1015.721,36.89486,-0.1767578, 0.04199219, -0.8398438, -6.11625, 72.12406, -18.12469,125.6389,5,4,True,True,177
159306,6.408141,8.558807,1015.578,-1,-0.1489258, 0.03710938, -0.7617188, 3.57125, 62.68656, -21.49969,125.6389,5,4,True,True,177
159376,5.620601,4.833061,1015.714,-1,-0.1821289, -0.004882813, -0.9111328, 7.805625, 18.60844, -16.84344,125.6389,5,4,True,True,177
159445,5.919996,6.219391,1015.664,-1,-0.1743164, 0.02783203, -0.9536133, 11.44625, -36.67281, -9.405937,125.6389,5,4,True,True,177
159517,4.934642,3.949287,1015.747,-1,-0.190918, -0.006347656, -0.8217773, 5.555625, -80.95406, -2.484062,125.6389,5,4,True,True,177
159588,5.862943,6.791245,1015.642,-1,-0.3041992, 0.05664063, -1.203125, 18.86813, -73.82906, -3.468437,125.6389,5,4,True,True,177
159768,3.96168,2.060417,1015.816,-1,-0.1679688, -0.02441406, -0.8735352, 39.3525, 7.077188, -27.39031,125.6389,5,4,True,True,177
159841,5.281152,6.600624,1015.649,-1,-0.1977539, -0.05908203, -0.9848633, 37.33688, 4.827188, -32.70281,125.6389,5,4,True,True,177
159917,6.096852,6.912552,1015.638,36.89486,-0.1962891, 0.009765625, -0.8574219, 20.86813, -18.11031, -31.49969,125.6389,5,4,True,True,177
159992,4.962416,3.82798,1015.751,-1,-0.2387695, 0.01464844, -0.8652344, 25.7275, -37.26656, -26.10906,125.6389,5,4,True,True,177
160068,4.525165,4.087914,1015.741,-1,-0.2929688, 0.01025391, -0.9487305, 17.86813, -45.59469, -15.04656,125.6389,5,4,True,True,177
160147,4.176572,3.82798,1015.751,36.90399,-0.3305664, -0.03320313, -1.081055, 16.52438, -19.65719, -5.218437,125.6389,5,4,True,True,177
160223,4.842734,5.508896,1015.69,-1,-0.2382813, -0.07177734, -0.9956055, 8.25875, 17.74906, -0.8590624,125.6389,5,4,True,True,177
160303,5.877643,6.912552,1015.638,-1,-0.1938477, 0.03222656, -0.9038086, -4.225625, 34.53031, -6.827812,125.6389,5,4,True,True,177
160383,5.121412,4.365181,1015.731,-1,-0.1743164, -0.07666016, -0.800293, -12.19438, 37.54594, -14.39031,125.6389,5,4,True,True,177
160460,4.604663,4.087914,1015.741,-1,-0.1777344, -0.02636719, -0.7026367, -25.03812, 31.99906, -15.82781,125.6389,5,4,True,True,177
160538,4.502252,4.399841,1015.73,-1,-0.1967773, -0.01904297, -0.6674805, -27.585, 25.96781, -13.24969,125.6389,5,4,True,True,177
160617,4.884271,5.266289,1015.698,-1,-0.246582, 0.02734375, -0.8330078, -36.88187, 20.62406, -4.437187,125.6389,5,4,True,True,177
160807,4.252152,3.620033,1015.759,36.94507,-0.1484375, -0.01367188, -0.9511719, -40.88187, 12.17094, 2.375313,125.6389,5,4,True,True,177
160889,3.225601,2.199051,1015.81,36.94963,-0.1894531, 0.02929688, -1.196289, -26.13187, -6.141562, -8.562187,125.6389,5,4,True,True,177
160969,3.422817,3.620033,1015.759,-1,-0.1621094, 0.04541016, -0.8188477, -38.92875, -22.65719, -17.79656,125.6389,5,4,True,True,177
161053,3.945986,4.469154,1015.727,-1,-0.2119141, 0.02636719, -0.8916016, -20.835, -16.96969, -24.56219,125.6389,5,4,True,True,177
161138,4.20757,4.469154,1015.727,-1,-0.2768555, 0.06103516, -1.062988, 4.118125, -10.56344, -25.95281,125.6389,5,4,True,True,177
161269,4.069762,3.931953,1015.747,-1,-0.2963867, 0.01220703, -1.126953, 26.89938, -23.15719, -17.20281,125.6389,5,4,True,True,177
161333,3.1604,2.251038,1015.809,36.96333,-0.2045898, 0.03320313, -0.8222656, 32.05563, -21.48531, -14.99969,125.6389,5,4,True,True,177
161399,3.84077,4.521141,1015.726,36.96789,-0.1132813, -0.0546875, -0.4628906, 32.30563, -12.20406, -16.54656,125.6389,5,4,True,True,177
161464,4.180956,4.521141,1015.726,36.96789,-0.1166992, 0.004394531, -0.4868164, 20.71188, -4.157187, -17.89031,125.6389,5,4,True,True,177
161528,3.215997,2.251038,1015.809,36.96789,-0.2177734, 0.02392578, -1.052246, 14.7275, 8.624063, -22.46844,125.6389,5,4,True,True,177
161594,3.729939,4.243881,1015.736,36.97245,-0.2509766, 0.03759766, -1.225098, 15.415, 21.98344, -30.65594,125.6389,5,4,True,True,177
161659,4.558767,5.387596,1015.694,-1,-0.2929688, 0.04296875, -1.323242, 24.79, 19.57719, -37.87469,125.6389,5,4,True,True,177
161837,3.127639,1.69651,1015.829,-1,-0.2563477, -0.02246094, -0.8378906, 16.30563, -14.14156, -21.84344,125.6389,5,4,True,True,177
161911,4.699508,6.271378,1015.661,-1,-0.2011719, -0.02929688, -0.6708984, 14.57125, -4.500937, -14.51531,125.6389,5,4,True,True,177
161980,3.648563,2.597618,1015.796,-1,-0.2241211, 0.01464844, -0.8725586, 12.44625, 11.90531, -12.12469,125.6389,5,4,True,True,177
162050,4.258142,4.867722,1015.713,-1,-0.2207031, -0.001953125, -1.054688, 10.32125, 22.59281, -14.06219,125.6389,5,4,True,True,177
162122,4.701566,5.144989,1015.703,-1,-0.2368164, 0.03027344, -1.390625, 5.930625, 14.03031, -22.96844,125.6389,5,4,True,True,177
162194,4.905947,5.110329,1015.704,36.98159,-0.1933594, -0.08203125, -0.9038086, -9.7725, -12.70406, -30.56219,125.6389,5,4,True,True,177
162265,4.43628,3.966614,1015.746,36.98615,-0.2451172, -0.02441406, -0.8676758, -23.31937, -25.18844, -28.37469,125.6389,5,4,True,True,177
162340,4.201447,3.966614,1015.746,-1,-0.2119141, -0.01757813, -0.6162109, -26.56937, -12.43844, -20.24969,125.6389,5,4,True,True,177
162415,4.361294,4.521141,1015.726,-1,-0.2451172, -0.01806641, -0.6679688, -30.46, 8.639688, -11.46844,125.6389,5,4,True,True,177
162491,5.299006,6.236717,1015.662,36.96789,-0.2705078, -0.005859375, -0.8911133, -32.75687, 34.38969, -1.390312,125.6389,5,4,True,True,177
162566,5.767861,6.236717,1015.662,36.97702,-0.2109375, -0.01806641, -0.9794922, -39.99125, 37.82719, 2.062813,125.6389,5,4,True,True,177
162641,4.867238,3.966614,1015.746,-1,-0.1704102, 0.006835938, -1.272949, -37.47562, 10.54594, -6.171562,125.6389,5,4,True,True,177
162826,7.120255,9.373272,1015.548,36.98615,-0.1796875, 0.01171875, -0.7729492, -24.36625, -48.36031, -27.60906,125.6389,5,4,True,True,177
162902,6.253925,5.387596,1015.694,-1,-1.055664, 0.1328125, -0.4311523, -21.92875, -36.59469, -19.74969,125.6389,5,4,True,True,177
162981,5.248903,4.243881,1015.736,36.96789,-0.1679688, 0.06591797, -0.7099609, -2.085, -14.48531, 30.75031,125.6389,5,4,True,True,177
163061,5.45688,5.664856,1015.684,36.96789,-0.1650391, 0.0009765625, -1.010254, 7.4775, -0.5634375, 20.37531,125.6389,5,4,True,True,177
163143,6.124062,6.791245,1015.642,-1,-0.1694336, 0.05517578, -1.115723, 27.36813, -17.48531, 4.250313,125.6389,5,4,True,True,177
163223,4.317516,2.510971,1015.799,-1,-0.1811523, 0.008789063, -1.009277, 33.68063, -45.39156, -11.48406,125.6389,5,4,True,True,177
163303,3.847471,3.377426,1015.767,-1,-0.3496094, -0.002441406, -0.9907227, 29.69625, -46.57906, -18.28094,125.6389,5,4,True,True,177
163386,4.184306,4.521141,1015.726,36.96789,-0.3164063, 0.01953125, -0.7402344, 27.8525, -11.21969, -4.359062,125.6389,5,4,True,True,177
163468,6.328233,8.47216,1015.581,-1,-0.2734375, -0.01464844, -0.6210938, 25.19625, 35.24906, 9.031563,125.6389,5,4,True,True,177
163548,4.289636,2.251038,1015.809,-1,-0.2734375, -0.009277344, -0.8486328, 19.99313, 66.20219, 23.04719,125.6389,5,4,True,True,177
163629,2.993073,1.69651,1015.829,-1,-0.1850586, -0.02636719, -1.11377, 19.44625, 66.76469, 22.34406,125.6389,5,4,True,True,177
163713,3.479843,3.966614,1015.746,-1,-0.1323242, 0.02099609, -1.219238, 21.8525, 12.74906, 7.640938,125.6389,5,4,True,True,177
163955,2.72681,1.973778,1015.819,-1,-0.2958984, 0.03662109, -1.004395, 26.7275, 56.24906, 85.07844,125.6389,5,4,True,True,177
164019,2.922152,3.117493,1015.777,-1,-0.1362305, 0.07373047, -0.9067383, 21.9775, 71.35844, 79.32844,125.6389,5,4,True,True,177
164085,3.444383,3.966614,1015.746,-1,-0.1943359, -0.009765625, -1.057129, 17.89938, 30.49906, 83.09406,125.6389,5,4,True,True,177
164150,4.84055,6.236717,1015.662,-1,-0.1181641, 0.09375, -0.9819336, 12.80562, -50.39156, 88.75031,125.6389,5,4,True,True,177
164215,4.273615,3.70668,1015.756,-1,-0.2729492, -0.02099609, -1.116699, 19.3525, -86.34469, 87.00031,125.6389,5,4,True,True,177
164283,5.81836,7.363106,1015.621,-1,-0.371582, -0.02294922, -1.013672, 32.63375, -65.86031, 84.54719,125.6389,5,4,True,True,177
164350,4.615223,3.412086,1015.766,-1,-0.3134766, -0.1206055, -0.7011719, 29.30563, 20.37406, 86.59406,125.6389,5,4,True,True,177
164419,5.42597,6.236717,1015.662,36.98159,-0.2651367, 0.01611328, -0.6376953, 18.415, 72.46781, 88.96906,125.6389,5,4,True,True,177
164489,4.973556,4.521141,1015.726,36.97702,-0.2236328, -0.0004882813, -0.6723633, 10.88375, 93.12406, 89.42219,125.6389,5,4,True,True,177
164559,4.608718,4.243881,1015.736,-1,-0.1777344, 0.01416016, -0.8657227, -6.085, 82.87406, 84.85969,125.6389,5,4,True,True,177
164629,4.842194,5.075668,1015.706,-1,-0.1796875, 0.05029297, -1.148438, -10.81938, 46.09281, 71.68781,125.6389,5,4,True,True,177
164699,5.634766,6.427338,1015.655,-1,-0.2285156, 0.1098633, -1.293945, 3.4775, -8.047812, 60.03156,125.6389,5,4,True,True,177
164879,6.135025,6.635284,1015.648,-1,-0.269043, -0.02685547, -0.7890625, 24.99313, -1.563437, 53.42219,125.6389,5,4,True,True,177
164950,5.795967,5.456909,1015.691,-1,-0.2451172, 0.02197266, -0.7836914, 18.69625, 30.59281, 60.60969,125.6389,5,4,True,True,177
165034,5.496471,5.196976,1015.701,36.8766,-0.1826172, -0.03173828, -0.7333984, 6.524375, 50.15531, 66.54719,125.6389,5,4,True,True,177
165109,5.20809,4.919708,1015.711,36.88573,-0.1489258, -0.03613281, -0.9555664, -2.788125, 32.92094, 66.18781,125.6389,5,4,True,True,177
165185,5.627093,6.046097,1015.669,36.89486,-0.1567383, 0.03271484, -1.33252, -3.71, -31.31344, 58.23469,125.6389,5,4,True,True,177
165260,6.131189,6.635284,1015.648,-1,-0.2172852, 0.06689453, -1.267578, 6.665, -100.2353, 47.79719,125.6389,5,4,True,True,177
165336,6.244603,6.358017,1015.658,-1,-0.2832031, 0.03027344, -0.9819336, 28.415, -106.1884, 36.43781,125.6389,5,4,True,True,177
165414,6.734538,7.224472,1015.626,36.91312,-0.2680664, -0.05419922, -0.6738281, 20.55563, -58.57906, 37.04719,125.6389,5,4,True,True,177
165494,6.563607,6.392677,1015.657,36.91769,-0.2416992, -0.00390625, -0.5356445, 11.58687, -5.625937, 43.85969,125.6389,5,4,True,True,177
165572,6.044919,5.52623,1015.688,-1,-0.3125, 0.03417969, -0.7998047, 7.3525, 44.54594, 52.67219,125.6389,5,4,True,True,177
165650,5.785574,5.52623,1015.688,-1,-0.3027344, 0.005371094, -1.027832, 4.993125, 83.88969, 57.29719,125.6389,5,4,True,True,177
165726,6.522353,7.259132,1015.625,-1,-0.2143555, 0.02734375, -1.193848, 4.32125, 75.40531, 59.09406,125.6389,5,4,True,True,177
165915,5.617057,4.711761,1015.718,36.9405,-0.1469727, -0.015625, -0.8320313, 4.711875, -46.40719, 41.82844,125.6389,5,4,True,True,177
165995,5.32037,5.023682,1015.707,-1,-0.2055664, -0.006835938, -0.7016602, 6.711875, -36.62594, 37.95344,125.6389,5,4,True,True,177
166075,5.033396,4.746422,1015.717,-1,-0.2626953, 0.05566406, -0.7441406, 6.13375, 6.014688, 40.87531,125.6389,5,4,True,True,177
166157,4.751275,4.469154,1015.727,-1,-0.3364258, 0.04052734, -0.9995117, 12.61812, 60.45219, 43.51594,125.6389,5,4,True,True,177
166240,4.04702,3.342766,1015.769,-1,-0.2832031, 0.01464844, -1.234863, 8.524375, 81.63969, 50.06281,125.6389,5,4,True,True,177
166321,5.809036,7.571053,1015.614,-1,-0.1323242, -0.1000977, -0.9282227, 10.24312, -72.28219, -63.74969,125.6389,5,4,True,True,177
166406,5.849586,5.890137,1015.676,-1,-0.1572266, 0.03222656, -0.7314453, 23.24313, -63.71969, -65.42156,125.6389,5,4,True,True,177
166542,4.015656,2.181725,1015.812,-1,-0.2060547, 0.015625, -0.7011719, 18.86813, -59.95406, -65.51531,125.6389,5,4,True,True,177
166608,4.770943,5.52623,1015.688,-1,-0.2524414, 0.02099609, -0.8657227, 13.36812, -44.62594, -61.71844,125.6389,5,4,True,True,177
166672,4.568062,4.365181,1015.731,36.89486,-0.2246094, -0.06054688, -0.7207031, 4.3525, -18.25094, -59.32781,125.6389,5,4,True,True,177
166737,5.012486,5.456909,1015.691,-1,-0.2636719, -0.02929688, -0.847168, -13.61625, 10.68656, -53.96844,125.6389,5,4,True,True,177
166803,5.234697,5.456909,1015.691,-1,-0.2978516, -0.07958984, -1.024414, -20.085, 39.01469, -52.62469,125.6389,5,4,True,True,177
166977,5.779031,6.323364,1015.659,36.87204,-0.1665039, 0.02783203, -0.8056641, -40.585, 26.92094, -54.79656,125.6389,5,4,True,True,177
167042,5.488003,5.196976,1015.701,-1,-0.1767578, -0.05566406, -0.7895508, -44.63187, -8.047812, -53.49969,125.6389,5,4,True,True,177
167111,5.76705,6.046097,1015.669,36.88573,-0.206543, 0.04736328, -0.9350586, -57.31937, -32.39156, -49.49969,125.6389,5,4,True,True,177
167182,6.617064,7.467079,1015.618,36.88117,-0.2158203, 0.03515625, -0.8212891, -49.49125, -27.86031, -48.23406,125.6389,5,4,True,True,177
167252,5.90702,5.196976,1015.701,36.88573,-0.3012695, 0.07421875, -1.161621, -40.335, -9.688437, -47.18719,125.6389,5,4,True,True,177
167342,5.118771,4.330521,1015.732,-1,-0.2773438, 0.05419922, -1.205566, -28.61625, 16.20219, -49.10906,125.6389,5,4,True,True,177
167412,5.157873,5.196976,1015.701,36.87204,-0.2148438, 0.008300781, -0.9829102, -19.03812, 15.23344, -52.93719,125.6389,5,4,True,True,177
167483,5.307391,5.456909,1015.691,-1,-0.2226563, 0.03515625, -1.033691, -19.92875, -4.391562, -54.35906,125.6389,5,4,True,True,177
167558,5.38215,5.456909,1015.691,36.88117,-0.1953125, -0.01074219, -0.8032227, -19.86625, -14.84469, -55.01531,125.6389,5,4,True,True,177
167629,5.584157,5.786163,1015.679,-1,-0.1870117, 0.03369141, -0.6962891, -16.17875, -16.18844, -56.03094,125.6389,5,4,True,True,177
167703,6.092391,6.600624,1015.649,-1,-0.2382813, -0.01855469, -0.7753906, -18.47562, -11.36031, -53.79656,125.6389,5,4,True,True,177
167777,5.506049,4.919708,1015.711,36.88573,-0.2705078, 0.009765625, -0.9082031, -23.88187, 4.874063, -50.45281,125.6389,5,4,True,True,177
167963,4.372421,3.238792,1015.773,36.89943,-0.2358398, 0.005371094, -1.02002, 8.7275, 66.74906, -53.59344,125.6389,5,4,True,True,177
168040,4.940659,5.508896,1015.69,-1,-0.1787109, -0.02050781, -0.8603516, 7.57125, 50.48344, -53.59344,125.6389,5,4,True,True,177
168118,4.514286,4.087914,1015.741,36.91312,-1.02832, 0.2563477, -0.6357422, 13.7275, 69.49906, 4.625313,125.6389,5,4,True,True,177
168203,4.171133,3.82798,1015.751,36.90855,0.125, 0.0009765625, -0.6914063, 3.44625, 56.96781, 39.40656,125.6389,5,4,True,True,177
168280,5.975066,7.778999,1015.606,-1,0.03564453, 0.0625, -0.9594727, 6.1025, -40.78219, 14.46906,125.6389,5,4,True,True,177
168358,5.447387,4.919708,1015.711,-1,-0.07373047, 0.07275391, -1.03418, 6.7275, -130.5947, -8.530937,125.6389,5,4,True,True,177
168438,5.729412,6.011436,1015.671,36.87204,-0.2441406, -0.008300781, -1.076172, 12.68062, -134.0322, -27.84344,125.6389,5,4,True,True,177
168519,5.298567,4.867722,1015.713,36.85835,-0.4228516, -0.1240234, -1.146973, 6.63375, -42.54781, -37.17156,125.6389,5,4,True,True,177
168599,5.932269,6.565971,1015.651,36.85835,-0.4443359, -0.02539063, -0.659668, 14.54, 51.81156, -14.31219,125.6389,5,4,True,True,177
168681,6.950944,7.96962,1015.599,-1,-0.2768555, 0.04345703, -0.640625, 2.055625, 78.65531, 7.937813,125.6389,5,4,True,True,177
168764,6.619824,6.288704,1015.661,36.86291,-0.2558594, -0.004394531, -0.7749023, -11.44438, 63.60844, 29.78156,125.6389,5,4,True,True,177
168844,4.885985,3.152145,1015.776,-1,-0.1015625, -0.1269531, -1.052734, -14.835, 2.514688, 50.65656,125.6389,5,4,True,True,177
169037,4.590926,4.295868,1015.734,-1,-0.203125, 0.02197266, -1.063965, -10.49125, -70.06344, -5.530937,125.6389,5,4,True,True,177
169120,4.460723,4.330521,1015.732,36.8766,-0.2421875, -0.01953125, -0.7392578, -14.56938, 4.139688, -23.53094,125.6389,5,4,True,True,177
169251,5.09745,5.734177,1015.681,-1,-0.2973633, 0.04931641, -0.7519531, -14.835, 67.46781, -9.921562,125.6389,5,4,True,True,177
169316,5.27718,5.456909,1015.691,-1,-1.147949, 0.2802734, -0.8095703, -9.46, 67.28031, 0.1565626,125.6389,5,4,True,True,177
169380,4.102026,2.926872,1015.784,-1,-0.121582, -0.03076172, -0.9980469, -3.506875, 75.82719, 65.76594,125.6389,5,4,True,True,177
169445,4.649501,5.196976,1015.701,36.8766,-0.1352539, -0.1079102, -0.8793945, -0.96, 5.342813, 58.73469,125.6389,5,4,True,True,177
169510,5.053205,5.456909,1015.691,36.8766,-0.1572266, 0.05078125, -1.227539, 14.02437, -110.0322, 51.35969,125.6389,5,4,True,True,177
169577,4.830497,4.607788,1015.722,-1,-0.2207031, -0.005859375, -1.100586, 28.80563, -124.1416, 38.17219,125.6389,5,4,True,True,177
169646,4.987743,5.144989,1015.703,-1,-0.2353516, 0.05664063, -0.8808594, 24.77438, -60.54781, 15.59406,125.6389,5,4,True,True,177
169716,5.776857,6.565971,1015.651,36.84465,-0.2192383, -0.03857422, -0.6918945, 25.49313, 17.82719, -0.6559374,125.6389,5,4,True,True,177
169786,5.720857,5.664856,1015.684,36.83096,-0.2856445, -0.01806641, -0.7626953, 22.88375, 86.87406, -2.452812,125.6389,5,4,True,True,177
169855,5.398263,5.075668,1015.705,-1,-0.3007813, 0.02294922, -0.8652344, 22.93063, 113.1866, 9.812813,125.6389,5,4,True,True,177
170030,5.982117,6.565971,1015.651,-1,-0.230957, -0.0009765625, -1.225098, -1.46, -31.45406, 51.53156,125.6389,5,4,True,True,177
170101,6.819908,7.6577,1015.61,-1,-0.1606445, -0.04638672, -1.093262, 10.3525, -103.9541, 53.29719,125.6389,5,4,True,True,177
170171,6.67561,6.531311,1015.652,-1,-0.203125, -0.01806641, -0.9018555, 19.00875, -104.5322, 35.46906,125.6389,5,4,True,True,177
170241,6.170233,5.664856,1015.684,-1,-0.2636719, -0.008300781, -0.9042969, 8.32125, -56.57906, 21.07844,125.6389,5,4,True,True,177
170312,5.05976,3.949287,1015.747,36.83096,-0.2485352, -0.02685547, -0.7851563, 3.69625, 25.42094, 9.156563,125.6389,5,4,True,True,177
170383,5.206348,5.352936,1015.695,-1,-0.2456055, -0.02441406, -0.7739258, 0.13375, 76.60844, 3.187813,125.6389,5,4,True,True,177
170458,4.846415,4.486481,1015.727,-1,-0.2685547, 0.02197266, -0.9003906, 1.13375, 77.81156, 6.203438,125.6389,5,4,True,True,177
170534,5.940133,7.033852,1015.633,-1,-0.2504883, 0.06445313, -1.026367, -0.194375, 24.35844, 18.20344,125.6389,5,4,True,True,177
170611,6.486992,7.033852,1015.633,-1,-0.2988281, 0.04443359, -1.22998, -0.99125, -43.00094, 29.96906,125.6389,5,4,True,True,177
170686,6.630455,6.773918,1015.643,-1,-0.269043, -0.03369141, -1.020996, 4.915, -84.01656, 42.29719,125.6389,5,4,True,True,177
170763,6.286289,5.942123,1015.674,-1,-0.2148438, 0.002441406, -0.9013672, 12.19625, -46.82906, 35.51594,125.6389,5,4,True,True,177
170842,7.379225,8.47216,1015.58,-1,-0.2319336, 0.005371094, -0.8330078, 6.243125, 16.65531, 22.82844,125.6389,5,4,True,True,177
171031,6.972598,6.565971,1015.651,36.85835,-0.2265625, -0.02587891, -0.9365234, -3.725625, 86.01469, 1.172188,125.6389,5,4,True,True,177
171113,4.915075,2.857552,1015.787,36.84465,-0.3647461, 0.1225586, -1.555176, -3.61625, 41.49906, 12.25031,125.6389,5,4,True,True,177
171192,5.723193,6.531311,1015.652,-1,-0.2626953, 0.08007813, -1.157227, 3.82125, -17.71969, 28.89094,125.6389,5,4,True,True,177
171272,6.127252,6.531311,1015.652,-1,-0.1914063, 0.02001953, -0.8623047, 12.36812, -39.28219, 31.54719,125.6389,5,4,True,True,177
171362,7.16974,8.212227,1015.59,-1,-0.2294922, -0.01367188, -0.9780273, 7.618125, -19.95406, 23.67219,125.6389,5,4,True,True,177
171444,6.980492,6.791245,1015.642,-1,-0.1918945, -0.05224609, -0.8452148, -19.71, 15.78031, 16.67219,125.6389,5,4,True,True,177
171525,6.738571,6.496651,1015.653,-1,-0.1601563, 0.009277344, -0.7836914, -19.69437, 32.15531, 8.234688,125.6389,5,4,True,True,177
171608,6.478981,6.219391,1015.664,-1,-0.1538086, 0.00390625, -0.7817383, -9.1475, 9.264688, 4.937813,125.6389,5,4,True,True,177
171693,5.482731,4.486481,1015.727,36.8127,-0.1660156, 0.0078125, -0.715332, 0.13375, -37.34469, 7.828438,125.6389,5,4,True,True,177
171823,5.989691,6.496651,1015.653,36.81726,-0.2124023, 0.04492188, -0.784668, 12.05562, -91.14156, 16.12531,125.6389,5,4,True,True,177
171889,5.671313,5.352936,1015.695,36.81726,-0.2470703, -0.01513672, -0.8022461, 14.54, -69.86031, 18.78156,125.6389,5,4,True,True,177
171953,6.647176,7.623039,1015.612,36.82183,-0.2280273, 0.02587891, -0.6831055, 12.52437, -31.32906, 19.34406,125.6389,5,4,True,True,177
172129,7.135108,7.623039,1015.612,36.82639,-0.2348633, 0.02441406, -0.9975586, -4.663125, 71.82719, 13.60969,125.6389,5,4,True,True,177
172198,6.105388,5.075668,1015.705,36.82639,-0.1904297, 0.03857422, -0.9824219, 6.961875, 72.67094, 8.344063,125.6389,5,4,True,True,177
172264,6.023756,5.942123,1015.674,-1,-0.1713867, 0.06542969, -1.043945, 23.7275, 32.04594, 8.562813,125.6389,5,4,True,True,177
172329,5.98294,5.942123,1015.674,36.82639,-0.1787109, -0.01757813, -0.9638672, 23.55563, -28.53219, 12.70344,125.6389,5,4,True,True,177
172398,5.23471,4.486481,1015.727,36.83096,-0.2197266, 0.008789063, -0.9829102, 20.3525, -77.04781, 14.51594,125.6389,5,4,True,True,177
172469,4.730629,4.226547,1015.737,36.82639,-0.3212891, 0.05273438, -1.208496, 20.57125, -76.20406, 15.18781,125.6389,5,4,True,True,177
172540,5.180416,5.630203,1015.685,36.82183,-0.3120117, -0.03466797, -1.013184, 19.55563, -27.59469, 14.18781,125.6389,5,4,True,True,177
172609,5.838533,6.496651,1015.653,36.82183,-0.3540039, 0.03417969, -1.163574, 11.3525, 36.65531, 13.10969,125.6389,5,4,True,True,177
172681,6.011632,6.184731,1015.665,-1,-0.2270508, 0.1044922, -0.9487305, 6.2275, 81.21781, 13.56281,125.6389,5,4,True,True,177
172751,3.984038,1.956444,1015.82,-1,-0.1289063, 0.08349609, -0.9604492, -3.538125, 87.35844, 8.578438,125.6389,5,4,True,True,177
172825,4.105292,4.226547,1015.737,-1,-0.04882813, 0.1162109, -1.11084, -19.67875, 56.37406, -2.171562,125.6389,5,4,True,True,177
172899,4.02729,3.949287,1015.747,-1,0.05664063, 0.1489258, -0.9418945, -28.97562, 10.65531, -22.95281,125.6389,5,4,True,True,177
173081,3.988289,3.949287,1015.747,-1,-0.1630859, 0.08251953, -0.8320313, -32.19437, -52.62594, -46.85906,125.6389,5,4,True,True,177
173155,3.691521,3.394753,1015.767,36.83096,-0.2182617, 0.09179688, -0.8554688, -34.38187, -40.23531, -46.87469,125.6389,5,4,True,True,177
173229,3.404507,3.117493,1015.777,36.83552,0.1342773, 0.1865234, -1.687012, 0.118125, -173.1572, -18.26531,125.6389,5,4,True,True,177
173305,2.125948,0.8473892,1015.86,-1,-0.5200195, 0.2768555, -0.9365234, 10.29, -2.329062, 2.937813,125.6389,5,4,True,True,177
173380,2.33579,2.545631,1015.798,36.83096,-0.3764648, 0.02587891, -0.8349609, 15.88375, 1.795938, 0.5003126,125.6389,5,4,True,True,177
173457,3.003905,3.67202,1015.757,-1,-0.3574219, 0.03271484, -0.9638672, 10.21187, 6.936563, 0.2503126,125.6389,5,4,True,True,177
173536,3.615226,4.226547,1015.737,36.82183,-0.4067383, 0.04833984, -0.8637695, -0.413125, -5.188437, -0.4215624,125.6389,5,4,True,True,177
173616,3.210395,2.805565,1015.788,-1,-0.3813477, 0.04003906, -0.8823242, 0.008749962, -0.7665625, 0.2190626,125.6389,5,4,True,True,177
173692,4.853523,6.496651,1015.653,-1,-0.3803711, 0.03320313, -0.8842773, 0.13375, -0.03218746, 0.03156257,125.6389,5,4,True,True,177
173770,3.543617,2.233711,1015.81,-1,-0.3857422, 0.03173828, -0.8847656, 0.13375, -0.2040625, 0.1096876,125.6389,5,4,True,True,177
173851,3.044624,2.545631,1015.798,-1,-0.3720703, 0.03369141, -0.8847656, 0.243125, 0.2959375, 0.3440626,125.6389,5,4,True,True,177
173932,4.493374,5.942123,1015.674,36.83096,-0.3701172, 0.03515625, -0.8789063, 0.305625, 0.7959375, 0.3284376,125.6389,5,4,True,True,177
174122,2.653051,0.8127289,1015.862,-1,-0.3779297, 0.02880859, -0.8754883, 0.03999996, -0.2978125, 0.03156257,125.6389,5,4,True,True,177
174204,1.57693,0.5008087,1015.873,-1,-0.3852539, 0.03076172, -0.8842773, 0.118125, -0.2821875, 0.06281257,125.6389,5,4,True,True,177
174286,2.589818,3.602707,1015.76,-1,-0.3857422, 0.03222656, -0.8823242, 0.02437496, -0.2821875, 0.09406257,125.6389,5,4,True,True,177
174372,2.663035,2.736252,1015.791,36.78988,-0.3852539, 0.03515625, -0.8828125, 0.118125, -0.2040625, 0.06281257,125.6389,5,4,True,True,177
174512,1.391302,0.1195679,1015.887,36.76705,-0.3852539, 0.03320313, -0.8833008, 0.05562496, -0.1728125, 0.06281257,125.6389,5,4,True,True,177
174577,2.592311,3.79332,1015.752,36.7488,-0.3852539, 0.03222656, -0.8837891, 0.05562496, -0.2040625, 0.09406257,125.6389,5,4,True,True,177
174643,2.629625,2.666939,1015.794,36.75336,-0.3837891, 0.03222656, -0.8833008, -0.02250004, -0.1884375, 0.07843757,125.6389,5,4,True,True,177
174709,2.648282,2.666939,1015.794,-1,-0.3847656, 0.03417969, -0.8852539, 0.05562496, -0.2509375, 0.06281257,125.6389,5,4,True,True,177
174777,2.79624,2.944199,1015.784,-1,-0.3862305, 0.03271484, -0.8828125, 0.05562496, -0.1884375, 0.1096876,125.6389,5,4,True,True,177
174847,3.710677,4.625114,1015.722,36.7488,-0.3857422, 0.03027344, -0.8842773, 0.05562496, -0.1728125, 0.1096876,125.6389,5,4,True,True,177
174918,3.327438,2.944199,1015.784,36.7488,-0.3842773, 0.03222656, -0.8828125, 0.07124996, -0.2196875, 0.1253126,125.6389,5,4,True,True,177
174985,2.997188,2.666939,1015.794,-1,-0.3842773, 0.03222656, -0.8818359, 0.07124996, -0.1728125, 0.07843757,125.6389,5,4,True,True,177
175163,3.265287,3.533386,1015.762,-1,-0.3798828, 0.04003906, -0.8769531, 0.05562496, -0.1884375, 0.03156257,125.6389,5,4,True,True,177
175233,3.962531,4.659775,1015.721,-1,-0.3857422, 0.02832031, -0.887207, 0.03999996, -0.07906246, 0.03156257,125.6389,5,4,True,True,177
175303,3.176101,2.389671,1015.804,-1,-0.3837891, 0.03222656, -0.8847656, 0.05562496, -0.2040625, 0.1096876,125.6389,5,4,True,True,177
175376,3.207447,3.238792,1015.773,-1,-0.3833008, 0.03222656, -0.8823242, -0.02250004, -0.1728125, 0.1096876,125.6389,5,4,True,True,177
175449,3.22312,3.238792,1015.773,36.75793,-0.3842773, 0.03076172, -0.8828125, 0.02437496, -0.2196875, 0.07843757,125.6389,5,4,True,True,177
175523,3.664184,4.105247,1015.741,36.76249,-0.3857422, 0.03125, -0.8828125, 0.008749962, -0.1103125, 0.07843757,125.6389,5,4,True,True,177
175598,3.321521,2.978859,1015.782,36.76249,-0.3847656, 0.03222656, -0.8842773, 0.02437496, -0.1884375, 0.09406257,125.6389,5,4,True,True,177
175671,0.8800867,-1.561348,1015.949,-1,-0.3837891, 0.03173828, -0.8833008, -0.02250004, -0.2353125, 0.1096876,125.6389,5,4,True,True,177
175748,0.4998273,0.1195679,1015.887,36.75793,-0.3847656, 0.03076172, -0.8828125, 0.08687496, -0.2353125, 0.1096876,125.6389,5,4,True,True,177
175824,2.016607,3.533386,1015.762,-1,-0.3842773, 0.03222656, -0.8823242, 0.008749962, -0.1884375, 0.04718757,125.6389,5,4,True,True,177
175904,1.068087,0.1195679,1015.887,36.75793,-0.3833008, 0.03222656, -0.8828125, 0.02437496, -0.2509375, 0.06281257,125.6389,5,4,True,True,177
175981,1.009725,0.9513626,1015.857,-1,-0.3833008, 0.03222656, -0.8818359, 0.03999996, -0.1884375, 0.06281257,125.6389,5,4,True,True,177
176169,1.543738,2.077751,1015.815,36.74423,-0.3847656, 0.03222656, -0.8833008, 0.008749962, -0.2509375, 0.07843757,125.6389,5,4,True,True,177
176249,1.810745,2.077751,1015.815,-1,-0.3852539, 0.03173828, -0.8833008, 0.03999996, -0.1571875, 0.1096876,125.6389,5,4,True,True,177
176330,3.356563,4.902382,1015.712,36.74423,-0.3837891, 0.03076172, -0.8813477, -0.05375004, -0.2196875, 0.1409376,125.6389,5,4,True,True,177
176411,2.015329,0.6740952,1015.867,-1,-0.3847656, 0.03222656, -0.8813477, 0.07124996, -0.2353125, 0.1253126,125.6389,5,4,True,True,177
176490,2.04654,2.077751,1015.815,-1,-0.3857422, 0.03125, -0.8818359, 0.02437496, -0.2353125, 0.1096876,125.6389,5,4,True,True,177
176570,3.630421,5.214302,1015.7,36.75793,-0.3842773, 0.03027344, -0.8847656, 0.05562496, -0.1884375, 0.09406257,125.6389,5,4,True,True,177
176652,2.429526,1.22863,1015.846,-1,-0.3852539, 0.03222656, -0.8847656, 0.008749962, -0.1728125, 0.06281257,125.6389,5,4,True,True,177
176735,1.959045,1.488564,1015.837,-1,-0.3852539, 0.03222656, -0.8818359, 0.07124996, -0.2196875, 0.1253126,125.6389,5,4,True,True,177
176818,2.564262,3.169479,1015.775,-1,-0.3852539, 0.03027344, -0.8818359, 0.02437496, -0.2040625, 0.07843757,125.6389,5,4,True,True,177
176905,4.001923,5.439583,1015.692,36.7351,-0.3847656, 0.03173828, -0.8842773, -0.006875038, -0.1728125, 0.07843757,125.6389,5,4,True,True,177
177041,2.043415,0.08490753,1015.888,36.73967,-0.3842773, 0.03076172, -0.8798828, 0.008749962, -0.2509375, 0.1409376,125.6389,5,4,True,True,177
177105,0.6569309,-0.7295532,1015.919,-1,-0.3857422, 0.03173828, -0.8837891, 0.05562496, -0.2821875, 0.1096876,125.6389,5,4,True,True,177
177280,2.363759,4.070587,1015.742,36.75336,-0.3842773, 0.03222656, -0.8828125, -0.03812504, -0.2040625, 0.1409376,125.6389,5,4,True,True,177
177346,1.518927,0.6740952,1015.867,36.75793,-0.3852539, 0.03027344, -0.8818359, -0.006875038, -0.2353125, 0.1096876,125.6389,5,4,True,True,177
177413,2.638797,3.758667,1015.753,-1,-0.3837891, 0.03027344, -0.8798828, 0.05562496, -0.1884375, 0.09406257,125.6389,5,4,True,True,177
177478,2.496904,2.355011,1015.805,-1,-0.3842773, 0.03320313, -0.8823242, 0.08687496, -0.2040625, 0.1253126,125.6389,5,4,True,True,177
177552,3.405049,4.313194,1015.733,36.73054,-0.3833008, 0.03076172, -0.8823242, 0.008749962, -0.1728125, 0.07843757,125.6389,5,4,True,True,177
177618,3.564528,3.724007,1015.755,-1,-0.3852539, 0.02978516, -0.8803711, 0.05562496, -0.2196875, 0.07843757,125.6389,5,4,True,True,177
177686,3.800227,4.035927,1015.743,36.72597,-0.3852539, 0.03076172, -0.8808594, 0.08687496, -0.1259375, 0.1096876,125.6389,5,4,True,True,177
177756,4.619905,5.439583,1015.692,36.72597,-0.3837891, 0.03027344, -0.8813477, -0.02250004, -0.1884375, 0.07843757,125.6389,5,4,True,True,177
177827,5.168374,5.716843,1015.682,-1,-0.3837891, 0.03173828, -0.8823242, 0.008749962, -0.2040625, 0.1409376,125.6389,5,4,True,True,177
177898,4.03896,2.909546,1015.785,-1,-0.3842773, 0.03125, -0.8823242, -0.006875038, -0.2353125, 0.07843757,125.6389,5,4,True,True,177
177972,3.041025,2.043091,1015.817,36.72597,-0.3852539, 0.03173828, -0.8803711, 0.008749962, -0.2196875, 0.1253126,125.6389,5,4,True,True,177
178047,1.562966,0.08490753,1015.888,36.73054,-0.3833008, 0.03027344, -0.8823242, 0.02437496, -0.2353125, 0.06281257,125.6389,5,4,True,True,177
178242,3.934498,6.30603,1015.66,36.72597,-0.3798828, 0.03027344, -0.8813477, 0.05562496, -0.2196875, 0.1096876,125.6389,5,4,True,True,177
178318,1.871073,-0.1923523,1015.898,-1,-0.3847656, 0.03222656, -0.8828125, 0.07124996, -0.2353125, 0.1253126,125.6389,5,4,True,True,177
178389,3.516694,5.162315,1015.702,-1,-0.3828125, 0.03173828, -0.8813477, 0.03999996, -0.1415625, 0.1096876,125.6389,5,4,True,True,177
178468,2.935853,2.355011,1015.805,36.73054,-0.3857422, 0.03076172, -0.8828125, 0.02437496, -0.2353125, 0.1409376,125.6389,5,4,True,True,177
178544,2.350838,1.765823,1015.827,-1,-0.3842773, 0.03222656, -0.8833008, -0.006875038, -0.09468746, 0.07843757,125.6389,5,4,True,True,177
178622,2.352924,2.355011,1015.805,36.7351,-0.3828125, 0.02978516, -0.8828125, 0.07124996, -0.1571875, 0.07843757,125.6389,5,4,True,True,177
178700,2.648561,2.944199,1015.784,-1,-0.3847656, 0.03173828, -0.8803711, 0.05562496, -0.1571875, 0.1253126,125.6389,5,4,True,True,177
178777,3.359574,4.070587,1015.742,-1,-0.3847656, 0.03125, -0.8828125, 0.02437496, -0.1728125, 0.1409376,125.6389,5,4,True,True,177
178859,3.13456,2.909546,1015.785,36.73054,-0.3852539, 0.03027344, -0.8823242, 0.08687496, -0.1884375, 0.09406257,125.6389,5,4,True,True,177
178935,2.311562,1.488564,1015.837,-1,-0.3842773, 0.03173828, -0.8837891, -0.006875038, -0.1728125, 0.1253126,125.6389,5,4,True,True,177
179018,1.475502,0.6394424,1015.868,36.73054,-0.3847656, 0.03027344, -0.8833008, 0.05562496, -0.2509375, 0.1096876,125.6389,5,4,True,True,177
179099,2.192524,2.909546,1015.785,-1,-0.3847656, 0.03173828, -0.8823242, -0.02250004, -0.1884375, 0.07843757,125.6389,5,4,True,True,177
179290,1.840544,1.488564,1015.837,-1,-0.3837891, 0.03125, -0.8818359, 0.02437496, -0.2509375, 0.1253126,125.6389,5,4,True,True,177
179369,2.392371,2.944199,1015.784,-1,-0.3857422, 0.02978516, -0.8803711, -0.03812504, -0.2040625, 0.07843757,125.6389,5,4,True,True,177
179453,3.231479,4.070587,1015.742,36.7488,-0.3823242, 0.03076172, -0.8803711, -0.006875038, -0.2353125, 0.09406257,125.6389,5,4,True,True,177
179535,3.651033,4.070587,1015.742,-1,-0.3837891, 0.03173828, -0.8818359, 0.02437496, -0.2353125, 0.1096876,125.6389,5,4,True,True,177
179669,2.725759,1.800484,1015.825,36.75336,-0.3842773, 0.03027344, -0.8828125, -0.02250004, -0.1884375, 0.09406257,125.6389,5,4,True,True,177
179735,1.561297,0.3968353,1015.877,-1,-0.3847656, 0.03076172, -0.8793945, 0.03999996, -0.2040625, 0.07843757,125.6389,5,4,True,True,177
179800,1.975484,2.389671,1015.804,36.75793,-0.3833008, 0.03271484, -0.8823242, -0.02250004, -0.2040625, 0.07843757,125.6389,5,4,True,True,177
179864,1.619383,1.263283,1015.845,-1,-0.3852539, 0.03125, -0.8808594, 0.02437496, -0.2196875, 0.06281257,125.6389,5,4,True,True,177
179929,1.441333,1.263283,1015.845,-1,-0.3842773, 0.03076172, -0.8808594, -0.006875038, -0.2196875, 0.07843757,125.6389,5,4,True,True,177
179995,2.340063,3.238792,1015.773,-1,-0.3852539, 0.03125, -0.8798828, -0.006875038, -0.1415625, 0.1253126,125.6389,5,4,True,True,177
180064,4.063113,5.786163,1015.679,-1,-0.3837891, 0.03125, -0.8813477, 0.008749962, -0.2353125, 0.1253126,125.6389,5,4,True,True,177
180135,2.663198,1.263283,1015.845,-1,-0.3837891, 0.03173828, -0.8803711, -0.02250004, -0.1728125, 0.06281257,125.6389,5,4,True,True,177
180312,2.249171,1.835144,1015.824,-1,-0.3842773, 0.03125, -0.8852539, -0.006875038, -0.2353125, 0.07843757,125.6389,5,4,True,True,177
180382,2.180788,2.112404,1015.814,-1,-0.3852539, 0.03125, -0.8847656, 0.008749962, -0.2040625, 0.09406257,125.6389,5,4,True,True,177
180452,3.125687,4.070587,1015.742,-1,-0.3867188, 0.03125, -0.8857422, 0.05562496, -0.1728125, 0.2034376,125.6389,5,4,True,True,177
180526,2.307126,1.488564,1015.837,36.73054,-0.3842773, 0.03173828, -0.8847656, 0.03999996, -0.1728125, 0.1096876,125.6389,5,4,True,True,177
180596,3.448794,4.590462,1015.723,-1,-0.3852539, 0.03027344, -0.8862305, -0.02250004, -0.1728125, 0.06281257,125.6389,5,4,True,True,177
180695,3.707704,3.966614,1015.746,-1,-0.3842773, 0.03076172, -0.8847656, 0.03999996, -0.2353125, 0.07843757,125.6389,5,4,True,True,177
180770,2.840741,1.973778,1015.819,36.67576,-0.3842773, 0.03173828, -0.8842773, 0.02437496, -0.2196875, 0.1253126,125.6389,5,4,True,True,177
180846,2.81449,2.788239,1015.789,36.6712,-0.3837891, 0.03222656, -0.8842773, 0.07124996, -0.2509375, 0.1096876,125.6389,5,4,True,True,177
180922,2.376803,1.939117,1015.82,-1,-0.3847656, 0.03076172, -0.8833008, 0.008749962, -0.2196875, 0.07843757,125.6389,5,4,True,True,177
180996,2.287927,2.199051,1015.81,-1,-0.3842773, 0.03173828, -0.8837891, 0.02437496, -0.03218746, 0.07843757,125.6389,5,4,True,True,177
181071,2.815347,3.342766,1015.769,-1,-0.3842773, 0.03076172, -0.8847656, -0.006875038, -0.1259375, 0.01593757,125.6389,5,4,True,True,177
181151,2.238598,1.66185,1015.83,-1,-0.3842773, 0.03222656, -0.8847656, 0.05562496, -0.2196875, 0.09406257,125.6389,5,4,True,True,177
181337,2.808012,3.377426,1015.768,-1,-0.3833008, 0.03076172, -0.8828125, -0.05375004, -0.1103125, 0.1565626,125.6389,5,4,True,True,177
181413,2.798125,2.788239,1015.789,-1,-0.3842773, 0.03076172, -0.8823242, 0.008749962, -0.1571875, 0.1253126,125.6389,5,4,True,True,177
181492,3.63364,4.469154,1015.727,36.67576,-0.3847656, 0.03125, -0.8842773, -0.006875038, -0.1415625, 0.07843757,125.6389,5,4,True,True,177
181569,1.807287,-0.01906586,1015.892,-1,-0.3837891, 0.02978516, -0.887207, 0.03999996, -0.2509375, 0.1096876,125.6389,5,4,True,True,177
181651,1.873202,1.939117,1015.82,36.67576,-0.3828125, 0.03027344, -0.8833008, 0.03999996, -0.2196875, 0.1096876,125.6389,5,4,True,True,177
181732,1.767526,1.66185,1015.83,-1,-0.3847656, 0.02978516, -0.8837891, 0.008749962, -0.1571875, 0.06281257,125.6389,5,4,True,True,177
181814,2.243226,2.718925,1015.792,-1,-0.3842773, 0.03076172, -0.8847656, 0.03999996, -0.2040625, 0.03156257,125.6389,5,4,True,True,177
181897,2.186482,2.129738,1015.813,-1,-0.3852539, 0.03125, -0.8862305, 0.008749962, -0.1415625, 0.1096876,125.6389,5,4,True,True,177
181979,3.275831,4.365181,1015.731,-1,-0.3837891, 0.03173828, -0.8862305, 0.02437496, -0.1571875, 0.1096876,125.6389,5,4,True,True,177
182064,2.806758,2.337685,1015.806,-1,-0.3842773, 0.02929688, -0.8876953, 0.02437496, -0.1571875, 0.03156257,125.6389,5,4,True,True,177
182197,2.849485,2.892212,1015.785,-1,-0.3833008, 0.03125, -0.8852539, 0.03999996, -0.1728125, 0.01593757,125.6389,5,4,True,True,177
182263,3.572676,4.295868,1015.734,-1,-0.3857422, 0.03076172, -0.8857422, 0.008749962, -0.1103125, 0.06281257,125.6389,5,4,True,True,177
182438,3.232444,2.892212,1015.785,-1,-0.3828125, 0.03076172, -0.8867188, -0.02250004, -0.2353125, 0.09406257,125.6389,5,4,True,True,177
182503,2.923698,2.614952,1015.796,-1,-0.3852539, 0.02978516, -0.887207, 0.05562496, -0.1728125, 0.1096876,125.6389,5,4,True,True,177
182568,2.769325,2.614952,1015.796,-1,-0.3837891, 0.03076172, -0.8857422, 0.08687496, -0.2509375, 0.09406257,125.6389,5,4,True,True,177
182634,2.830769,2.892212,1015.785,-1,-0.3847656, 0.02978516, -0.887207, -0.006875038, -0.1415625, 0.1253126,125.6389,5,4,True,True,177
182700,2.289633,1.748497,1015.827,-1,-0.3847656, 0.03027344, -0.887207, 0.03999996, -0.1415625, 0.07843757,125.6389,5,4,True,True,177
182770,3.44871,4.607788,1015.722,-1,-0.3833008, 0.03466797, -0.8847656, -0.006875038, -0.1103125, 0.06281257,125.6389,5,4,True,True,177
182843,3.031831,2.614952,1015.796,36.58903,-0.3847656, 0.03027344, -0.8857422, 0.02437496, -0.2040625, 0.1096876,125.6389,5,4,True,True,177
182911,1.272443,-0.4869461,1015.909,-1,-0.3842773, 0.03076172, -0.8857422, 0.008749962, -0.2040625, 0.06281257,125.6389,5,4,True,True,177
182983,1.5278,1.783157,1015.826,36.5936,-0.3852539, 0.03222656, -0.8867188, 0.05562496, -0.1728125, 0.1096876,125.6389,5,4,True,True,177
183055,2.79053,4.053261,1015.743,-1,-0.3847656, 0.03173828, -0.8837891, 0.02437496, -0.09468746, 0.1096876,125.6389,5,4,True,True,177
183128,0.4326378,-1.925255,1015.962,36.5936,-0.3833008, 0.02880859, -0.8852539, -0.05375004, -0.2040625, 0.1409376,125.6389,5,4,True,True,177
183201,0.1114758,-0.2096863,1015.899,-1,-0.3842773, 0.03076172, -0.8837891, 0.008749962, -0.2509375, 0.07843757,125.6389,5,4,True,True,177
183382,0.6613859,1.211296,1015.847,-1,-0.3847656, 0.02929688, -0.8857422, 0.07124996, -0.1415625, 0.1096876,125.6389,5,4,True,True,177
183454,1.222272,1.783157,1015.826,-1,-0.3862305, 0.03027344, -0.8847656, 0.008749962, -0.1728125, 0.1565626,125.6389,5,4,True,True,177
183530,0.9395203,0.6567688,1015.867,36.59816,-0.3842773, 0.03173828, -0.8867188, 0.03999996, -0.2353125, 0.06281257,125.6389,5,4,True,True,177
183605,0.9541046,0.968689,1015.856,-1,-0.3837891, 0.02832031, -0.8828125, -0.006875038, -0.1728125, 0.09406257,125.6389,5,4,True,True,177
183680,1.524591,2.095078,1015.814,-1,-0.3847656, 0.03125, -0.8862305, 0.02437496, -0.1571875, 0.1096876,125.6389,5,4,True,True,177
183757,1.523904,1.523216,1015.836,-1,-0.3862305, 0.02880859, -0.8837891, 0.05562496, -0.1884375, 0.1721876,125.6389,5,4,True,True,177
183841,2.381348,3.238792,1015.773,-1,-0.3852539, 0.02978516, -0.8862305, 0.03999996, -0.2196875, 0.03156257,125.6389,5,4,True,True,177
183921,1.536389,0.6914291,1015.866,36.61186,-0.3833008, 0.03222656, -0.8847656, 0.008749962, -0.1415625, 0.1253126,125.6389,5,4,True,True,177
184000,1.547133,1.557877,1015.834,-1,-0.3837891, 0.02734375, -0.8833008, -0.006875038, -0.2353125, 0.09406257,125.6389,5,4,True,True,177
184081,1.977065,2.406998,1015.803,-1,-0.3842773, 0.03271484, -0.8852539, 0.03999996, -0.2040625, 0.1409376,125.6389,5,4,True,True,177
184162,3.465717,4.954369,1015.71,-1,-0.3837891, 0.02978516, -0.8833008, -0.02250004, -0.2353125, 0.1096876,125.6389,5,4,True,True,177
184246,2.373167,1.280617,1015.845,36.63468,-0.3842773, 0.03027344, -0.8837891, -0.006875038, -0.2978125, 0.1409376,125.6389,5,4,True,True,177
184436,1.566955,0.7607422,1015.864,-1,-0.3833008, 0.02929688, -0.8808594, 0.07124996, -0.2196875, 0.09406257,125.6389,5,4,True,True,177
184522,1.579746,1.592537,1015.833,36.63924,-0.3852539, 0.03027344, -0.8833008, 0.05562496, -0.2821875, 0.03156257,125.6389,5,4,True,True,177
184607,2.149336,2.718925,1015.792,36.64837,-0.3823242, 0.02929688, -0.8813477, 0.008749962, -0.2509375, 0.1096876,125.6389,5,4,True,True,177
184691,1.732303,1.315269,1015.843,36.6575,-0.3847656, 0.03076172, -0.8828125, 0.02437496, -0.2196875, 0.1096876,125.6389,5,4,True,True,177
184824,2.364244,2.996185,1015.782,-1,-0.3828125, 0.03125, -0.8813477, -0.02250004, -0.2040625, 0.1409376,125.6389,5,4,True,True,177
184887,2.402951,2.441658,1015.802,-1,-0.3842773, 0.02978516, -0.8818359, -0.006875038, -0.2040625, 0.09406257,125.6389,5,4,True,True,177
184952,1.997744,1.592537,1015.833,-1,-0.3852539, 0.02880859, -0.8823242, -0.006875038, -0.3134375, 0.1409376,125.6389,5,4,True,True,177
185018,1.795141,1.592537,1015.833,-1,-0.3847656, 0.02880859, -0.8823242, 0.02437496, -0.2353125, 0.1565626,125.6389,5,4,True,True,177
185085,1.962439,2.129738,1015.813,-1,-0.3852539, 0.03125, -0.8837891, 0.02437496, -0.2353125, 0.09406257,125.6389,5,4,True,True,177
185152,2.479312,2.996185,1015.782,-1,-0.3823242, 0.02978516, -0.8789063, -0.006875038, -0.2665625, 0.1565626,125.6389,5,4,True,True,177
185220,2.035924,1.592537,1015.833,-1,-0.3857422, 0.02978516, -0.8818359, 0.02437496, -0.2509375, 0.1096876,125.6389,5,4,True,True,177
185288,1.675597,1.315269,1015.843,-1,-0.3833008, 0.02978516, -0.8818359, 0.03999996, -0.2509375, 0.09406257,125.6389,5,4,True,True,177
185467,1.495433,1.315269,1015.843,36.63924,-0.3857422, 0.03222656, -0.8818359, 0.008749962, -0.2040625, 0.1096876,125.6389,5,4,True,True,177
185538,1.812586,2.129738,1015.813,36.63012,-0.3842773, 0.03222656, -0.8828125, 0.02437496, -0.2040625, 0.07843757,125.6389,5,4,True,True,177
185608,3.106214,4.399841,1015.73,-1,-0.3842773, 0.03125, -0.8818359, -0.006875038, -0.2196875, 0.09406257,125.6389,5,4,True,True,177
185678,3.189833,3.273453,1015.771,-1,-0.3842773, 0.03027344, -0.8823242, -0.006875038, -0.1728125, 0.1409376,125.6389,5,4,True,True,177
185748,3.231643,3.273453,1015.771,-1,-0.3833008, 0.03125, -0.8818359, 0.08687496, -0.2040625, 0.1253126,125.6389,5,4,True,True,177
185821,1.554302,-0.1230392,1015.896,-1,-0.3842773, 0.03125, -0.8823242, 0.02437496, -0.2353125, 0.1096876,125.6389,5,4,True,True,177
185894,1.84202,2.129738,1015.813,-1,-0.3852539, 0.02978516, -0.8813477, 0.008749962, -0.2040625, 0.1409376,125.6389,5,4,True,True,177
185968,2.835,3.82798,1015.751,-1,-0.3837891, 0.03076172, -0.8828125, 0.08687496, -0.2196875, 0.09406257,125.6389,5,4,True,True,177
186045,1.919175,1.003349,1015.855,36.63012,-0.3852539, 0.02929688, -0.8803711, 0.02437496, -0.2353125, 0.1096876,125.6389,5,4,True,True,177
186119,2.163086,2.406998,1015.803,-1,-0.3842773, 0.03173828, -0.8813477, 0.03999996, -0.1728125, 0.1096876,125.6389,5,4,True,True,177
186194,1.990448,1.81781,1015.825,36.62098,-0.3857422, 0.03271484, -0.8818359, -0.02250004, -0.1728125, 0.1096876,125.6389,5,4,True,True,177
186270,1.063671,0.1368942,1015.886,-1,-0.3847656, 0.03222656, -0.8813477, -0.02250004, -0.2509375, 0.07843757,125.6389,5,4,True,True,177
186455,3.138987,5.214302,1015.7,-1,-0.3837891, 0.03027344, -0.8818359, 0.07124996, -0.1728125, 0.1096876,125.6389,5,4,True,True,177
186531,2.911626,2.684265,1015.793,-1,-0.3833008, 0.03027344, -0.8833008, 0.02437496, -0.2196875, 0.1253126,125.6389,5,4,True,True,177
186610,3.231173,3.55072,1015.761,-1,-0.3852539, 0.02978516, -0.8813477, -0.006875038, -0.1259375, 0.1409376,125.6389,5,4,True,True,177
186689,1.684034,0.1368942,1015.886,-1,-0.3837891, 0.03125, -0.8833008, -0.02250004, -0.2353125, 0.1096876,125.6389,5,4,True,True,177
186770,2.184149,2.684265,1015.793,-1,-0.3833008, 0.03027344, -0.8847656, -0.006875038, -0.2353125, 0.03156257,125.6389,5,4,True,True,177
186850,2.711471,3.238792,1015.773,-1,-0.3828125, 0.03027344, -0.8808594, 0.05562496, -0.1571875, 0.1253126,125.6389,5,4,True,True,177
186936,3.269725,3.82798,1015.751,36.61186,-0.3833008, 0.03369141, -0.8837891, -0.006875038, -0.1884375, 0.1253126,125.6389,5,4,True,True,177
187030,2.543768,1.81781,1015.825,36.62098,-0.3833008, 0.02832031, -0.8842773, 0.08687496, -0.1728125, 0.07843757,125.6389,5,4,True,True,177
187116,2.319423,2.095078,1015.814,36.62098,-0.3847656, 0.03027344, -0.8833008, 0.03999996, -0.1415625, 0.1096876,125.6389,5,4,True,True,177
187200,2.779108,3.238792,1015.773,-1,-0.3837891, 0.02978516, -0.8823242, 0.02437496, -0.1571875, 0.07843757,125.6389,5,4,True,True,177
187333,3.00895,3.238792,1015.773,-1,-0.3842773, 0.03125, -0.8823242, -0.006875038, -0.2509375, 0.1253126,125.6389,5,4,True,True,177
187397,2.283413,1.557877,1015.834,-1,-0.3842773, 0.03076172, -0.8828125, -0.006875038, -0.2196875, 0.1096876,125.6389,5,4,True,True,177
187571,2.483839,2.684265,1015.793,36.61186,-0.3847656, 0.03076172, -0.8823242, 0.02437496, -0.2040625, 0.07843757,125.6389,5,4,True,True,177
187637,3.42451,4.365181,1015.731,-1,-0.3837891, 0.02929688, -0.8808594, 0.02437496, -0.2040625, 0.06281257,125.6389,5,4,True,True,177
187707,3.348981,3.273453,1015.771,36.62555,-0.3862305, 0.03076172, -0.8823242, 0.118125, -0.1728125, 0.07843757,125.6389,5,4,True,True,177
187773,1.881572,0.4141617,1015.876,-1,-0.3837891, 0.02978516, -0.8818359, -0.006875038, -0.1728125, 0.07843757,125.6389,5,4,True,True,177
187841,1.988325,2.095078,1015.814,-1,-0.3842773, 0.02880859, -0.8828125, -0.02250004, -0.2040625, 0.1409376,125.6389,5,4,True,True,177
187907,2.587565,3.186806,1015.774,-1,-0.3837891, 0.03076172, -0.8833008, 0.03999996, -0.1884375, 0.1096876,125.6389,5,4,True,True,177
187976,2.601259,2.614952,1015.796,36.58447,-0.3852539, 0.02978516, -0.8837891, -0.03812504, -0.2196875, 0.09406257,125.6389,5,4,True,True,177
188047,1.750317,0.8993759,1015.859,36.56621,-0.3842773, 0.03125, -0.8847656, 0.03999996, -0.1259375, 0.09406257,125.6389,5,4,True,True,177
188116,3.144396,4.538475,1015.725,-1,-0.3847656, 0.03076172, -0.8818359, 0.02437496, -0.2353125, 0.07843757,125.6389,5,4,True,True,177
188188,4.54326,5.942123,1015.673,-1,-0.3823242, 0.03027344, -0.8823242, 0.008749962, -0.2040625, 0.1409376,125.6389,5,4,True,True,177
188262,3.674412,2.805565,1015.788,36.54338,-0.3837891, 0.03076172, -0.8837891, -0.006875038, -0.2040625, 0.09406257,125.6389,5,4,True,True,177
188336,3.387285,3.100159,1015.778,-1,-0.3857422, 0.03076172, -0.8852539, -0.006875038, -0.1571875, 0.07843757,125.6389,5,4,True,True,177
188520,2.619878,1.85247,1015.823,-1,-0.3828125, 0.03027344, -0.8857422, 0.02437496, -0.2040625, 0.07843757,125.6389,5,4,True,True,177
188597,3.197936,3.775993,1015.753,36.45665,-0.3847656, 0.03027344, -0.8862305, 0.05562496, -0.2353125, 0.1096876,125.6389,5,4,True,True,177
188672,2.629176,2.060417,1015.816,-1,-0.3837891, 0.03076172, -0.8852539, 0.03999996, -0.2196875, 0.09406257,125.6389,5,4,True,True,177
188747,4.320306,6.011436,1015.671,-1,-0.3833008, 0.03076172, -0.8833008, 0.02437496, -0.1884375, 0.07843757,125.6389,5,4,True,True,177
188825,3.736226,3.152145,1015.776,-1,-0.3852539, 0.03027344, -0.8852539, 0.07124996, -0.2665625, 0.1096876,125.6389,5,4,True,True,177
188903,3.877413,4.0186,1015.744,-1,-0.3833008, 0.02880859, -0.8823242, 0.008749962, -0.1259375, 0.1253126,125.6389,5,4,True,True,177
188983,3.514779,3.152145,1015.776,-1,-0.3837891, 0.03027344, -0.8823242, -0.006875038, -0.2196875, 0.1096876,125.6389,5,4,True,True,177
189063,3.194832,2.874886,1015.786,36.42926,-0.3847656, 0.03076172, -0.8862305, 0.07124996, -0.2196875, 0.04718757,125.6389,5,4,True,True,177
189144,3.173489,3.152145,1015.776,36.42469,-0.3837891, 0.03125, -0.8862305, 0.03999996, -0.2196875, 0.1409376,125.6389,5,4,True,True,177
189224,4.575136,5.976784,1015.672,-1,-0.3842773, 0.02929688, -0.8842773, -0.006875038, -0.2196875, 0.07843757,125.6389,5,4,True,True,177
189305,4.279538,3.98394,1015.745,-1,-0.3833008, 0.03076172, -0.8847656, 0.02437496, -0.2040625, 0.07843757,125.6389,5,4,True,True,177
189385,3.135321,1.991104,1015.819,-1,-0.3828125, 0.03076172, -0.8891602, 0.03999996, -0.2509375, 0.1096876,125.6389,5,4,True,True,177
189574,0.7090065,-1.717308,1015.955,36.39274,-0.3842773, 0.03125, -0.8867188, 0.02437496, -0.2040625, 0.07843757,125.6389,5,4,True,True,177
189658,2.034553,3.3601,1015.768,36.38361,-0.3833008, 0.03027344, -0.8852539, -0.03812504, -0.2196875, 0.09406257,125.6389,5,4,True,True,177
189741,0.8604467,-0.3136597,1015.903,-1,-0.3837891, 0.03125, -0.8857422, 0.008749962, -0.1728125, 0.09406257,125.6389,5,4,True,True,177
189825,3.383955,5.907463,1015.675,-1,-0.3842773, 0.02978516, -0.8886719, 0.008749962, -0.1884375, 0.1721876,125.6389,5,4,True,True,177
189960,2.92147,2.458984,1015.801,36.36079,-0.3847656, 0.03076172, -0.8847656, -0.006875038, -0.1728125, 0.06281257,125.6389,5,4,True,True,177
190026,3.816616,4.711761,1015.719,-1,-0.3847656, 0.03320313, -0.8852539, 0.03999996, -0.1728125, 0.09406257,125.6389,5,4,True,True,177
190094,3.553697,3.290779,1015.771,36.34709,-0.3842773, 0.02880859, -0.8837891, 0.05562496, -0.2978125, 0.07843757,125.6389,5,4,True,True,177
190167,3.127645,2.701591,1015.792,-1,-0.3852539, 0.03076172, -0.8823242, 0.02437496, -0.1728125, 0.1096876,125.6389,5,4,True,True,177
190235,4.482897,5.83815,1015.677,-1,-0.3842773, 0.02978516, -0.8828125, 0.03999996, -0.1884375, 0.04718757,125.6389,5,4,True,True,177
190305,2.751786,1.020676,1015.854,36.34709,-0.3842773, 0.03125, -0.8842773, 0.05562496, -0.1728125, 0.1565626,125.6389,5,4,True,True,177
190375,3.45451,4.157234,1015.739,36.34709,-0.3842773, 0.03076172, -0.8876953, 0.02437496, -0.1571875, 0.09406257,125.6389,5,4,True,True,177
190441,4.66366,5.87281,1015.676,-1,-0.3857422, 0.02929688, -0.8828125, 0.03999996, -0.1259375, 0.1096876,125.6389,5,4,True,True,177
190621,4.01188,3.3601,1015.768,36.38818,-0.3842773, 0.02929688, -0.8833008, 0.02437496, -0.2040625, 0.06281257,125.6389,5,4,True,True,177
190693,2.273671,0.5354614,1015.872,-1,-0.3847656, 0.03222656, -0.8852539, 0.05562496, -0.1884375, 0.09406257,125.6389,5,4,True,True,177
190761,2.816885,3.3601,1015.768,-1,-0.3847656, 0.03173828, -0.8823242, 0.03999996, -0.2353125, 0.09406257,125.6389,5,4,True,True,177
190832,3.521716,4.226547,1015.737,36.39274,-0.3852539, 0.03125, -0.8833008, 0.05562496, -0.2040625, 0.07843757,125.6389,5,4,True,True,177
190902,3.16364,2.805565,1015.788,-1,-0.3837891, 0.02929688, -0.8842773, 0.05562496, -0.2040625, 0.09406257,125.6389,5,4,True,True,177
190973,3.851058,4.538475,1015.725,-1,-0.3837891, 0.02978516, -0.8837891, 0.03999996, -0.1884375, 0.09406257,125.6389,5,4,True,True,177
191046,4.04747,4.243881,1015.736,36.42013,-0.3842773, 0.03125, -0.8842773, 0.05562496, -0.1884375, 0.07843757,125.6389,5,4,True,True,177
191121,4.578899,5.110329,1015.704,36.41557,-0.3862305, 0.02978516, -0.8818359, 0.1025, -0.2196875, 0.09406257,125.6389,5,4,True,True,177
191194,4.14279,3.70668,1015.756,-1,-0.3828125, 0.03027344, -0.8813477, -0.02250004, -0.1259375, 0.1253126,125.6389,5,4,True,True,177
191269,5.189754,6.236717,1015.662,-1,-0.3852539, 0.03076172, -0.8837891, 0.02437496, -0.2353125, 0.1253126,125.6389,5,4,True,True,177
191348,3.313165,1.436577,1015.839,36.411,-0.3828125, 0.02880859, -0.8837891, 0.03999996, -0.1259375, 0.1096876,125.6389,5,4,True,True,177
191427,2.920735,2.528305,1015.798,-1,-0.3842773, 0.02929688, -0.8828125, -0.006875038, -0.2353125, 0.1253126,125.6389,5,4,True,True,177
191610,1.147578,-0.6255798,1015.915,-1,-0.3828125, 0.02978516, -0.8852539, 0.05562496, -0.1415625, 0.09406257,125.6389,5,4,True,True,177
191688,1.673314,2.199051,1015.811,-1,-0.3842773, 0.02880859, -0.8862305, 0.008749962, -0.2509375, 0.1409376,125.6389,5,4,True,True,177
191768,0.8011309,-0.07105255,1015.894,36.35622,-0.3847656, 0.02929688, -0.8857422, 0.08687496, -0.2040625, 0.09406257,125.6389,5,4,True,True,177
191847,1.768691,2.736252,1015.791,-1,-0.3852539, 0.02978516, -0.8852539, 0.02437496, -0.1571875, 0.1409376,125.6389,5,4,True,True,177
191925,1.394683,1.020676,1015.854,-1,-0.3828125, 0.03076172, -0.8833008, 0.02437496, -0.1884375, 0.07843757,125.6389,5,4,True,True,177
192008,1.06905,0.7434158,1015.864,36.35165,-0.3833008, 0.03027344, -0.8828125, -0.02250004, -0.2196875, 0.1096876,125.6389,5,4,True,True,177
192090,2.197245,3.325439,1015.77,-1,-0.3842773, 0.03027344, -0.8842773, 0.02437496, -0.2040625, 0.07843757,125.6389,5,4,True,True,177
192173,3.047273,3.897301,1015.748,36.36535,-0.3828125, 0.02978516, -0.8857422, 0.02437496, -0.1103125, 0.09406257,125.6389,5,4,True,True,177
192254,2.484532,1.921791,1015.821,-1,-0.3842773, 0.03125, -0.8862305, 0.03999996, -0.2821875, 0.1253126,125.6389,5,4,True,True,177
192338,2.064528,1.644524,1015.831,-1,-0.3842773, 0.03125, -0.8842773, 0.02437496, -0.2353125, 0.06281257,125.6389,5,4,True,True,177
192469,2.712314,3.3601,1015.768,-1,-0.3837891, 0.02978516, -0.8823242, 0.05562496, -0.2509375, 0.04718757,125.6389,5,4,True,True,177
192535,2.758939,2.805565,1015.788,-1,-0.3833008, 0.03125, -0.8828125, 0.008749962, -0.2040625, 0.09406257,125.6389,5,4,True,True,177
192710,3.46675,4.174561,1015.738,36.37448,-0.3837891, 0.02929688, -0.8818359, -0.02250004, -0.1571875, 0.09406257,125.6389,5,4,True,True,177
192777,2.555637,1.644524,1015.831,-1,-0.3833008, 0.02929688, -0.8833008, -0.006875038, -0.2196875, 0.1096876,125.6389,5,4,True,True,177
192842,1.528223,0.5008087,1015.873,-1,-0.3837891, 0.02685547, -0.8852539, 0.008749962, -0.2040625, 0.06281257,125.6389,5,4,True,True,177
192910,1.863637,2.199051,1015.811,36.36535,-0.3833008, 0.03076172, -0.8842773, 0.02437496, -0.2196875, 0.09406257,125.6389,5,4,True,True,177
192976,3.010436,4.157234,1015.739,-1,-0.3842773, 0.03222656, -0.8862305, 0.03999996, -0.2040625, 0.07843757,125.6389,5,4,True,True,177
193044,3.445201,3.879967,1015.749,36.35622,-0.3837891, 0.03125, -0.8847656, 0.02437496, -0.1884375, 0.09406257,125.6389,5,4,True,True,177
193115,4.503042,5.560883,1015.687,36.36079,-0.3847656, 0.03076172, -0.8847656, 0.008749962, -0.1884375, 0.06281257,125.6389,5,4,True,True,177
193189,2.761859,1.020676,1015.854,36.35165,-0.3833008, 0.03027344, -0.8828125, 0.008749962, -0.1103125, 0.1409376,125.6389,5,4,True,True,177
193269,2.887689,3.013519,1015.781,36.34709,-0.3833008, 0.02880859, -0.8852539, 0.07124996, -0.1884375, 0.06281257,125.6389,5,4,True,True,177
193360,2.23145,1.575211,1015.834,36.32883,-0.3842773, 0.03076172, -0.8813477, -0.006875038, -0.2196875, 0.07843757,125.6389,5,4,True,True,177
193432,2.180594,2.129738,1015.814,-1,-0.3847656, 0.03222656, -0.8867188, 0.008749962, -0.2353125, 0.1096876,125.6389,5,4,True,True,177
193505,4.113345,6.046097,1015.67,36.3197,-0.3828125, 0.02929688, -0.8867188, 0.07124996, -0.2040625, 0.1409376,125.6389,5,4,True,True,177
193683,4.221933,4.330521,1015.733,-1,-0.3847656, 0.02880859, -0.8847656, 0.05562496, -0.1728125, 0.06281257,125.6389,5,4,True,True,177
193761,3.141175,2.060417,1015.816,36.29231,-0.3847656, 0.02978516, -0.8842773, 0.08687496, -0.1728125, 0.07843757,125.6389,5,4,True,True,177
193836,2.730767,2.320358,1015.806,-1,-0.3842773, 0.02929688, -0.8852539, 0.02437496, -0.2040625, 0.1253126,125.6389,5,4,True,True,177
193911,2.820156,2.909546,1015.785,-1,-0.3837891, 0.02832031, -0.8847656, 0.05562496, -0.2040625, 0.06281257,125.6389,5,4,True,True,177
193988,3.575338,4.330521,1015.733,-1,-0.3837891, 0.03076172, -0.8857422, -0.02250004, -0.2196875, 0.06281257,125.6389,5,4,True,True,177
194066,3.952929,4.330521,1015.733,36.29231,-0.3847656, 0.03076172, -0.8833008, 0.05562496, -0.2040625, 0.1096876,125.6389,5,4,True,True,177
194147,3.569868,3.186806,1015.774,36.29688,-0.3833008, 0.02978516, -0.8847656, 0.008749962, -0.1571875, 0.09406257,125.6389,5,4,True,True,177
194228,2.971106,2.372345,1015.805,36.29688,-0.3842773, 0.03027344, -0.8833008, 0.05562496, -0.2040625, 0.04718757,125.6389,5,4,True,True,177
194307,3.650814,4.330521,1015.733,-1,-0.3833008, 0.02978516, -0.8852539, -0.02250004, -0.2353125, 0.1096876,125.6389,5,4,True,True,177
194387,3.41881,3.186806,1015.774,-1,-0.3852539, 0.03125, -0.8837891, 0.05562496, -0.1884375, 0.1096876,125.6389,5,4,True,True,177
194468,3.008214,2.597618,1015.796,36.28318,-0.3837891, 0.02734375, -0.8862305, 0.02437496, -0.1571875, 0.07843757,125.6389,5,4,True,True,177
194547,2.802916,2.597618,1015.796,-1,-0.3837891, 0.02929688, -0.8813477, 0.03999996, -0.1571875, 0.06281257,125.6389,5,4,True,True,177
194737,3.116164,3.429413,1015.766,36.26036,-0.3837891, 0.03027344, -0.8852539, 0.02437496, -0.2353125, 0.09406257,125.6389,5,4,True,True,177
194822,4.25188,5.387596,1015.694,36.26948,-0.3833008, 0.03027344, -0.8847656, 0.02437496, -0.1884375, 0.09406257,125.6389,5,4,True,True,177
194903,4.11791,3.98394,1015.745,-1,-0.3842773, 0.03027344, -0.8842773, 0.008749962, -0.2353125, 0.06281257,125.6389,5,4,True,True,177
195039,4.198222,4.278534,1015.734,36.28318,-0.3857422, 0.02978516, -0.8833008, 0.008749962, -0.2353125, 0.1096876,125.6389,5,4,True,True,177
195103,4.532972,4.867722,1015.713,-1,-0.3847656, 0.03027344, -0.8847656, -0.006875038, -0.2509375, 0.06281257,125.6389,5,4,True,True,177
195169,4.431746,4.330521,1015.733,-1,-0.3847656, 0.02978516, -0.8837891, 0.008749962, -0.2509375, 0.07843757,125.6389,5,4,True,True,177
195237,3.670646,2.909546,1015.785,36.30144,-0.3842773, 0.03027344, -0.8818359, 0.02437496, -0.2040625, 0.07843757,125.6389,5,4,True,True,177
195303,3.021496,2.372345,1015.805,-1,-0.3847656, 0.03027344, -0.8828125, -0.006875038, -0.2040625, 0.1253126,125.6389,5,4,True,True,177
195368,2.982847,2.944199,1015.783,-1,-0.3833008, 0.02929688, -0.8813477, 0.05562496, -0.1728125, 0.1096876,125.6389,5,4,True,True,177
195439,3.102157,3.221466,1015.773,36.3197,-0.3847656, 0.03173828, -0.8828125, 0.02437496, -0.1571875, 0.07843757,125.6389,5,4,True,True,177
195508,2.884548,2.666939,1015.793,36.32883,-0.3837891, 0.02978516, -0.8818359, 0.008749962, -0.2509375, 0.03156257,125.6389,5,4,True,True,177
195579,3.772161,4.659775,1015.72,36.32883,-0.3842773, 0.02978516, -0.8813477, 0.05562496, -0.2665625, 0.06281257,125.6389,5,4,True,True,177
195759,3.808734,3.845306,1015.751,-1,-0.3847656, 0.03027344, -0.8813477, 0.08687496, -0.2353125, 0.07843757,125.6389,5,4,True,True,177
195825,3.82702,3.845306,1015.751,-1,-0.3833008, 0.02832031, -0.8818359, -0.02250004, -0.1728125, 0.1096876,125.6389,5,4,True,True,177
195896,3.143002,2.458984,1015.801,-1,-0.3842773, 0.03027344, -0.8803711, 0.02437496, -0.2353125, 0.04718757,125.6389,5,4,True,True,177
195970,4.213313,5.283623,1015.698,36.36535,-0.3828125, 0.02978516, -0.8823242, 0.008749962, -0.1415625, 0.1096876,125.6389,5,4,True,True,177
196042,2.911588,1.609863,1015.832,-1,-0.3828125, 0.03076172, -0.8803711, 0.02437496, -0.2353125, 0.09406257,125.6389,5,4,True,True,177
196116,2.555319,2.199051,1015.811,-1,-0.3847656, 0.03076172, -0.8833008, 0.008749962, -0.2353125, 0.06281257,125.6389,5,4,True,True,177
196189,2.377185,2.199051,1015.811,36.36079,-0.3833008, 0.02880859, -0.8808594, 0.03999996, -0.2040625, 0.09406257,125.6389,5,4,True,True,177
196266,3.830404,5.283623,1015.698,-1,-0.3842773, 0.02880859, -0.8823242, -0.006875038, -0.1728125, 0.03156257,125.6389,5,4,True,True,177
196350,4.106456,4.382507,1015.731,-1,-0.3852539, 0.02929688, -0.8823242, 0.02437496, -0.2040625, 0.07843757,125.6389,5,4,True,True,177
196427,3.386697,2.666939,1015.793,-1,-0.3857422, 0.02978516, -0.8833008, 0.02437496, -0.2040625, 0.09406257,125.6389,5,4,True,True,177
196506,3.867276,4.347855,1015.732,36.3197,-0.3842773, 0.03076172, -0.8793945, 0.08687496, -0.1728125, 0.04718757,125.6389,5,4,True,True,177
196581,3.838965,3.810654,1015.752,-1,-0.3842773, 0.02978516, -0.8837891, 0.02437496, -0.1884375, 0.1253126,125.6389,5,4,True,True,177
196767,3.686176,3.533386,1015.762,-1,-0.3842773, 0.03027344, -0.8808594, -0.02250004, -0.1884375, 0.1096876,125.6389,5,4,True,True,177
196846,3.176557,2.666939,1015.793,36.32883,-0.3842773, 0.03076172, -0.8813477, 0.03999996, -0.2196875, 0.07843757,125.6389,5,4,True,True,177
196927,3.918166,4.659775,1015.72,-1,-0.3842773, 0.03027344, -0.8828125, 0.05562496, -0.1415625, 0.07843757,125.6389,5,4,True,True,177
197007,4.444931,4.971695,1015.709,-1,-0.3837891, 0.02978516, -0.8793945, -0.006875038, -0.1728125, 0.04718757,125.6389,5,4,True,True,177
197091,3.443294,2.441658,1015.802,36.3334,-0.3847656, 0.03027344, -0.8808594, 0.03999996, -0.1728125, 0.06281257,125.6389,5,4,True,True,177
197173,4.909323,6.375351,1015.657,-1,-0.3833008, 0.02978516, -0.8818359, 0.02437496, -0.1728125, 0.09406257,125.6389,5,4,True,True,177
197253,5.079143,5.248962,1015.699,-1,-0.3852539, 0.03027344, -0.8808594, 0.05562496, -0.1571875, 0.09406257,125.6389,5,4,True,True,177
197337,4.323595,3.568047,1015.76,36.34253,-0.3847656, 0.03027344, -0.8808594, 0.05562496, -0.2040625, 0.06281257,125.6389,5,4,True,True,177
197422,2.810769,1.297943,1015.844,36.33796,-0.3852539, 0.03076172, -0.8823242, 0.02437496, -0.2040625, 0.1096876,125.6389,5,4,True,True,177
197553,3.761265,4.711761,1015.719,36.35165,-0.3847656, 0.02978516, -0.8842773, 0.02437496, -0.1103125, 0.04718757,125.6389,5,4,True,True,177
197615,3.387392,3.013519,1015.781,-1,-0.3828125, 0.02929688, -0.8793945, 0.03999996, -0.2040625, 0.1096876,125.6389,5,4,True,True,177
197683,3.200456,3.013519,1015.781,36.35165,-0.3857422, 0.02978516, -0.8793945, 0.03999996, -0.1728125, 0.1409376,125.6389,5,4,True,True,177
197859,3.106987,3.013519,1015.781,36.34253,-0.3842773, 0.02880859, -0.8793945, 0.02437496, -0.1728125, 0.07843757,125.6389,5,4,True,True,177
197927,3.918038,4.729088,1015.718,36.35622,-0.3837891, 0.02978516, -0.8818359, 0.008749962, -0.1728125, 0.09406257,125.6389,5,4,True,True,177
197993,2.902584,1.887131,1015.822,-1,-0.3837891, 0.03076172, -0.8789063, 0.02437496, -0.2196875, 0.09406257,125.6389,5,4,True,True,177
198061,4.093103,5.283623,1015.698,-1,-0.3862305, 0.02978516, -0.8813477, 0.05562496, -0.2040625, 0.04718757,125.6389,5,4,True,True,177
198130,4.125169,4.157234,1015.739,-1,-0.3852539, 0.02880859, -0.8808594, 0.02437496, -0.1884375, 0.1253126,125.6389,5,4,True,True,177
198199,4.279831,4.434494,1015.729,-1,-0.3823242, 0.02978516, -0.8823242, -0.006875038, -0.1415625, 0.07843757,125.6389,5,4,True,True,177
198269,3.785305,3.290779,1015.771,-1,-0.3828125, 0.03076172, -0.8808594, 0.02437496, -0.2353125, 0.07843757,125.6389,5,4,True,True,177
198341,1.99576,0.2062149,1015.884,-1,-0.3833008, 0.02978516, -0.8798828, 0.008749962, -0.1884375, 0.1096876,125.6389,5,4,True,True,177
198410,1.664182,1.332603,1015.843,-1,-0.3842773, 0.03027344, -0.8798828, -0.02250004, -0.2196875, 0.04718757,125.6389,5,4,True,True,177
198480,1.775656,1.887131,1015.822,-1,-0.3842773, 0.02880859, -0.8808594, -0.006875038, -0.2353125, 0.06281257,125.6389,5,4,True,True,177
198555,2.394588,3.013519,1015.781,36.34709,-0.3852539, 0.03076172, -0.8828125, -0.03812504, -0.2040625, 0.09406257,125.6389,5,4,True,True,177
198629,3.839105,5.283623,1015.698,36.36535,-0.3852539, 0.02978516, -0.8798828, 0.03999996, -0.2196875, 0.09406257,125.6389,5,4,True,True,177
198810,3.426312,3.013519,1015.781,-1,-0.3847656, 0.03173828, -0.8789063, 0.03999996, -0.2040625, 0.09406257,125.6389,5,4,True,True,177
198884,4.0777,4.729088,1015.718,36.36535,-0.3842773, 0.03027344, -0.8823242, 0.008749962, -0.2353125, 0.06281257,125.6389,5,4,True,True,177
198960,3.840203,3.602707,1015.759,36.36535,-0.3847656, 0.02929688, -0.8808594, -0.02250004, -0.2040625, 0.1253126,125.6389,5,4,True,True,177
199036,3.019627,2.199051,1015.811,-1,-0.3837891, 0.03125, -0.8798828, 0.02437496, -0.2665625, 0.06281257,125.6389,5,4,True,True,177
199112,2.609339,2.199051,1015.811,-1,-0.3837891, 0.03027344, -0.8808594, 0.05562496, -0.1728125, 0.1096876,125.6389,5,4,True,True,177
199191,3.669213,4.729088,1015.718,36.36535,-0.3842773, 0.03125, -0.8793945, 0.008749962, -0.1728125, 0.1096876,125.6389,5,4,True,True,177
199269,2.067681,0.4661484,1015.874,-1,-0.3837891, 0.03125, -0.8793945, -0.02250004, -0.1259375, 0.06281257,125.6389,5,4,True,True,177
199347,2.69656,3.325439,1015.77,-1,-0.3852539, 0.02929688, -0.8789063, 0.02437496, -0.1728125, 0.07843757,125.6389,5,4,True,True,177
199436,1.451388,0.2062149,1015.884,-1,-0.3847656, 0.02978516, -0.8808594, 0.05562496, -0.2040625, 0.1096876,125.6389,5,4,True,True,177
199516,1.825219,2.199051,1015.811,36.36535,-0.3833008, 0.03173828, -0.8818359, -0.02250004, -0.2353125, 0.1096876,125.6389,5,4,True,True,177
199597,2.012135,2.199051,1015.811,36.36535,-0.3847656, 0.02783203, -0.8759766, 0.07124996, -0.2509375, 0.06281257,125.6389,5,4,True,True,177
199678,2.668787,3.325439,1015.77,-1,-0.3823242, 0.03027344, -0.8789063, -0.006875038, -0.1415625, 0.07843757,125.6389,5,4,True,True,177
199873,1.723428,0.7780685,1015.863,36.36992,-0.3837891, 0.03027344, -0.8818359, 0.008749962, -0.1728125, 0.09406257,125.6389,5,4,True,True,177
199957,1.961239,2.199051,1015.811,36.36535,-0.3852539, 0.02880859, -0.8803711, 0.07124996, -0.1728125, 0.07843757,125.6389,5,4,True,True,177
200042,2.080145,2.199051,1015.811,36.36992,-0.3837891, 0.02978516, -0.8798828, 0.008749962, -0.2509375, 0.09406257,125.6389,5,4,True,True,177
200177,3.265986,4.451828,1015.728,36.36992,-0.3823242, 0.03027344, -0.8828125, 0.03999996, -0.2353125, 0.1096876,125.6389,5,4,True,True,177
200243,2.732519,2.199051,1015.811,-1,-0.3852539, 0.02832031, -0.8793945, 0.02437496, -0.1884375, 0.1096876,125.6389,5,4,True,True,177
200310,3.31491,3.897301,1015.748,-1,-0.3842773, 0.03173828, -0.8813477, 0.08687496, -0.1571875, 0.1096876,125.6389,5,4,True,True,177
200373,2.479717,1.644524,1015.831,-1,-0.3842773, 0.03027344, -0.8793945, 0.02437496, -0.1884375, 0.06281257,125.6389,5,4,True,True,177
200439,3.760366,5.041016,1015.707,-1,-0.3842773, 0.02929688, -0.8818359, 0.02437496, -0.1259375, 0.1096876,125.6389,5,4,True,True,177
200509,2.407851,1.055336,1015.853,36.37448,-0.3852539, 0.02929688, -0.8813477, 0.03999996, -0.1728125, 0.07843757,125.6389,5,4,True,True,177
200579,2.164821,1.921791,1015.821,36.36535,-0.3862305, 0.02978516, -0.8793945, 0.008749962, -0.1728125, 0.07843757,125.6389,5,4,True,True,177
200646,3.031061,3.897301,1015.748,-1,-0.3842773, 0.03076172, -0.8808594, 0.008749962, -0.1571875, 0.1096876,125.6389,5,4,True,True,177
200715,2.199159,1.367256,1015.841,-1,-0.3847656, 0.03173828, -0.8803711, 0.03999996, -0.09468746, 0.09406257,125.6389,5,4,True,True,177
200895,2.762299,3.325439,1015.77,-1,-0.3842773, 0.02978516, -0.8803711, 0.03999996, -0.1571875, 0.09406257,125.6389,5,4,True,True,177
200964,2.342045,1.921791,1015.821,-1,-0.3837891, 0.02978516, -0.8803711, 0.05562496, -0.1415625, 0.06281257,125.6389,5,4,True,True,177
201038,1.993284,1.644524,1015.831,36.35622,-0.3837891, 0.03027344, -0.8803711, 0.02437496, -0.1415625, 0.07843757,125.6389,5,4,True,True,177
201112,2.364768,2.736252,1015.791,-1,-0.3842773, 0.02978516, -0.8803711, 0.02437496, -0.2040625, 0.07843757,125.6389,5,4,True,True,177
201184,2.411876,2.458984,1015.801,-1,-0.3842773, 0.03027344, -0.8798828, 0.02437496, -0.1728125, 0.09406257,125.6389,5,4,True,True,177
201259,2.305464,2.199051,1015.811,36.36535,-0.3847656, 0.02978516, -0.8803711, 0.008749962, -0.2196875, 0.07843757,125.6389,5,4,True,True,177
201335,2.382224,2.458984,1015.801,36.35165,-0.3828125, 0.02978516, -0.8793945, -0.006875038, -0.1571875, 0.1565626,125.6389,5,4,True,True,177
201410,3.269729,4.157234,1015.739,-1,-0.3837891, 0.03076172, -0.8789063, -0.05375004, -0.2353125, 0.07843757,125.6389,5,4,True,True,177
201489,4.55394,5.83815,1015.677,36.34709,-0.3828125, 0.02929688, -0.8808594, 0.008749962, -0.2353125, 0.09406257,125.6389,5,4,True,True,177
201567,3.081902,1.609863,1015.832,-1,-0.3852539, 0.03076172, -0.8798828, 0.008749962, -0.2353125, 0.1096876,125.6389,5,4,True,True,177
201644,3.04771,3.013519,1015.781,36.36079,-0.3837891, 0.02929688, -0.878418, 0.008749962, -0.1728125, 0.06281257,125.6389,5,4,True,True,177
201722,3.325209,3.602707,1015.759,-1,-0.3828125, 0.02832031, -0.8808594, -0.006875038, -0.1884375, 0.09406257,125.6389,5,4,True,True,177
201911,3.307994,3.290779,1015.771,36.33796,-0.3847656, 0.03027344, -0.8808594, 0.02437496, -0.2040625, 0.03156257,125.6389,5,4,True,True,177
201992,3.57665,3.845306,1015.751,-1,-0.3847656, 0.03027344, -0.8779297, -0.006875038, -0.1728125, 0.1253126,125.6389,5,4,True,True,177
202071,4.412807,5.248962,1015.699,36.3334,-0.3828125, 0.02929688, -0.8798828, -0.03812504, -0.2196875, 0.1096876,125.6389,5,4,True,True,177
202153,3.271272,2.129738,1015.814,-1,-0.3847656, 0.02978516, -0.8833008, -0.006875038, -0.2509375, 0.1096876,125.6389,5,4,True,True,177
202235,3.82689,4.382507,1015.731,36.32883,-0.3842773, 0.03076172, -0.8793945, 0.05562496, -0.2196875, 0.1409376,125.6389,5,4,True,True,177
202318,2.978314,2.129738,1015.814,-1,-0.3837891, 0.02929688, -0.8813477, -0.006875038, -0.2353125, 0.04718757,125.6389,5,4,True,True,177
202401,2.554026,2.129738,1015.814,36.3334,-0.3847656, 0.03076172, -0.8818359, -0.006875038, -0.1571875, 0.07843757,125.6389,5,4,True,True,177
202487,2.610482,2.666939,1015.793,36.3197,-0.3852539, 0.02880859, -0.8823242, 0.008749962, -0.1728125, 0.1409376,125.6389,5,4,True,True,177
202579,2.77734,2.944199,1015.783,-1,-0.3852539, 0.02978516, -0.8813477, 0.03999996, -0.1415625, 0.07843757,125.6389,5,4,True,True,177
202713,2.72214,2.666939,1015.793,-1,-0.3862305, 0.03027344, -0.8813477, -0.02250004, -0.2040625, 0.09406257,125.6389,5,4,True,True,177
202778,3.552323,4.382507,1015.731,-1,-0.3842773, 0.03125, -0.8789063, 0.08687496, -0.1728125, 0.07843757,125.6389,5,4,True,True,177
202842,2.563767,1.575211,1015.834,-1,-0.3842773, 0.02929688, -0.8798828, 0.02437496, -0.1884375, 0.07843757,125.6389,5,4,True,True,177
203016,3.334507,4.105247,1015.741,36.34709,-0.3828125, 0.03027344, -0.8818359, 0.02437496, -0.2040625, 0.1096876,125.6389,5,4,True,True,177
203082,3.719877,4.105247,1015.741,-1,-0.3852539, 0.02880859, -0.8803711, 0.03999996, -0.1571875, 0.06281257,125.6389,5,4,True,True,177
203148,3.782592,3.845306,1015.751,-1,-0.3842773, 0.02978516, -0.8808594, 0.03999996, -0.2040625, 0.09406257,125.6389,5,4,True,True,177
203212,3.813949,3.845306,1015.751,-1,-0.3852539, 0.02832031, -0.8789063, 0.02437496, -0.1728125, 0.07843757,125.6389,5,4,True,True,177
203279,3.552364,3.290779,1015.771,-1,-0.3852539, 0.02929688, -0.878418, 0.05562496, -0.1884375, 0.1096876,125.6389,5,4,True,True,177
203349,3.421572,3.290779,1015.771,-1,-0.3837891, 0.02978516, -0.8823242, -0.006875038, -0.1728125, 0.1409376,125.6389,5,4,True,True,177
203418,2.792981,2.164391,1015.812,36.33796,-0.3847656, 0.03125, -0.8818359, 0.02437496, -0.1884375, 0.09406257,125.6389,5,4,True,True,177
203488,2.747286,2.701591,1015.792,-1,-0.3857422, 0.02929688, -0.8818359, 0.008749962, -0.1884375, 0.07843757,125.6389,5,4,True,True,177
203558,3.426267,4.105247,1015.741,36.3334,-0.3842773, 0.02880859, -0.878418, -0.006875038, -0.2353125, 0.1409376,125.6389,5,4,True,True,177
203629,3.765757,4.105247,1015.741,-1,-0.3847656, 0.02978516, -0.8823242, 0.02437496, -0.2040625, 0.06281257,125.6389,5,4,True,True,177
203701,3.510942,3.256126,1015.772,-1,-0.3837891, 0.02978516, -0.8833008, -0.006875038, -0.1728125, 0.1096876,125.6389,5,4,True,True,177
203773,3.08894,2.666939,1015.793,-1,-0.3857422, 0.02978516, -0.8823242, 0.008749962, -0.1728125, 0.04718757,125.6389,5,4,True,True,177
203954,3.172533,3.256126,1015.772,36.32883,-0.3857422, 0.02929688, -0.8833008, 0.05562496, -0.1415625, 0.07843757,125.6389,5,4,True,True,177
204029,3.35296,3.533386,1015.762,-1,-0.3842773, 0.03027344, -0.8823242, 0.03999996, -0.1728125, 0.07843757,125.6389,5,4,True,True,177
204106,3.304543,3.256126,1015.772,-1,-0.3852539, 0.02929688, -0.8813477, -0.02250004, -0.2353125, 0.09406257,125.6389,5,4,True,True,177
204184,3.843525,4.382507,1015.731,36.3197,-0.3828125, 0.02880859, -0.8808594, -0.02250004, -0.2353125, 0.09406257,125.6389,5,4,True,True,177
204260,2.709368,1.575211,1015.834,-1,-0.3857422, 0.02978516, -0.8818359, 0.03999996, -0.1728125, 0.07843757,125.6389,5,4,True,True,177
204340,2.419553,2.129738,1015.814,-1,-0.3842773, 0.02978516, -0.8808594, 0.08687496, -0.1259375, 0.06281257,125.6389,5,4,True,True,177
204420,3.40103,4.382507,1015.731,36.3334,-0.3852539, 0.02929688, -0.8808594, 0.008749962, -0.2040625, 0.07843757,125.6389,5,4,True,True,177
204501,4.307666,5.214302,1015.7,-1,-0.3847656, 0.02978516, -0.8823242, 0.02437496, -0.1728125, 0.1096876,125.6389,5,4,True,True,177
204581,3.374662,2.441658,1015.802,-1,-0.3837891, 0.02929688, -0.8828125, 0.02437496, -0.2196875, 0.07843757,125.6389,5,4,True,True,177
204662,2.336303,1.297943,1015.844,-1,-0.3847656, 0.02832031, -0.8818359, -0.006875038, -0.2821875, 0.1096876,125.6389,5,4,True,True,177
204745,2.23302,2.129738,1015.814,36.33796,-0.3857422, 0.02734375, -0.8833008, 0.05562496, -0.1884375, 0.06281257,125.6389,5,4,True,True,177
204825,1.904115,1.575211,1015.834,36.3334,-0.3842773, 0.03076172, -0.8808594, -0.006875038, -0.2353125, 0.1253126,125.6389,5,4,True,True,177
205016,1.739663,1.575211,1015.834,-1,-0.3852539, 0.03027344, -0.878418, 0.03999996, -0.2040625, 0.06281257,125.6389,5,4,True,True,177
205097,2.792485,3.845306,1015.751,-1,-0.3857422, 0.02929688, -0.8789063, 0.03999996, -0.2040625, 0.07843757,125.6389,5,4,True,True,177
205178,3.318896,3.845306,1015.751,-1,-0.3828125, 0.03076172, -0.8828125, 0.02437496, -0.1415625, 0.09406257,125.6389,5,4,True,True,177
205311,3.582101,3.845306,1015.751,-1,-0.3852539, 0.03027344, -0.8828125, 0.02437496, -0.2040625, 0.1253126,125.6389,5,4,True,True,177
205376,3.419114,3.256126,1015.772,-1,-0.3842773, 0.03076172, -0.8823242, 0.008749962, -0.2509375, 0.1096876,125.6389,5,4,True,True,177
205441,5.035862,6.652611,1015.647,-1,-0.3837891, 0.02880859, -0.8828125, 0.03999996, -0.2040625, 0.09406257,125.6389,5,4,True,True,177
205507,3.5828,2.129738,1015.814,-1,-0.3847656, 0.02978516, -0.8818359, 0.05562496, -0.2353125, 0.07843757,125.6389,5,4,True,True,177
205576,3.696727,3.810654,1015.752,36.32883,-0.3852539, 0.03027344, -0.8818359, 0.03999996, -0.2040625, 0.09406257,125.6389,5,4,True,True,177
205643,3.459096,3.221466,1015.773,-1,-0.3842773, 0.02832031, -0.8813477, 0.08687496, -0.1728125, 0.07843757,125.6389,5,4,True,True,177
205717,4.475333,5.49157,1015.69,-1,-0.3837891, 0.02929688, -0.8803711, 0.02437496, -0.1884375, 0.07843757,125.6389,5,4,True,True,177
205787,2.713348,0.9513626,1015.856,36.31514,-0.3833008, 0.02929688, -0.8828125, 0.05562496, -0.1415625, 0.1253126,125.6389,5,4,True,True,177
205858,4.102459,5.49157,1015.69,-1,-0.3833008, 0.02929688, -0.8793945, 0.008749962, -0.2040625, 0.07843757,125.6389,5,4,True,True,177
206037,4.797014,5.49157,1015.69,36.31057,-0.3837891, 0.03076172, -0.8833008, -0.02250004, -0.2040625, 0.06281257,125.6389,5,4,True,True,177
206107,4.00924,3.221466,1015.773,-1,-0.3842773, 0.02832031, -0.8828125, 0.05562496, -0.1884375, 0.1409376,125.6389,5,4,True,True,177
206198,3.615353,3.221466,1015.773,-1,-0.3842773, 0.03076172, -0.8798828, 0.02437496, -0.1728125, 0.07843757,125.6389,5,4,True,True,177
206273,1.86746,0.1195679,1015.887,36.3197,-0.3837891, 0.02929688, -0.8803711, -0.006875038, -0.1884375, 0.07843757,125.6389,5,4,True,True,177
206348,2.405829,2.944199,1015.783,-1,-0.3847656, 0.02880859, -0.8813477, 0.05562496, -0.1415625, 0.1409376,125.6389,5,4,True,True,177
206423,1.678596,0.9513626,1015.856,36.31057,-0.3862305, 0.02929688, -0.8828125, -0.006875038, -0.2040625, 0.1253126,125.6389,5,4,True,True,177
206498,3.013225,4.347855,1015.732,-1,-0.3847656, 0.02978516, -0.8823242, 0.03999996, -0.2353125, 0.04718757,125.6389,5,4,True,True,177
206574,2.692785,2.372345,1015.805,36.3197,-0.3852539, 0.03027344, -0.8818359, 0.008749962, -0.2353125, 0.1565626,125.6389,5,4,True,True,177
206649,3.936213,5.179642,1015.701,-1,-0.3852539, 0.03076172, -0.8818359, -0.006875038, -0.1571875, 0.07843757,125.6389,5,4,True,True,177
206725,4.540601,5.144989,1015.703,-1,-0.3852539, 0.02929688, -0.8818359, 0.03999996, -0.1259375, 0.06281257,125.6389,5,4,True,True,177
206804,3.846373,3.152145,1015.776,36.27405,-0.3867188, 0.03027344, -0.8818359, 0.05562496, -0.1259375, 0.1096876,125.6389,5,4,True,True,177
206883,3.499259,3.152145,1015.776,36.27405,-0.3847656, 0.02929688, -0.8823242, -0.02250004, -0.2196875, 0.09406257,125.6389,5,4,True,True,177
207069,2.606548,1.713837,1015.829,36.25579,-0.3852539, 0.02929688, -0.8847656, 0.02437496, -0.1884375, 0.1096876,125.6389,5,4,True,True,177
207147,3.295244,3.98394,1015.745,-1,-0.3847656, 0.02880859, -0.8833008, 0.05562496, -0.2509375, 0.07843757,125.6389,5,4,True,True,177
207227,3.362329,3.429413,1015.766,-1,-0.3833008, 0.03027344, -0.8828125, 0.03999996, -0.2040625, 0.1096876,125.6389,5,4,True,True,177
207310,4.392289,5.422249,1015.693,-1,-0.3837891, 0.02978516, -0.8823242, 0.05562496, -0.1728125, 0.09406257,125.6389,5,4,True,True,177
207391,3.633587,2.874886,1015.786,-1,-0.3842773, 0.03076172, -0.8833008, 0.02437496, -0.2040625, 0.07843757,125.6389,5,4,True,True,177
207472,2.847002,2.060417,1015.816,-1,-0.3837891, 0.03173828, -0.8823242, 0.03999996, -0.1728125, 0.07843757,125.6389,5,4,True,True,177
207555,3.294168,3.741333,1015.754,-1,-0.3847656, 0.02880859, -0.8842773, 0.02437496, -0.1884375, 0.1096876,125.6389,5,4,True,True,177
207640,2.807263,2.320358,1015.806,-1,-0.3842773, 0.02978516, -0.8808594, 0.02437496, -0.1884375, 0.07843757,125.6389,5,4,True,True,177
207772,2.43384,2.060417,1015.816,-1,-0.3847656, 0.03027344, -0.8793945, -0.03812504, -0.1728125, 0.1096876,125.6389,5,4,True,True,177
207836,3.24355,4.053261,1015.743,-1,-0.3842773, 0.03076172, -0.8823242, -0.05375004, -0.2040625, 0.1096876,125.6389,5,4,True,True,177
207905,2.37472,1.50589,1015.836,36.30144,-0.3847656, 0.02978516, -0.8833008, 0.05562496, -0.2040625, 0.1096876,125.6389,5,4,True,True,177
207970,2.798093,3.221466,1015.773,-1,-0.3842773, 0.02978516, -0.8793945, -0.02250004, -0.1415625, 0.1096876,125.6389,5,4,True,True,177
208146,2.446585,2.095078,1015.815,-1,-0.3847656, 0.02880859, -0.8808594, 0.03999996, -0.1103125, 0.1096876,125.6389,5,4,True,True,177
208212,3.111289,3.775993,1015.753,-1,-0.3833008, 0.03076172, -0.8803711, 0.07124996, -0.1728125, 0.06281257,125.6389,5,4,True,True,177
208278,4.162796,5.214302,1015.7,-1,-0.3847656, 0.03125, -0.8813477, 0.02437496, -0.2821875, 0.1096876,125.6389,5,4,True,True,177
208347,4.246658,4.330521,1015.733,36.29231,-0.3847656, 0.02978516, -0.8813477, 0.02437496, -0.1571875, 0.07843757,125.6389,5,4,True,True,177
208417,3.993996,3.741333,1015.754,-1,-0.3828125, 0.03027344, -0.8798828, 0.07124996, -0.1415625, 0.03156257,125.6389,5,4,True,True,177
208488,4.690796,5.387596,1015.694,-1,-0.3852539, 0.02929688, -0.8862305, 0.08687496, -0.2353125, 0.1096876,125.6389,5,4,True,True,177
208557,4.744602,4.798409,1015.715,36.24666,-0.3852539, 0.02978516, -0.8833008, 0.05562496, -0.1259375, 0.07843757,125.6389,5,4,True,True,177
208627,4.771505,4.798409,1015.715,-1,-0.3833008, 0.02978516, -0.8842773, -0.02250004, -0.1415625, 0.1565626,125.6389,5,4,True,True,177
208698,3.927169,3.082832,1015.778,-1,-0.3842773, 0.03125, -0.8833008, 0.03999996, -0.2353125, 0.1253126,125.6389,5,4,True,True,177
208772,2.941806,1.956444,1015.82,36.23296,-0.3837891, 0.03027344, -0.8818359, 0.02437496, -0.2040625, 0.1409376,125.6389,5,4,True,True,177
208853,3.584177,4.226547,1015.737,-1,-0.3828125, 0.02929688, -0.8847656, 0.008749962, -0.1884375, 0.06281257,125.6389,5,4,True,True,177
208927,3.333505,3.082832,1015.778,36.23753,-0.3852539, 0.02929688, -0.8852539, 0.02437496, -0.2040625, 0.06281257,125.6389,5,4,True,True,177
209109,2.930905,2.528305,1015.799,-1,-0.3837891, 0.02880859, -0.8833008, -0.006875038, -0.1728125, 0.04718757,125.6389,5,4,True,True,177
209183,3.006869,3.082832,1015.778,-1,-0.3833008, 0.03027344, -0.8828125, 0.07124996, -0.1415625, 0.07843757,125.6389,5,4,True,True,177
209258,5.03769,7.068512,1015.632,-1,-0.3847656, 0.02880859, -0.8813477, -0.006875038, -0.2353125, 0.1096876,125.6389,5,4,True,True,177
209334,4.493489,3.949287,1015.747,-1,-0.3833008, 0.02832031, -0.8818359, -0.006875038, -0.2040625, 0.1096876,125.6389,5,4,True,True,177
209408,3.224966,1.956444,1015.82,-1,-0.3837891, 0.03027344, -0.8842773, 0.03999996, -0.2196875, 0.07843757,125.6389,5,4,True,True,177
209488,3.292533,3.3601,1015.768,36.24666,-0.3837891, 0.03027344, -0.8833008, 0.03999996, -0.1884375, 0.1096876,125.6389,5,4,True,True,177
209566,3.187683,3.082832,1015.778,-1,-0.3847656, 0.02929688, -0.8847656, 0.02437496, -0.1884375, 0.06281257,125.6389,5,4,True,True,177
209644,3.135257,3.082832,1015.778,36.2284,-0.3842773, 0.03027344, -0.8833008, -0.02250004, -0.1728125, 0.06281257,125.6389,5,4,True,True,177
209723,2.970411,2.805565,1015.788,-1,-0.3833008, 0.02978516, -0.8823242, -0.02250004, -0.1884375, 0.1253126,125.6389,5,4,True,True,177
209804,2.887988,2.805565,1015.788,-1,-0.3852539, 0.03027344, -0.8828125, 0.03999996, -0.2040625, 0.1253126,125.6389,5,4,True,True,177
209886,2.708147,2.528305,1015.799,-1,-0.3833008, 0.03076172, -0.8803711, 0.07124996, -0.1728125, 0.09406257,125.6389,5,4,True,True,177
209969,2.488259,2.268372,1015.809,36.24666,-0.3847656, 0.02978516, -0.8842773, -0.02250004, -0.1728125, 0.1096876,125.6389,5,4,True,True,177
210157,4.206528,5.924797,1015.674,-1,-0.3842773, 0.03076172, -0.8818359, 0.008749962, -0.2509375, 0.09406257,125.6389,5,4,True,True,177
210240,3.523377,2.840225,1015.787,36.25579,-0.3862305, 0.03173828, -0.8823242, -0.006875038, -0.2196875, 0.06281257,125.6389,5,4,True,True,177
210369,3.181801,2.840225,1015.787,-1,-0.3847656, 0.02929688, -0.8813477, 0.03999996, -0.2196875, 0.1253126,125.6389,5,4,True,True,177
210431,3.565544,3.949287,1015.747,-1,-0.3852539, 0.03027344, -0.8823242, 0.03999996, -0.1415625, 0.1096876,125.6389,5,4,True,True,177
210497,3.046925,2.528305,1015.799,-1,-0.3837891, 0.02929688, -0.8818359, 0.08687496, -0.2196875, 0.06281257,125.6389,5,4,True,True,177
210560,3.498106,3.949287,1015.747,-1,-0.3837891, 0.02978516, -0.8842773, 0.05562496, -0.2196875, 0.1096876,125.6389,5,4,True,True,177
210625,3.290469,3.082832,1015.778,36.23753,-0.3842773, 0.03027344, -0.8837891, -0.006875038, -0.1884375, 0.1096876,125.6389,5,4,True,True,177
210692,4.321702,5.352936,1015.695,-1,-0.3833008, 0.02929688, -0.8828125, 0.008749962, -0.1103125, 0.1096876,125.6389,5,4,True,True,177
210760,4.837319,5.352936,1015.695,-1,-0.3842773, 0.02978516, -0.8828125, 0.02437496, -0.1728125, 0.1253126,125.6389,5,4,True,True,177
210830,4.09871,3.3601,1015.768,36.23753,-0.3828125, 0.02929688, -0.8833008, 0.03999996, -0.1415625, 0.04718757,125.6389,5,4,True,True,177
210901,4.725822,5.352936,1015.695,36.23753,-0.3842773, 0.02978516, -0.8823242, 0.02437496, -0.2040625, 0.09406257,125.6389,5,4,True,True,177
210972,2.492012,0.2582016,1015.882,-1,-0.3837891, 0.02978516, -0.8842773, 0.02437496, -0.1884375, 0.06281257,125.6389,5,4,True,True,177
211151,2.510159,2.528305,1015.799,-1,-0.3847656, 0.02929688, -0.8818359, 0.02437496, -0.2040625, 0.1253126,125.6389,5,4,True,True,177
211221,4.789335,7.068512,1015.632,-1,-0.3833008, 0.02880859, -0.8852539, 0.02437496, -0.2196875, 0.1253126,125.6389,5,4,True,True,177
211294,4.932502,5.075668,1015.705,-1,-0.3842773, 0.02880859, -0.8813477, -0.006875038, -0.1103125, 0.1096876,125.6389,5,4,True,True,177
211367,4.146301,3.3601,1015.768,36.2284,-0.3837891, 0.03027344, -0.8818359, -0.006875038, -0.1728125, 0.07843757,125.6389,5,4,True,True,177
211441,4.160431,4.174561,1015.738,36.2147,-0.3842773, 0.03173828, -0.8818359, 0.03999996, -0.1728125, 0.09406257,125.6389,5,4,True,True,177
211514,4.453426,4.746422,1015.718,-1,-0.3852539, 0.02978516, -0.8833008, -0.006875038, -0.1884375, 0.1096876,125.6389,5,4,True,True,177
211588,4.868525,5.283623,1015.698,-1,-0.3842773, 0.02978516, -0.8833008, 0.02437496, -0.2196875, 0.09406257,125.6389,5,4,True,True,177
211663,4.218286,3.568047,1015.761,-1,-0.3847656, 0.02929688, -0.8837891, -0.006875038, -0.1415625, 0.03156257,125.6389,5,4,True,True,177
211738,4.031796,3.845306,1015.75,-1,-0.3833008, 0.03076172, -0.8818359, 0.02437496, -0.2040625, 0.1253126,125.6389,5,4,True,True,177
211818,3.799921,3.568047,1015.761,36.18275,-0.3842773, 0.02929688, -0.8828125, 0.05562496, -0.2196875, 0.06281257,125.6389,5,4,True,True,177
211895,2.548932,1.297943,1015.844,-1,-0.3828125, 0.03027344, -0.8803711, -0.006875038, -0.1571875, 0.09406257,125.6389,5,4,True,True,177
211982,4.193541,5.83815,1015.677,36.18731,-0.3842773, 0.02978516, -0.8837891, 0.03999996, -0.2196875, 0.07843757,125.6389,5,4,True,True,177
212174,4.877212,5.560883,1015.688,36.20101,-0.3847656, 0.02832031, -0.8803711, -0.006875038, -0.1571875, 0.1253126,125.6389,5,4,True,True,177
212253,4.517223,4.157234,1015.739,-1,-0.3837891, 0.03027344, -0.8833008, -0.02250004, -0.1728125, 0.1253126,125.6389,5,4,True,True,177
212334,3.765371,3.013519,1015.781,-1,-0.3857422, 0.02929688, -0.8798828, 0.08687496, -0.1884375, 0.1096876,125.6389,5,4,True,True,177
212414,2.826251,1.887131,1015.822,-1,-0.3833008, 0.02832031, -0.8808594, -0.006875038, -0.2040625, 0.07843757,125.6389,5,4,True,True,177
212496,2.651285,2.476318,1015.801,-1,-0.3842773, 0.02978516, -0.8803711, 0.08687496, -0.2353125, 0.1409376,125.6389,5,4,True,True,177
212579,4.530644,6.410004,1015.656,36.20101,-0.3837891, 0.02880859, -0.8833008, 0.03999996, -0.1259375, 0.01593757,125.6389,5,4,True,True,177
212664,3.772082,3.013519,1015.781,36.19188,-0.3837891, 0.03027344, -0.8818359, -0.02250004, -0.1728125, 0.06281257,125.6389,5,4,True,True,177
212749,4.527852,5.283623,1015.698,-1,-0.3837891, 0.02880859, -0.8808594, 0.05562496, -0.2509375, 0.09406257,125.6389,5,4,True,True,177
212881,4.637137,4.746422,1015.718,-1,-0.3842773, 0.02880859, -0.8828125, 0.07124996, -0.2353125, 0.1096876,125.6389,5,4,True,True,177
212944,4.96038,5.283623,1015.698,36.21014,-0.3833008, 0.02880859, -0.8828125, 0.05562496, -0.1571875, 0.07843757,125.6389,5,4,True,True,177
213011,5.122001,5.283623,1015.698,-1,-0.3842773, 0.02929688, -0.8828125, 0.008749962, -0.1728125, 0.04718757,125.6389,5,4,True,True,177
213075,3.79916,2.476318,1015.801,-1,-0.3833008, 0.03027344, -0.8823242, 0.03999996, -0.2353125, 0.1253126,125.6389,5,4,True,True,177
213250,4.835985,5.87281,1015.676,-1,-0.3842773, 0.02783203, -0.8818359, 0.08687496, -0.1571875, 0.07843757,125.6389,5,4,True,True,177
213317,3.656152,2.476318,1015.801,-1,-0.3842773, 0.02978516, -0.8828125, -0.02250004, -0.1728125, 0.1096876,125.6389,5,4,True,True,177
213386,3.490796,3.325439,1015.769,-1,-0.3842773, 0.02880859, -0.8813477, 0.03999996, -0.2509375, 0.07843757,125.6389,5,4,True,True,177
213452,4.118608,4.746422,1015.718,-1,-0.3852539, 0.02929688, -0.8808594, -0.02250004, -0.2040625, 0.07843757,125.6389,5,4,True,True,177
213521,4.432515,4.746422,1015.718,-1,-0.3852539, 0.03027344, -0.8823242, 0.05562496, -0.1415625, 0.09406257,125.6389,5,4,True,True,177
213588,4.156241,3.879967,1015.749,-1,-0.3837891, 0.02880859, -0.8823242, 0.02437496, -0.2196875, 0.07843757,125.6389,5,4,True,True,177
213657,4.451331,4.746422,1015.718,-1,-0.3852539, 0.03076172, -0.8808594, 0.008749962, -0.1259375, 0.07843757,125.6389,5,4,True,True,177
213727,4.598876,4.746422,1015.718,-1,-0.3847656, 0.02929688, -0.8798828, 0.02437496, -0.1884375, 0.1253126,125.6389,5,4,True,True,177
213801,4.94125,5.283623,1015.698,-1,-0.3833008, 0.02929688, -0.8842773, 0.008749962, -0.1884375, 0.03156257,125.6389,5,4,True,True,177
213876,4.549242,4.157234,1015.739,36.20101,-0.3837891, 0.02978516, -0.8813477, 0.02437496, -0.1259375, 0.1096876,125.6389,5,4,True,True,177
213951,5.332326,6.11541,1015.667,36.20101,-0.3837891, 0.02929688, -0.8823242, 0.1025, -0.1728125, 0.09406257,125.6389,5,4,True,True,177
214027,5.013381,4.694435,1015.719,36.19188,-0.3842773, 0.02880859, -0.8823242, -0.02250004, -0.1415625, 0.09406257,125.6389,5,4,True,True,177
214211,3.848823,2.684265,1015.793,36.17362,-0.3847656, 0.02978516, -0.8823242, 0.008749962, -0.2040625, 0.1409376,125.6389,5,4,True,True,177
214284,4.254299,4.659775,1015.72,-1,-0.3842773, 0.02978516, -0.8847656, 0.008749962, -0.1728125, 0.06281257,125.6389,5,4,True,True,177
214362,3.737882,3.221466,1015.773,36.15536,-0.3823242, 0.03076172, -0.8842773, 0.07124996, -0.1728125, 0.1409376,125.6389,5,4,True,True,177
214438,3.618304,3.498726,1015.763,36.14622,-0.3828125, 0.03027344, -0.8823242, 0.05562496, -0.2040625, 0.1409376,125.6389,5,4,True,True,177
214514,3.541189,3.464073,1015.764,-1,-0.3847656, 0.02832031, -0.8837891, 0.008749962, -0.1571875, 0.09406257,125.6389,5,4,True,True,177
214593,4.204455,4.867722,1015.713,-1,-0.3847656, 0.02929688, -0.887207, 0.05562496, -0.2040625, 0.03156257,125.6389,5,4,True,True,177
214673,3.686967,3.169479,1015.775,-1,-0.3828125, 0.02880859, -0.8847656, -0.03812504, -0.2196875, 0.07843757,125.6389,5,4,True,True,177
214752,3.965424,4.243881,1015.735,-1,-0.3833008, 0.03027344, -0.8852539, 0.02437496, -0.1728125, 0.07843757,125.6389,5,4,True,True,177
214834,4.81514,5.664856,1015.684,-1,-0.3833008, 0.02929688, -0.8837891, 0.008749962, -0.2353125, 0.07843757,125.6389,5,4,True,True,177
214915,4.39954,3.98394,1015.745,-1,-0.3847656, 0.02734375, -0.8823242, -0.006875038, -0.1728125, 0.09406257,125.6389,5,4,True,True,177
214998,4.737604,5.075668,1015.705,36.09601,-0.3828125, 0.02929688, -0.8818359, 0.03999996, -0.1103125, 0.1409376,125.6389,5,4,True,True,177
215090,5.764424,6.791245,1015.642,-1,-0.3837891, 0.02978516, -0.8833008, 0.03999996, -0.2040625, 0.1096876,125.6389,5,4,True,True,177
215279,4.276331,2.788239,1015.789,36.06405,-0.3852539, 0.03076172, -0.8867188, 0.02437496, -0.1728125, 0.09406257,125.6389,5,4,True,True,177
215360,3.532285,2.788239,1015.789,-1,-0.3833008, 0.02929688, -0.8862305, -0.02250004, -0.1571875, 0.07843757,125.6389,5,4,True,True,177
215490,3.290228,3.048172,1015.779,-1,-0.3847656, 0.02832031, -0.8847656, -0.03812504, -0.1728125, 0.1565626,125.6389,5,4,True,True,177
215554,2.450046,1.609863,1015.832,-1,-0.3842773, 0.03076172, -0.8837891, 0.1025, -0.2040625, 0.1253126,125.6389,5,4,True,True,177
215617,2.168588,1.887131,1015.822,-1,-0.3867188, 0.02929688, -0.8847656, -0.05375004, -0.1884375, 0.07843757,125.6389,5,4,True,True,177
215682,3.024277,3.879967,1015.749,-1,-0.3833008, 0.02978516, -0.8837891, -0.02250004, -0.1884375, 0.09406257,125.6389,5,4,True,True,177
215751,3.452122,3.879967,1015.749,-1,-0.3837891, 0.02929688, -0.8847656, -0.006875038, -0.2040625, 0.1253126,125.6389,5,4,True,True,177
215817,3.527415,3.602707,1015.759,-1,-0.3837891, 0.03027344, -0.8842773, 0.07124996, -0.1728125, 0.1096876,125.6389,5,4,True,True,177
215885,3.859654,4.191895,1015.738,36.07318,-0.3833008, 0.02978516, -0.8842773, 0.05562496, -0.2196875, 0.1096876,125.6389,5,4,True,True,177
215953,3.887141,3.914627,1015.748,-1,-0.3847656, 0.03027344, -0.8852539, -0.006875038, -0.1884375, 0.04718757,125.6389,5,4,True,True,177
216022,4.039517,4.191895,1015.738,-1,-0.3842773, 0.03076172, -0.8833008, -0.06937504, -0.2196875, 0.1253126,125.6389,5,4,True,True,177
216090,4.133032,4.226547,1015.736,-1,-0.3828125, 0.02880859, -0.8852539, -0.006875038, -0.1728125, 0.1096876,125.6389,5,4,True,True,177
216266,4.60435,5.075668,1015.705,-1,-0.3837891, 0.03027344, -0.8828125, 0.008749962, -0.1728125, 0.09406257,125.6389,5,4,True,True,177
216337,2.439939,0.275528,1015.881,-1,-0.3847656, 0.02832031, -0.8837891, 0.03999996, -0.1415625, 0.1096876,125.6389,5,4,True,True,177
216408,2.492785,2.545631,1015.798,-1,-0.3833008, 0.03125, -0.8842773, 0.03999996, -0.2040625, 0.07843757,125.6389,5,4,True,True,177
216478,3.238363,3.98394,1015.745,-1,-0.3837891, 0.02832031, -0.8862305, 0.02437496, -0.1884375, 0.06281257,125.6389,5,4,True,True,177
216552,3.307894,3.377426,1015.768,-1,-0.3847656, 0.03027344, -0.8847656, -0.006875038, -0.2040625, 0.1409376,125.6389,5,4,True,True,177
216626,4.469049,5.630203,1015.685,-1,-0.3828125, 0.02978516, -0.8837891, -0.02250004, -0.1415625, 0.07843757,125.6389,5,4,True,True,177
216704,3.923238,3.377426,1015.768,-1,-0.3842773, 0.02929688, -0.8828125, -0.006875038, -0.1728125, 0.1096876,125.6389,5,4,True,True,177
216779,4.638087,5.352936,1015.695,-1,-0.3842773, 0.02832031, -0.8833008, 0.05562496, -0.07906246, 0.1253126,125.6389,5,4,True,True,177
216852,4.55362,4.469154,1015.728,-1,-0.3837891, 0.02880859, -0.8833008, 0.07124996, -0.2353125, 0.07843757,125.6389,5,4,True,True,177
216932,4.09549,3.63736,1015.758,36.07318,-0.3828125, 0.02929688, -0.8828125, 0.02437496, -0.1571875, 0.07843757,125.6389,5,4,True,True,177
217010,2.306813,0.5181351,1015.872,-1,-0.3823242, 0.02880859, -0.8852539, 0.03999996, -0.2196875, 0.09406257,125.6389,5,4,True,True,177
217089,4.375738,6.444664,1015.655,-1,-0.3842773, 0.03027344, -0.8833008, 0.03999996, -0.2040625, 0.1096876,125.6389,5,4,True,True,177
217276,3.287395,2.199051,1015.811,-1,-0.3847656, 0.02978516, -0.8842773, 0.03999996, -0.1884375, 0.06281257,125.6389,5,4,True,True,177
217355,3.739645,4.191895,1015.738,-1,-0.3842773, 0.02832031, -0.8818359, -0.02250004, -0.1728125, 0.1253126,125.6389,5,4,True,True,177
217434,5.508052,7.276459,1015.624,-1,-0.3833008, 0.02978516, -0.8842773, -0.006875038, -0.1415625, 0.07843757,125.6389,5,4,True,True,177
217515,4.988603,4.469154,1015.728,-1,-0.3833008, 0.02978516, -0.8823242, 0.05562496, -0.2040625, 0.04718757,125.6389,5,4,True,True,177
217596,3.732461,2.476318,1015.801,-1,-0.3828125, 0.03027344, -0.8818359, -0.006875038, -0.1728125, 0.04718757,125.6389,5,4,True,True,177
217680,4.239441,4.746422,1015.718,36.05035,-0.3828125, 0.02880859, -0.8837891, 0.02437496, -0.1571875, 0.1565626,125.6389,5,4,True,True,177
217761,3.49651,2.753578,1015.791,-1,-0.3823242, 0.02880859, -0.8837891, -0.03812504, -0.1884375, 0.06281257,125.6389,5,4,True,True,177
217845,4.121466,4.746422,1015.718,36.06405,-0.3828125, 0.03027344, -0.8842773, 0.02437496, -0.1415625, 0.09406257,125.6389,5,4,True,True,177
217977,2.865664,1.609863,1015.832,-1,-0.3842773, 0.02929688, -0.8813477, 0.008749962, -0.2040625, 0.07843757,125.6389,5,4,True,True,177
218041,2.376398,1.887131,1015.822,-1,-0.3842773, 0.03173828, -0.8818359, 0.02437496, -0.2040625, 0.07843757,125.6389,5,4,True,True,177
218102,3.128182,3.879967,1015.749,-1,-0.3842773, 0.03125, -0.8837891, 0.03999996, -0.2040625, 0.04718757,125.6389,5,4,True,True,177
218169,3.504075,3.879967,1015.749,36.05492,-0.3833008, 0.03076172, -0.8857422, 0.05562496, -0.2040625, 0.04718757,125.6389,5,4,True,True,177
218354,4.246552,4.989029,1015.709,36.03666,-0.3833008, 0.03027344, -0.8862305, -0.006875038, -0.1571875, 0.1096876,125.6389,5,4,True,True,177
218440,3.621368,2.996185,1015.781,36.03209,-0.3837891, 0.02978516, -0.887207, 0.02437496, -0.1728125, 0.06281257,125.6389,5,4,True,True,177
218508,3.871971,4.122574,1015.74,-1,-0.3852539, 0.02929688, -0.8867188, 0.008749962, -0.09468746, 0.1253126,125.6389,5,4,True,True,177
218576,3.278118,2.684265,1015.793,-1,-0.3852539, 0.03076172, -0.8867188, 0.03999996, -0.2040625, 0.06281257,125.6389,5,4,True,True,177
218646,3.683016,4.087914,1015.741,-1,-0.3833008, 0.02978516, -0.8847656, 0.008749962, -0.1884375, 0.04718757,125.6389,5,4,True,True,177
218716,3.322274,2.961533,1015.783,-1,-0.3828125, 0.02880859, -0.8833008, 0.02437496, -0.2353125, 0.1096876,125.6389,5,4,True,True,177
218784,4.138321,4.954369,1015.71,-1,-0.3852539, 0.03173828, -0.8852539, -0.03812504, -0.1259375, 0.06281257,125.6389,5,4,True,True,177
218856,5.949997,7.761673,1015.607,36.01383,-0.3842773, 0.02783203, -0.8847656, 0.02437496, -0.1571875, 0.07843757,125.6389,5,4,True,True,177
218931,4.299801,2.649605,1015.794,36.00013,-0.3818359, 0.03027344, -0.8876953, 0.008749962, -0.1884375, 0.1409376,125.6389,5,4,True,True,177
219003,3.188776,2.077751,1015.815,-1,-0.3833008, 0.02929688, -0.8837891, -0.006875038, -0.1728125, 0.1096876,125.6389,5,4,True,True,177
219077,3.621018,4.053261,1015.743,36.00013,-0.3842773, 0.02978516, -0.8828125, 0.02437496, -0.2040625, 0.09406257,125.6389,5,4,True,True,177
219152,3.97577,4.330521,1015.732,-1,-0.3847656, 0.02832031, -0.8833008, 0.008749962, -0.1884375, 0.07843757,125.6389,5,4,True,True,177
219333,3.745915,3.51606,1015.763,-1,-0.3833008, 0.02929688, -0.8847656, -0.02250004, -0.1884375, 0.1253126,125.6389,5,4,True,True,177
219407,2.634565,1.523216,1015.836,-1,-0.3847656, 0.03125, -0.8833008, 0.02437496, -0.2509375, 0.09406257,125.6389,5,4,True,True,177
219482,0.6579123,-1.318741,1015.94,-1,-0.3837891, 0.02929688, -0.8828125, 0.05562496, -0.1728125, 0.06281257,125.6389,5,4,True,True,177
219558,1.367832,2.077751,1015.815,-1,-0.3857422, 0.02929688, -0.8837891, 0.03999996, -0.1728125, 0.07843757,125.6389,5,4,True,True,177
219633,1.722791,2.077751,1015.815,-1,-0.3867188, 0.03173828, -0.8857422, 0.02437496, -0.1728125, 0.1253126,125.6389,5,4,True,True,177
219710,2.177535,2.632278,1015.795,-1,-0.3833008, 0.02978516, -0.8833008, 0.02437496, -0.1571875, 0.1096876,125.6389,5,4,True,True,177
219788,1.538455,0.8993759,1015.858,-1,-0.3842773, 0.02929688, -0.8852539, 0.03999996, -0.1728125, 0.07843757,125.6389,5,4,True,True,177
219868,3.350385,5.162315,1015.702,35.96361,-0.3847656, 0.02978516, -0.8857422, 0.02437496, -0.1571875, 0.09406257,125.6389,5,4,True,True,177
219949,3.805797,4.261208,1015.735,-1,-0.3837891, 0.02978516, -0.8852539, 0.008749962, -0.2353125, 0.09406257,125.6389,5,4,True,True,177
220030,4.596696,5.387596,1015.693,-1,-0.3828125, 0.02978516, -0.8837891, 0.02437496, -0.09468746, 0.1096876,125.6389,5,4,True,True,177
220113,4.992146,5.387596,1015.693,35.96361,-0.3857422, 0.02978516, -0.8852539, 0.05562496, -0.1728125, 0.04718757,125.6389,5,4,True,True,177
220198,3.630259,2.268372,1015.808,35.94992,-0.3828125, 0.03027344, -0.887207, 0.07124996, -0.1728125, 0.07843757,125.6389,5,4,True,True,177
220391,3.079282,2.528305,1015.799,-1,-0.3842773, 0.02929688, -0.8837891, 0.02437496, -0.1728125, 0.1253126,125.6389,5,4,True,True,177
220474,3.930178,4.781075,1015.716,35.91796,-0.3837891, 0.02978516, -0.8833008, 0.05562496, -0.2196875, 0.07843757,125.6389,5,4,True,True,177
220605,4.910157,5.890137,1015.675,-1,-0.3852539, 0.02978516, -0.8833008, 0.008749962, -0.1728125, 0.03156257,125.6389,5,4,True,True,177
220669,3.268677,1.627197,1015.832,35.8997,-0.3847656, 0.02832031, -0.8833008, 0.03999996, -0.1728125, 0.1409376,125.6389,5,4,True,True,177
220735,1.746109,0.2235413,1015.883,35.89056,-0.3842773, 0.02929688, -0.8813477, -0.006875038, -0.2509375, 0.1253126,125.6389,5,4,True,True,177
220800,1.825283,1.904457,1015.821,35.89056,-0.3837891, 0.02929688, -0.8852539, 0.008749962, -0.1571875, 0.09406257,125.6389,5,4,True,True,177
220866,2.999922,4.174561,1015.738,-1,-0.3847656, 0.03076172, -0.8828125, 0.02437496, -0.2040625, 0.1253126,125.6389,5,4,True,True,177
220930,2.018966,1.03801,1015.853,-1,-0.3852539, 0.02978516, -0.8833008, 0.05562496, -0.1415625, 0.06281257,125.6389,5,4,True,True,177
220995,0.2721324,-1.474701,1015.946,-1,-0.3842773, 0.02880859, -0.8828125, 0.05562496, -0.1415625, 0.1253126,125.6389,5,4,True,True,177
221063,2.353313,4.434494,1015.729,-1,-0.3842773, 0.02832031, -0.8823242, 0.05562496, -0.2196875, 0.1409376,125.6389,5,4,True,True,177
221132,1.851622,1.34993,1015.842,-1,-0.3828125, 0.02978516, -0.8823242, 0.008749962, -0.2196875, 0.07843757,125.6389,5,4,True,True,177
221202,2.874461,3.897301,1015.748,-1,-0.3852539, 0.02978516, -0.8837891, 0.008749962, -0.2040625, 0.1096876,125.6389,5,4,True,True,177
221381,3.810441,4.746422,1015.717,35.91796,-0.3847656, 0.02929688, -0.8813477, 0.008749962, -0.2509375, 0.1253126,125.6389,5,4,True,True,177
221458,4.148461,4.486481,1015.727,-1,-0.3833008, 0.02978516, -0.8828125, 0.02437496, -0.1259375, 0.1565626,125.6389,5,4,True,True,177
221527,5.322556,6.496651,1015.653,-1,-0.3833008, 0.02978516, -0.8833008, 0.05562496, -0.1884375, 0.09406257,125.6389,5,4,True,True,177
221601,3.942761,2.562965,1015.798,35.93622,-0.3833008, 0.02929688, -0.8818359, 0.008749962, -0.1571875, 0.1096876,125.6389,5,4,True,True,177
221677,3.53879,3.134819,1015.777,35.94535,-0.3837891, 0.03125, -0.8803711, 0.07124996, -0.1259375, 0.1096876,125.6389,5,4,True,True,177
221753,3.899999,4.261208,1015.735,35.95448,-0.3847656, 0.03027344, -0.8828125, 0.05562496, -0.2353125, 0.1096876,125.6389,5,4,True,True,177
221829,2.676951,1.453903,1015.838,-1,-0.3828125, 0.03076172, -0.8842773, -0.02250004, -0.2040625, 0.07843757,125.6389,5,4,True,True,177
221904,3.755006,4.833061,1015.714,-1,-0.3842773, 0.02929688, -0.8837891, 0.03999996, -0.1728125, 0.04718757,125.6389,5,4,True,True,177
221980,3.869473,3.98394,1015.745,-1,-0.3847656, 0.02929688, -0.8828125, -0.006875038, -0.2040625, 0.07843757,125.6389,5,4,True,True,177
222057,5.486319,7.103165,1015.631,35.95448,-0.3837891, 0.02978516, -0.8808594, 0.05562496, -0.2040625, 0.06281257,125.6389,5,4,True,True,177
222134,6.008815,6.531311,1015.652,-1,-0.3837891, 0.02880859, -0.8862305, -0.006875038, -0.1884375, 0.1096876,125.6389,5,4,True,True,177
222213,3.558069,1.107323,1015.851,35.94535,-0.3847656, 0.02978516, -0.8808594, 0.02437496, -0.1728125, 0.07843757,125.6389,5,4,True,True,177
222403,3.173154,2.788239,1015.789,35.92709,-0.3837891, 0.02880859, -0.8847656, 0.008749962, -0.2353125, 0.06281257,125.6389,5,4,True,True,177
222483,3.413924,3.654694,1015.757,35.91796,-0.3847656, 0.02978516, -0.8803711, 0.05562496, -0.1571875, 0.06281257,125.6389,5,4,True,True,177
222565,3.811572,4.209221,1015.737,-1,-0.3828125, 0.03076172, -0.8828125, 0.08687496, -0.2353125, 0.07843757,125.6389,5,4,True,True,177
222648,3.152608,2.493645,1015.8,35.91339,-0.3828125, 0.02929688, -0.8852539, 0.03999996, -0.1884375, 0.1096876,125.6389,5,4,True,True,177
222730,1.965339,0.7780685,1015.863,-1,-0.3852539, 0.02783203, -0.8847656, 0.05562496, -0.1571875, 0.06281257,125.6389,5,4,True,True,177
222814,2.480762,2.996185,1015.781,35.89056,-0.3862305, 0.02978516, -0.8828125, 0.02437496, -0.2196875, 0.07843757,125.6389,5,4,True,True,177
222899,3.873525,5.266289,1015.698,-1,-0.3833008, 0.02978516, -0.8842773, 0.02437496, -0.1884375, 0.09406257,125.6389,5,4,True,True,177
222984,4.847171,5.820816,1015.678,35.86774,-0.3828125, 0.02880859, -0.8862305, 0.02437496, -0.1415625, 0.1096876,125.6389,5,4,True,True,177
223121,4.337575,3.82798,1015.751,-1,-0.3852539, 0.02929688, -0.8842773, 0.02437496, -0.2040625, 0.09406257,125.6389,5,4,True,True,177
223184,4.377372,4.417168,1015.73,35.87687,-0.3847656, 0.03027344, -0.8847656, -0.006875038, -0.1415625, 0.07843757,125.6389,5,4,True,True,177
223251,4.960464,5.543556,1015.688,-1,-0.3847656, 0.02929688, -0.8852539, 0.05562496, -0.1884375, 0.1096876,125.6389,5,4,True,True,177
223317,5.676571,6.392677,1015.657,-1,-0.3842773, 0.03027344, -0.8837891, 0.07124996, -0.2040625, 0.09406257,125.6389,5,4,True,True,177
223490,4.050451,2.424332,1015.802,35.8723,-0.3842773, 0.02929688, -0.887207, 0.02437496, -0.1884375, 0.09406257,125.6389,5,4,True,True,177
223556,5.481502,6.912552,1015.638,35.84948,-0.3842773, 0.02929688, -0.8867188, 0.008749962, -0.2040625, 0.07843757,125.6389,5,4,True,True,177
223625,4.914678,4.347855,1015.732,35.84948,-0.3842773, 0.02978516, -0.8847656, 0.07124996, -0.2040625, 0.07843757,125.6389,5,4,True,True,177
223692,2.93302,0.9513626,1015.857,-1,-0.3857422, 0.03076172, -0.8867188, -0.02250004, -0.2353125, 0.07843757,125.6389,5,4,True,True,177
223761,3.640438,4.347855,1015.732,35.84034,-0.3833008, 0.02832031, -0.8862305, 0.02437496, -0.1884375, 0.1253126,125.6389,5,4,True,True,177
223831,4.695971,5.751503,1015.68,-1,-0.3852539, 0.02978516, -0.8842773, 0.03999996, -0.1728125, 0.07843757,125.6389,5,4,True,True,177
223903,4.097348,3.498726,1015.763,-1,-0.3842773, 0.02929688, -0.8847656, 0.008749962, -0.2040625, 0.07843757,125.6389,5,4,True,True,177
223974,3.22618,2.355011,1015.805,-1,-0.3833008, 0.02880859, -0.8847656, 0.05562496, -0.1103125, 0.1253126,125.6389,5,4,True,True,177
224046,3.787017,4.347855,1015.732,-1,-0.3842773, 0.03027344, -0.8842773, -0.006875038, -0.1571875, 0.1096876,125.6389,5,4,True,True,177
224119,2.932384,2.077751,1015.815,-1,-0.3852539, 0.03076172, -0.8847656, 0.008749962, -0.2196875, 0.1096876,125.6389,5,4,True,True,177
224193,2.643698,2.355011,1015.805,-1,-0.3828125, 0.02880859, -0.8867188, 0.05562496, -0.1571875, 0.09406257,125.6389,5,4,True,True,177
224267,3.77304,4.902382,1015.712,-1,-0.3837891, 0.02929688, -0.8857422, 0.008749962, -0.1728125, 0.07843757,125.6389,5,4,True,True,177
224452,3.78318,3.79332,1015.752,-1,-0.3842773, 0.02929688, -0.8862305, -0.006875038, -0.2353125, 0.1253126,125.6389,5,4,True,True,177
224535,3.363689,2.944199,1015.783,-1,-0.3837891, 0.03076172, -0.8862305, 0.02437496, -0.2196875, 0.07843757,125.6389,5,4,True,True,177
224612,3.301241,3.238792,1015.772,35.85404,-0.3842773, 0.02929688, -0.8818359, 0.008749962, -0.2196875, 0.06281257,125.6389,5,4,True,True,177
224688,2.299592,1.297943,1015.844,-1,-0.3837891, 0.03173828, -0.8847656, 0.05562496, -0.2353125, 0.09406257,125.6389,5,4,True,True,177
224768,2.500592,2.701591,1015.792,35.8723,-0.3842773, 0.02880859, -0.8833008, 0.008749962, -0.1884375, 0.07843757,125.6389,5,4,True,True,177
224843,1.622004,0.7434158,1015.864,-1,-0.3842773, 0.02880859, -0.8828125, -0.03812504, -0.1728125, 0.07843757,125.6389,5,4,True,True,177
224923,1.884534,2.147064,1015.813,35.87687,-0.3823242, 0.02880859, -0.8818359, 0.02437496, -0.1728125, 0.1096876,125.6389,5,4,True,True,177
225004,1.175341,0.4661484,1015.874,-1,-0.3842773, 0.02929688, -0.8833008, 0.05562496, -0.2196875, 0.07843757,125.6389,5,4,True,True,177
225084,0.9767048,0.7780685,1015.863,-1,-0.3837891, 0.02929688, -0.8833008, -0.006875038, -0.2509375, 0.09406257,125.6389,5,4,True,True,177
225166,2.575633,4.174561,1015.738,-1,-0.3823242, 0.02978516, -0.8828125, 0.05562496, -0.1884375, 0.1409376,125.6389,5,4,True,True,177
225248,1.538221,0.5008087,1015.873,35.90426,-0.3837891, 0.02929688, -0.8793945, 0.02437496, -0.1571875, 0.09406257,125.6389,5,4,True,True,177
225334,0.8808809,0.2235413,1015.883,35.91339,-0.3847656, 0.02832031, -0.8823242, 0.008749962, -0.1884375, 0.03156257,125.6389,5,4,True,True,177
225522,3.108245,5.335609,1015.696,-1,-0.3842773, 0.03027344, -0.8813477, 0.05562496, -0.1884375, 0.1096876,125.6389,5,4,True,True,177
225604,3.927333,4.746422,1015.717,35.90883,-0.3842773, 0.02929688, -0.8803711, 0.05562496, -0.2040625, 0.1096876,125.6389,5,4,True,True,177
225739,2.638632,1.34993,1015.842,35.90883,-0.3847656, 0.02929688, -0.8803711, 0.08687496, -0.1571875, 0.09406257,125.6389,5,4,True,True,177
225804,2.132915,1.627197,1015.832,35.90883,-0.3847656, 0.02929688, -0.8818359, -0.006875038, -0.2196875, 0.1409376,125.6389,5,4,True,True,177
225871,3.578298,5.023682,1015.707,35.90426,-0.3852539, 0.02929688, -0.8818359, 0.02437496, -0.1415625, 0.1409376,125.6389,5,4,True,True,177
225936,3.599166,3.620033,1015.759,-1,-0.3828125, 0.02978516, -0.8818359, 0.02437496, -0.1571875, 0.09406257,125.6389,5,4,True,True,177
226004,1.911353,0.2235413,1015.883,35.90883,-0.3837891, 0.02880859, -0.8798828, -0.006875038, -0.1884375, 0.07843757,125.6389,5,4,True,True,177
226072,2.765693,3.620033,1015.759,-1,-0.3837891, 0.03076172, -0.8813477, 0.02437496, -0.2353125, 0.1409376,125.6389,5,4,True,True,177
226137,2.335075,1.904457,1015.821,-1,-0.3842773, 0.03125, -0.8793945, 0.02437496, -0.2040625, 0.1096876,125.6389,5,4,True,True,177
226205,3.973972,5.612869,1015.686,-1,-0.3833008, 0.03076172, -0.8833008, 0.008749962, -0.1259375, 0.09406257,125.6389,5,4,True,True,177
226276,4.637461,5.300949,1015.697,-1,-0.3842773, 0.02783203, -0.8813477, -0.02250004, -0.1259375, 0.07843757,125.6389,5,4,True,True,177
226348,4.561971,4.486481,1015.727,-1,-0.3842773, 0.02978516, -0.8808594, 0.008749962, -0.2040625, 0.06281257,125.6389,5,4,True,True,177
226531,3.389178,2.216385,1015.81,35.91339,-0.3837891, 0.02929688, -0.8818359, 0.008749962, -0.1415625, 0.03156257,125.6389,5,4,True,True,177
226601,3.521936,3.654694,1015.757,-1,-0.3847656, 0.02783203, -0.8789063, 0.008749962, -0.1884375, 0.1096876,125.6389,5,4,True,True,177
226673,4.428772,5.335609,1015.696,-1,-0.3837891, 0.03125, -0.8808594, -0.02250004, -0.2509375, 0.06281257,125.6389,5,4,True,True,177
226744,4.318996,4.209221,1015.737,-1,-0.3847656, 0.03125, -0.8793945, 0.008749962, -0.1415625, 0.04718757,125.6389,5,4,True,True,177
226819,2.132639,-0.05371857,1015.893,-1,-0.3842773, 0.02929688, -0.8813477, 0.008749962, -0.2196875, 0.09406257,125.6389,5,4,True,True,177
226893,1.741284,1.34993,1015.842,-1,-0.3837891, 0.02929688, -0.8818359, 0.008749962, -0.1728125, 0.1096876,125.6389,5,4,True,True,177
226968,3.815711,5.890137,1015.675,-1,-0.3823242, 0.02832031, -0.878418, 0.02437496, -0.2196875, 0.03156257,125.6389,5,4,True,True,177
227044,2.58282,1.34993,1015.842,-1,-0.3857422, 0.03027344, -0.8798828, 0.02437496, -0.1571875, 0.06281257,125.6389,5,4,True,True,177
227119,3.664621,4.746422,1015.717,35.90426,-0.3837891, 0.03076172, -0.8798828, 0.008749962, -0.1415625, 0.1096876,125.6389,5,4,True,True,177
227198,1.805451,-0.05371857,1015.893,35.90883,-0.3847656, 0.02880859, -0.8823242, -0.006875038, -0.1571875, 0.1096876,125.6389,5,4,True,True,177
227278,3.414567,5.023682,1015.707,35.91339,-0.3813477, 0.03076172, -0.8798828, 0.02437496, -0.1103125, 0.09406257,125.6389,5,4,True,True,177
227357,2.971436,2.528305,1015.799,35.92252,-0.3847656, 0.03076172, -0.8813477, 0.02437496, -0.2353125, 0.1096876,125.6389,5,4,True,True,177
227543,3.876255,4.781075,1015.716,-1,-0.3837891, 0.02783203, -0.8818359, 0.02437496, -0.1415625, 0.07843757,125.6389,5,4,True,True,177
227630,4.623259,5.370262,1015.695,35.93622,-0.3842773, 0.02978516, -0.8818359, 0.05562496, -0.1728125, 0.07843757,125.6389,5,4,True,True,177
227711,3.437148,2.251038,1015.809,-1,-0.3833008, 0.03027344, -0.8798828, 0.02437496, -0.1415625, 0.1253126,125.6389,5,4,True,True,177
227789,3.268653,3.100159,1015.778,-1,-0.3842773, 0.03076172, -0.8808594, -0.006875038, -0.2821875, 0.06281257,125.6389,5,4,True,True,177
227871,4.319458,5.370262,1015.695,-1,-0.3842773, 0.02978516, -0.8793945, 0.02437496, -0.1571875, 0.09406257,125.6389,5,4,True,True,177
227954,3.571178,2.822899,1015.788,35.94078,-0.3823242, 0.02978516, -0.8798828, -0.006875038, -0.2040625, 0.09406257,125.6389,5,4,True,True,177
228039,0.7969685,-1.977242,1015.964,35.94078,-0.3833008, 0.02880859, -0.8793945, -0.006875038, -0.2040625, 0.09406257,125.6389,5,4,True,True,177
228174,3.941403,7.085838,1015.632,35.94078,-0.3837891, 0.02978516, -0.8803711, 0.02437496, -0.1884375, 0.07843757,125.6389,5,4,True,True,177
228240,4.239939,4.538475,1015.725,35.94535,-0.3847656, 0.02929688, -0.8798828, -0.02250004, -0.1728125, 0.09406257,125.6389,5,4,True,True,177
228306,2.275064,0.3101883,1015.88,-1,-0.3842773, 0.02978516, -0.8803711, 0.03999996, -0.1884375, 0.07843757,125.6389,5,4,True,True,177
228370,2.704941,3.134819,1015.777,-1,-0.3833008, 0.02880859, -0.878418, -0.006875038, -0.2196875, 0.1253126,125.6389,5,4,True,True,177
228436,3.344441,3.98394,1015.745,-1,-0.3842773, 0.03027344, -0.8793945, 0.05562496, -0.2040625, 0.07843757,125.6389,5,4,True,True,177
228611,3.52556,3.70668,1015.755,35.96361,-0.3842773, 0.02880859, -0.8823242, 0.05562496, -0.1728125, 0.07843757,125.6389,5,4,True,True,177
228676,3.052926,2.580292,1015.797,-1,-0.3833008, 0.03027344, -0.8803711, 0.02437496, -0.2196875, 0.06281257,125.6389,5,4,True,True,177
228745,4.653485,6.254044,1015.662,35.97274,-0.3842773, 0.02929688, -0.8813477, 0.02437496, -0.2040625, 0.07843757,125.6389,5,4,True,True,177
228813,5.185163,5.716843,1015.682,-1,-0.3837891, 0.02978516, -0.8813477, 0.02437496, -0.2040625, 0.09406257,125.6389,5,4,True,True,177
228882,3.744094,2.303024,1015.807,-1,-0.3842773, 0.02929688, -0.8808594, 0.008749962, -0.1728125, 0.1096876,125.6389,5,4,True,True,177
228952,5.016399,6.288704,1015.66,-1,-0.3857422, 0.02929688, -0.8808594, 0.02437496, -0.1415625, 0.1253126,125.6389,5,4,True,True,177
229022,4.387533,3.758667,1015.754,-1,-0.3833008, 0.02978516, -0.8803711, 0.008749962, -0.2040625, 0.07843757,125.6389,5,4,True,True,177
229093,4.081763,3.775993,1015.753,-1,-0.3837891, 0.03027344, -0.8803711, -0.02250004, -0.2353125, 0.1096876,125.6389,5,4,True,True,177
229167,4.206142,4.330521,1015.732,36.00013,-0.3823242, 0.03027344, -0.8793945, 0.02437496, -0.2040625, 0.04718757,125.6389,5,4,True,True,177
229238,4.840189,5.474236,1015.691,-1,-0.3828125, 0.03027344, -0.8789063, 0.03999996, -0.1728125, 0.1409376,125.6389,5,4,True,True,177
229312,4.308091,3.775993,1015.753,36.00013,-0.3842773, 0.02929688, -0.8813477, -0.006875038, -0.1728125, 0.09406257,125.6389,5,4,True,True,177
229388,4.180676,4.053261,1015.743,-1,-0.3847656, 0.02929688, -0.8803711, 0.03999996, -0.1728125, 0.06281257,125.6389,5,4,True,True,177
229568,3.831038,3.4814,1015.764,-1,-0.3837891, 0.02929688, -0.8789063, 0.07124996, -0.2040625, 0.09406257,125.6389,5,4,True,True,177
229643,3.378955,2.926872,1015.784,-1,-0.3842773, 0.02880859, -0.8823242, 0.05562496, -0.2040625, 0.06281257,125.6389,5,4,True,True,177
229722,2.728353,2.077751,1015.815,36.00013,-0.3837891, 0.02978516, -0.8833008, 0.05562496, -0.1415625, 0.1096876,125.6389,5,4,True,True,177
229798,2.385722,2.043091,1015.817,35.98188,-0.3847656, 0.02929688, -0.8823242, 0.008749962, -0.2353125, 0.04718757,125.6389,5,4,True,True,177
229875,3.323465,4.261208,1015.735,-1,-0.3852539, 0.02978516, -0.8818359, -0.006875038, -0.1415625, 0.1253126,125.6389,5,4,True,True,177
229953,4.0696,4.815735,1015.715,-1,-0.3842773, 0.03027344, -0.8818359, 0.02437496, -0.1728125, 0.09406257,125.6389,5,4,True,True,177
230033,3.879473,3.689346,1015.756,35.94535,-0.3852539, 0.02978516, -0.8837891, -0.006875038, -0.1415625, 0.1409376,125.6389,5,4,True,True,177
230114,3.489816,3.100159,1015.778,-1,-0.3842773, 0.02978516, -0.8808594, 0.02437496, -0.2353125, 0.03156257,125.6389,5,4,True,True,177
230214,2.159935,0.8300552,1015.861,35.93622,-0.3867188, 0.03027344, -0.8847656, -0.006875038, -0.1884375, 0.09406257,125.6389,5,4,True,True,177
230299,1.928223,1.69651,1015.829,35.94078,-0.3833008, 0.02783203, -0.8813477, 0.02437496, -0.2040625, 0.07843757,125.6389,5,4,True,True,177
230384,2.245594,2.562965,1015.798,-1,-0.3837891, 0.02880859, -0.8798828, 0.05562496, -0.2040625, 0.07843757,125.6389,5,4,True,True,177
230467,3.374704,4.503815,1015.726,-1,-0.3842773, 0.02978516, -0.8833008, 0.02437496, -0.1728125, 0.06281257,125.6389,5,4,True,True,177
230660,2.968835,2.562965,1015.798,-1,-0.3837891, 0.02880859, -0.8808594, -0.006875038, -0.2353125, 0.07843757,125.6389,5,4,True,True,177
230792,4.715413,6.46199,1015.654,-1,-0.3847656, 0.03076172, -0.8798828, 0.008749962, -0.1728125, 0.1253126,125.6389,5,4,True,True,177
230860,2.894037,1.072662,1015.852,-1,-0.3828125, 0.02880859, -0.8808594, 0.05562496, -0.2196875, 0.1565626,125.6389,5,4,True,True,177
230922,4.097493,5.300949,1015.697,-1,-0.3842773, 0.02929688, -0.8798828, 0.05562496, -0.1728125, 0.09406257,125.6389,5,4,True,True,177
230988,4.560587,5.023682,1015.707,-1,-0.3847656, 0.02978516, -0.8803711, 0.05562496, -0.2196875, 0.06281257,125.6389,5,4,True,True,177
231055,3.232522,1.904457,1015.821,35.90426,-0.3842773, 0.02929688, -0.8803711, 0.02437496, -0.2040625, 0.07843757,125.6389,5,4,True,True,177
231122,4.266736,5.300949,1015.697,-1,-0.3842773, 0.03027344, -0.8818359, 0.03999996, -0.1415625, 0.04718757,125.6389,5,4,True,True,177
231192,3.085596,1.904457,1015.821,-1,-0.3847656, 0.02929688, -0.8803711, 0.03999996, -0.1884375, 0.04718757,125.6389,5,4,True,True,177
231262,3.916009,4.746422,1015.717,-1,-0.3828125, 0.02880859, -0.878418, 0.02437496, -0.09468746, 0.07843757,125.6389,5,4,True,True,177
231332,4.062615,4.209221,1015.737,35.91796,-0.3847656, 0.02880859, -0.8789063, 0.008749962, -0.2196875, 0.1096876,125.6389,5,4,True,True,177
231402,3.29546,2.528305,1015.799,-1,-0.3852539, 0.02978516, -0.8793945, 0.05562496, -0.2353125, 0.07843757,125.6389,5,4,True,True,177
231474,3.475077,3.654694,1015.757,-1,-0.3833008, 0.02978516, -0.8818359, -0.02250004, -0.1571875, 0.07843757,125.6389,5,4,True,True,177
231653,4.985864,6.496651,1015.653,35.93622,-0.3837891, 0.02929688, -0.8798828, -0.03812504, -0.1728125, 0.07843757,125.6389,5,4,True,True,177
231724,3.774415,2.562965,1015.798,-1,-0.3847656, 0.03027344, -0.8813477, 0.008749962, -0.1415625, 0.07843757,125.6389,5,4,True,True,177
231798,2.874096,1.973778,1015.819,-1,-0.3842773, 0.02929688, -0.8808594, 0.07124996, -0.2196875, 0.07843757,125.6389,5,4,True,True,177
231872,5.959057,9.044018,1015.56,35.94535,-0.3837891, 0.03076172, -0.8808594, -0.006875038, -0.1259375, 0.06281257,125.6389,5,4,True,True,177
231944,5.387396,4.815735,1015.715,-1,-0.3862305, 0.03076172, -0.8818359, 0.03999996, -0.1259375, 0.06281257,125.6389,5,4,True,True,177
232018,5.240199,5.093002,1015.704,35.94078,-0.3847656, 0.03125, -0.8808594, 0.03999996, -0.1415625, 0.07843757,125.6389,5,4,True,True,177
232098,4.872007,4.503815,1015.726,-1,-0.3833008, 0.03076172, -0.8852539, 0.03999996, -0.1728125, 0.09406257,125.6389,5,4,True,True,177
232174,3.968756,3.065506,1015.779,-1,-0.3842773, 0.02929688, -0.8823242, -0.006875038, -0.1259375, 0.1565626,125.6389,5,4,True,True,177
232249,2.953937,1.939117,1015.82,35.91796,-0.3837891, 0.02929688, -0.8813477, -0.02250004, -0.1415625, 0.1253126,125.6389,5,4,True,True,177
232326,2.446527,1.939117,1015.82,-1,-0.3837891, 0.02978516, -0.8818359, 0.03999996, -0.1884375, 0.09406257,125.6389,5,4,True,True,177
232401,3.327874,4.209221,1015.737,-1,-0.3852539, 0.02929688, -0.8818359, -0.006875038, -0.1571875, 0.06281257,125.6389,5,4,True,True,177
232480,1.35981,-0.6082535,1015.914,-1,-0.3837891, 0.02929688, -0.8793945, 0.02437496, -0.2353125, 0.03156257,125.6389,5,4,True,True,177
232670,1.944058,2.528305,1015.799,-1,-0.3847656, 0.02783203, -0.8793945, 0.08687496, -0.1103125, 0.06281257,125.6389,5,4,True,True,177
232750,3.934427,5.924797,1015.674,35.92709,-0.3862305, 0.03125, -0.8813477, 0.118125, -0.2040625, 0.06281257,125.6389,5,4,True,True,177
232830,3.79456,3.654694,1015.757,35.93622,-0.3842773, 0.03027344, -0.8808594, 0.02437496, -0.2196875, 0.07843757,125.6389,5,4,True,True,177
232911,3.724627,3.654694,1015.757,35.93166,-0.3847656, 0.02978516, -0.8793945, -0.02250004, -0.2196875, 0.1096876,125.6389,5,4,True,True,177
232992,3.412393,3.100159,1015.778,-1,-0.3847656, 0.02783203, -0.8813477, -0.02250004, -0.1259375, 0.06281257,125.6389,5,4,True,True,177
233075,2.693085,1.973778,1015.819,-1,-0.3847656, 0.02832031, -0.8798828, 0.03999996, -0.1415625, 0.1096876,125.6389,5,4,True,True,177
233161,3.893044,5.093002,1015.704,35.94535,-0.3842773, 0.02832031, -0.8813477, -0.006875038, -0.2353125, 0.03156257,125.6389,5,4,True,True,177
233295,4.354389,4.815735,1015.715,35.94535,-0.3837891, 0.03076172, -0.8774414, 0.02437496, -0.1884375, 0.09406257,125.6389,5,4,True,True,177
233361,3.31138,2.268372,1015.808,-1,-0.3852539, 0.02880859, -0.8818359, -0.006875038, -0.1259375, 0.09406257,125.6389,5,4,True,True,177
233427,3.64766,3.98394,1015.745,-1,-0.3847656, 0.02929688, -0.8808594, 0.02437496, -0.1884375, 0.1409376,125.6389,5,4,True,True,177
233494,2.958016,2.268372,1015.808,-1,-0.3847656, 0.02880859, -0.8808594, -0.02250004, -0.1571875, 0.09406257,125.6389,5,4,True,True,177
233561,3.609612,4.261208,1015.735,-1,-0.3837891, 0.02929688, -0.8803711, 0.008749962, -0.2665625, 0.07843757,125.6389,5,4,True,True,177
233732,3.822769,4.035927,1015.744,-1,-0.3857422, 0.02929688, -0.8813477, -0.02250004, -0.1728125, 0.04718757,125.6389,5,4,True,True,177
233801,3.20153,2.580292,1015.797,35.97731,-0.3847656, 0.02978516, -0.8813477, 0.07124996, -0.2040625, 0.07843757,125.6389,5,4,True,True,177
233880,4.883751,6.565971,1015.651,35.97274,-0.3857422, 0.03027344, -0.8798828, 0.03999996, -0.2353125, 0.06281257,125.6389,5,4,True,True,177
233952,4.165245,3.446739,1015.765,35.98188,-0.3837891, 0.02978516, -0.8808594, 0.02437496, -0.2196875, 0.1096876,125.6389,5,4,True,True,177
234022,3.398762,2.632278,1015.795,35.98644,-0.3847656, 0.02880859, -0.8808594, 0.02437496, -0.2196875, 0.06281257,125.6389,5,4,True,True,177
234089,3.864641,4.330521,1015.732,-1,-0.3842773, 0.02929688, -0.8789063, 0.02437496, -0.2040625, 0.09406257,125.6389,5,4,True,True,177
234159,4.799409,5.734177,1015.681,-1,-0.3837891, 0.03222656, -0.8818359, 0.02437496, -0.2196875, 0.09406257,125.6389,5,4,True,True,177
234232,4.001774,3.20414,1015.774,36.00013,-0.3837891, 0.02929688, -0.8813477, -0.02250004, -0.1728125, 0.07843757,125.6389,5,4,True,True,177
234304,4.738005,5.474236,1015.691,-1,-0.3847656, 0.02880859, -0.8798828, -0.006875038, -0.1728125, 0.07843757,125.6389,5,4,True,True,177
234377,4.256999,3.775993,1015.753,36.00927,-0.3847656, 0.02929688, -0.8793945, -0.006875038, -0.2040625, 0.07843757,125.6389,5,4,True,True,177
234454,4.29376,4.330521,1015.732,35.99557,-0.3828125, 0.02929688, -0.8823242, 0.008749962, -0.2353125, 0.06281257,125.6389,5,4,True,True,177
234530,4.606734,4.919708,1015.711,-1,-0.3857422, 0.03027344, -0.8803711, 0.008749962, -0.1884375, 0.07843757,125.6389,5,4,True,True,177
234718,4.763221,4.919708,1015.711,36.00927,-0.3842773, 0.02783203, -0.8833008, 0.02437496, -0.1415625, 0.1409376,125.6389,5,4,True,True,177
234795,4.269608,3.775993,1015.753,-1,-0.3842773, 0.02978516, -0.8823242, 0.008749962, -0.1259375, 0.1096876,125.6389,5,4,True,True,177
234873,4.300064,4.330521,1015.732,35.99557,-0.3852539, 0.02880859, -0.8813477, 0.02437496, -0.1884375, 0.06281257,125.6389,5,4,True,True,177
234953,3.050274,1.800484,1015.826,35.99557,-0.3847656, 0.02880859, -0.8789063, 0.02437496, -0.2040625, 0.09406257,125.6389,5,4,True,True,177
235031,3.690397,4.330521,1015.732,-1,-0.3847656, 0.02929688, -0.8813477, 0.08687496, -0.2040625, 0.1096876,125.6389,5,4,True,True,177
235112,5.422774,7.155151,1015.629,-1,-0.3842773, 0.02880859, -0.8803711, 0.02437496, -0.1728125, 0.07843757,125.6389,5,4,True,True,177
235192,3.880229,2.337685,1015.806,-1,-0.3837891, 0.02929688, -0.8823242, 0.03999996, -0.1415625, 0.1096876,125.6389,5,4,True,True,177
235275,4.798536,5.716843,1015.682,35.97731,-0.3828125, 0.02978516, -0.8803711, 0.02437496, -0.1415625, 0.04718757,125.6389,5,4,True,True,177
235354,2.718989,0.6394424,1015.868,-1,-0.3833008, 0.03027344, -0.8813477, 0.07124996, -0.2040625, 0.1096876,125.6389,5,4,True,True,177
235437,1.947813,1.176636,1015.848,-1,-0.3833008, 0.02832031, -0.8808594, 0.07124996, -0.2196875, 0.09406257,125.6389,5,4,True,True,177
235520,3.832328,5.716843,1015.682,35.96818,-0.3833008, 0.02929688, -0.8818359, -0.006875038, -0.2040625, 0.03156257,125.6389,5,4,True,True,177
235605,2.383182,0.9340363,1015.857,35.98188,-0.3852539, 0.02978516, -0.8793945, -0.02250004, -0.1103125, 0.09406257,125.6389,5,4,True,True,177
235796,3.070925,3.758667,1015.754,35.99557,-0.3842773, 0.02978516, -0.8808594, -0.006875038, -0.1259375, 0.1096876,125.6389,5,4,True,True,177
235926,3.137532,3.20414,1015.774,-1,-0.3842773, 0.02880859, -0.8808594, 0.02437496, -0.1415625, 0.06281257,125.6389,5,4,True,True,177
235988,2.754939,2.372345,1015.804,-1,-0.3842773, 0.02978516, -0.8808594, -0.006875038, -0.2040625, 0.1096876,125.6389,5,4,True,True,177
236052,4.400517,6.046097,1015.67,-1,-0.3837891, 0.02880859, -0.8813477, 0.03999996, -0.2040625, 0.06281257,125.6389,5,4,True,True,177
236118,3.958289,3.51606,1015.763,-1,-0.3842773, 0.02880859, -0.878418, -0.006875038, -0.1884375, 0.06281257,125.6389,5,4,True,True,177
236183,2.879386,1.800484,1015.826,-1,-0.3847656, 0.03076172, -0.8813477, 0.02437496, -0.1884375, 0.1096876,125.6389,5,4,True,True,177
236252,2.201301,1.523216,1015.836,36.00013,-0.3847656, 0.03076172, -0.8803711, 0.02437496, -0.1884375, 0.1253126,125.6389,5,4,True,True,177
236321,5.258751,8.3162,1015.586,36.00013,-0.3847656, 0.03076172, -0.8823242, 0.05562496, -0.1103125, 0.09406257,125.6389,5,4,True,True,177
236392,4.517372,3.775993,1015.753,36.00927,-0.3837891, 0.03027344, -0.8813477, 0.008749962, -0.1728125, 0.1409376,125.6389,5,4,True,True,177
236463,4.71854,4.919708,1015.711,36.00013,-0.3842773, 0.03125, -0.8803711, 0.03999996, -0.2040625, 0.1096876,125.6389,5,4,True,True,177
236532,2.982248,1.245956,1015.846,35.99557,-0.3857422, 0.03027344, -0.8813477, 0.008749962, -0.1728125, 0.07843757,125.6389,5,4,True,True,177
236603,2.252732,1.523216,1015.836,-1,-0.3847656, 0.03027344, -0.8813477, -0.006875038, -0.2353125, 0.06281257,125.6389,5,4,True,True,177
236783,2.312539,2.372345,1015.804,-1,-0.3847656, 0.02978516, -0.8813477, 0.03999996, -0.2040625, 0.1096876,125.6389,5,4,True,True,177
236853,2.203808,2.095078,1015.814,36.00927,-0.3837891, 0.02978516, -0.8818359, 0.03999996, -0.1259375, 0.07843757,125.6389,5,4,True,True,177
236933,2.426706,2.649605,1015.794,-1,-0.3852539, 0.02978516, -0.8823242, 0.02437496, -0.1415625, 0.1253126,125.6389,5,4,True,True,177
237008,2.971383,3.51606,1015.763,-1,-0.3837891, 0.02832031, -0.8808594, 0.02437496, -0.1259375, 0.07843757,125.6389,5,4,True,True,177
237084,4.222809,5.474236,1015.691,-1,-0.3852539, 0.02783203, -0.8813477, 0.05562496, -0.1571875, 0.06281257,125.6389,5,4,True,True,177
237159,4.276665,4.330521,1015.732,-1,-0.3828125, 0.03076172, -0.8813477, -0.006875038, -0.2196875, 0.1096876,125.6389,5,4,True,True,177
237234,5.438644,6.600624,1015.649,-1,-0.3852539, 0.02880859, -0.8818359, 0.02437496, -0.2040625, 0.06281257,125.6389,5,4,True,True,177
237314,4.884583,4.330521,1015.732,35.98644,-0.3837891, 0.02929688, -0.8813477, 0.02437496, -0.1571875, 0.07843757,125.6389,5,4,True,True,177
237394,4.590225,4.295868,1015.734,35.98188,-0.3842773, 0.02929688, -0.8823242, 0.02437496, -0.1571875, 0.1096876,125.6389,5,4,True,True,177
237474,3.741219,2.892212,1015.785,35.98188,-0.3847656, 0.02832031, -0.8847656, -0.006875038, -0.1415625, 0.09406257,125.6389,5,4,True,True,177
237555,4.590401,5.439583,1015.692,35.98188,-0.3833008, 0.02929688, -0.8818359, 0.03999996, -0.1571875, 0.07843757,125.6389,5,4,True,True,177
237635,4.01857,3.446739,1015.765,-1,-0.3857422, 0.03027344, -0.8828125, 0.02437496, -0.1728125, 0.1253126,125.6389,5,4,True,True,177
237825,4.867706,5.716843,1015.682,35.96361,-0.3857422, 0.02978516, -0.8833008, 0.03999996, -0.2040625, 0.1096876,125.6389,5,4,True,True,177
237904,3.879959,2.892212,1015.785,35.96361,-0.3837891, 0.02880859, -0.8837891, 0.05562496, -0.1571875, 0.06281257,125.6389,5,4,True,True,177
237986,3.386086,2.892212,1015.785,-1,-0.3847656, 0.03027344, -0.8803711, 0.05562496, -0.1259375, 0.1253126,125.6389,5,4,True,True,177
238071,4.412834,5.439583,1015.692,35.97731,-0.3852539, 0.03076172, -0.8828125, 0.03999996, -0.2040625, 0.09406257,125.6389,5,4,True,True,177
238153,4.354351,4.295868,1015.734,-1,-0.3842773, 0.02832031, -0.8793945, 0.02437496, -0.1884375, 0.09406257,125.6389,5,4,True,True,177
238236,2.921457,1.488564,1015.837,-1,-0.3847656, 0.03027344, -0.8837891, 0.05562496, -0.2040625, 0.1565626,125.6389,5,4,True,True,177
238322,4.743714,6.565971,1015.651,35.98644,-0.3837891, 0.02978516, -0.8818359, 0.03999996, -0.1415625, 0.09406257,125.6389,5,4,True,True,177
238456,4.814385,4.885056,1015.712,35.97274,-0.3842773, 0.02978516, -0.8842773, 0.02437496, -0.1415625, 0.07843757,125.6389,5,4,True,True,177
238521,4.425156,4.035927,1015.744,35.97731,-0.3852539, 0.02880859, -0.8833008, 0.02437496, -0.1259375, 0.07843757,125.6389,5,4,True,True,177
238586,4.932369,5.439583,1015.692,-1,-0.3842773, 0.02978516, -0.8842773, 0.02437496, -0.1728125, 0.04718757,125.6389,5,4,True,True,177
238651,3.75633,2.580292,1015.797,35.97274,-0.3847656, 0.02929688, -0.8828125, 0.03999996, -0.1259375, 0.07843757,125.6389,5,4,True,True,177
238717,3.462905,3.169479,1015.775,-1,-0.3837891, 0.02929688, -0.8813477, 0.03999996, -0.2196875, 0.1409376,125.6389,5,4,True,True,177
238893,3.862056,4.261208,1015.735,-1,-0.3842773, 0.02978516, -0.8818359, 0.03999996, -0.2353125, 0.1409376,125.6389,5,4,True,True,177
238963,2.077459,0.2928619,1015.881,35.94992,-0.3823242, 0.03027344, -0.8828125, 0.008749962, -0.1884375, 0.1409376,125.6389,5,4,True,True,177
239033,1.886985,1.69651,1015.829,35.94078,-0.3828125, 0.02929688, -0.8798828, -0.006875038, -0.1884375, 0.09406257,125.6389,5,4,True,True,177
239103,2.354942,2.822899,1015.788,-1,-0.3837891, 0.02929688, -0.8818359, 0.07124996, -0.2040625, 0.07843757,125.6389,5,4,True,True,177
239177,2.30299,2.251038,1015.809,35.94535,-0.3847656, 0.02832031, -0.8818359, 0.02437496, -0.2040625, 0.06281257,125.6389,5,4,True,True,177
239247,4.963015,7.623039,1015.612,35.93622,-0.3852539, 0.03222656, -0.8828125, 0.008749962, -0.2509375, 0.09406257,125.6389,5,4,True,True,177
239319,4.17022,3.377426,1015.768,-1,-0.3828125, 0.02832031, -0.8833008, -0.02250004, -0.2196875, 0.04718757,125.6389,5,4,True,True,177
239393,5.194806,6.219391,1015.663,-1,-0.3842773, 0.02929688, -0.8828125, -0.006875038, -0.1884375, 0.07843757,125.6389,5,4,True,True,177
239468,5.559801,5.924797,1015.674,35.94078,-0.3833008, 0.02880859, -0.8833008, -0.02250004, -0.2196875, 0.09406257,125.6389,5,4,True,True,177
239542,3.472196,1.38459,1015.84,35.94535,-0.3833008, 0.02880859, -0.8833008, -0.006875038, -0.2040625, 0.07843757,125.6389,5,4,True,True,177
239619,4.282599,5.093002,1015.704,35.93622,-0.3842773, 0.02978516, -0.8833008, 0.03999996, -0.1884375, 0.1565626,125.6389,5,4,True,True,177
239695,3.145515,2.00843,1015.818,-1,-0.3833008, 0.02978516, -0.8823242, -0.02250004, -0.2196875, 0.1096876,125.6389,5,4,True,True,177
239879,3.140167,3.134819,1015.777,35.95905,-0.3837891, 0.02880859, -0.8823242, 0.03999996, -0.2509375, 0.07843757,125.6389,5,4,True,True,177
239956,2.435669,1.731171,1015.828,-1,-0.3842773, 0.03027344, -0.8818359, 0.03999996, -0.1728125, 0.06281257,125.6389,5,4,True,True,177
240044,4.076256,5.716843,1015.682,35.96361,-0.3847656, 0.02783203, -0.8813477, 0.008749962, -0.2196875, 0.1096876,125.6389,5,4,True,True,177
240120,4.454659,4.833061,1015.714,-1,-0.3847656, 0.02978516, -0.8798828, -0.02250004, -0.1884375, 0.09406257,125.6389,5,4,True,True,177
240197,5.085751,5.716843,1015.682,-1,-0.3842773, 0.02978516, -0.8818359, 0.02437496, -0.1884375, 0.06281257,125.6389,5,4,True,True,177
240275,5.964491,6.843231,1015.64,-1,-0.3842773, 0.02978516, -0.8833008, 0.008749962, -0.1571875, 0.1096876,125.6389,5,4,True,True,177
240355,5.268809,4.573128,1015.724,35.97274,-0.3842773, 0.03027344, -0.8803711, 0.008749962, -0.2040625, 0.06281257,125.6389,5,4,True,True,177
240435,5.076932,4.885056,1015.712,35.97274,-0.3837891, 0.02978516, -0.8793945, 0.02437496, -0.1571875, 0.06281257,125.6389,5,4,True,True,177
240518,4.55643,4.035927,1015.744,-1,-0.3847656, 0.02832031, -0.8823242, -0.006875038, -0.1415625, 0.04718757,125.6389,5,4,True,True,177
240601,4.157548,3.758667,1015.754,-1,-0.3847656, 0.03027344, -0.8813477, 0.02437496, -0.2040625, 0.07843757,125.6389,5,4,True,True,177
240685,3.819474,3.4814,1015.764,-1,-0.3847656, 0.02783203, -0.8808594, 0.03999996, -0.1571875, 0.09406257,125.6389,5,4,True,True,177
240770,3.225876,2.632278,1015.795,35.98188,-0.3842773, 0.02978516, -0.8808594, 0.03999996, -0.1884375, 0.07843757,125.6389,5,4,True,True,177
241011,3.778198,4.330521,1015.732,-1,-0.3847656, 0.02978516, -0.8793945, 0.05562496, -0.2509375, 0.1096876,125.6389,5,4,True,True,177
241076,2.650707,1.523216,1015.836,36.00013,-0.3842773, 0.02880859, -0.8798828, -0.02250004, -0.2040625, 0.07843757,125.6389,5,4,True,True,177
241141,2.927423,3.20414,1015.774,36.00013,-0.3847656, 0.03173828, -0.8803711, 0.07124996, -0.1728125, 0.09406257,125.6389,5,4,True,True,177
241208,3.628972,4.330521,1015.732,-1,-0.3847656, 0.02929688, -0.8823242, 0.02437496, -0.2196875, 0.04718757,125.6389,5,4,True,True,177
241277,2.714728,1.800484,1015.826,35.991,-0.3852539, 0.03027344, -0.8813477, -0.006875038, -0.1884375, 0.07843757,125.6389,5,4,True,True,177
241347,3.955852,5.196976,1015.701,35.99557,-0.3833008, 0.02880859, -0.8808594, -0.02250004, -0.2040625, 0.1409376,125.6389,5,4,True,True,177
241412,3.865922,3.775993,1015.753,-1,-0.3828125, 0.03076172, -0.8803711, 0.02437496, -0.1571875, 0.1253126,125.6389,5,4,True,True,177
241482,3.820958,3.775993,1015.753,35.991,-0.3833008, 0.02978516, -0.8828125, 0.02437496, -0.1259375, 0.07843757,125.6389,5,4,True,True,177
241553,3.937109,4.053261,1015.743,36.00013,-0.3842773, 0.02929688, -0.8808594, 0.03999996, -0.1571875, 0.06281257,125.6389,5,4,True,True,177
241623,3.726585,3.51606,1015.763,-1,-0.3837891, 0.02832031, -0.8798828, -0.02250004, -0.1884375, 0.09406257,125.6389,5,4,True,True,177
241694,4.886341,6.046097,1015.67,-1,-0.3833008, 0.02832031, -0.8798828, 0.008749962, -0.2353125, 0.09406257,125.6389,5,4,True,True,177
241764,4.331167,3.775993,1015.753,-1,-0.3828125, 0.02978516, -0.8833008, 0.02437496, -0.2040625, 0.09406257,125.6389,5,4,True,True,177
241945,5.188632,6.046097,1015.67,-1,-0.3847656, 0.02978516, -0.8789063, 0.02437496, -0.2040625, 0.07843757,125.6389,5,4,True,True,177
242033,4.213712,3.238792,1015.773,-1,-0.3862305, 0.02978516, -0.8803711, 0.02437496, -0.1884375, 0.09406257,125.6389,5,4,True,True,177
242107,3.431659,2.649605,1015.794,35.99557,-0.3833008, 0.03027344, -0.8818359, 0.02437496, -0.1415625, 0.06281257,125.6389,5,4,True,True,177
242183,3.595163,3.758667,1015.754,35.97731,-0.3842773, 0.02832031, -0.8818359, 0.02437496, -0.2509375, 0.07843757,125.6389,5,4,True,True,177
242255,2.524533,1.453903,1015.838,-1,-0.3837891, 0.02929688, -0.8813477, 0.008749962, -0.1884375, 0.1253126,125.6389,5,4,True,True,177
242330,4.527922,6.531311,1015.652,-1,-0.3852539, 0.02929688, -0.8828125, 0.02437496, -0.1728125, 0.09406257,125.6389,5,4,True,True,177
242409,4.515868,4.503815,1015.726,35.93166,-0.3833008, 0.03076172, -0.8833008, -0.006875038, -0.2353125, 0.06281257,125.6389,5,4,True,True,177
242489,4.648471,4.781075,1015.716,35.92709,-0.3857422, 0.02929688, -0.8789063, 0.05562496, -0.1415625, 0.07843757,125.6389,5,4,True,True,177
242566,3.995619,3.342766,1015.769,-1,-0.3837891, 0.02978516, -0.8779297, -0.006875038, -0.2040625, 0.07843757,125.6389,5,4,True,True,177
242642,2.672774,1.34993,1015.842,-1,-0.3842773, 0.02978516, -0.8793945, -0.006875038, -0.1884375, 0.1253126,125.6389,5,4,True,True,177
242721,2.58321,2.493645,1015.8,-1,-0.3833008, 0.02978516, -0.8803711, -0.006875038, -0.1884375, 0.06281257,125.6389,5,4,True,True,177
242799,3.101621,3.620033,1015.759,-1,-0.3842773, 0.02783203, -0.8818359, 0.05562496, -0.2353125, 0.07843757,125.6389,5,4,True,True,177
242991,1.385318,-0.330986,1015.904,-1,-0.3837891, 0.02929688, -0.8828125, -0.02250004, -0.1728125, 0.1096876,125.6389,5,4,True,True,177
243072,0.6657996,-0.05371857,1015.893,-1,-0.3842773, 0.02929688, -0.8813477, 0.02437496, -0.2196875, 0.1565626,125.6389,5,4,True,True,177
243161,1.441092,2.216385,1015.81,35.91339,-0.3847656, 0.02978516, -0.8798828, 0.05562496, -0.1415625, 0.06281257,125.6389,5,4,True,True,177
243245,3.093757,4.746422,1015.717,35.90883,-0.3842773, 0.02880859, -0.8793945, 0.02437496, -0.1728125, 0.07843757,125.6389,5,4,True,True,177
243327,3.790119,4.486481,1015.727,-1,-0.3847656, 0.02978516, -0.8798828, -0.02250004, -0.2196875, 0.1096876,125.6389,5,4,True,True,177
243411,3.705076,3.620033,1015.759,35.90883,-0.3842773, 0.02880859, -0.8828125, 0.008749962, -0.1415625, 0.09406257,125.6389,5,4,True,True,177
243547,2.102942,0.5008087,1015.873,-1,-0.3833008, 0.03125, -0.8818359, 0.02437496, -0.2196875, 0.06281257,125.6389,5,4,True,True,177
243609,1.86507,1.627197,1015.832,-1,-0.3833008, 0.03125, -0.8803711, 0.05562496, -0.1259375, 0.07843757,125.6389,5,4,True,True,177
243674,2.742552,3.620033,1015.759,-1,-0.3833008, 0.02832031, -0.8828125, -0.02250004, -0.2040625, 0.1096876,125.6389,5,4,True,True,177
243739,4.316344,5.890137,1015.675,-1,-0.3842773, 0.02929688, -0.8803711, 0.02437496, -0.1728125, 0.04718757,125.6389,5,4,True,True,177
243807,5.389167,6.46199,1015.654,35.91796,-0.3833008, 0.02929688, -0.8808594, 0.03999996, -0.1884375, 0.04718757,125.6389,5,4,True,True,177
243877,3.664142,1.939117,1015.82,35.91796,-0.3837891, 0.02832031, -0.8818359, 0.02437496, -0.2040625, 0.07843757,125.6389,5,4,True,True,177
244052,4.222609,4.781075,1015.716,35.91796,-0.3837891, 0.02978516, -0.8828125, -0.006875038, -0.2353125, 0.09406257,125.6389,5,4,True,True,177
244122,4.935069,5.64753,1015.685,-1,-0.3842773, 0.02880859, -0.8828125, 0.008749962, -0.2353125, 0.03156257,125.6389,5,4,True,True,177
244192,4.017614,3.100159,1015.778,-1,-0.3833008, 0.02929688, -0.8818359, 0.02437496, -0.1728125, 0.07843757,125.6389,5,4,True,True,177
244263,3.29029,2.562965,1015.798,35.93622,-0.3837891, 0.02978516, -0.8828125, -0.03812504, -0.2040625, 0.09406257,125.6389,5,4,True,True,177
244335,2.926628,2.562965,1015.798,-1,-0.3847656, 0.03027344, -0.8793945, 0.02437496, -0.1728125, 0.09406257,125.6389,5,4,True,True,177
244408,2.744797,2.562965,1015.798,-1,-0.3833008, 0.02880859, -0.8823242, 0.03999996, -0.2040625, 0.06281257,125.6389,5,4,True,True,177
244479,4.776684,6.808571,1015.642,-1,-0.3852539, 0.02978516, -0.8818359, 0.008749962, -0.2196875, 0.06281257,125.6389,5,4,True,True,177
244549,4.518946,4.261208,1015.735,-1,-0.3828125, 0.02880859, -0.8818359, -0.006875038, -0.2196875, 0.09406257,125.6389,5,4,True,True,177
244623,4.390077,4.261208,1015.735,-1,-0.3862305, 0.02832031, -0.8808594, 0.008749962, -0.2040625, 0.1253126,125.6389,5,4,True,True,177
244699,4.039711,3.689346,1015.756,35.96361,-0.3842773, 0.03027344, -0.8813477, 0.03999996, -0.1728125, 0.09406257,125.6389,5,4,True,True,177
244775,3.024071,2.00843,1015.818,-1,-0.3837891, 0.02880859, -0.8769531, -0.006875038, -0.1103125, 0.07843757,125.6389,5,4,True,True,177
244850,3.365376,3.70668,1015.755,-1,-0.3837891, 0.03027344, -0.8789063, 0.07124996, -0.2665625, 0.03156257,125.6389,5,4,True,True,177
245035,2.409639,1.453903,1015.838,-1,-0.3847656, 0.02978516, -0.8793945, 0.03999996, -0.1103125, 0.07843757,125.6389,5,4,True,True,177
245109,2.910863,3.412086,1015.766,-1,-0.3842773, 0.02832031, -0.8813477, -0.03812504, -0.1415625, 0.1253126,125.6389,5,4,True,True,177
245187,4.001933,5.093002,1015.704,-1,-0.3842773, 0.02880859, -0.8808594, -0.006875038, -0.1571875, 0.1565626,125.6389,5,4,True,True,177
245265,4.252873,4.503815,1015.726,-1,-0.3847656, 0.03027344, -0.8823242, 0.008749962, -0.1884375, 0.1096876,125.6389,5,4,True,True,177
245344,3.676516,3.100159,1015.778,-1,-0.3847656, 0.02929688, -0.8813477, -0.006875038, -0.2040625, 0.1096876,125.6389,5,4,True,True,177
245426,2.686513,1.69651,1015.829,-1,-0.3857422, 0.02929688, -0.8818359, -0.03812504, -0.2040625, 0.1096876,125.6389,5,4,True,True,177
245508,3.751124,4.815735,1015.715,-1,-0.3828125, 0.03027344, -0.8813477, -0.02250004, -0.2040625, 0.09406257,125.6389,5,4,True,True,177
245588,3.287011,2.822899,1015.788,-1,-0.3857422, 0.03027344, -0.8813477, -0.006875038, -0.1571875, 0.1096876,125.6389,5,4,True,True,177
245672,3.193585,3.100159,1015.778,-1,-0.3837891, 0.02832031, -0.8808594, 0.03999996, -0.1884375, 0.09406257,125.6389,5,4,True,True,177
245756,4.00466,4.815735,1015.715,-1,-0.3823242, 0.03076172, -0.8808594, 0.03999996, -0.1415625, 0.07843757,125.6389,5,4,True,True,177
245840,4.696128,5.387596,1015.693,-1,-0.3847656, 0.02978516, -0.8823242, 0.008749962, -0.1259375, 0.07843757,125.6389,5,4,True,True,177
245926,4.478668,4.261208,1015.735,35.95448,-0.3837891, 0.02880859, -0.8813477, 0.03999996, -0.2353125, 0.1096876,125.6389,5,4,True,True,177
246162,5.097755,5.716843,1015.682,-1,-0.3833008, 0.02880859, -0.8828125, 0.008749962, -0.1728125, 0.09406257,125.6389,5,4,True,True,177
246226,5.814533,6.531311,1015.652,35.96361,-0.3852539, 0.02929688, -0.8823242, 0.02437496, -0.1884375, 0.07843757,125.6389,5,4,True,True,177
246292,4.760607,3.70668,1015.755,35.94992,-0.3837891, 0.02978516, -0.8837891, 0.008749962, -0.2040625, 0.06281257,125.6389,5,4,True,True,177
246367,5.351365,5.942123,1015.673,-1,-0.3833008, 0.02929688, -0.8833008, 0.008749962, -0.1728125, 0.09406257,125.6389,5,4,True,True,177
246437,5.08355,4.815735,1015.715,35.94535,-0.3842773, 0.02880859, -0.8837891, 0.02437496, -0.1415625, 0.1096876,125.6389,5,4,True,True,177
246502,6.067364,7.051178,1015.633,-1,-0.3857422, 0.02880859, -0.8823242, 0.008749962, -0.2196875, 0.06281257,125.6389,5,4,True,True,177
246572,5.138292,4.209221,1015.737,-1,-0.3852539, 0.02929688, -0.8837891, -0.006875038, -0.1728125, 0.1565626,125.6389,5,4,True,True,177
246642,3.235448,1.332603,1015.843,35.8997,-0.3847656, 0.02880859, -0.8837891, -0.02250004, -0.1728125, 0.07843757,125.6389,5,4,True,True,177
246712,3.393084,3.55072,1015.761,35.87687,-0.3823242, 0.02978516, -0.8842773, 0.05562496, -0.1103125, 0.1253126,125.6389,5,4,True,True,177
246782,3.047338,2.701591,1015.792,-1,-0.3842773, 0.02978516, -0.8828125, -0.006875038, -0.1728125, 0.07843757,125.6389,5,4,True,True,177
246853,2.718504,2.389671,1015.804,-1,-0.3842773, 0.02929688, -0.8857422, 0.02437496, -0.1728125, 0.1096876,125.6389,5,4,True,True,177
246922,1.834933,0.9513626,1015.857,-1,-0.3837891, 0.02880859, -0.8847656, 0.02437496, -0.1415625, 0.07843757,125.6389,5,4,True,True,177
247105,1.670412,1.50589,1015.836,-1,-0.3847656, 0.02783203, -0.8837891, -0.006875038, -0.2196875, 0.09406257,125.6389,5,4,True,True,177
247178,3.130437,4.590462,1015.723,35.82665,-0.3837891, 0.03076172, -0.8857422, 0.05562496, -0.1884375, 0.04718757,125.6389,5,4,True,True,177
247252,2.881358,2.632278,1015.795,35.83121,-0.3837891, 0.02880859, -0.8818359, -0.006875038, -0.1884375, 0.09406257,125.6389,5,4,True,True,177
247327,3.164048,3.446739,1015.765,35.82665,-0.3818359, 0.02978516, -0.8842773, 0.05562496, -0.1884375, 0.07843757,125.6389,5,4,True,True,177
247401,2.040375,0.9167023,1015.858,-1,-0.3842773, 0.02978516, -0.8852539, 0.07124996, -0.1728125, 0.07843757,125.6389,5,4,True,True,177
247476,1.617172,1.19397,1015.848,-1,-0.3857422, 0.02929688, -0.8837891, -0.006875038, -0.1415625, 0.07843757,125.6389,5,4,True,True,177
247554,2.531956,3.446739,1015.765,35.82665,-0.3833008, 0.02832031, -0.8837891, 0.03999996, -0.1728125, 0.07843757,125.6389,5,4,True,True,177
247629,3.283941,4.035927,1015.743,-1,-0.3833008, 0.02929688, -0.8833008, 0.03999996, -0.1884375, 0.1409376,125.6389,5,4,True,True,177
247710,2.80215,2.320358,1015.806,35.81752,-0.3837891, 0.02929688, -0.8818359, 0.008749962, -0.1728125, 0.07843757,125.6389,5,4,True,True,177
247789,2.855848,2.909546,1015.785,-1,-0.3842773, 0.02880859, -0.8842773, 0.03999996, -0.2509375, 0.06281257,125.6389,5,4,True,True,177
247870,2.319503,1.783157,1015.826,35.83121,-0.3842773, 0.02880859, -0.8842773, -0.006875038, -0.1259375, 0.09406257,125.6389,5,4,True,True,177
247950,2.198627,2.077751,1015.815,-1,-0.3842773, 0.03027344, -0.8833008, -0.02250004, -0.1728125, 0.07843757,125.6389,5,4,True,True,177
248145,2.995973,3.79332,1015.752,-1,-0.3857422, 0.02880859, -0.8837891, 0.02437496, -0.1884375, 0.07843757,125.6389,5,4,True,True,177
248226,2.692822,2.389671,1015.804,-1,-0.3837891, 0.02978516, -0.8823242, 0.02437496, -0.1884375, 0.09406257,125.6389,5,4,True,True,177
248307,3.104441,3.51606,1015.762,-1,-0.3847656, 0.02880859, -0.8818359, 0.008749962, -0.1884375, 0.07843757,125.6389,5,4,True,True,177
248391,2.469793,1.835144,1015.824,35.86317,-0.3837891, 0.02832031, -0.8862305, 0.02437496, -0.1571875, 0.04718757,125.6389,5,4,True,True,177
248475,3.564784,4.659775,1015.721,35.86317,-0.3837891, 0.02880859, -0.8813477, 0.02437496, -0.1884375, 0.07843757,125.6389,5,4,True,True,177
248611,3.401788,3.238792,1015.772,35.85861,-0.3852539, 0.03027344, -0.8813477, 0.03999996, -0.1259375, 0.09406257,125.6389,5,4,True,True,177
248676,4.178078,4.954369,1015.709,35.8723,-0.3837891, 0.02880859, -0.8813477, 0.03999996, -0.2509375, 0.1096876,125.6389,5,4,True,True,177
248741,4.141663,4.105247,1015.741,-1,-0.3833008, 0.02978516, -0.8823242, 0.07124996, -0.2040625, 0.1096876,125.6389,5,4,True,True,177
248806,3.828861,3.51606,1015.762,-1,-0.3823242, 0.03076172, -0.8823242, -0.02250004, -0.1571875, 0.07843757,125.6389,5,4,True,True,177
248873,3.828421,3.82798,1015.751,-1,-0.3837891, 0.03027344, -0.8823242, 0.008749962, -0.1415625, 0.09406257,125.6389,5,4,True,True,177
248942,1.973994,0.1195679,1015.887,35.85861,-0.3852539, 0.02880859, -0.8833008, 0.05562496, -0.2196875, 0.1565626,125.6389,5,4,True,True,177
249012,3.316885,4.659775,1015.721,-1,-0.3852539, 0.03173828, -0.8833008, 0.03999996, -0.1415625, 0.07843757,125.6389,5,4,True,True,177
249189,2.991912,2.666939,1015.794,-1,-0.3842773, 0.03027344, -0.8818359, 0.05562496, -0.1728125, 0.07843757,125.6389,5,4,True,True,177
249257,3.53125,4.070587,1015.742,35.84034,-0.3857422, 0.02929688, -0.8818359, 0.1025, -0.1259375, 0.1253126,125.6389,5,4,True,True,177
249327,2.96046,2.389671,1015.804,35.84948,-0.3847656, 0.02929688, -0.8813477, -0.006875038, -0.2040625, 0.03156257,125.6389,5,4,True,True,177
249407,2.96966,2.978859,1015.782,-1,-0.3847656, 0.02929688, -0.8803711, -0.006875038, -0.2040625, -0.01531243,125.6389,5,4,True,True,177
249480,2.974259,2.978859,1015.782,-1,-0.3842773, 0.02880859, -0.8813477, 0.02437496, -0.1884375, 0.1253126,125.6389,5,4,True,True,177
249549,2.266068,1.557877,1015.834,-1,-0.3833008, 0.03027344, -0.8803711, 0.02437496, -0.2040625, 0.03156257,125.6389,5,4,True,True,177
249623,2.3452,2.424332,1015.802,35.8723,-0.3847656, 0.02978516, -0.8813477, 0.05562496, -0.1571875, 0.09406257,125.6389,5,4,True,True,177
249697,1.544308,0.7434158,1015.864,35.87687,-0.3833008, 0.02929688, -0.8828125, -0.03812504, -0.2040625, 0.07843757,125.6389,5,4,True,True,177
249773,2.842104,4.1399,1015.74,-1,-0.3847656, 0.02832031, -0.8808594, 0.05562496, -0.2040625, 0.06281257,125.6389,5,4,True,True,177
249848,4.756024,6.669945,1015.647,-1,-0.3842773, 0.02929688, -0.8813477, -0.006875038, -0.1728125, 0.1253126,125.6389,5,4,True,True,177
249923,3.468874,2.181725,1015.812,-1,-0.3852539, 0.02929688, -0.8793945, 0.02437496, -0.2353125, 0.07843757,125.6389,5,4,True,True,177
249999,4.367581,5.266289,1015.698,-1,-0.3852539, 0.02929688, -0.8823242, 0.02437496, -0.1728125, 0.1096876,125.6389,5,4,True,True,177
250183,5.111529,5.855476,1015.677,35.8997,-0.3837891, 0.02978516, -0.8808594, 0.02437496, -0.1415625, 0.06281257,125.6389,5,4,True,True,177
250260,5.067605,5.023682,1015.707,-1,-0.3833008, 0.02880859, -0.8813477, 0.03999996, -0.1415625, 0.07843757,125.6389,5,4,True,True,177
250336,3.208767,1.34993,1015.842,-1,-0.3833008, 0.02978516, -0.8789063, 0.008749962, -0.2040625, 0.09406257,125.6389,5,4,True,True,177
250415,3.847624,4.486481,1015.727,-1,-0.3837891, 0.02929688, -0.878418, -0.02250004, -0.1728125, 0.09406257,125.6389,5,4,True,True,177
250494,2.035583,0.2235413,1015.883,-1,-0.3833008, 0.03076172, -0.8813477, 0.02437496, -0.1415625, 0.1096876,125.6389,5,4,True,True,177
250576,3.261032,4.486481,1015.727,-1,-0.3828125, 0.02929688, -0.8818359, 0.008749962, -0.07906246, 0.07843757,125.6389,5,4,True,True,177
250659,2.894668,2.528305,1015.799,35.91796,-0.3847656, 0.02978516, -0.878418, -0.006875038, -0.1884375, 0.1565626,125.6389,5,4,True,True,177
250741,3.820545,4.746422,1015.717,-1,-0.3828125, 0.02832031, -0.8803711, 0.008749962, -0.2040625, 0.09406257,125.6389,5,4,True,True,177
250822,4.560747,5.300949,1015.697,-1,-0.3842773, 0.03076172, -0.8803711, 0.02437496, -0.2353125, 0.07843757,125.6389,5,4,True,True,177
250905,4.636254,4.711761,1015.718,-1,-0.3837891, 0.02929688, -0.8828125, 0.07124996, -0.1103125, 0.07843757,125.6389,5,4,True,True,177
250990,5.245865,5.855476,1015.677,-1,-0.3852539, 0.02929688, -0.8798828, 0.03999996, -0.2196875, 0.1253126,125.6389,5,4,True,True,177
251125,4.978813,4.711761,1015.718,-1,-0.3842773, 0.02832031, -0.8803711, 0.05562496, -0.1259375, 0.06281257,125.6389,5,4,True,True,177
251298,4.576687,4.174561,1015.738,-1,-0.3833008, 0.02783203, -0.8803711, 0.008749962, -0.1571875, 0.06281257,125.6389,5,4,True,True,177
251363,3.786436,2.996185,1015.781,-1,-0.3847656, 0.02832031, -0.8823242, 0.07124996, -0.1728125, 0.1096876,125.6389,5,4,True,True,177
251425,3.12271,2.458984,1015.801,35.8997,-0.3837891, 0.03027344, -0.8842773, -0.02250004, -0.1415625, 0.06281257,125.6389,5,4,True,True,177
251491,3.354042,3.585373,1015.76,35.88144,-0.3842773, 0.02832031, -0.8823242, 0.05562496, -0.1884375, 0.07843757,125.6389,5,4,True,True,177
251556,2.343323,1.332603,1015.843,-1,-0.3847656, 0.02832031, -0.8823242, -0.006875038, -0.1728125, 0.06281257,125.6389,5,4,True,True,177
251626,2.669754,2.996185,1015.781,35.886,-0.3842773, 0.03027344, -0.8803711, 0.008749962, -0.1728125, 0.07843757,125.6389,5,4,True,True,177
251694,4.669849,6.669945,1015.647,-1,-0.3847656, 0.02978516, -0.8823242, 0.02437496, -0.1728125, 0.07843757,125.6389,5,4,True,True,177
251762,5.669897,6.669945,1015.647,-1,-0.3842773, 0.02978516, -0.8837891, 0.07124996, -0.2353125, 0.06281257,125.6389,5,4,True,True,177
251833,6.031287,6.392677,1015.657,35.88144,-0.3847656, 0.02929688, -0.8823242, 0.008749962, -0.1571875, 0.06281257,125.6389,5,4,True,True,177
251902,4.089176,2.147064,1015.813,35.88144,-0.3852539, 0.02929688, -0.8813477, 0.02437496, -0.1415625, 0.09406257,125.6389,5,4,True,True,177
251971,2.121702,0.1542282,1015.886,35.8723,-0.3852539, 0.02832031, -0.8842773, -0.006875038, -0.2040625, 0.1409376,125.6389,5,4,True,True,177
252043,3.269435,4.417168,1015.73,35.8723,-0.3852539, 0.02978516, -0.8833008, -0.006875038, -0.1415625, 0.06281257,125.6389,5,4,True,True,177
252227,4.701089,6.132744,1015.667,35.89513,-0.3837891, 0.03027344, -0.8798828, 0.02437496, -0.1415625, 0.1409376,125.6389,5,4,True,True,177
252303,3.848637,2.996185,1015.781,35.89056,-0.3862305, 0.03076172, -0.8803711, 0.05562496, -0.2353125, 0.1096876,125.6389,5,4,True,True,177
252378,4.2802,4.711761,1015.718,35.89056,-0.3833008, 0.02978516, -0.8823242, -0.03812504, -0.1259375, 0.07843757,125.6389,5,4,True,True,177
252451,3.664186,3.048172,1015.78,-1,-0.3828125, 0.03125, -0.8818359, 0.03999996, -0.1259375, 0.1096876,125.6389,5,4,True,True,177
252535,3.919373,4.174561,1015.738,-1,-0.3837891, 0.02978516, -0.8808594, 0.05562496, -0.1728125, 0.06281257,125.6389,5,4,True,True,177
252610,3.752373,3.585373,1015.76,-1,-0.3847656, 0.02929688, -0.8798828, 0.02437496, -0.1728125, 0.07843757,125.6389,5,4,True,True,177
252684,4.08477,4.417168,1015.73,-1,-0.3833008, 0.02929688, -0.8842773, 0.02437496, -0.1415625, 0.09406257,125.6389,5,4,True,True,177
252763,3.115917,2.147064,1015.813,35.8723,-0.3842773, 0.03027344, -0.8823242, 0.05562496, -0.2353125, 0.09406257,125.6389,5,4,True,True,177
252841,1.635073,0.1542282,1015.886,-1,-0.3837891, 0.02978516, -0.8828125, 0.02437496, -0.1884375, 0.04718757,125.6389,5,4,True,True,177
252920,2.731526,3.82798,1015.751,35.8723,-0.3837891, 0.03173828, -0.8823242, 0.03999996, -0.1571875, 0.06281257,125.6389,5,4,True,True,177
252997,2.577929,2.424332,1015.802,-1,-0.3847656, 0.03027344, -0.8837891, 0.02437496, -0.2509375, 0.1409376,125.6389,5,4,True,True,177
253080,3.462892,4.347855,1015.732,35.84034,-0.3837891, 0.03027344, -0.8808594, 0.07124996, -0.1415625, 0.1409376,125.6389,5,4,True,True,177
253272,3.732083,4.001274,1015.744,-1,-0.3842773, 0.02880859, -0.8847656, 0.05562496, -0.1884375, 0.09406257,125.6389,5,4,True,True,177
253371,3.320814,2.909546,1015.785,35.82208,-0.3833008, 0.02880859, -0.8842773, 0.07124996, -0.1728125, 0.09406257,125.6389,5,4,True,True,177
253451,3.383777,3.446739,1015.765,-1,-0.3837891, 0.02978516, -0.8847656, -0.02250004, -0.1415625, 0.06281257,125.6389,5,4,True,True,177
253532,3.008028,2.632278,1015.795,-1,-0.3852539, 0.03027344, -0.8842773, 0.02437496, -0.1728125, 0.1096876,125.6389,5,4,True,True,177
253616,3.253377,3.498726,1015.763,-1,-0.3847656, 0.03027344, -0.8818359, 0.03999996, -0.1103125, 0.1565626,125.6389,5,4,True,True,177
253747,1.677809,0.1022415,1015.888,-1,-0.3852539, 0.03027344, -0.8828125, 0.008749962, -0.1571875, 0.1096876,125.6389,5,4,True,True,177
253813,3.012832,4.347855,1015.732,-1,-0.3847656, 0.02929688, -0.8833008, 0.02437496, -0.1728125, 0.07843757,125.6389,5,4,True,True,177
253877,3.818973,4.625114,1015.722,-1,-0.3833008, 0.03125, -0.8803711, 0.02437496, -0.1728125, 0.1096876,125.6389,5,4,True,True,177
253943,3.52022,3.221466,1015.773,-1,-0.3842773, 0.03027344, -0.8833008, -0.006875038, -0.2040625, 0.06281257,125.6389,5,4,True,True,177
254009,5.069089,6.617958,1015.649,-1,-0.3842773, 0.03027344, -0.8833008, 0.02437496, -0.2353125, 0.1096876,125.6389,5,4,True,True,177
254075,4.569838,4.070587,1015.742,-1,-0.3828125, 0.02734375, -0.8842773, -0.08500004, -0.2353125, 0.06281257,125.6389,5,4,True,True,177
254142,4.73611,4.902382,1015.712,35.83578,-0.3823242, 0.03173828, -0.8862305, -0.006875038, -0.1728125, 0.06281257,125.6389,5,4,True,True,177
254318,4.238721,3.741333,1015.754,-1,-0.3828125, 0.03027344, -0.8828125, 0.008749962, -0.1884375, 0.09406257,125.6389,5,4,True,True,177
254387,3.84273,3.446739,1015.765,35.80839,-0.3823242, 0.02978516, -0.8813477, 0.05562496, -0.2040625, 0.1096876,125.6389,5,4,True,True,177
254458,3.644735,3.446739,1015.765,-1,-0.3852539, 0.03076172, -0.8833008, 0.05562496, -0.1728125, 0.09406257,125.6389,5,4,True,True,177
254530,2.713946,1.783157,1015.826,-1,-0.3833008, 0.02832031, -0.8833008, 0.05562496, -0.1415625, 0.07843757,125.6389,5,4,True,True,177
254602,2.231222,1.748497,1015.828,35.81752,-0.3833008, 0.02880859, -0.8837891, 0.07124996, -0.1571875, 0.1096876,125.6389,5,4,True,True,177
254674,4.268626,6.30603,1015.66,-1,-0.3828125, 0.02880859, -0.8837891, 0.008749962, -0.1415625, 0.06281257,125.6389,5,4,True,True,177
254749,3.025892,1.783157,1015.826,35.83578,-0.3833008, 0.02880859, -0.8828125, 0.008749962, -0.2821875, 0.07843757,125.6389,5,4,True,True,177
254824,2.967719,2.909546,1015.785,-1,-0.3837891, 0.02978516, -0.8828125, 0.02437496, -0.2196875, 0.07843757,125.6389,5,4,True,True,177
254898,3.233222,3.498726,1015.763,-1,-0.3828125, 0.02929688, -0.8823242, 0.05562496, -0.1259375, 0.1253126,125.6389,5,4,True,True,177
254974,2.794117,2.355011,1015.805,35.84034,-0.3833008, 0.02832031, -0.8828125, -0.006875038, -0.1728125, 0.09406257,125.6389,5,4,True,True,177
255051,2.435934,2.077751,1015.815,-1,-0.3837891, 0.02685547, -0.8798828, -0.03812504, -0.2196875, 0.07843757,125.6389,5,4,True,True,177
255129,3.530524,4.625114,1015.722,-1,-0.3842773, 0.02929688, -0.8813477, 0.02437496, -0.1884375, 0.1096876,125.6389,5,4,True,True,177
255316,2.379577,1.22863,1015.846,-1,-0.3852539, 0.02880859, -0.8813477, 0.02437496, -0.1415625, 0.1096876,125.6389,5,4,True,True,177
255394,2.644562,2.909546,1015.785,35.82665,-0.3833008, 0.02685547, -0.8833008, -0.006875038, -0.1415625, 0.07843757,125.6389,5,4,True,True,177
255472,2.915684,3.186806,1015.775,-1,-0.3847656, 0.02832031, -0.8842773, 0.008749962, -0.2665625, 0.1096876,125.6389,5,4,True,True,177
255549,0.919775,-1.076134,1015.931,35.82208,-0.3837891, 0.02880859, -0.8818359, 0.02437496, -0.2353125, 0.06281257,125.6389,5,4,True,True,177
255635,2.183257,3.446739,1015.765,35.81752,-0.3847656, 0.02832031, -0.8808594, 0.08687496, -0.1728125, -0.01531243,125.6389,5,4,True,True,177
255716,2.814998,3.446739,1015.765,-1,-0.3833008, 0.02880859, -0.8808594, 0.02437496, -0.1415625, 0.06281257,125.6389,5,4,True,True,177
255800,4.265921,5.716843,1015.682,35.81752,-0.3828125, 0.03027344, -0.8837891, -0.006875038, -0.2353125, 0.09406257,125.6389,5,4,True,True,177
255882,3.007209,1.748497,1015.828,-1,-0.3842773, 0.02783203, -0.8818359, 0.02437496, -0.1415625, 0.1565626,125.6389,5,4,True,True,177
255967,3.937465,4.867722,1015.713,35.80839,-0.3837891, 0.02734375, -0.8828125, -0.006875038, -0.1259375, 0.07843757,125.6389,5,4,True,True,177
256052,3.96937,4.001274,1015.744,35.80839,-0.3857422, 0.02978516, -0.8808594, 0.02437496, -0.2665625, 0.1096876,125.6389,5,4,True,True,177
256136,2.858933,1.748497,1015.828,-1,-0.3833008, 0.02929688, -0.8852539, 0.05562496, -0.1884375, 0.04718757,125.6389,5,4,True,True,177
256271,3.152836,3.446739,1015.765,35.82665,-0.3842773, 0.02880859, -0.8808594, 0.05562496, -0.2665625, 0.07843757,125.6389,5,4,True,True,177
256443,2.467997,1.783157,1015.826,-1,-0.3837891, 0.03027344, -0.8823242, 0.05562496, -0.1884375, 0.07843757,125.6389,5,4,True,True,177
256508,2.394177,2.320358,1015.806,-1,-0.3857422, 0.02832031, -0.8823242, -0.006875038, -0.1259375, 0.09406257,125.6389,5,4,True,True,177
256573,1.65544,0.9167023,1015.858,35.83121,-0.3833008, 0.02978516, -0.8837891, 0.02437496, -0.2196875, 0.07843757,125.6389,5,4,True,True,177
256637,2.845683,4.035927,1015.743,35.83121,-0.3833008, 0.02929688, -0.8847656, 0.008749962, -0.1103125, 0.06281257,125.6389,5,4,True,True,177
256707,3.440805,4.035927,1015.743,35.83121,-0.3833008, 0.02832031, -0.8847656, 0.08687496, -0.2509375, 0.06281257,125.6389,5,4,True,True,177
256774,3.599736,3.758667,1015.753,-1,-0.3847656, 0.02880859, -0.8833008, 0.02437496, -0.1728125, 0.07843757,125.6389,5,4,True,True,177
256844,2.552813,1.50589,1015.836,-1,-0.3842773, 0.03125, -0.8837891, 0.008749962, -0.2040625, 0.09406257,125.6389,5,4,True,True,177
256913,2.167985,1.783157,1015.826,-1,-0.3852539, 0.02880859, -0.8852539, 0.07124996, -0.1259375, 0.1253126,125.6389,5,4,True,True,177
256983,1.975571,1.783157,1015.826,35.83578,-0.3823242, 0.02832031, -0.8862305, 0.08687496, -0.1259375, 0.09406257,125.6389,5,4,True,True,177
257056,3.707577,5.439583,1015.692,-1,-0.3847656, 0.02880859, -0.8828125, 0.02437496, -0.1728125, 0.1096876,125.6389,5,4,True,True,177
257128,4.010386,4.313194,1015.733,35.82208,-0.3852539, 0.02832031, -0.8818359, -0.02250004, -0.2196875, 0.06281257,125.6389,5,4,True,True,177
257199,4.00583,4.001274,1015.744,35.80839,-0.3818359, 0.02832031, -0.8828125, 0.008749962, -0.07906246, 0.09406257,125.6389,5,4,True,True,177
257380,3.726285,3.446739,1015.765,-1,-0.3823242, 0.02832031, -0.8862305, 0.02437496, -0.2196875, 0.06281257,125.6389,5,4,True,True,177
257452,3.586512,3.446739,1015.765,-1,-0.3842773, 0.03076172, -0.8847656, 0.02437496, -0.2353125, 0.07843757,125.6389,5,4,True,True,177
257524,4.088487,4.590462,1015.723,-1,-0.3837891, 0.03027344, -0.8847656, 0.03999996, -0.2040625, 0.04718757,125.6389,5,4,True,True,177
257596,3.767613,3.446739,1015.765,-1,-0.3833008, 0.02880859, -0.887207, 0.008749962, -0.1415625, 0.1409376,125.6389,5,4,True,True,177
257674,2.758055,1.748497,1015.828,35.80839,-0.3828125, 0.02978516, -0.887207, 0.03999996, -0.2353125, 0.04718757,125.6389,5,4,True,True,177
257750,1.950019,1.141983,1015.85,-1,-0.3852539, 0.02978516, -0.8823242, -0.006875038, -0.2040625, 0.07843757,125.6389,5,4,True,True,177
257825,3.088283,4.226547,1015.737,-1,-0.3828125, 0.03027344, -0.8842773, 0.03999996, -0.07906246, 0.06281257,125.6389,5,4,True,True,177
257904,3.380152,3.67202,1015.757,35.7673,-0.3837891, 0.02783203, -0.8857422, -0.02250004, -0.1259375, 0.09406257,125.6389,5,4,True,True,177
257983,3.933316,4.486481,1015.727,-1,-0.3842773, 0.02929688, -0.8857422, 0.02437496, -0.1571875, 0.04718757,125.6389,5,4,True,True,177
258065,3.923972,3.914627,1015.748,-1,-0.3842773, 0.02978516, -0.8852539, 0.07124996, -0.1884375, 0.04718757,125.6389,5,4,True,True,177
258146,3.217471,2.510971,1015.799,35.7673,-0.3837891, 0.02929688, -0.8842773, 0.02437496, -0.1415625, 0.06281257,125.6389,5,4,True,True,177
258226,4.285203,5.352936,1015.695,-1,-0.3828125, 0.02880859, -0.8828125, -0.006875038, -0.2196875, 0.03156257,125.6389,5,4,True,True,177
258417,3.995942,3.70668,1015.756,35.79012,-0.3833008, 0.03076172, -0.8833008, -0.006875038, -0.1415625, 0.06281257,125.6389,5,4,True,True,177
258497,4.275872,4.555801,1015.724,35.79469,-0.3847656, 0.02978516, -0.8828125, 0.02437496, -0.1415625, 0.1253126,125.6389,5,4,True,True,177
258581,3.142151,2.00843,1015.817,35.79926,-0.3833008, 0.03027344, -0.8818359, -0.006875038, -0.2353125, 0.1409376,125.6389,5,4,True,True,177
258667,4.845394,6.548637,1015.651,35.79926,-0.3828125, 0.02832031, -0.8823242, 0.05562496, -0.1103125, 0.09406257,125.6389,5,4,True,True,177
258759,4.293364,3.741333,1015.754,-1,-0.3833008, 0.02783203, -0.8828125, 0.03999996, -0.1415625, 0.1096876,125.6389,5,4,True,True,177
258893,4.597873,4.902382,1015.712,35.81752,-0.3842773, 0.02929688, -0.8803711, 0.02437496, -0.2040625, 0.07843757,125.6389,5,4,True,True,177
258958,3.753709,2.909546,1015.785,-1,-0.3828125, 0.02832031, -0.8833008, -0.06937504, -0.1259375, 0.09406257,125.6389,5,4,True,True,177
259025,3.331628,2.909546,1015.785,-1,-0.3847656, 0.02929688, -0.8803711, 0.05562496, -0.1571875, 0.1096876,125.6389,5,4,True,True,177
259088,1.846901,0.362175,1015.878,-1,-0.3847656, 0.02832031, -0.8837891, -0.006875038, -0.1415625, 0.07843757,125.6389,5,4,True,True,177
259157,3.374642,4.902382,1015.712,35.82665,-0.3837891, 0.02929688, -0.8803711, 0.008749962, -0.09468746, 0.09406257,125.6389,5,4,True,True,177
259222,3.705284,4.035927,1015.743,-1,-0.3852539, 0.03076172, -0.8833008, 0.03999996, -0.2353125, 0.09406257,125.6389,5,4,True,True,177
259293,2.310993,0.9167023,1015.858,35.81752,-0.3842773, 0.02978516, -0.8837891, 0.07124996, -0.1728125, 0.1096876,125.6389,5,4,True,True,177
259473,2.333002,2.355011,1015.805,-1,-0.3847656, 0.03076172, -0.8823242, 0.008749962, -0.1728125, 0.06281257,125.6389,5,4,True,True,177
259543,1.780816,1.22863,1015.846,35.83578,-0.3837891, 0.03027344, -0.8828125, 0.03999996, -0.2040625, 0.07843757,125.6389,5,4,True,True,177
259613,2.067914,2.355011,1015.805,-1,-0.3823242, 0.02832031, -0.887207, 0.02437496, -0.1571875, 0.06281257,125.6389,5,4,True,True,177
259685,2.48873,2.909546,1015.785,-1,-0.3847656, 0.02832031, -0.8833008, -0.006875038, -0.1728125, 0.09406257,125.6389,5,4,True,True,177
259756,1.84135,1.19397,1015.848,-1,-0.3837891, 0.02880859, -0.8828125, 0.05562496, -0.2353125, 0.1096876,125.6389,5,4,True,True,177
259829,1.92489,2.00843,1015.817,-1,-0.3842773, 0.03125, -0.8833008, 0.05562496, -0.1728125, 0.04718757,125.6389,5,4,True,True,177
259901,2.113957,2.303024,1015.807,-1,-0.3833008, 0.03076172, -0.8828125, 0.05562496, -0.1728125, 0.03156257,125.6389,5,4,True,True,177
259974,2.052531,1.991104,1015.819,-1,-0.3852539, 0.02832031, -0.8823242, -0.006875038, -0.1884375, 0.07843757,125.6389,5,4,True,True,177
260046,1.597257,1.141983,1015.85,-1,-0.3833008, 0.02880859, -0.8837891, -0.006875038, -0.1728125, 0.1096876,125.6389,5,4,True,True,177
260120,0.9363924,0.275528,1015.881,-1,-0.3823242, 0.02978516, -0.8808594, 0.02437496, -0.09468746, 0.06281257,125.6389,5,4,True,True,177
260194,1.585052,2.233711,1015.81,35.77643,-0.3833008, 0.02734375, -0.8837891, 0.02437496, -0.1259375, 0.06281257,125.6389,5,4,True,True,177
260272,1.632118,1.679184,1015.83,-1,-0.3847656, 0.02978516, -0.8837891, 0.03999996, -0.2196875, 0.06281257,125.6389,5,4,True,True,177
260455,2.036888,2.441658,1015.802,-1,-0.3837891, 0.02978516, -0.8852539, 0.05562496, -0.2196875, 0.07843757,125.6389,5,4,True,True,177
260531,3.218365,4.399841,1015.73,-1,-0.3852539, 0.03076172, -0.8842773, -0.006875038, -0.1884375, 0.09406257,125.6389,5,4,True,True,177
260611,2.249491,1.280617,1015.844,-1,-0.3823242, 0.02978516, -0.8842773, 0.02437496, -0.1884375, 0.06281257,125.6389,5,4,True,True,177
260691,2.900105,3.55072,1015.761,35.70794,-0.3837891, 0.02978516, -0.8837891, -0.006875038, -0.1415625, 0.09406257,125.6389,5,4,True,True,177
260771,4.785025,6.669945,1015.647,-1,-0.3833008, 0.02978516, -0.8828125, -0.02250004, -0.1728125, 0.07843757,125.6389,5,4,True,True,177
260852,4.029239,3.273453,1015.771,-1,-0.3852539, 0.02978516, -0.8837891, 0.07124996, -0.1571875, 0.07843757,125.6389,5,4,True,True,177
260933,4.058576,4.087914,1015.741,-1,-0.3837891, 0.02929688, -0.8828125, 0.02437496, -0.2196875, 0.07843757,125.6389,5,4,True,True,177
261017,4.073245,4.087914,1015.741,-1,-0.3837891, 0.02880859, -0.8862305, -0.02250004, -0.1728125, 0.1253126,125.6389,5,4,True,True,177
261098,2.954195,1.835144,1015.824,-1,-0.3837891, 0.02978516, -0.8842773, 0.08687496, -0.1884375, 0.03156257,125.6389,5,4,True,True,177
261184,3.079167,3.20414,1015.774,-1,-0.3837891, 0.02929688, -0.8852539, -0.02250004, -0.1728125, 0.09406257,125.6389,5,4,True,True,177
261269,2.734419,2.389671,1015.804,-1,-0.3833008, 0.02929688, -0.8828125, -0.05375004, -0.2040625, 0.06281257,125.6389,5,4,True,True,177
261404,2.146148,1.557877,1015.834,-1,-0.3842773, 0.02832031, -0.8837891, 0.03999996, -0.2509375, 0.1096876,125.6389,5,4,True,True,177
261578,3.247001,4.347855,1015.732,35.66685,-0.3823242, 0.02880859, -0.8842773, -0.02250004, -0.1728125, 0.06281257,125.6389,5,4,True,True,177
261643,3.780098,4.313194,1015.733,35.65315,-0.3828125, 0.02783203, -0.8842773, 0.02437496, -0.2353125, 0.04718757,125.6389,5,4,True,True,177
261708,4.453876,5.127655,1015.703,-1,-0.3852539, 0.02929688, -0.8828125, 0.008749962, -0.1415625, 0.06281257,125.6389,5,4,True,True,177
261776,3.803011,3.152145,1015.776,-1,-0.3842773, 0.02880859, -0.8847656, 0.03999996, -0.2196875, 0.1096876,125.6389,5,4,True,True,177
261844,3.884812,3.966614,1015.746,-1,-0.3837891, 0.03027344, -0.8857422, 0.02437496, -0.1728125, 0.06281257,125.6389,5,4,True,True,177
261919,3.787079,3.689346,1015.756,35.62576,-0.3842773, 0.02880859, -0.8847656, 0.03999996, -0.2353125, 0.1409376,125.6389,5,4,True,True,177
261989,3.175022,2.562965,1015.798,-1,-0.3823242, 0.02978516, -0.8847656, 0.02437496, -0.1728125, 0.1096876,125.6389,5,4,True,True,177
262060,4.844503,6.513985,1015.653,-1,-0.3837891, 0.02832031, -0.8813477, 0.02437496, -0.2196875, 0.1096876,125.6389,5,4,True,True,177
262129,5.401977,5.95945,1015.673,-1,-0.3828125, 0.02929688, -0.8847656, 0.03999996, -0.1103125, 0.07843757,125.6389,5,4,True,True,177
262197,4.684295,3.966614,1015.746,-1,-0.3833008, 0.02832031, -0.8823242, 0.008749962, -0.2196875, 0.03156257,125.6389,5,4,True,True,177
262270,5.321873,5.95945,1015.673,35.63489,-0.3847656, 0.02832031, -0.8857422, 0.03999996, -0.2353125, 0.07843757,125.6389,5,4,True,True,177
262342,5.502031,5.68219,1015.683,-1,-0.3847656, 0.03027344, -0.8842773, 0.05562496, -0.1728125, 0.06281257,125.6389,5,4,True,True,177
262525,5.314843,5.127655,1015.703,-1,-0.3842773, 0.02929688, -0.8842773, 0.008749962, -0.1728125, 0.07843757,125.6389,5,4,True,True,177
262600,3.956231,2.597618,1015.796,35.63489,-0.3842773, 0.03076172, -0.8847656, -0.02250004, -0.1728125, 0.1096876,125.6389,5,4,True,True,177
262675,3.822788,3.689346,1015.756,35.63489,-0.3837891, 0.03076172, -0.8828125, 0.03999996, -0.1728125, 0.06281257,125.6389,5,4,True,True,177
262750,4.466558,5.110329,1015.704,-1,-0.3852539, 0.02929688, -0.8818359, 0.02437496, -0.2196875, 0.03156257,125.6389,5,4,True,True,177
262825,3.514762,2.562965,1015.798,35.62576,-0.3842773, 0.02880859, -0.8862305, 0.05562496, -0.1415625, 0.06281257,125.6389,5,4,True,True,177
262901,3.740688,3.966614,1015.746,-1,-0.3842773, 0.03125, -0.8828125, -0.006875038, -0.1884375, 0.04718757,125.6389,5,4,True,True,177
262981,3.169153,2.597618,1015.796,35.64402,-0.3833008, 0.02880859, -0.8823242, 0.02437496, -0.2196875, 0.1253126,125.6389,5,4,True,True,177
263057,2.042928,0.9167023,1015.858,-1,-0.3828125, 0.03027344, -0.8813477, 0.05562496, -0.1884375, 0.07843757,125.6389,5,4,True,True,177
263136,2.900797,3.758667,1015.754,35.67141,-0.3813477, 0.03076172, -0.8813477, 0.02437496, -0.1571875, 0.1253126,125.6389,5,4,True,True,177
263216,1.92608,0.9513626,1015.857,-1,-0.3837891, 0.02929688, -0.8818359, 0.03999996, -0.1571875, 0.06281257,125.6389,5,4,True,True,177
263294,2.998333,4.070587,1015.742,-1,-0.3842773, 0.02832031, -0.8837891, -0.02250004, -0.1415625, 0.04718757,125.6389,5,4,True,True,177
263376,3.387163,3.775993,1015.753,35.69424,-0.3837891, 0.02880859, -0.8833008, -0.006875038, -0.1415625, 0.07843757,125.6389,5,4,True,True,177
263572,3.330308,3.273453,1015.771,35.71251,-0.3833008, 0.02783203, -0.8828125, 0.008749962, -0.1728125, 0.1409376,125.6389,5,4,True,True,177
263654,3.024617,2.718925,1015.792,-1,-0.3842773, 0.03027344, -0.8823242, 0.008749962, -0.2040625, 0.04718757,125.6389,5,4,True,True,177
263738,3.712229,4.399841,1015.73,35.70794,-0.3847656, 0.02880859, -0.8818359, 0.05562496, -0.1728125, 0.07843757,125.6389,5,4,True,True,177
263823,4.489259,5.266289,1015.698,35.71707,-0.3842773, 0.02978516, -0.8828125, -0.006875038, -0.1415625, 0.03156257,125.6389,5,4,True,True,177
263952,3.326825,2.164391,1015.812,35.72164,-0.3837891, 0.02929688, -0.8813477, 0.07124996, -0.1259375, 0.09406257,125.6389,5,4,True,True,177
264018,2.745608,2.164391,1015.812,35.7262,-0.3842773, 0.02783203, -0.8818359, 0.05562496, -0.1259375, 0.06281257,125.6389,5,4,True,True,177
264084,2.454999,2.164391,1015.812,35.72164,-0.3828125, 0.02929688, -0.8818359, 0.08687496, -0.1571875, 0.1096876,125.6389,5,4,True,True,177
264149,2.309695,2.164391,1015.812,-1,-0.3842773, 0.02880859, -0.8828125, 0.02437496, -0.2040625, 0.04718757,125.6389,5,4,True,True,177
264215,3.372094,4.434494,1015.729,-1,-0.3833008, 0.02832031, -0.8823242, -0.03812504, -0.1571875, 0.1409376,125.6389,5,4,True,True,177
264283,3.903294,4.434494,1015.729,35.73077,-0.3837891, 0.02929688, -0.8842773, 0.03999996, -0.1571875, 0.07843757,125.6389,5,4,True,True,177
264353,4.168894,4.434494,1015.729,35.7262,-0.3828125, 0.02880859, -0.8818359, 0.02437496, -0.1884375, 0.07843757,125.6389,5,4,True,True,177
264443,4.301694,4.434494,1015.729,35.73077,-0.3833008, 0.02832031, -0.8823242, 0.02437496, -0.1728125, 0.09406257,125.6389,5,4,True,True,177
264620,3.233042,2.164391,1015.812,-1,-0.3837891, 0.02929688, -0.8808594, 0.03999996, -0.2040625, 0.1253126,125.6389,5,4,True,True,177
264691,3.833768,4.434494,1015.729,-1,-0.3842773, 0.02880859, -0.8828125, 0.008749962, -0.1415625, 0.09406257,125.6389,5,4,True,True,177
264762,3.856867,3.879967,1015.749,-1,-0.3847656, 0.02832031, -0.8823242, -0.02250004, -0.1571875, 0.07843757,125.6389,5,4,True,True,177
264835,3.868417,3.879967,1015.749,-1,-0.3837891, 0.03076172, -0.8842773, 0.008749962, -0.09468746, 0.1096876,125.6389,5,4,True,True,177
264905,3.874192,3.879967,1015.749,35.7399,-0.3847656, 0.02929688, -0.8818359, 0.008749962, -0.1103125, 0.1409376,125.6389,5,4,True,True,177
264985,3.019291,2.164391,1015.812,35.73534,-0.3823242, 0.02832031, -0.8818359, -0.02250004, -0.1884375, 0.1096876,125.6389,5,4,True,True,177
265060,3.865526,4.711761,1015.719,-1,-0.3833008, 0.03076172, -0.8823242, -0.006875038, -0.1884375, 0.1253126,125.6389,5,4,True,True,177
265135,3.292226,2.718925,1015.792,-1,-0.3837891, 0.03027344, -0.8808594, 0.008749962, -0.1415625, 0.06281257,125.6389,5,4,True,True,177
265208,2.866942,2.441658,1015.802,-1,-0.3852539, 0.02880859, -0.8803711, 0.02437496, -0.1728125, 0.07843757,125.6389,5,4,True,True,177
265282,3.217494,3.568047,1015.76,-1,-0.3842773, 0.02978516, -0.8818359, 0.05562496, -0.1415625, 0.1096876,125.6389,5,4,True,True,177
265356,2.690942,2.164391,1015.812,35.72164,-0.3842773, 0.02929688, -0.8813477, -0.05375004, -0.1415625, 0.06281257,125.6389,5,4,True,True,177
265431,3.839986,4.989029,1015.709,-1,-0.3842773, 0.02978516, -0.8793945, -0.05375004, -0.1415625, 0.07843757,125.6389,5,4,True,True,177
265617,3.99861,4.157234,1015.739,35.7262,-0.3837891, 0.03027344, -0.8803711, 0.05562496, -0.1259375, 0.04718757,125.6389,5,4,True,True,177
265696,3.0815,2.164391,1015.812,35.73077,-0.3837891, 0.02978516, -0.8813477, 0.03999996, -0.1728125, 0.06281257,125.6389,5,4,True,True,177
265776,3.757997,4.434494,1015.729,35.7262,-0.3833008, 0.02978516, -0.8808594, 0.008749962, -0.2040625, 0.07843757,125.6389,5,4,True,True,177
265857,3.663022,3.568047,1015.76,35.72164,-0.3833008, 0.02880859, -0.8818359, 0.03999996, -0.1884375, 0.09406257,125.6389,5,4,True,True,177
265942,2.636443,1.609863,1015.832,35.7262,-0.3842773, 0.02880859, -0.8823242, 0.02437496, -0.1415625, 0.09406257,125.6389,5,4,True,True,177
266025,2.972278,3.308113,1015.77,-1,-0.3837891, 0.03076172, -0.8823242, 0.008749962, -0.1571875, 0.06281257,125.6389,5,4,True,True,177
266108,2.568334,2.164391,1015.812,35.73077,-0.3857422, 0.02929688, -0.8813477, -0.006875038, -0.1728125, 0.1096876,125.6389,5,4,True,True,177
266188,1.525904,0.4834747,1015.874,-1,-0.3837891, 0.02929688, -0.8803711, 0.02437496, -0.2040625, 0.06281257,125.6389,5,4,True,True,177
266269,2.425672,3.325439,1015.769,-1,-0.3847656, 0.02929688, -0.8789063, 0.03999996, -0.2196875, 0.04718757,125.6389,5,4,True,True,177
266355,2.875556,3.325439,1015.769,-1,-0.3847656, 0.02929688, -0.8793945, 0.008749962, -0.1415625, 0.09406257,125.6389,5,4,True,True,177
266489,3.377761,3.879967,1015.749,35.7399,-0.3842773, 0.02880859, -0.8798828, 0.03999996, -0.1259375, 0.1096876,125.6389,5,4,True,True,177
266551,1.523388,-0.330986,1015.904,-1,-0.3837891, 0.02685547, -0.8813477, 0.05562496, -0.2196875, 0.06281257,125.6389,5,4,True,True,177
266724,1.298025,1.072662,1015.852,-1,-0.3857422, 0.02978516, -0.8774414, -0.02250004, -0.2353125, 0.07843757,125.6389,5,4,True,True,177
266791,3.16952,5.041016,1015.706,-1,-0.3828125, 0.02832031, -0.8808594, 0.05562496, -0.1728125, 0.1409376,125.6389,5,4,True,True,177
266855,2.684286,2.199051,1015.811,-1,-0.3833008, 0.02880859, -0.8803711, -0.006875038, -0.1571875, 0.07843757,125.6389,5,4,True,True,177
266921,4.001281,5.318275,1015.696,-1,-0.3842773, 0.02929688, -0.8769531, -0.006875038, -0.1415625, 0.04718757,125.6389,5,4,True,True,177
266986,3.117496,2.233711,1015.81,-1,-0.3842773, 0.02978516, -0.8793945, 0.03999996, -0.1571875, 0.06281257,125.6389,5,4,True,True,177
267056,3.377428,3.63736,1015.758,-1,-0.3842773, 0.02832031, -0.8813477, 0.03999996, -0.1259375, 0.09406257,125.6389,5,4,True,True,177
267127,3.082833,2.788239,1015.789,-1,-0.3833008, 0.02929688, -0.8823242, -0.006875038, -0.1103125, 0.09406257,125.6389,5,4,True,True,177
267195,2.935536,2.788239,1015.789,-1,-0.3828125, 0.02880859, -0.8808594, 0.008749962, -0.2040625, 0.06281257,125.6389,5,4,True,True,177
267266,1.726835,0.5181351,1015.872,-1,-0.3818359, 0.02929688, -0.8803711, -0.02250004, -0.1728125, 0.07843757,125.6389,5,4,True,True,177
267340,2.820731,3.914627,1015.748,35.7536,-0.3842773, 0.02929688, -0.8818359, 0.008749962, -0.1728125, 0.07843757,125.6389,5,4,True,True,177
267412,1.392169,-0.03639221,1015.893,-1,-0.3842773, 0.02929688, -0.8818359, -0.03812504, -0.1415625, 0.1253126,125.6389,5,4,True,True,177
267486,1.81294,2.233711,1015.81,-1,-0.3842773, 0.03076172, -0.8793945, 0.03999996, -0.1884375, 0.03156257,125.6389,5,4,True,True,177
267667,2.863784,3.914627,1015.748,-1,-0.3857422, 0.02783203, -0.8789063, 0.03999996, -0.09468746, 0.1409376,125.6389,5,4,True,True,177
267741,2.548748,2.233711,1015.81,-1,-0.3833008, 0.02685547, -0.8798828, 0.05562496, -0.1259375, 0.1096876,125.6389,5,4,True,True,177
267814,2.954424,3.3601,1015.768,-1,-0.3852539, 0.02783203, -0.878418, 0.05562496, -0.1415625, 0.09406257,125.6389,5,4,True,True,177
267886,2.455434,1.956444,1015.82,-1,-0.3833008, 0.02880859, -0.8793945, 0.05562496, -0.1728125, 0.07843757,125.6389,5,4,True,True,177
267963,1.798708,1.141983,1015.85,-1,-0.3847656, 0.03027344, -0.8803711, 0.05562496, -0.1571875, 0.07843757,125.6389,5,4,True,True,177
268042,1.600312,1.401917,1015.84,35.77643,-0.3847656, 0.02783203, -0.878418, 0.05562496, -0.2040625, 0.1096876,125.6389,5,4,True,True,177
268128,2.636166,3.67202,1015.757,-1,-0.3842773, 0.02929688, -0.8803711, 0.07124996, -0.2040625, 0.1096876,125.6389,5,4,True,True,177
268207,1.889075,1.141983,1015.85,-1,-0.3842773, 0.02832031, -0.8789063, -0.03812504, -0.1415625, 0.1409376,125.6389,5,4,True,True,177
268285,2.919181,3.949287,1015.747,-1,-0.3847656, 0.02880859, -0.8793945, 0.05562496, -0.1415625, 0.07843757,125.6389,5,4,True,True,177
268368,3.156967,3.394753,1015.767,35.78099,-0.3833008, 0.02929688, -0.8828125, 0.03999996, -0.1728125, 0.09406257,125.6389,5,4,True,True,177
268452,4.254951,5.352936,1015.695,35.78099,-0.3837891, 0.02832031, -0.8813477, 0.008749962, -0.1884375, 0.09406257,125.6389,5,4,True,True,177
268534,3.677555,3.100159,1015.778,-1,-0.3847656, 0.03027344, -0.8793945, 0.008749962, -0.1571875, 0.07843757,125.6389,5,4,True,True,177
268724,2.097845,0.5181351,1015.872,-1,-0.3842773, 0.02929688, -0.8813477, 0.02437496, -0.2040625, 0.1096876,125.6389,5,4,True,True,177
268806,2.443042,2.788239,1015.789,-1,-0.3837891, 0.02929688, -0.8813477, 0.02437496, -0.1728125, 0.06281257,125.6389,5,4,True,True,177
268888,2.61564,2.788239,1015.789,-1,-0.3837891, 0.02929688, -0.8833008, 0.03999996, -0.1415625, 0.06281257,125.6389,5,4,True,True,177
268973,3.966958,5.318275,1015.696,35.74446,-0.3842773, 0.02880859, -0.8823242, 0.02437496, -0.1728125, 0.06281257,125.6389,5,4,True,True,177
269110,3.083004,2.199051,1015.811,-1,-0.3837891, 0.02929688, -0.8808594, 0.05562496, -0.1415625, 0.1096876,125.6389,5,4,True,True,177
269175,3.342856,3.602707,1015.759,35.73077,-0.3833008, 0.02880859, -0.8823242, 0.02437496, -0.1884375, 0.1096876,125.6389,5,4,True,True,177
269240,3.888675,4.434494,1015.729,-1,-0.3857422, 0.03027344, -0.8798828, -0.03812504, -0.1415625, 0.07843757,125.6389,5,4,True,True,177
269305,3.45976,3.030846,1015.781,35.73077,-0.3833008, 0.02978516, -0.8837891, 0.03999996, -0.2353125, 0.1409376,125.6389,5,4,True,True,177
269371,3.098006,2.736252,1015.791,-1,-0.3852539, 0.02832031, -0.8818359, 0.02437496, -0.1884375, 0.1096876,125.6389,5,4,True,True,177
269439,3.488986,3.879967,1015.749,35.7399,-0.3842773, 0.03027344, -0.8803711, 0.07124996, -0.1728125, 0.06281257,125.6389,5,4,True,True,177
269508,2.280824,1.072662,1015.852,-1,-0.3847656, 0.02978516, -0.8813477, 0.02437496, -0.1415625, 0.01593757,125.6389,5,4,True,True,177
269578,2.508538,2.736252,1015.791,-1,-0.3842773, 0.02783203, -0.8828125, 0.02437496, -0.2353125, 0.1096876,125.6389,5,4,True,True,177
269758,2.648388,2.788239,1015.789,-1,-0.3847656, 0.03027344, -0.8813477, -0.006875038, -0.2196875, 0.1096876,125.6389,5,4,True,True,177
269826,2.42372,2.199051,1015.811,-1,-0.3857422, 0.02929688, -0.8808594, 0.03999996, -0.1415625, 0.07843757,125.6389,5,4,True,True,177
269893,2.450019,2.476318,1015.801,-1,-0.3847656, 0.02832031, -0.8823242, -0.006875038, -0.1884375, 0.1096876,125.6389,5,4,True,True,177
269964,3.459587,4.469154,1015.728,-1,-0.3833008, 0.02832031, -0.8823242, 0.008749962, -0.1415625, 0.1253126,125.6389,5,4,True,True,177
270036,3.964371,4.469154,1015.728,35.74903,-0.3842773, 0.02978516, -0.8823242, -0.006875038, -0.2196875, 0.1096876,125.6389,5,4,True,True,177
270111,4.502693,5.041016,1015.706,35.76273,-0.3833008, 0.02832031, -0.8808594, 0.02437496, -0.1571875, 0.04718757,125.6389,5,4,True,True,177
270182,4.494587,4.486481,1015.727,-1,-0.3847656, 0.02978516, -0.8833008, 0.02437496, -0.1728125, 0.07843757,125.6389,5,4,True,True,177
270257,3.502779,2.510971,1015.799,-1,-0.3852539, 0.02880859, -0.8813477, -0.05375004, -0.1728125, 0.07843757,125.6389,5,4,True,True,177
270332,3.587399,3.67202,1015.757,35.7673,-0.3837891, 0.02929688, -0.8813477, 0.02437496, -0.1415625, 0.07843757,125.6389,5,4,True,True,177
270407,2.633292,1.679184,1015.83,35.76273,-0.3847656, 0.02880859, -0.8818359, 0.02437496, -0.1571875, 0.07843757,125.6389,5,4,True,True,177
270484,2.996696,3.3601,1015.768,-1,-0.3852539, 0.02929688, -0.8808594, 0.03999996, -0.1415625, 0.09406257,125.6389,5,4,True,True,177
270563,1.497482,-0.001731873,1015.891,35.76273,-0.3857422, 0.02929688, -0.8828125, -0.006875038, -0.2196875, 0.09406257,125.6389,5,4,True,True,177
270749,1.865597,2.233711,1015.81,-1,-0.3847656, 0.02880859, -0.8842773, 0.02437496, -0.1571875, 0.06281257,125.6389,5,4,True,True,177
270825,2.049654,2.233711,1015.81,-1,-0.3852539, 0.02880859, -0.8823242, 0.02437496, -0.09468746, 0.09406257,125.6389,5,4,True,True,177
270905,2.418946,2.788239,1015.789,-1,-0.3837891, 0.02929688, -0.8818359, 0.03999996, -0.1884375, 0.07843757,125.6389,5,4,True,True,177
270988,2.603592,2.788239,1015.789,35.75816,-0.3833008, 0.02978516, -0.8813477, 0.02437496, -0.1103125, 0.09406257,125.6389,5,4,True,True,177
271069,1.422234,0.2408752,1015.883,-1,-0.3842773, 0.02832031, -0.8823242, -0.03812504, -0.2040625, 0.07843757,125.6389,5,4,True,True,177
271150,2.24387,3.065506,1015.779,-1,-0.3833008, 0.02880859, -0.8837891, 0.02437496, -0.1259375, 0.03156257,125.6389,5,4,True,True,177
271242,2.637358,3.030846,1015.781,35.73534,-0.3837891, 0.03076172, -0.8803711, -0.02250004, -0.2196875, 0.09406257,125.6389,5,4,True,True,177
271325,3.96049,5.283623,1015.697,-1,-0.3852539, 0.02929688, -0.8808594, 0.05562496, -0.1884375, 0.09406257,125.6389,5,4,True,True,177
271408,3.06244,2.164391,1015.812,35.7262,-0.3852539, 0.02929688, -0.8823242, 0.05562496, -0.1415625, 0.07843757,125.6389,5,4,True,True,177
271494,3.453873,3.845306,1015.75,-1,-0.3828125, 0.02832031, -0.8847656, 0.02437496, -0.1571875, 0.09406257,125.6389,5,4,True,True,177
271626,4.628682,5.80349,1015.678,-1,-0.3833008, 0.02978516, -0.8837891, 0.02437496, -0.2040625, 0.09406257,125.6389,5,4,True,True,177
271690,3.231913,1.835144,1015.824,-1,-0.3837891, 0.02832031, -0.8818359, 0.02437496, -0.1415625, 0.1253126,125.6389,5,4,True,True,177
271866,3.798547,4.365181,1015.731,-1,-0.3847656, 0.03027344, -0.8833008, 0.02437496, -0.1571875, 0.06281257,125.6389,5,4,True,True,177
271930,2.955475,2.112404,1015.814,-1,-0.3833008, 0.03027344, -0.8813477, 0.03999996, -0.1259375, 0.1409376,125.6389,5,4,True,True,177
271995,3.660328,4.365181,1015.731,-1,-0.3852539, 0.03076172, -0.8818359, -0.006875038, -0.2040625, 0.06281257,125.6389,5,4,True,True,177
272061,2.886366,2.112404,1015.814,35.68055,-0.3828125, 0.02880859, -0.8813477, 0.02437496, -0.2040625, 0.1096876,125.6389,5,4,True,True,177
272130,3.625773,4.365181,1015.731,35.68055,-0.3837891, 0.02929688, -0.8823242, 0.02437496, -0.2509375, 0.09406257,125.6389,5,4,True,True,177
272201,3.276323,2.926872,1015.784,-1,-0.3837891, 0.03027344, -0.8818359, 0.05562496, -0.1415625, 0.06281257,125.6389,5,4,True,True,177
272268,3.396191,3.51606,1015.762,-1,-0.3852539, 0.03027344, -0.8833008, -0.006875038, -0.1103125, 0.07843757,125.6389,5,4,True,True,177
272338,3.317492,3.238792,1015.773,-1,-0.3837891, 0.02929688, -0.8818359, 0.02437496, -0.1415625, 0.09406257,125.6389,5,4,True,True,177
272409,3.546743,3.775993,1015.753,-1,-0.3828125, 0.02978516, -0.8808594, 0.03999996, -0.1571875, 0.06281257,125.6389,5,4,True,True,177
272478,2.690943,1.835144,1015.824,-1,-0.3837891, 0.02978516, -0.8837891, 0.02437496, -0.1728125, 0.06281257,125.6389,5,4,True,True,177
272552,2.12441,1.557877,1015.834,35.69881,-0.3837891, 0.02880859, -0.8808594, 0.03999996, -0.1884375, 0.1096876,125.6389,5,4,True,True,177
272626,2.698931,3.273453,1015.771,35.71251,-0.3837891, 0.03076172, -0.8828125, 0.05562496, -0.2196875, 0.1253126,125.6389,5,4,True,True,177
272808,2.431661,2.164391,1015.812,-1,-0.3852539, 0.02880859, -0.8842773, 0.02437496, -0.1884375, 0.06281257,125.6389,5,4,True,True,177
272881,3.294447,4.157234,1015.739,35.73534,-0.3833008, 0.02832031, -0.8828125, 0.07124996, -0.1884375, 0.07843757,125.6389,5,4,True,True,177
272957,3.01535,2.736252,1015.791,35.73077,-0.3828125, 0.02929688, -0.8823242, 0.02437496, -0.2040625, 0.07843757,125.6389,5,4,True,True,177
273033,2.312606,1.609863,1015.832,-1,-0.3837891, 0.03027344, -0.8808594, 0.008749962, -0.2353125, 0.03156257,125.6389,5,4,True,True,177
273108,2.524429,2.736252,1015.791,-1,-0.3837891, 0.02978516, -0.8818359, -0.006875038, -0.1728125, 0.06281257,125.6389,5,4,True,True,177
273188,3.340832,4.157234,1015.739,-1,-0.3828125, 0.02929688, -0.8823242, 0.008749962, -0.1884375, 0.09406257,125.6389,5,4,True,True,177
273267,2.613981,1.887131,1015.822,-1,-0.3842773, 0.02832031, -0.8828125, 0.02437496, -0.2040625, 0.07843757,125.6389,5,4,True,True,177
273344,0.8469038,-0.9201736,1015.925,-1,-0.3837891, 0.03027344, -0.8818359, -0.02250004, -0.1884375, 0.07843757,125.6389,5,4,True,True,177
273423,2.92663,5.006355,1015.708,35.73534,-0.3828125, 0.02978516, -0.8808594, 0.05562496, -0.2196875, 0.1096876,125.6389,5,4,True,True,177
273503,3.403298,3.879967,1015.749,-1,-0.3828125, 0.02978516, -0.8813477, -0.006875038, -0.1103125, 0.07843757,125.6389,5,4,True,True,177
273585,3.780266,4.157234,1015.739,-1,-0.3842773, 0.03027344, -0.8823242, 0.08687496, -0.1415625, 0.1409376,125.6389,5,4,True,True,177
273666,4.10738,4.434494,1015.729,-1,-0.3847656, 0.02929688, -0.8833008, -0.006875038, -0.1571875, 0.06281257,125.6389,5,4,True,True,177
273859,3.413153,2.718925,1015.792,-1,-0.3837891, 0.02832031, -0.8833008, 0.03999996, -0.1728125, 0.09406257,125.6389,5,4,True,True,177
273940,2.771445,2.129738,1015.813,-1,-0.3852539, 0.02929688, -0.8837891, 0.03999996, -0.1103125, 0.06281257,125.6389,5,4,True,True,177
274025,2.320621,1.869797,1015.823,35.70338,-0.3833008, 0.02929688, -0.8828125, -0.02250004, -0.1884375, 0.1096876,125.6389,5,4,True,True,177
274110,2.225179,2.129738,1015.813,-1,-0.3833008, 0.02832031, -0.8847656, 0.05562496, -0.2040625, 0.09406257,125.6389,5,4,True,True,177
274245,3.29518,4.365181,1015.731,-1,-0.3837891, 0.02832031, -0.8828125, 0.05562496, -0.1415625, 0.07843757,125.6389,5,4,True,True,177
274310,1.438774,-0.4176331,1015.907,-1,-0.3828125, 0.03027344, -0.8823242, 0.03999996, -0.1103125, 0.06281257,125.6389,5,4,True,True,177
274377,1.203731,0.968689,1015.856,-1,-0.3833008, 0.02880859, -0.8842773, 0.03999996, -0.1415625, 0.1253126,125.6389,5,4,True,True,177
274453,3.468954,5.734177,1015.681,35.67141,-0.3857422, 0.03027344, -0.8818359, 0.008749962, -0.1571875, 0.07843757,125.6389,5,4,True,True,177
274520,3.041953,2.614952,1015.795,35.66685,-0.3842773, 0.03027344, -0.8837891, -0.006875038, -0.2040625, 0.09406257,125.6389,5,4,True,True,177
274587,2.265258,1.488564,1015.837,-1,-0.3847656, 0.02978516, -0.8828125, 0.02437496, -0.2040625, 0.06281257,125.6389,5,4,True,True,177
274656,2.726032,3.186806,1015.775,-1,-0.3833008, 0.02880859, -0.8818359, -0.02250004, -0.2040625, 0.1253126,125.6389,5,4,True,True,177
274726,2.367231,2.00843,1015.818,35.63489,-0.3842773, 0.02880859, -0.8808594, 0.05562496, -0.2040625, 0.1253126,125.6389,5,4,True,True,177
274906,3.028289,3.689346,1015.756,35.62576,-0.3842773, 0.02978516, -0.8828125, 0.03999996, -0.1884375, 0.07843757,125.6389,5,4,True,True,177
274975,3.090217,3.152145,1015.776,35.63489,-0.3857422, 0.02783203, -0.8818359, -0.02250004, -0.1415625, 0.09406257,125.6389,5,4,True,True,177
275046,2.843918,2.597618,1015.796,35.63489,-0.3837891, 0.02929688, -0.8833008, 0.008749962, -0.1728125, 0.09406257,125.6389,5,4,True,True,177
275137,2.720768,2.597618,1015.796,-1,-0.3828125, 0.02880859, -0.8837891, 0.02437496, -0.1571875, 0.09406257,125.6389,5,4,True,True,177
275207,2.243296,1.765823,1015.826,-1,-0.3852539, 0.02783203, -0.8852539, -0.006875038, -0.2353125, 0.1096876,125.6389,5,4,True,True,177
275277,3.702806,5.162315,1015.702,-1,-0.3842773, 0.02929688, -0.8803711, 0.02437496, -0.1259375, 0.09406257,125.6389,5,4,True,True,177
275351,3.730736,3.758667,1015.754,35.67141,-0.3862305, 0.02978516, -0.8833008, 0.03999996, -0.1728125, 0.1096876,125.6389,5,4,True,True,177
275423,3.060204,2.389671,1015.804,-1,-0.3842773, 0.02978516, -0.8823242, 0.03999996, -0.1728125, 0.06281257,125.6389,5,4,True,True,177
275498,3.132172,3.20414,1015.774,-1,-0.3847656, 0.03027344, -0.8837891, -0.02250004, -0.1415625, 0.07843757,125.6389,5,4,True,True,177
275575,3.185482,3.238792,1015.773,-1,-0.3837891, 0.02929688, -0.8803711, 0.05562496, -0.1103125, 0.1096876,125.6389,5,4,True,True,177
275649,4.910383,6.635284,1015.648,-1,-0.3837891, 0.02929688, -0.8823242, 0.03999996, -0.1415625, 0.1096876,125.6389,5,4,True,True,177
275728,3.918628,2.926872,1015.784,35.69881,-0.3847656, 0.02783203, -0.8808594, -0.006875038, -0.2353125, 0.07843757,125.6389,5,4,True,True,177
275918,1.750497,-0.4176331,1015.907,35.69881,-0.3847656, 0.03027344, -0.8808594, 0.05562496, -0.2040625, 0.1253126,125.6389,5,4,True,True,177
275998,1.654187,1.557877,1015.834,35.68968,-0.3837891, 0.03076172, -0.8823242, 0.02437496, -0.2040625, 0.04718757,125.6389,5,4,True,True,177
276078,3.009684,4.365181,1015.731,-1,-0.3823242, 0.02880859, -0.8823242, -0.02250004, -0.1728125, 0.1096876,125.6389,5,4,True,True,177
276158,4.822484,6.635284,1015.648,35.69881,-0.3833008, 0.02929688, -0.8813477, -0.006875038, -0.1728125, 0.09406257,125.6389,5,4,True,True,177
276239,3.328814,1.835144,1015.824,-1,-0.3842773, 0.02929688, -0.8852539, -0.006875038, -0.1259375, 0.1096876,125.6389,5,4,True,True,177
276323,3.00654,2.684265,1015.793,35.69881,-0.3842773, 0.02880859, -0.8818359, 0.02437496, -0.1728125, 0.1096876,125.6389,5,4,True,True,177
276404,3.41726,3.82798,1015.751,35.70338,-0.3833008, 0.02832031, -0.8813477, 0.008749962, -0.1728125, 0.09406257,125.6389,5,4,True,True,177
276487,3.345356,3.273453,1015.771,-1,-0.3833008, 0.02929688, -0.8813477, 0.05562496, -0.1884375, 0.07843757,125.6389,5,4,True,True,177
276570,4.167192,4.989029,1015.709,35.71251,-0.3837891, 0.02978516, -0.8808594, 0.008749962, -0.1884375, 0.04718757,125.6389,5,4,True,True,177
276704,3.858956,3.55072,1015.761,35.71707,-0.3837891, 0.02832031, -0.8837891, 0.03999996, -0.1728125, 0.1096876,125.6389,5,4,True,True,177
276769,2.153889,0.448822,1015.875,-1,-0.3842773, 0.02880859, -0.8813477, -0.02250004, -0.1571875, 0.09406257,125.6389,5,4,True,True,177
276836,2.575037,2.996185,1015.781,35.71707,-0.3842773, 0.02880859, -0.8808594, 0.02437496, -0.1259375, 0.07843757,125.6389,5,4,True,True,177
277010,2.785611,2.996185,1015.781,35.70794,-0.3837891, 0.02832031, -0.8813477, 0.05562496, -0.2196875, 0.09406257,125.6389,5,4,True,True,177
277076,3.168166,3.55072,1015.761,-1,-0.3833008, 0.02832031, -0.8803711, 0.07124996, -0.1728125, 0.06281257,125.6389,5,4,True,True,177
277143,3.766673,4.365181,1015.731,-1,-0.3833008, 0.02832031, -0.8833008, -0.006875038, -0.1884375, 0.07843757,125.6389,5,4,True,True,177
277212,3.485406,3.20414,1015.774,-1,-0.3847656, 0.02929688, -0.8823242, 0.08687496, -0.1571875, 0.09406257,125.6389,5,4,True,True,177
277276,3.925294,4.365181,1015.731,-1,-0.3833008, 0.02978516, -0.8833008, 0.02437496, -0.1571875, 0.09406257,125.6389,5,4,True,True,177
277346,3.84198,3.758667,1015.754,35.67598,-0.3862305, 0.02783203, -0.8808594, 0.05562496, -0.1728125, 0.06281257,125.6389,5,4,True,True,177
277417,3.956284,4.070587,1015.742,-1,-0.3842773, 0.03027344, -0.8803711, 0.07124996, -0.1571875, 0.1096876,125.6389,5,4,True,True,177
277495,3.580212,3.20414,1015.774,-1,-0.3842773, 0.02880859, -0.8818359, -0.006875038, -0.1415625, 0.1409376,125.6389,5,4,True,True,177
277567,2.395754,1.211296,1015.847,35.66685,-0.3823242, 0.02978516, -0.8823242, 0.05562496, -0.1728125, 0.09406257,125.6389,5,4,True,True,177
277636,1.673558,0.9513626,1015.857,-1,-0.3852539, 0.02978516, -0.8808594, 0.03999996, -0.1415625, 0.04718757,125.6389,5,4,True,True,177
277709,3.010706,4.347855,1015.732,-1,-0.3833008, 0.02880859, -0.8818359, 0.05562496, -0.2040625, 0.1096876,125.6389,5,4,True,True,177
277783,2.422925,1.835144,1015.824,-1,-0.3837891, 0.02978516, -0.8803711, 0.008749962, -0.1728125, 0.07843757,125.6389,5,4,True,True,177
277968,2.553595,2.684265,1015.793,35.68968,-0.3847656, 0.02929688, -0.8808594, -0.05375004, -0.1728125, 0.1409376,125.6389,5,4,True,True,177
278044,1.917106,1.280617,1015.844,35.70338,-0.3833008, 0.02929688, -0.8813477, 0.02437496, -0.2040625, 0.06281257,125.6389,5,4,True,True,177
278119,2.872543,3.82798,1015.751,-1,-0.3842773, 0.02832031, -0.8833008, 0.02437496, -0.2353125, 0.07843757,125.6389,5,4,True,True,177
278194,1.513386,0.1542282,1015.886,-1,-0.3837891, 0.02832031, -0.8793945, 0.03999996, -0.2040625, 0.1096876,125.6389,5,4,True,True,177
278272,1.258367,1.003349,1015.854,35.70794,-0.3837891, 0.02978516, -0.8813477, 0.02437496, -0.1728125, 0.1253126,125.6389,5,4,True,True,177
278350,2.26591,3.273453,1015.771,-1,-0.3818359, 0.03076172, -0.8823242, 0.03999996, -0.2040625, 0.1096876,125.6389,5,4,True,True,177
278429,2.197824,2.129738,1015.813,-1,-0.3823242, 0.02929688, -0.8818359, -0.006875038, -0.2196875, 0.07843757,125.6389,5,4,True,True,177
278509,2.735638,3.273453,1015.771,-1,-0.3842773, 0.02978516, -0.8808594, 0.03999996, -0.2040625, 0.07843757,125.6389,5,4,True,True,177
278589,3.004546,3.273453,1015.771,35.71707,-0.3842773, 0.02832031, -0.8837891, 0.08687496, -0.1571875, 0.07843757,125.6389,5,4,True,True,177
278669,2.861736,2.718925,1015.792,35.71251,-0.3852539, 0.02880859, -0.8857422, 0.008749962, -0.1571875, 0.1096876,125.6389,5,4,True,True,177
278751,3.067594,3.273453,1015.771,-1,-0.3847656, 0.02783203, -0.8818359, 0.008749962, -0.2196875, 0.06281257,125.6389,5,4,True,True,177
278834,2.035472,1.003349,1015.854,35.69881,-0.3828125, 0.03076172, -0.8798828, -0.006875038, -0.1728125, 0.03156257,125.6389,5,4,True,True,177
279024,2.359869,2.684265,1015.793,35.70338,-0.3842773, 0.02929688, -0.8793945, 0.02437496, -0.1259375, 0.1253126,125.6389,5,4,True,True,177
279106,2.782004,3.20414,1015.774,-1,-0.3847656, 0.02929688, -0.8828125, 0.03999996, -0.1884375, 0.06281257,125.6389,5,4,True,True,177
279191,3.131702,3.4814,1015.764,-1,-0.3852539, 0.02929688, -0.8823242, -0.006875038, -0.1415625, 0.1096876,125.6389,5,4,True,True,177
279326,2.72603,2.320358,1015.806,35.65772,-0.3833008, 0.02978516, -0.8818359, -0.02250004, -0.1259375, 0.06281257,125.6389,5,4,True,True,177
279387,3.788213,4.850395,1015.713,-1,-0.3837891, 0.02978516, -0.8813477, 0.02437496, -0.06343746, 0.1409376,125.6389,5,4,True,True,177
279452,2.915652,2.043091,1015.816,-1,-0.3833008, 0.02929688, -0.8813477, 0.008749962, -0.1571875, 0.1409376,125.6389,5,4,True,True,177
279517,1.638913,0.362175,1015.878,-1,-0.3842773, 0.03076172, -0.8833008, 0.02437496, -0.1728125, 0.09406257,125.6389,5,4,True,True,177
279583,2.412859,3.186806,1015.775,-1,-0.3837891, 0.02832031, -0.8828125, 0.05562496, -0.1728125, 0.07843757,125.6389,5,4,True,True,177
279651,3.224393,4.035927,1015.744,-1,-0.3837891, 0.02783203, -0.8803711, -0.006875038, -0.1415625, 0.07843757,125.6389,5,4,True,True,177
279718,3.214266,3.20414,1015.774,-1,-0.3833008, 0.02929688, -0.8813477, 0.03999996, -0.1571875, 0.06281257,125.6389,5,4,True,True,177
279786,2.646009,2.077751,1015.815,-1,-0.3842773, 0.02929688, -0.8833008, 0.05562496, -0.1884375, 0.09406257,125.6389,5,4,True,True,177
279853,2.925074,3.20414,1015.774,-1,-0.3837891, 0.02929688, -0.8808594, 0.07124996, -0.2040625, 0.1409376,125.6389,5,4,True,True,177
280033,2.518739,2.112404,1015.814,35.68968,-0.3847656, 0.02978516, -0.8828125, -0.02250004, -0.1884375, 0.07843757,125.6389,5,4,True,True,177
280103,3.857857,5.196976,1015.701,-1,-0.3837891, 0.02880859, -0.8823242, 0.02437496, -0.2196875, 0.06281257,125.6389,5,4,True,True,177
280174,2.534577,1.211296,1015.847,-1,-0.3857422, 0.03027344, -0.8823242, 0.008749962, -0.1571875, 0.06281257,125.6389,5,4,True,True,177
280247,3.449879,4.365181,1015.731,35.68055,-0.3833008, 0.02929688, -0.8833008, 0.07124996, -0.1728125, 0.06281257,125.6389,5,4,True,True,177
280319,2.781141,2.112404,1015.814,-1,-0.3833008, 0.02880859, -0.8823242, 0.05562496, -0.1571875, 0.06281257,125.6389,5,4,True,True,177
280393,1.727618,0.6740952,1015.867,35.68055,-0.3857422, 0.02880859, -0.8837891, 0.02437496, -0.2978125, 0.07843757,125.6389,5,4,True,True,177
280468,1.764051,1.800484,1015.825,-1,-0.3837891, 0.02929688, -0.8823242, 0.008749962, -0.1884375, 0.07843757,125.6389,5,4,True,True,177
280543,4.182338,6.600624,1015.649,-1,-0.3833008, 0.03027344, -0.8808594, 0.02437496, -0.2040625, 0.1096876,125.6389,5,4,True,True,177
280624,2.56685,0.9513626,1015.857,-1,-0.3828125, 0.02832031, -0.8808594, -0.006875038, -0.1884375, 0.07843757,125.6389,5,4,True,True,177
280703,1.889073,1.211296,1015.847,35.67141,-0.3842773, 0.02880859, -0.8833008, -0.006875038, -0.1571875, 0.07843757,125.6389,5,4,True,True,177
280780,3.118464,4.347855,1015.732,-1,-0.3852539, 0.02978516, -0.8823242, 0.07124996, -0.2353125, 0.09406257,125.6389,5,4,True,True,177
280858,3.299932,3.4814,1015.764,35.66685,-0.3828125, 0.02734375, -0.8818359, 0.03999996, -0.1884375, 0.07843757,125.6389,5,4,True,True,177
281048,2.125647,0.9513626,1015.857,35.67141,-0.3852539, 0.02832031, -0.8813477, -0.02250004, -0.1728125, 0.04718757,125.6389,5,4,True,True,177
281126,2.942157,3.758667,1015.754,-1,-0.3833008, 0.02832031, -0.8833008, 0.02437496, -0.2040625, 0.04718757,125.6389,5,4,True,True,177
281205,2.37132,1.800484,1015.825,-1,-0.3828125, 0.02832031, -0.8818359, 0.008749962, -0.1415625, 0.07843757,125.6389,5,4,True,True,177
281285,3.064994,3.758667,1015.754,-1,-0.3842773, 0.02832031, -0.8813477, 0.02437496, -0.1259375, 0.09406257,125.6389,5,4,True,True,177
281366,4.113655,5.162315,1015.702,-1,-0.3857422, 0.03027344, -0.8808594, -0.02250004, -0.2353125, 0.07843757,125.6389,5,4,True,True,177
281450,4.776619,5.439583,1015.692,35.65315,-0.3842773, 0.02929688, -0.8833008, 0.02437496, -0.2509375, 0.06281257,125.6389,5,4,True,True,177
281534,3.548489,2.320358,1015.806,35.65315,-0.3847656, 0.02832031, -0.8813477, 0.05562496, -0.2509375, 0.04718757,125.6389,5,4,True,True,177
281619,3.636248,3.724007,1015.755,35.65315,-0.3842773, 0.02978516, -0.8808594, 0.008749962, -0.1259375, 0.03156257,125.6389,5,4,True,True,177
281702,3.116933,2.597618,1015.796,-1,-0.3847656, 0.02880859, -0.8808594, -0.02250004, -0.2353125, 0.04718757,125.6389,5,4,True,True,177
281837,2.857275,2.597618,1015.796,-1,-0.3837891, 0.02832031, -0.8808594, 0.008749962, -0.1728125, 0.1409376,125.6389,5,4,True,True,177
281902,2.86608,2.874886,1015.786,-1,-0.3828125, 0.03027344, -0.8833008, -0.03812504, -0.1884375, 0.06281257,125.6389,5,4,True,True,177
281966,3.295043,3.724007,1015.755,-1,-0.3833008, 0.02832031, -0.8823242, 0.05562496, -0.2040625, 0.04718757,125.6389,5,4,True,True,177
282151,4.349983,5.404922,1015.693,-1,-0.3837891, 0.02929688, -0.8823242, 0.03999996, -0.2040625, 0.09406257,125.6389,5,4,True,True,177
282217,2.901943,1.453903,1015.838,-1,-0.3837891, 0.02929688, -0.8823242, 0.02437496, -0.1728125, 0.04718757,125.6389,5,4,True,True,177
282286,3.876169,4.850395,1015.713,35.63489,-0.3833008, 0.02929688, -0.8818359, 0.05562496, -0.1571875, 0.07843757,125.6389,5,4,True,True,177
282352,4.363282,4.850395,1015.713,-1,-0.3833008, 0.02978516, -0.8793945, -0.006875038, -0.1728125, 0.07843757,125.6389,5,4,True,True,177
282422,3.48045,2.597618,1015.796,35.64859,-0.3847656, 0.02880859, -0.8808594, -0.006875038, -0.2040625, 0.1253126,125.6389,5,4,True,True,177
282491,3.333628,3.186806,1015.775,35.65315,-0.3847656, 0.02929688, -0.8837891, 0.02437496, -0.1884375, 0.01593757,125.6389,5,4,True,True,177
282558,3.684777,4.035927,1015.744,-1,-0.3847656, 0.02832031, -0.8823242, 0.02437496, -0.1571875, 0.04718757,125.6389,5,4,True,True,177
282628,3.721722,3.758667,1015.754,-1,-0.3847656, 0.03027344, -0.8808594, 0.03999996, -0.1415625, 0.06281257,125.6389,5,4,True,True,177
282699,3.740195,3.758667,1015.754,-1,-0.3837891, 0.03027344, -0.8823242, -0.006875038, -0.2040625, 0.1096876,125.6389,5,4,True,True,177
282772,3.749431,3.758667,1015.754,35.66228,-0.3837891, 0.02832031, -0.8823242, 0.02437496, -0.1728125, 0.07843757,125.6389,5,4,True,True,177
282847,4.317243,4.885056,1015.712,-1,-0.3847656, 0.02832031, -0.8823242, -0.006875038, -0.1415625, 0.09406257,125.6389,5,4,True,True,177
282919,3.760691,3.20414,1015.774,-1,-0.3842773, 0.02880859, -0.8803711, 0.03999996, -0.2040625, 0.07843757,125.6389,5,4,True,True,177
283107,3.482416,3.20414,1015.774,35.67141,-0.3837891, 0.02880859, -0.8823242, 0.02437496, -0.1571875, 0.03156257,125.6389,5,4,True,True,177
283184,1.939626,0.3968353,1015.877,-1,-0.3837891, 0.02880859, -0.8808594, 0.03999996, -0.2040625, 0.07843757,125.6389,5,4,True,True,177
283258,3.706931,5.474236,1015.691,-1,-0.3862305, 0.02685547, -0.8823242, -0.02250004, -0.2196875, 0.1253126,125.6389,5,4,True,True,177
283334,2.615073,1.523216,1015.836,-1,-0.3852539, 0.02978516, -0.8789063, -0.006875038, -0.1884375, 0.1096876,125.6389,5,4,True,True,177
283413,2.346412,2.077751,1015.815,35.68055,-0.3842773, 0.02832031, -0.8808594, 0.07124996, -0.1571875, 0.03156257,125.6389,5,4,True,True,177
283490,3.910324,5.474236,1015.691,-1,-0.3842773, 0.02929688, -0.8823242, 0.05562496, -0.2509375, 0.06281257,125.6389,5,4,True,True,177
283570,3.557232,3.20414,1015.774,-1,-0.3842773, 0.02880859, -0.8818359, 0.02437496, -0.1103125, 0.1253126,125.6389,5,4,True,True,177
283651,3.398012,3.238792,1015.773,-1,-0.3847656, 0.02929688, -0.8818359, 0.02437496, -0.1728125, 0.09406257,125.6389,5,4,True,True,177
283730,3.301076,3.20414,1015.774,-1,-0.3828125, 0.03076172, -0.8818359, 0.02437496, -0.1728125, 0.06281257,125.6389,5,4,True,True,177
283821,3.685832,4.070587,1015.742,-1,-0.3837891, 0.02929688, -0.878418, 0.03999996, -0.1571875, 0.07843757,125.6389,5,4,True,True,177
283900,3.306352,2.926872,1015.784,-1,-0.3837891, 0.03027344, -0.8793945, -0.006875038, -0.1571875, 0.1253126,125.6389,5,4,True,True,177
283981,2.977978,2.649605,1015.794,35.67141,-0.3852539, 0.02880859, -0.8813477, 0.03999996, -0.1571875, 0.01593757,125.6389,5,4,True,True,177
284176,3.662916,4.347855,1015.732,35.68511,-0.3837891, 0.02929688, -0.8828125, -0.03812504, -0.1728125, 0.1096876,125.6389,5,4,True,True,177
284261,3.866752,4.070587,1015.742,35.68968,-0.3842773, 0.02880859, -0.8842773, 0.008749962, -0.1728125, 0.07843757,125.6389,5,4,True,True,177
284346,3.674076,3.4814,1015.764,-1,-0.3837891, 0.02978516, -0.8828125, 0.008749962, -0.1728125, 0.06281257,125.6389,5,4,True,True,177
284482,3.144514,2.614952,1015.795,-1,-0.3842773, 0.02783203, -0.8833008, -0.02250004, -0.1728125, 0.03156257,125.6389,5,4,True,True,177
284546,3.451591,3.758667,1015.754,-1,-0.3833008, 0.02880859, -0.8808594, 0.02437496, -0.2040625, 0.07843757,125.6389,5,4,True,True,177
284612,4.021026,4.590462,1015.723,-1,-0.3833008, 0.02880859, -0.8808594, -0.006875038, -0.1728125, 0.07843757,125.6389,5,4,True,True,177
284679,3.889847,3.758667,1015.754,-1,-0.3842773, 0.02929688, -0.8818359, 0.03999996, -0.1571875, 0.1096876,125.6389,5,4,True,True,177
284747,3.252399,2.614952,1015.795,35.65772,-0.3842773, 0.02929688, -0.8828125, 0.02437496, -0.1415625, 0.09406257,125.6389,5,4,True,True,177
284814,3.782797,4.313194,1015.733,-1,-0.3857422, 0.02832031, -0.8803711, 0.05562496, -0.1259375, 0.03156257,125.6389,5,4,True,True,177
284883,3.484801,3.186806,1015.775,-1,-0.3833008, 0.02978516, -0.8798828, 0.03999996, -0.1571875, 0.07843757,125.6389,5,4,True,True,177
284952,4.895416,6.30603,1015.66,-1,-0.3842773, 0.02929688, -0.8808594, 0.03999996, -0.1728125, 0.09406257,125.6389,5,4,True,True,177
285023,3.33062,1.765823,1015.826,35.67141,-0.3833008, 0.02832031, -0.8813477, 0.08687496, -0.1571875, 0.1096876,125.6389,5,4,True,True,177
285204,3.839237,4.347855,1015.732,-1,-0.3842773, 0.03027344, -0.8828125, 0.03999996, -0.1415625, 0.1096876,125.6389,5,4,True,True,177
285272,3.539015,3.238792,1015.773,-1,-0.3833008, 0.02880859, -0.8823242, 0.03999996, -0.1728125, 0.1096876,125.6389,5,4,True,True,177
285344,3.371577,3.20414,1015.774,35.67141,-0.3837891, 0.02978516, -0.8808594, 0.03999996, -0.2040625, 0.09406257,125.6389,5,4,True,True,177
285417,4.145643,4.919708,1015.711,35.67598,-0.3828125, 0.02929688, -0.8803711, -0.006875038, -0.1728125, 0.06281257,125.6389,5,4,True,True,177
285493,4.671309,5.196976,1015.701,35.68968,-0.3852539, 0.02832031, -0.8823242, 0.02437496, -0.1728125, 0.09406257,125.6389,5,4,True,True,177
285566,3.799091,2.926872,1015.784,-1,-0.3842773, 0.02929688, -0.8813477, 0.02437496, -0.1103125, 0.07843757,125.6389,5,4,True,True,177
285639,3.362982,2.926872,1015.784,35.68968,-0.3847656, 0.02832031, -0.8789063, 0.02437496, -0.1728125, 0.1096876,125.6389,5,4,True,True,177
285714,3.144927,2.926872,1015.784,35.68511,-0.3847656, 0.02832031, -0.8828125, 0.008749962, -0.1728125, 0.06281257,125.6389,5,4,True,True,177
285790,2.490036,1.835144,1015.824,-1,-0.3847656, 0.03076172, -0.8808594, 0.02437496, -0.1415625, 0.09406257,125.6389,5,4,True,True,177
285869,2.864414,3.238792,1015.773,-1,-0.3847656, 0.02880859, -0.8789063, 0.008749962, -0.2196875, 0.1096876,125.6389,5,4,True,True,177
285968,2.349779,1.835144,1015.824,35.68968,-0.3847656, 0.02832031, -0.8803711, 0.03999996, -0.1728125, 0.06281257,125.6389,5,4,True,True,177
286046,2.092462,1.835144,1015.824,-1,-0.3852539, 0.02978516, -0.8798828, -0.006875038, -0.1728125, 0.04718757,125.6389,5,4,True,True,177
286235,2.960221,3.82798,1015.751,35.69881,-0.3837891, 0.02832031, -0.8793945, -0.006875038, -0.1728125, 0.04718757,125.6389,5,4,True,True,177
286314,3.680031,4.399841,1015.73,35.70794,-0.3847656, 0.02929688, -0.8803711, -0.006875038, -0.1728125, 0.07843757,125.6389,5,4,True,True,177
286396,2.480324,1.280617,1015.844,35.70794,-0.3833008, 0.02978516, -0.878418, 0.02437496, -0.1103125, 0.1096876,125.6389,5,4,True,True,177
286478,2.305031,2.129738,1015.813,-1,-0.3837891, 0.02734375, -0.8779297, 0.02437496, -0.2040625, 0.03156257,125.6389,5,4,True,True,177
286556,2.511978,2.718925,1015.792,-1,-0.3852539, 0.03027344, -0.8818359, 0.05562496, -0.1884375, 0.1096876,125.6389,5,4,True,True,177
286636,3.889133,5.266289,1015.698,-1,-0.3828125, 0.03027344, -0.8813477, 0.03999996, -0.2196875, 0.1096876,125.6389,5,4,True,True,177
286716,4.439081,4.989029,1015.709,-1,-0.3847656, 0.02978516, -0.8803711, 0.05562496, -0.2196875, 0.07843757,125.6389,5,4,True,True,177
286801,3.44037,2.441658,1015.802,35.71251,-0.3867188, 0.02832031, -0.8798828, -0.05375004, -0.2040625, 0.07843757,125.6389,5,4,True,True,177
286887,2.23919,1.03801,1015.853,-1,-0.3837891, 0.02978516, -0.8789063, 0.008749962, -0.1728125, 0.09406257,125.6389,5,4,True,True,177
287026,3.614109,4.989029,1015.709,-1,-0.3847656, 0.02880859, -0.8808594, 0.02437496, -0.1415625, 0.1096876,125.6389,5,4,True,True,177
287091,3.591078,3.568047,1015.76,-1,-0.3842773, 0.02832031, -0.8803711, 0.08687496, -0.1571875, 0.1253126,125.6389,5,4,True,True,177
287156,3.155002,2.718925,1015.792,35.7262,-0.3833008, 0.02929688, -0.8828125, 0.02437496, -0.1728125, 0.06281257,125.6389,5,4,True,True,177
287332,3.794748,4.434494,1015.729,-1,-0.3842773, 0.02978516, -0.8813477, 0.02437496, -0.2196875, 0.06281257,125.6389,5,4,True,True,177
287398,3.412797,3.030846,1015.781,-1,-0.3842773, 0.03027344, -0.878418, 0.03999996, -0.1728125, 0.04718757,125.6389,5,4,True,True,177
287464,3.923645,4.434494,1015.729,-1,-0.3837891, 0.02978516, -0.8798828, 0.03999996, -0.1884375, 0.06281257,125.6389,5,4,True,True,177
287532,3.615879,3.308113,1015.77,35.7262,-0.3823242, 0.02929688, -0.8818359, -0.006875038, -0.1728125, 0.1253126,125.6389,5,4,True,True,177
287602,3.167402,2.718925,1015.792,35.72164,-0.3837891, 0.02880859, -0.8779297, 0.02437496, -0.1259375, 0.06281257,125.6389,5,4,True,True,177
287672,3.939582,4.711761,1015.719,35.73077,-0.3842773, 0.02880859, -0.8823242, -0.05375004, -0.1571875, 0.07843757,125.6389,5,4,True,True,177
287744,3.19062,2.441658,1015.802,-1,-0.3852539, 0.02929688, -0.8813477, 0.05562496, -0.1103125, 0.03156257,125.6389,5,4,True,True,177
287818,2.954773,2.718925,1015.792,35.72164,-0.3837891, 0.02832031, -0.8793945, 0.008749962, -0.1571875, 0.06281257,125.6389,5,4,True,True,177
287892,3.40004,3.845306,1015.75,35.72164,-0.3842773, 0.02978516, -0.8813477, 0.008749962, -0.1259375, 0.1253126,125.6389,5,4,True,True,177
287963,3.622673,3.845306,1015.75,35.71707,-0.3837891, 0.02978516, -0.8818359, 0.02437496, -0.1884375, 0.07843757,125.6389,5,4,True,True,177
288036,3.448063,3.273453,1015.771,-1,-0.3847656, 0.02978516, -0.8818359, -0.006875038, -0.2040625, 0.04718757,125.6389,5,4,True,True,177
288109,3.378088,3.308113,1015.77,-1,-0.3842773, 0.02832031, -0.8803711, 0.03999996, -0.1259375, 0.1096876,125.6389,5,4,True,True,177
288294,2.753913,2.129738,1015.813,-1,-0.3852539, 0.02880859, -0.8803711, 0.05562496, -0.1728125, 0.07843757,125.6389,5,4,True,True,177
288370,3.290946,3.82798,1015.751,35.69881,-0.3837891, 0.02978516, -0.8818359, 0.05562496, -0.1259375, 0.09406257,125.6389,5,4,True,True,177
288445,2.848972,2.406998,1015.803,35.69881,-0.3842773, 0.03076172, -0.8813477, 0.05562496, -0.1415625, 0.1096876,125.6389,5,4,True,True,177
288520,3.199846,3.55072,1015.761,-1,-0.3852539, 0.03027344, -0.8823242, 0.02437496, -0.2040625, 0.07843757,125.6389,5,4,True,True,177
288599,2.664792,2.129738,1015.813,35.70338,-0.3842773, 0.02929688, -0.8823242, 0.02437496, -0.1728125, 0.1096876,125.6389,5,4,True,True,177
288679,4.918639,7.172485,1015.628,35.68968,-0.3828125, 0.02832031, -0.8818359, -0.006875038, -0.2040625, 0.07843757,125.6389,5,4,True,True,177
288759,4.64191,4.365181,1015.731,35.69881,-0.3842773, 0.02978516, -0.8813477, 0.118125, -0.2040625, 0.03156257,125.6389,5,4,True,True,177
288840,3.099893,1.557877,1015.834,35.69424,-0.3847656, 0.02880859, -0.8808594, 0.02437496, -0.2040625, 0.09406257,125.6389,5,4,True,True,177
288922,4.728955,6.358017,1015.658,-1,-0.3847656, 0.02832031, -0.8808594, 0.03999996, -0.2196875, 0.07843757,125.6389,5,4,True,True,177
289003,4.278468,3.82798,1015.751,-1,-0.3837891, 0.03027344, -0.8808594, 0.008749962, -0.2196875, 0.04718757,125.6389,5,4,True,True,177
289086,3.342733,2.406998,1015.803,-1,-0.3833008, 0.03027344, -0.8798828, 0.008749962, -0.1571875, 0.1253126,125.6389,5,4,True,True,177
289166,3.308093,3.273453,1015.771,-1,-0.3852539, 0.02880859, -0.8823242, -0.006875038, -0.2353125, 0.07843757,125.6389,5,4,True,True,177
289361,2.155721,1.003349,1015.854,35.70338,-0.3833008, 0.02978516, -0.8813477, 0.02437496, -0.1103125, 0.09406257,125.6389,5,4,True,True,177
289444,3.277781,4.399841,1015.73,-1,-0.3837891, 0.02832031, -0.8793945, 0.03999996, -0.1728125, 0.06281257,125.6389,5,4,True,True,177
289577,2.998353,2.718925,1015.792,35.71707,-0.3847656, 0.02929688, -0.878418, 0.03999996, -0.2196875, 0.1096876,125.6389,5,4,True,True,177
289642,2.997269,2.996185,1015.781,35.71707,-0.3837891, 0.03027344, -0.8828125, 0.02437496, -0.1415625, 0.1096876,125.6389,5,4,True,True,177
289707,3.559922,4.122574,1015.74,35.71707,-0.3833008, 0.02832031, -0.8818359, 0.03999996, -0.2040625, 0.1096876,125.6389,5,4,True,True,177
289774,3.702614,3.845306,1015.75,-1,-0.3857422, 0.03027344, -0.8808594, 0.02437496, -0.2040625, 0.07843757,125.6389,5,4,True,True,177
289843,3.77396,3.845306,1015.75,35.71707,-0.3833008, 0.02880859, -0.8808594, 0.07124996, -0.2040625, 0.06281257,125.6389,5,4,True,True,177
289913,3.246443,2.718925,1015.792,35.70794,-0.3842773, 0.02880859, -0.8808594, 0.008749962, -0.2353125, 0.06281257,125.6389,5,4,True,True,177
289980,4.256366,5.266289,1015.698,-1,-0.3828125, 0.02832031, -0.8818359, 0.03999996, -0.1571875, 0.1096876,125.6389,5,4,True,True,177
290055,3.349012,2.441658,1015.802,-1,-0.3833008, 0.02783203, -0.8798828, 0.02437496, -0.1259375, 0.07843757,125.6389,5,4,True,True,177
290127,3.891753,4.434494,1015.729,35.7262,-0.3847656, 0.02880859, -0.8803711, -0.006875038, -0.2509375, 0.07843757,125.6389,5,4,True,True,177
290199,4.163124,4.434494,1015.729,35.7262,-0.3842773, 0.02929688, -0.8798828, 0.008749962, -0.1415625, 0.06281257,125.6389,5,4,True,True,177
290380,3.181087,2.199051,1015.811,-1,-0.3842773, 0.02880859, -0.8789063, 0.008749962, -0.1103125, 0.1096876,125.6389,5,4,True,True,177
290449,3.391897,3.602707,1015.759,-1,-0.3828125, 0.02978516, -0.878418, 0.008749962, -0.2040625, 0.03156257,125.6389,5,4,True,True,177
290518,3.358668,3.325439,1015.769,-1,-0.3837891, 0.03076172, -0.8818359, 0.07124996, -0.1103125, 0.07843757,125.6389,5,4,True,True,177
290594,3.913911,4.469154,1015.728,35.73534,-0.3837891, 0.02978516, -0.8813477, 0.02437496, -0.09468746, 0.1096876,125.6389,5,4,True,True,177
290665,3.758309,3.602707,1015.759,35.7399,-0.3842773, 0.03027344, -0.8793945, -0.006875038, -0.1728125, 0.09406257,125.6389,5,4,True,True,177
290739,4.113732,4.469154,1015.728,-1,-0.3842773, 0.02978516, -0.8779297, -0.006875038, -0.2196875, 0.06281257,125.6389,5,4,True,True,177
290815,3.719586,3.325439,1015.769,-1,-0.3842773, 0.02978516, -0.8823242, 0.008749962, -0.1415625, 0.09406257,125.6389,5,4,True,True,177
290890,3.661146,3.602707,1015.759,35.7399,-0.3842773, 0.02783203, -0.8774414, 0.07124996, -0.1415625, 0.1409376,125.6389,5,4,True,True,177
290965,2.505538,1.34993,1015.842,-1,-0.3837891, 0.02880859, -0.8813477, 0.02437496, -0.2353125, 0.09406257,125.6389,5,4,True,True,177
291040,3.054122,3.602707,1015.759,35.73077,-0.3842773, 0.02929688, -0.8813477, 0.008749962, -0.1884375, 0.04718757,125.6389,5,4,True,True,177
291120,3.467045,3.879967,1015.749,35.73534,-0.3857422, 0.02734375, -0.8813477, 0.02437496, -0.2196875, 0.09406257,125.6389,5,4,True,True,177
291201,2.538454,1.609863,1015.832,-1,-0.3828125, 0.03027344, -0.8837891, 0.03999996, -0.1728125, 0.09406257,125.6389,5,4,True,True,177
291388,2.351422,2.164391,1015.812,-1,-0.3862305, 0.03076172, -0.8828125, 0.008749962, -0.2040625, 0.09406257,125.6389,5,4,True,True,177
291466,2.24058,2.129738,1015.813,-1,-0.3857422, 0.03027344, -0.8852539, -0.02250004, -0.2040625, 0.1096876,125.6389,5,4,True,True,177
291546,3.008287,3.775993,1015.753,-1,-0.3847656, 0.02880859, -0.8808594, 0.02437496, -0.1259375, 0.09406257,125.6389,5,4,True,True,177
291628,2.811619,2.614952,1015.795,-1,-0.3837891, 0.02734375, -0.8813477, 0.05562496, -0.2665625, 0.04718757,125.6389,5,4,True,True,177
291706,2.427355,2.043091,1015.816,-1,-0.3833008, 0.02978516, -0.8833008, 0.07124996, -0.2040625, 0.06281257,125.6389,5,4,True,True,177
291788,2.80708,3.186806,1015.775,-1,-0.3833008, 0.02832031, -0.8842773, 0.008749962, -0.1571875, 0.07843757,125.6389,5,4,True,True,177
291871,1.298697,-0.2096863,1015.899,-1,-0.3842773, 0.02929688, -0.8818359, 0.07124996, -0.1728125, 0.07843757,125.6389,5,4,True,True,177
291957,1.670894,2.043091,1015.816,35.65315,-0.3828125, 0.02880859, -0.8823242, -0.006875038, -0.1571875, 0.1253126,125.6389,5,4,True,True,177
292093,2.992044,4.313194,1015.733,-1,-0.3842773, 0.02929688, -0.8823242, -0.006875038, -0.1884375, 0.06281257,125.6389,5,4,True,True,177
292158,3.219392,3.446739,1015.765,35.65315,-0.3847656, 0.02832031, -0.8803711, 0.07124996, -0.1415625, 0.1253126,125.6389,5,4,True,True,177
292223,2.631241,2.043091,1015.816,-1,-0.3837891, 0.02832031, -0.8793945, 0.008749962, -0.1884375, 0.09406257,125.6389,5,4,True,True,177
292289,3.03899,3.446739,1015.765,-1,-0.3837891, 0.02880859, -0.8833008, 0.07124996, -0.1884375, 0.07843757,125.6389,5,4,True,True,177
292464,1.544623,0.05025482,1015.889,-1,-0.3828125, 0.02929688, -0.8837891, -0.02250004, -0.07906246, 0.1096876,125.6389,5,4,True,True,177
292534,2.07112,2.597618,1015.796,35.64402,-0.3847656, 0.02880859, -0.8813477, 0.02437496, -0.1728125, 0.09406257,125.6389,5,4,True,True,177
292600,2.195739,2.320358,1015.806,-1,-0.3842773, 0.02929688, -0.8823242, -0.03812504, -0.1728125, 0.09406257,125.6389,5,4,True,True,177
292669,3.817661,5.439583,1015.692,-1,-0.3852539, 0.02832031, -0.8828125, 0.03999996, -0.2040625, 0.1096876,125.6389,5,4,True,True,177
292739,3.926794,4.035927,1015.744,35.65315,-0.3867188, 0.02978516, -0.8818359, 0.02437496, -0.2040625, 0.1096876,125.6389,5,4,True,True,177
292809,3.5568,3.186806,1015.775,-1,-0.3837891, 0.02978516, -0.8813477, 0.08687496, -0.1884375, 0.1409376,125.6389,5,4,True,True,177
292884,4.220928,4.885056,1015.712,-1,-0.3833008, 0.02978516, -0.8828125, 0.02437496, -0.2353125, 0.1096876,125.6389,5,4,True,True,177
292955,2.993376,1.765823,1015.826,35.65772,-0.3852539, 0.02783203, -0.8828125, 0.05562496, -0.1259375, 0.1409376,125.6389,5,4,True,True,177
293027,2.24097,1.488564,1015.837,-1,-0.3828125, 0.02880859, -0.8823242, 0.008749962, -0.2509375, 0.1096876,125.6389,5,4,True,True,177
293099,1.596166,0.9513626,1015.857,-1,-0.3847656, 0.02832031, -0.8813477, 0.03999996, -0.2040625, 0.06281257,125.6389,5,4,True,True,177
293180,2.538783,3.4814,1015.764,-1,-0.3842773, 0.02783203, -0.8813477, 0.05562496, -0.1415625, 0.09406257,125.6389,5,4,True,True,177
293255,2.871461,3.20414,1015.774,-1,-0.3852539, 0.02978516, -0.8818359, 0.008749962, -0.1571875, 0.1253126,125.6389,5,4,True,True,177
293440,3.895585,4.919708,1015.711,35.69424,-0.3823242, 0.02832031, -0.8808594, 0.008749962, -0.1415625, 0.03156257,125.6389,5,4,True,True,177
293517,3.289925,2.684265,1015.793,-1,-0.3833008, 0.02783203, -0.8818359, -0.006875038, -0.2353125, 0.07843757,125.6389,5,4,True,True,177
293593,2.848461,2.406998,1015.803,-1,-0.3847656, 0.02880859, -0.8803711, -0.006875038, -0.1728125, 0.07843757,125.6389,5,4,True,True,177
293671,2.922323,2.996185,1015.781,-1,-0.3833008, 0.02880859, -0.8798828, -0.06937504, -0.1884375, 0.06281257,125.6389,5,4,True,True,177
293746,3.955676,4.989029,1015.709,-1,-0.3837891, 0.02978516, -0.8813477, 0.02437496, -0.1728125, 0.07843757,125.6389,5,4,True,True,177
293824,3.181337,2.406998,1015.803,-1,-0.3837891, 0.02832031, -0.8813477, -0.02250004, -0.1259375, 0.1096876,125.6389,5,4,True,True,177
293902,4.353784,5.52623,1015.688,35.71707,-0.3837891, 0.02783203, -0.8833008, 0.03999996, -0.1415625, 0.09406257,125.6389,5,4,True,True,177
293983,3.380391,2.406998,1015.803,-1,-0.3842773, 0.02832031, -0.8823242, -0.006875038, -0.1728125, 0.1096876,125.6389,5,4,True,True,177
294062,3.465555,3.55072,1015.761,-1,-0.3837891, 0.02978516, -0.8833008, -0.03812504, -0.1728125, 0.07843757,125.6389,5,4,True,True,177
294143,3.646768,3.82798,1015.751,-1,-0.3823242, 0.02783203, -0.8837891, 0.08687496, -0.1415625, 0.1096876,125.6389,5,4,True,True,177
294225,3.598744,3.55072,1015.761,-1,-0.3847656, 0.02978516, -0.8842773, 0.008749962, -0.1259375, 0.07843757,125.6389,5,4,True,True,177
294307,3.141505,2.684265,1015.793,-1,-0.3837891, 0.02978516, -0.8828125, -0.03812504, -0.1571875, 0.09406257,125.6389,5,4,True,True,177
294502,2.895555,2.649605,1015.794,35.69424,-0.3818359, 0.02929688, -0.8833008, 0.02437496, -0.1571875, 0.1565626,125.6389,5,4,True,True,177
294583,2.928544,2.961533,1015.783,-1,-0.3833008, 0.02832031, -0.8798828, 0.008749962, -0.1571875, 0.09406257,125.6389,5,4,True,True,177
294715,2.381844,1.835144,1015.824,-1,-0.3852539, 0.02832031, -0.8808594, 0.05562496, -0.2509375, 0.1096876,125.6389,5,4,True,True,177
294779,2.671688,2.961533,1015.783,35.68968,-0.3852539, 0.02929688, -0.8833008, -0.006875038, -0.1884375, 0.09406257,125.6389,5,4,True,True,177
294844,2.114782,1.557877,1015.834,-1,-0.3837891, 0.02880859, -0.8842773, 0.03999996, -0.2040625, 0.06281257,125.6389,5,4,True,True,177
294909,0.9785414,-0.1576996,1015.897,35.69881,-0.3833008, 0.02929688, -0.8833008, -0.006875038, -0.1415625, 0.1253126,125.6389,5,4,True,True,177
294978,2.403261,3.82798,1015.751,35.69424,-0.3828125, 0.02978516, -0.8823242, 0.03999996, -0.1259375, 0.1096876,125.6389,5,4,True,True,177
295047,2.119202,1.835144,1015.824,-1,-0.3842773, 0.02929688, -0.8803711, 0.05562496, -0.1571875, 0.09406257,125.6389,5,4,True,True,177
295116,2.384404,2.649605,1015.794,-1,-0.3837891, 0.02880859, -0.8808594, 0.02437496, -0.1884375, 0.09406257,125.6389,5,4,True,True,177
295186,2.257071,2.129738,1015.813,-1,-0.3847656, 0.02734375, -0.8813477, 0.07124996, -0.2040625, 0.03156257,125.6389,5,4,True,True,177
295255,2.332034,2.406998,1015.803,-1,-0.3837891, 0.02880859, -0.8818359, -0.006875038, -0.2040625, 0.07843757,125.6389,5,4,True,True,177
295326,2.230886,2.129738,1015.813,35.70338,-0.3837891, 0.02880859, -0.8842773, 0.03999996, -0.1884375, 0.03156257,125.6389,5,4,True,True,177
295506,2.578879,2.926872,1015.784,-1,-0.3857422, 0.02929688, -0.8842773, -0.02250004, -0.1728125, 0.06281257,125.6389,5,4,True,True,177
295576,4.026557,5.474236,1015.691,-1,-0.3837891, 0.03076172, -0.8837891, 0.02437496, -0.1728125, 0.09406257,125.6389,5,4,True,True,177
295645,4.455807,4.885056,1015.712,-1,-0.3852539, 0.02929688, -0.8857422, 0.05562496, -0.1571875, 0.1409376,125.6389,5,4,True,True,177
295718,4.107237,3.758667,1015.754,-1,-0.3842773, 0.02832031, -0.8823242, -0.03812504, -0.1884375, 0.1096876,125.6389,5,4,True,True,177
295788,4.210216,4.313194,1015.733,-1,-0.3837891, 0.02832031, -0.8818359, 0.05562496, -0.2196875, 0.09406257,125.6389,5,4,True,True,177
295863,3.984441,3.758667,1015.754,-1,-0.3823242, 0.02929688, -0.8823242, -0.006875038, -0.1884375, 0.06281257,125.6389,5,4,True,True,177
295938,3.59429,3.20414,1015.774,-1,-0.3837891, 0.02880859, -0.8818359, 0.02437496, -0.2040625, 0.1096876,125.6389,5,4,True,True,177
296034,3.399215,3.20414,1015.774,-1,-0.3847656, 0.02880859, -0.8828125, 0.03999996, -0.1728125, 0.06281257,125.6389,5,4,True,True,177
296111,3.578941,3.758667,1015.754,35.67141,-0.3852539, 0.02929688, -0.8823242, 0.03999996, -0.1415625, 0.07843757,125.6389,5,4,True,True,177
296190,3.391541,3.20414,1015.774,-1,-0.3828125, 0.02832031, -0.8833008, 0.05562496, -0.1728125, 0.07843757,125.6389,5,4,True,True,177
296268,2.440052,1.488564,1015.837,35.67141,-0.3823242, 0.02929688, -0.8847656, -0.006875038, -0.1259375, 0.1096876,125.6389,5,4,True,True,177
296354,1.946978,1.453903,1015.838,-1,-0.3828125, 0.02929688, -0.8823242, 0.03999996, -0.1728125, 0.09406257,125.6389,5,4,True,True,177
296543,3.398686,4.850395,1015.713,-1,-0.3833008, 0.03027344, -0.8813477, 0.008749962, -0.2040625, 0.07843757,125.6389,5,4,True,True,177
296624,3.83861,4.278534,1015.735,-1,-0.3847656, 0.02880859, -0.8823242, 0.008749962, -0.1571875, 0.07843757,125.6389,5,4,True,True,177
296704,4.344502,4.850395,1015.713,35.63489,-0.3862305, 0.02880859, -0.8833008, 0.02437496, -0.1415625, 0.07843757,125.6389,5,4,True,True,177
296785,3.878294,3.412086,1015.766,-1,-0.3847656, 0.02880859, -0.8833008, 0.008749962, -0.2040625, 0.07843757,125.6389,5,4,True,True,177
296869,2.943362,2.00843,1015.818,35.63946,-0.3833008, 0.02929688, -0.8837891, 0.008749962, -0.1728125, 0.06281257,125.6389,5,4,True,True,177
296950,3.047754,3.152145,1015.776,-1,-0.3857422, 0.02832031, -0.8837891, 0.02437496, -0.1259375, 0.07843757,125.6389,5,4,True,True,177
297031,4.087705,5.127655,1015.703,-1,-0.3842773, 0.02929688, -0.8842773, 0.02437496, -0.2665625, 0.06281257,125.6389,5,4,True,True,177
297115,3.342661,2.597618,1015.796,-1,-0.3842773, 0.02929688, -0.8842773, -0.006875038, -0.1415625, 0.07843757,125.6389,5,4,True,True,177
297250,3.247403,3.152145,1015.776,35.63489,-0.3842773, 0.02880859, -0.8842773, -0.006875038, -0.1103125, 0.1721876,125.6389,5,4,True,True,177
297315,3.762969,4.278534,1015.735,-1,-0.3842773, 0.02832031, -0.8837891, -0.006875038, -0.1728125, 0.06281257,125.6389,5,4,True,True,177
297382,2.868373,1.973778,1015.819,-1,-0.3828125, 0.02783203, -0.8833008, 0.008749962, -0.2196875, 0.1096876,125.6389,5,4,True,True,177
297447,2.421075,1.973778,1015.819,-1,-0.3857422, 0.03027344, -0.8847656, 0.02437496, -0.2040625, 0.07843757,125.6389,5,4,True,True,177
297625,1.920159,1.419243,1015.839,35.63489,-0.3842773, 0.02783203, -0.8837891, 0.008749962, -0.1728125, 0.1253126,125.6389,5,4,True,True,177
297693,3.939805,5.95945,1015.673,-1,-0.3847656, 0.02880859, -0.8852539, 0.02437496, -0.1571875, 0.04718757,125.6389,5,4,True,True,177
297762,3.814575,3.689346,1015.756,35.63033,-0.3842773, 0.02978516, -0.8833008, 0.05562496, -0.1728125, 0.1096876,125.6389,5,4,True,True,177
297831,3.206097,2.597618,1015.796,35.63489,-0.3828125, 0.02978516, -0.8847656, 0.03999996, -0.2040625, 0.07843757,125.6389,5,4,True,True,177
297902,3.179121,3.152145,1015.776,-1,-0.3842773, 0.02880859, -0.8842773, -0.006875038, -0.1728125, 0.1565626,125.6389,5,4,True,True,177
297972,3.165633,3.152145,1015.776,-1,-0.3842773, 0.02929688, -0.8828125, -0.02250004, -0.1728125, 0.07843757,125.6389,5,4,True,True,177
298042,3.158889,3.152145,1015.776,35.64402,-0.3842773, 0.02832031, -0.8837891, 0.05562496, -0.1728125, 0.09406257,125.6389,5,4,True,True,177
298111,4.143272,5.127655,1015.703,-1,-0.3833008, 0.02783203, -0.8823242, 0.02437496, -0.2353125, 0.1096876,125.6389,5,4,True,True,177
298182,3.231815,2.320358,1015.806,-1,-0.3842773, 0.02832031, -0.8793945, 0.05562496, -0.2040625, 0.1096876,125.6389,5,4,True,True,177
298253,3.772505,4.313194,1015.733,-1,-0.3842773, 0.03076172, -0.8813477, 0.02437496, -0.1259375, 0.06281257,125.6389,5,4,True,True,177
298328,3.904216,4.035927,1015.744,35.65315,-0.3842773, 0.02783203, -0.8798828, 0.008749962, -0.2040625, 0.09406257,125.6389,5,4,True,True,177
298402,4.377306,4.850395,1015.713,35.65315,-0.3842773, 0.02978516, -0.8828125, 0.02437496, -0.1728125, 0.06281257,125.6389,5,4,True,True,177
298590,5.194371,6.011436,1015.671,-1,-0.3847656, 0.03076172, -0.8833008, 0.02437496, -0.2040625, 0.09406257,125.6389,5,4,True,True,177
298665,3.904662,2.614952,1015.795,-1,-0.3837891, 0.02880859, -0.8808594, 0.05562496, -0.1259375, 0.09406257,125.6389,5,4,True,True,177
298742,3.693031,3.4814,1015.764,35.66685,-0.3828125, 0.03027344, -0.8803711, 0.008749962, -0.2040625, 0.07843757,125.6389,5,4,True,True,177
298824,5.424091,7.155151,1015.629,35.67141,-0.3837891, 0.02880859, -0.8789063, 0.02437496, -0.1884375, 0.1565626,125.6389,5,4,True,True,177
298904,4.019522,2.614952,1015.795,35.67141,-0.3852539, 0.03027344, -0.8813477, 0.02437496, -0.1728125, 0.07843757,125.6389,5,4,True,True,177
298984,3.334563,2.649605,1015.794,35.67598,-0.3837891, 0.02783203, -0.8823242, 0.03999996, -0.1571875, 0.06281257,125.6389,5,4,True,True,177
299065,3.849872,4.365181,1015.731,-1,-0.3847656, 0.02783203, -0.8803711, -0.02250004, -0.1728125, 0.06281257,125.6389,5,4,True,True,177
299146,3.267069,2.684265,1015.793,-1,-0.3828125, 0.02978516, -0.8823242, 0.05562496, -0.1728125, 0.1253126,125.6389,5,4,True,True,177
299229,2.698403,2.129738,1015.813,35.70794,-0.3833008, 0.02978516, -0.8833008, 0.05562496, -0.1103125, 0.09406257,125.6389,5,4,True,True,177
299310,2.414071,2.129738,1015.813,-1,-0.3837891, 0.02929688, -0.8793945, 0.05562496, -0.1884375, 0.06281257,125.6389,5,4,True,True,177
299394,2.982395,3.55072,1015.761,35.70794,-0.3867188, 0.02978516, -0.8823242, 0.03999996, -0.2196875, 0.1253126,125.6389,5,4,True,True,177
299485,2.98929,2.996185,1015.781,-1,-0.3852539, 0.02978516, -0.8803711, 0.08687496, -0.1415625, 0.1096876,125.6389,5,4,True,True,177
299680,2.57684,2.164391,1015.812,35.72164,-0.3842773, 0.02832031, -0.8813477, 0.008749962, -0.1884375, 0.1096876,125.6389,5,4,True,True,177
299766,2.647883,2.718925,1015.792,35.72164,-0.3828125, 0.02929688, -0.8803711, 0.07124996, -0.1259375, 0.07843757,125.6389,5,4,True,True,177
299901,1.842946,1.03801,1015.853,35.72164,-0.3842773, 0.02734375, -0.8798828, 0.02437496, -0.1259375, 0.04718757,125.6389,5,4,True,True,177
299967,3.415987,4.989029,1015.709,35.71707,-0.3847656, 0.02832031, -0.8779297, 0.03999996, -0.1259375, 0.1096876,125.6389,5,4,True,True,177
300032,3.067456,2.718925,1015.792,35.72164,-0.3837891, 0.02929688, -0.8808594, 0.02437496, -0.2353125, 0.07843757,125.6389,5,4,True,True,177
300099,2.893191,2.718925,1015.792,-1,-0.3847656, 0.02978516, -0.8808594, -0.05375004, -0.2821875, 0.04718757,125.6389,5,4,True,True,177
300167,3.94111,4.989029,1015.709,-1,-0.3847656, 0.02929688, -0.8798828, 0.05562496, -0.1728125, 0.1096876,125.6389,5,4,True,True,177
300236,3.893208,3.845306,1015.75,35.71707,-0.3842773, 0.02929688, -0.8823242, 0.008749962, -0.1259375, 0.07843757,125.6389,5,4,True,True,177
300306,3.58333,3.273453,1015.771,35.71251,-0.3847656, 0.02978516, -0.8803711, 0.03999996, -0.1884375, 0.06281257,125.6389,5,4,True,True,177
300377,2.726563,1.869797,1015.823,-1,-0.3847656, 0.02783203, -0.8828125, -0.02250004, -0.1259375, 0.06281257,125.6389,5,4,True,True,177
300444,3.000008,3.273453,1015.771,-1,-0.3837891, 0.02783203, -0.8813477, -0.006875038, -0.1259375, 0.07843757,125.6389,5,4,True,True,177
300517,3.13673,3.273453,1015.771,35.71707,-0.3847656, 0.02929688, -0.8828125, -0.02250004, -0.1884375, 0.06281257,125.6389,5,4,True,True,177
300698,2.364634,1.592537,1015.833,-1,-0.3842773, 0.02929688, -0.8803711, 0.02437496, -0.1728125, 0.09406257,125.6389,5,4,True,True,177
300768,2.54178,2.718925,1015.792,-1,-0.3847656, 0.02880859, -0.8803711, -0.02250004, -0.2040625, 0.09406257,125.6389,5,4,True,True,177
300843,3.47081,4.399841,1015.73,35.71707,-0.3833008, 0.02880859, -0.8813477, 0.02437496, -0.1728125, 0.06281257,125.6389,5,4,True,True,177
300914,3.372132,3.273453,1015.771,-1,-0.3842773, 0.02978516, -0.8789063, -0.02250004, -0.07906246, 0.06281257,125.6389,5,4,True,True,177
300988,1.910477,0.448822,1015.875,-1,-0.3837891, 0.02783203, -0.8823242, 0.008749962, -0.1728125, 0.07843757,125.6389,5,4,True,True,177
301064,1.751507,1.592537,1015.833,-1,-0.3842773, 0.02880859, -0.8793945, -0.006875038, -0.2665625, 0.07843757,125.6389,5,4,True,True,177
301139,2.798407,3.845306,1015.75,-1,-0.3852539, 0.02832031, -0.8793945, 0.02437496, -0.2040625, 0.06281257,125.6389,5,4,True,True,177
301215,2.758666,2.718925,1015.792,-1,-0.3842773, 0.02929688, -0.8793945, 0.03999996, -0.1884375, 0.06281257,125.6389,5,4,True,True,177
301291,3.735214,4.711761,1015.719,-1,-0.3837891, 0.02978516, -0.8803711, -0.02250004, -0.2040625, 0.1096876,125.6389,5,4,True,True,177
301370,2.386612,1.03801,1015.853,35.7262,-0.3833008, 0.02832031, -0.8803711, 0.07124996, -0.1728125, 0.07843757,125.6389,5,4,True,True,177
301449,2.275501,2.164391,1015.812,35.7262,-0.3842773, 0.02929688, -0.8789063, -0.006875038, -0.1728125, 0.06281257,125.6389,5,4,True,True,177
301529,2.35858,2.441658,1015.802,35.72164,-0.3833008, 0.03125, -0.8789063, 0.03999996, -0.1728125, 0.07843757,125.6389,5,4,True,True,177
301716,3.119273,3.879967,1015.749,-1,-0.3847656, 0.02880859, -0.8803711, -0.006875038, -0.1571875, 0.1253126,125.6389,5,4,True,True,177
301795,4.062814,5.006355,1015.708,35.7262,-0.3833008, 0.02929688, -0.8808594, 0.05562496, -0.1571875, 0.07843757,125.6389,5,4,True,True,177
301876,3.832761,3.602707,1015.759,-1,-0.3842773, 0.03027344, -0.8793945, 0.008749962, -0.2196875, 0.09406257,125.6389,5,4,True,True,177
301960,4.133627,4.434494,1015.729,35.73534,-0.3837891, 0.02978516, -0.8798828, 0.02437496, -0.1415625, 0.09406257,125.6389,5,4,True,True,177
302046,2.871745,1.609863,1015.832,-1,-0.3842773, 0.02929688, -0.8803711, 0.02437496, -0.1728125, 0.1253126,125.6389,5,4,True,True,177
302126,3.237226,3.602707,1015.759,-1,-0.3862305, 0.02929688, -0.8808594, 0.008749962, -0.2353125, 0.1096876,125.6389,5,4,True,True,177
302208,2.986739,2.736252,1015.791,-1,-0.3833008, 0.02832031, -0.8798828, -0.02250004, -0.2040625, 0.07843757,125.6389,5,4,True,True,177
302342,2.592895,2.199051,1015.811,-1,-0.3857422, 0.02929688, -0.8808594, 0.05562496, -0.1728125, 0.07843757,125.6389,5,4,True,True,177
302406,1.832779,1.072662,1015.852,-1,-0.3857422, 0.02978516, -0.8798828, 0.008749962, -0.1415625, 0.06281257,125.6389,5,4,True,True,177
302473,1.452721,1.072662,1015.852,-1,-0.3842773, 0.03027344, -0.8793945, 0.05562496, -0.2509375, 0.1096876,125.6389,5,4,True,True,177
302541,1.531292,1.609863,1015.832,35.74446,-0.3847656, 0.02929688, -0.8789063, -0.006875038, -0.1728125, 0.07843757,125.6389,5,4,True,True,177
302614,3.000223,4.469154,1015.728,-1,-0.3862305, 0.02880859, -0.8789063, 0.03999996, -0.1259375, 0.06281257,125.6389,5,4,True,True,177
302793,3.015534,3.030846,1015.781,35.73534,-0.3837891, 0.02880859, -0.8774414, 0.02437496, -0.1884375, 0.1096876,125.6389,5,4,True,True,177
302863,2.745926,2.476318,1015.801,35.74446,-0.3833008, 0.02880859, -0.8798828, 0.008749962, -0.1728125, 0.06281257,125.6389,5,4,True,True,177
302932,3.312947,3.879967,1015.749,-1,-0.3847656, 0.02880859, -0.8798828, 0.02437496, -0.1728125, 0.1565626,125.6389,5,4,True,True,177
303003,2.894632,2.476318,1015.801,-1,-0.3837891, 0.02929688, -0.8803711, 0.07124996, -0.2040625, 0.03156257,125.6389,5,4,True,True,177
303073,2.546842,2.199051,1015.811,35.7399,-0.3857422, 0.02734375, -0.8779297, 0.008749962, -0.2040625, 0.09406257,125.6389,5,4,True,True,177
303146,2.51158,2.476318,1015.801,-1,-0.3828125, 0.03076172, -0.8798828, 0.008749962, -0.2353125, 0.04718757,125.6389,5,4,True,True,177
303218,2.355315,2.199051,1015.811,35.74446,-0.3847656, 0.02929688, -0.8798828, 0.03999996, -0.1259375, 0.09406257,125.6389,5,4,True,True,177
303291,3.975429,5.595543,1015.686,-1,-0.3847656, 0.02832031, -0.8789063, 0.008749962, -0.1728125, 0.09406257,125.6389,5,4,True,True,177
303364,3.650434,3.325439,1015.769,-1,-0.3847656, 0.02880859, -0.8808594, 0.008749962, -0.2040625, 0.07843757,125.6389,5,4,True,True,177
303438,3.063376,2.476318,1015.801,35.74903,-0.3857422, 0.02978516, -0.8779297, 0.02437496, -0.1571875, 0.1096876,125.6389,5,4,True,True,177
303514,4.190826,5.318275,1015.696,-1,-0.3852539, 0.02783203, -0.8793945, 0.008749962, -0.1571875, 0.06281257,125.6389,5,4,True,True,177
303590,4.052727,3.914627,1015.748,-1,-0.3857422, 0.02783203, -0.8798828, 0.05562496, -0.1259375, 0.03156257,125.6389,5,4,True,True,177
303777,3.281849,2.510971,1015.799,-1,-0.3842773, 0.02929688, -0.8803711, 0.008749962, -0.1571875, 0.1096876,125.6389,5,4,True,True,177
303854,3.320974,3.3601,1015.768,-1,-0.3847656, 0.03027344, -0.8793945, -0.03812504, -0.1415625, 0.1096876,125.6389,5,4,True,True,177
303930,3.903728,4.486481,1015.727,-1,-0.3837891, 0.02880859, -0.8803711, -0.02250004, -0.2040625, 0.06281257,125.6389,5,4,True,True,177
304010,4.065137,4.226547,1015.737,35.76273,-0.3842773, 0.02832031, -0.8793945, -0.006875038, -0.1415625, 0.1253126,125.6389,5,4,True,True,177
304085,4.847671,5.630203,1015.685,-1,-0.3833008, 0.02880859, -0.878418, 0.05562496, -0.2040625, 0.09406257,125.6389,5,4,True,True,177
304163,3.973915,3.100159,1015.778,-1,-0.3837891, 0.02978516, -0.8813477, 0.02437496, -0.1728125, 0.07843757,125.6389,5,4,True,True,177
304245,3.684334,3.394753,1015.767,35.78099,-0.3842773, 0.02929688, -0.8798828, -0.02250004, -0.1571875, 0.07843757,125.6389,5,4,True,True,177
304327,3.816811,3.949287,1015.747,35.78099,-0.3847656, 0.02832031, -0.8798828, 0.008749962, -0.1728125, 0.09406257,125.6389,5,4,True,True,177
304406,4.177643,4.538475,1015.725,-1,-0.3852539, 0.02832031, -0.8803711, 0.02437496, -0.1884375, 0.1096876,125.6389,5,4,True,True,177
304486,3.924831,3.67202,1015.757,-1,-0.3833008, 0.02832031, -0.8813477, 0.02437496, -0.1571875, 0.1253126,125.6389,5,4,True,True,177
304568,4.231653,4.538475,1015.725,-1,-0.3842773, 0.02929688, -0.8798828, 0.08687496, -0.2196875, 0.1096876,125.6389,5,4,True,True,177
304653,2.955419,1.679184,1015.83,35.77643,-0.3837891, 0.02978516, -0.8789063, 0.05562496, -0.1571875, 0.07843757,125.6389,5,4,True,True,177
304848,3.452353,3.949287,1015.747,35.77643,-0.3837891, 0.02832031, -0.8818359, 0.05562496, -0.2353125, 0.1096876,125.6389,5,4,True,True,177
304983,3.423553,3.394753,1015.767,35.77643,-0.3867188, 0.02832031, -0.8818359, 0.02437496, -0.1728125, 0.06281257,125.6389,5,4,True,True,177
305048,2.551368,1.679184,1015.83,-1,-0.3828125, 0.02978516, -0.8808594, 0.03999996, -0.1884375, 0.1096876,125.6389,5,4,True,True,177
305109,2.539837,2.528305,1015.798,-1,-0.3828125, 0.02929688, -0.8803711, 0.03999996, -0.1728125, 0.07843757,125.6389,5,4,True,True,177
305174,2.672701,2.805565,1015.788,35.77643,-0.3852539, 0.02978516, -0.878418, 0.07124996, -0.1571875, 0.09406257,125.6389,5,4,True,True,177
305240,3.033727,3.394753,1015.767,-1,-0.3842773, 0.02929688, -0.8818359, 0.03999996, -0.1571875, 0.07843757,125.6389,5,4,True,True,177
305310,2.495085,1.956444,1015.82,-1,-0.3847656, 0.02783203, -0.8803711, 0.03999996, -0.1259375, 0.1096876,125.6389,5,4,True,True,177
305378,3.92401,5.352936,1015.695,35.78099,-0.3823242, 0.02783203, -0.8789063, 0.02437496, -0.2040625, 0.07843757,125.6389,5,4,True,True,177
305449,3.520751,3.117493,1015.777,35.77643,-0.3862305, 0.02929688, -0.8803711, 0.008749962, -0.2040625, 0.1096876,125.6389,5,4,True,True,177
305520,2.755928,1.991104,1015.819,35.77186,-0.3833008, 0.02832031, -0.8803711, 0.02437496, -0.1415625, 0.1409376,125.6389,5,4,True,True,177
305591,2.93671,3.117493,1015.777,-1,-0.3828125, 0.02929688, -0.8818359, 0.05562496, -0.1571875, 0.1096876,125.6389,5,4,True,True,177
305669,2.732508,2.528305,1015.798,-1,-0.3847656, 0.02880859, -0.8818359, 0.05562496, -0.2196875, 0.1096876,125.6389,5,4,True,True,177
305849,2.786366,2.840225,1015.787,-1,-0.3837891, 0.03027344, -0.8793945, 0.07124996, -0.1571875, 0.09406257,125.6389,5,4,True,True,177
305921,2.544695,2.303024,1015.807,-1,-0.3823242, 0.02929688, -0.8803711, 0.02437496, -0.2040625, 0.07843757,125.6389,5,4,True,True,177
305995,2.987054,3.429413,1015.766,35.80382,-0.3833008, 0.02978516, -0.8798828, 0.05562496, -0.2196875, 0.07843757,125.6389,5,4,True,True,177
306067,2.367775,1.748497,1015.828,-1,-0.3837891, 0.02832031, -0.8798828, 0.02437496, -0.1415625, 0.07843757,125.6389,5,4,True,True,177
306141,1.477616,0.5874557,1015.87,-1,-0.3837891, 0.02832031, -0.878418, -0.006875038, -0.2353125, 0.07843757,125.6389,5,4,True,True,177
306215,3.293972,5.110329,1015.704,35.79926,-0.3847656, 0.03027344, -0.8798828, 0.008749962, -0.1415625, 0.07843757,125.6389,5,4,True,True,177
306292,3.638956,3.98394,1015.746,-1,-0.3852539, 0.02832031, -0.8803711, 0.02437496, -0.1728125, 0.04718757,125.6389,5,4,True,True,177
306371,3.672818,3.70668,1015.756,35.80382,-0.3837891, 0.02880859, -0.8774414, -0.006875038, -0.1884375, 0.1096876,125.6389,5,4,True,True,177
306466,2.710658,1.748497,1015.828,-1,-0.3857422, 0.02880859, -0.8808594, 0.02437496, -0.1571875, 0.1409376,125.6389,5,4,True,True,177
306543,2.212247,1.713837,1015.829,-1,-0.3842773, 0.03027344, -0.8789063, 0.07124996, -0.1415625, 0.09406257,125.6389,5,4,True,True,177
306621,1.980372,1.748497,1015.828,-1,-0.3828125, 0.02929688, -0.8759766, -0.02250004, -0.1415625, 0.1096876,125.6389,5,4,True,True,177
306698,1.864434,1.748497,1015.828,-1,-0.3847656, 0.02978516, -0.878418, -0.006875038, -0.2196875, 0.1253126,125.6389,5,4,True,True,177
306889,1.667832,1.47123,1015.838,-1,-0.3833008, 0.02929688, -0.8818359, 0.07124996, -0.2040625, 0.1096876,125.6389,5,4,True,True,177
306973,2.271359,2.874886,1015.786,-1,-0.3847656, 0.03027344, -0.8813477, 0.02437496, -0.1728125, 0.06281257,125.6389,5,4,True,True,177
307053,3.136316,4.001274,1015.744,-1,-0.3833008, 0.03076172, -0.8793945, 0.05562496, -0.1571875, 0.07843757,125.6389,5,4,True,True,177
307135,2.303773,1.47123,1015.838,-1,-0.3833008, 0.02832031, -0.8793945, -0.006875038, -0.1415625, 0.07843757,125.6389,5,4,True,True,177
307217,3.724381,5.144989,1015.703,-1,-0.3837891, 0.02929688, -0.8793945, -0.006875038, -0.1259375, 0.07843757,125.6389,5,4,True,True,177
307303,4.997879,6.271378,1015.661,35.81752,-0.3833008, 0.03027344, -0.8798828, 0.05562496, -0.1259375, 0.07843757,125.6389,5,4,True,True,177
307389,4.222309,3.446739,1015.765,35.81752,-0.3833008, 0.02734375, -0.8789063, 0.03999996, -0.1103125, 0.1096876,125.6389,5,4,True,True,177
307523,3.704557,3.186806,1015.775,-1,-0.3847656, 0.02880859, -0.8793945, 0.02437496, -0.2353125, 0.07843757,125.6389,5,4,True,True,177
307589,3.445682,3.186806,1015.775,-1,-0.3842773, 0.02929688, -0.8774414, 0.008749962, -0.1728125, 0.07843757,125.6389,5,4,True,True,177
307655,3.177614,2.909546,1015.785,-1,-0.3842773, 0.02880859, -0.8779297, -0.05375004, -0.1728125, 0.09406257,125.6389,5,4,True,True,177
307720,3.04358,2.909546,1015.785,-1,-0.3847656, 0.02832031, -0.8793945, 0.03999996, -0.1884375, 0.06281257,125.6389,5,4,True,True,177
307789,3.271153,3.498726,1015.763,35.81752,-0.3847656, 0.02880859, -0.8813477, 0.02437496, -0.1728125, 0.06281257,125.6389,5,4,True,True,177
307966,2.795756,2.320358,1015.806,-1,-0.3847656, 0.02929688, -0.8798828, 0.02437496, -0.1415625, 0.07843757,125.6389,5,4,True,True,177
308034,1.717599,0.6394424,1015.868,35.83121,-0.3837891, 0.02880859, -0.8803711, 0.02437496, -0.1259375, 0.07843757,125.6389,5,4,True,True,177
308105,2.313572,2.909546,1015.785,35.82665,-0.3857422, 0.02929688, -0.8808594, -0.006875038, -0.09468746, 0.06281257,125.6389,5,4,True,True,177
308174,2.611559,2.909546,1015.785,-1,-0.3847656, 0.02832031, -0.8793945, 0.008749962, -0.1415625, 0.01593757,125.6389,5,4,True,True,177
308244,1.625501,0.6394424,1015.868,-1,-0.3833008, 0.02929688, -0.8798828, 0.008749962, -0.2196875, 0.09406257,125.6389,5,4,True,True,177
308315,2.406153,3.186806,1015.775,-1,-0.3852539, 0.02978516, -0.8808594, 0.05562496, -0.1728125, 0.04718757,125.6389,5,4,True,True,177
308386,3.636937,4.867722,1015.713,-1,-0.3837891, 0.02832031, -0.8808594, 0.03999996, -0.1571875, 0.06281257,125.6389,5,4,True,True,177
308460,3.689135,3.741333,1015.754,35.81295,-0.3847656, 0.02880859, -0.8793945, 0.05562496, -0.1884375, 0.06281257,125.6389,5,4,True,True,177
308533,3.28201,2.874886,1015.786,-1,-0.3842773, 0.02880859, -0.8818359, 0.008749962, -0.1728125, 0.07843757,125.6389,5,4,True,True,177
308607,4.915324,6.548637,1015.651,-1,-0.3847656, 0.02929688, -0.8813477, 0.03999996, -0.2353125, 0.09406257,125.6389,5,4,True,True,177
308681,4.735562,4.555801,1015.724,-1,-0.3842773, 0.02783203, -0.8803711, -0.006875038, -0.1571875, 0.07843757,125.6389,5,4,True,True,177
308756,4.221121,3.70668,1015.756,-1,-0.3837891, 0.02978516, -0.8813477, -0.006875038, -0.1415625, 0.07843757,125.6389,5,4,True,True,177
308951,5.228919,6.236717,1015.662,-1,-0.3837891, 0.02832031, -0.8808594, 0.008749962, -0.2353125, 0.09406257,125.6389,5,4,True,True,177
309027,2.63092,0.03292084,1015.89,-1,-0.3847656, 0.02929688, -0.8823242, 0.03999996, -0.1415625, 0.1096876,125.6389,5,4,True,True,177
309103,2.466972,2.303024,1015.807,-1,-0.3842773, 0.02929688, -0.8803711, 0.03999996, -0.1259375, 0.07843757,125.6389,5,4,True,True,177
309181,3.225456,3.98394,1015.746,35.79926,-0.3842773, 0.02880859, -0.8808594, -0.006875038, -0.1884375, 0.1096876,125.6389,5,4,True,True,177
309259,3.327435,3.429413,1015.766,-1,-0.3847656, 0.02929688, -0.8828125, -0.02250004, -0.2040625, 0.1721876,125.6389,5,4,True,True,177
309341,3.23979,3.152145,1015.776,35.80839,-0.3847656, 0.02978516, -0.8798828, 0.02437496, -0.1571875, 0.06281257,125.6389,5,4,True,True,177
309422,2.771407,2.303024,1015.807,35.79926,-0.3847656, 0.03027344, -0.8813477, 0.008749962, -0.1103125, 0.07843757,125.6389,5,4,True,True,177
309505,3.10041,3.429413,1015.766,-1,-0.3847656, 0.02832031, -0.8803711, -0.006875038, -0.1415625, 0.04718757,125.6389,5,4,True,True,177
309587,2.987648,2.874886,1015.786,35.80839,-0.3847656, 0.02978516, -0.8833008, 0.02437496, -0.2040625, 0.1096876,125.6389,5,4,True,True,177
309667,2.368073,1.748497,1015.828,-1,-0.3852539, 0.03173828, -0.8818359, -0.006875038, -0.1728125, 0.07843757,125.6389,5,4,True,True,177
309750,2.898743,3.429413,1015.766,-1,-0.3837891, 0.02832031, -0.8813477, 0.02437496, -0.07906246, 0.1096876,125.6389,5,4,True,True,177
309833,4.299129,5.699516,1015.683,-1,-0.3823242, 0.02929688, -0.8837891, 0.07124996, -0.1415625, 0.1253126,125.6389,5,4,True,True,177
310025,3.301077,2.303024,1015.807,-1,-0.3842773, 0.02832031, -0.8813477, -0.006875038, -0.2040625, 0.1253126,125.6389,5,4,True,True,177
310158,3.070651,2.840225,1015.787,35.80382,-0.3842773, 0.02929688, -0.8828125, 0.008749962, -0.09468746, 0.07843757,125.6389,5,4,True,True,177
310224,2.816808,2.562965,1015.797,-1,-0.3837891, 0.02832031, -0.8823242, 0.08687496, -0.1571875, 0.1253126,125.6389,5,4,True,True,177
310289,3.261744,3.70668,1015.756,35.79926,-0.3842773, 0.02734375, -0.8808594, 0.008749962, -0.2040625, 0.1253126,125.6389,5,4,True,True,177
310351,3.345579,3.429413,1015.766,-1,-0.3833008, 0.02978516, -0.8818359, -0.02250004, -0.1728125, 0.07843757,125.6389,5,4,True,True,177
310419,2.529708,1.713837,1015.829,35.79926,-0.3842773, 0.02880859, -0.8803711, -0.006875038, -0.1728125, 0.03156257,125.6389,5,4,True,True,177
310489,3.542755,4.555801,1015.724,-1,-0.3847656, 0.03076172, -0.8813477, -0.006875038, -0.1884375, 0.1096876,125.6389,5,4,True,True,177
310554,3.05286,2.562965,1015.797,35.79926,-0.3847656, 0.03125, -0.8803711, 0.05562496, -0.1571875, 0.1253126,125.6389,5,4,True,True,177
310622,2.530645,2.00843,1015.817,-1,-0.3847656, 0.03027344, -0.8793945, 0.02437496, -0.1415625, 0.07843757,125.6389,5,4,True,True,177
310690,2.980029,3.429413,1015.766,-1,-0.3828125, 0.02978516, -0.8789063, -0.006875038, -0.1728125, 0.06281257,125.6389,5,4,True,True,177
310757,2.364263,1.748497,1015.828,-1,-0.3823242, 0.02832031, -0.8793945, 0.08687496, -0.2040625, 0.09406257,125.6389,5,4,True,True,177
310825,1.917746,1.47123,1015.838,-1,-0.3833008, 0.02832031, -0.8818359, 0.02437496, -0.1884375, 0.07843757,125.6389,5,4,True,True,177
311008,3.392734,4.867722,1015.713,-1,-0.3842773, 0.02832031, -0.8818359, -0.006875038, -0.1884375, 0.06281257,125.6389,5,4,True,True,177
311078,2.293352,1.19397,1015.848,-1,-0.3837891, 0.02832031, -0.8803711, 0.02437496, -0.1728125, 0.04718757,125.6389,5,4,True,True,177
311151,1.882291,1.47123,1015.838,-1,-0.3857422, 0.02832031, -0.8803711, -0.006875038, -0.2196875, 0.09406257,125.6389,5,4,True,True,177
311227,2.959109,4.035927,1015.743,-1,-0.3842773, 0.03027344, -0.8789063, 0.02437496, -0.1728125, 0.07843757,125.6389,5,4,True,True,177
311303,2.934327,2.909546,1015.785,-1,-0.3842773, 0.02880859, -0.8789063, -0.006875038, -0.2196875, 0.06281257,125.6389,5,4,True,True,177
311377,2.921937,2.909546,1015.785,-1,-0.3847656, 0.02929688, -0.8793945, 0.1025, -0.1884375, 0.09406257,125.6389,5,4,True,True,177
311453,2.638474,2.355011,1015.805,-1,-0.3833008, 0.02978516, -0.8793945, 0.02437496, -0.1415625, 0.1253126,125.6389,5,4,True,True,177
311529,1.500324,0.362175,1015.878,-1,-0.3842773, 0.02832031, -0.8789063, 0.02437496, -0.1728125, 0.1096876,125.6389,5,4,True,True,177
311607,1.927668,2.355011,1015.805,35.82665,-0.3842773, 0.02832031, -0.8798828, 0.008749962, -0.2353125, 0.1096876,125.6389,5,4,True,True,177
311684,1.855412,1.783157,1015.826,-1,-0.3842773, 0.02685547, -0.8789063, 0.03999996, -0.2196875, 0.06281257,125.6389,5,4,True,True,177
311764,2.382479,2.909546,1015.785,-1,-0.3847656, 0.02929688, -0.8813477, 0.008749962, -0.2040625, 0.07843757,125.6389,5,4,True,True,177
311843,1.788224,1.19397,1015.848,-1,-0.3852539, 0.02978516, -0.8779297, 0.03999996, -0.1571875, 0.09406257,125.6389,5,4,True,True,177
312034,1.205166,0.6221085,1015.869,-1,-0.3833008, 0.02880859, -0.878418, 0.03999996, -0.1884375, 0.07843757,125.6389,5,4,True,True,177
312122,2.60322,4.001274,1015.744,35.81295,-0.3842773, 0.02929688, -0.8828125, 0.03999996, -0.1415625, 0.07843757,125.6389,5,4,True,True,177
312204,2.175858,1.748497,1015.828,35.79926,-0.3852539, 0.02978516, -0.8789063, 0.05562496, -0.1103125, 0.04718757,125.6389,5,4,True,True,177
312285,2.092144,2.00843,1015.817,-1,-0.3837891, 0.02783203, -0.8798828, -0.006875038, -0.2040625, 0.07843757,125.6389,5,4,True,True,177
312369,1.643057,1.19397,1015.848,-1,-0.3842773, 0.02929688, -0.8803711, -0.03812504, -0.1415625, 0.07843757,125.6389,5,4,True,True,177
312454,2.258971,2.874886,1015.786,-1,-0.3857422, 0.02978516, -0.8803711, 0.008749962, -0.1571875, 0.07843757,125.6389,5,4,True,True,177
312538,1.154613,0.05025482,1015.889,35.82665,-0.3833008, 0.02929688, -0.8828125, 0.05562496, -0.1571875, 0.06281257,125.6389,5,4,True,True,177
312670,2.872537,4.590462,1015.723,-1,-0.3837891, 0.02978516, -0.8813477, 0.02437496, -0.1415625, 0.03156257,125.6389,5,4,True,True,177
312734,2.033254,1.19397,1015.848,-1,-0.3842773, 0.02880859, -0.8789063, 0.02437496, -0.2040625, 0.09406257,125.6389,5,4,True,True,177
312801,3.173224,4.313194,1015.733,-1,-0.3857422, 0.02832031, -0.8818359, -0.03812504, -0.1571875, 0.06281257,125.6389,5,4,True,True,177
312867,2.044963,0.9167023,1015.858,-1,-0.3833008, 0.02929688, -0.8828125, -0.02250004, -0.1571875, 0.1096876,125.6389,5,4,True,True,177
312934,2.477254,2.909546,1015.785,-1,-0.3842773, 0.02880859, -0.8808594, 0.05562496, -0.1728125, 0.09406257,125.6389,5,4,True,True,177
313111,2.554766,2.632278,1015.795,-1,-0.3847656, 0.02978516, -0.8793945, 0.08687496, -0.1884375, 0.07843757,125.6389,5,4,True,True,177
313175,2.454889,2.355011,1015.805,-1,-0.3842773, 0.02929688, -0.8808594, 0.008749962, -0.1259375, 0.04718757,125.6389,5,4,True,True,177
313245,2.682217,2.909546,1015.785,35.82665,-0.3842773, 0.02978516, -0.8828125, -0.006875038, -0.1884375, 0.07843757,125.6389,5,4,True,True,177
313316,2.518614,2.355011,1015.805,35.83121,-0.3857422, 0.02880859, -0.8803711, 0.02437496, -0.1728125, 0.06281257,125.6389,5,4,True,True,177
313385,2.575446,2.632278,1015.795,-1,-0.3847656, 0.02929688, -0.8803711, 0.07124996, -0.2040625, 0.1096876,125.6389,5,4,True,True,177
313455,3.868881,5.162315,1015.702,35.83578,-0.3852539, 0.02929688, -0.8803711, -0.006875038, -0.2353125, 0.07843757,125.6389,5,4,True,True,177
313526,3.545173,3.221466,1015.773,-1,-0.3833008, 0.02783203, -0.8793945, 0.03999996, -0.1884375, 0.1253126,125.6389,5,4,True,True,177
313597,3.088726,2.632278,1015.795,-1,-0.3842773, 0.02880859, -0.8808594, -0.006875038, -0.1571875, 0.07843757,125.6389,5,4,True,True,177
313670,3.293726,3.498726,1015.763,35.83578,-0.3852539, 0.02978516, -0.8808594, 0.02437496, -0.1259375, 0.06281257,125.6389,5,4,True,True,177
313742,1.845281,0.3968353,1015.877,-1,-0.3857422, 0.02832031, -0.8793945, 0.02437496, -0.1415625, 0.1253126,125.6389,5,4,True,True,177
313816,2.533373,3.221466,1015.773,-1,-0.3842773, 0.02978516, -0.8803711, 0.008749962, -0.1571875, 0.1253126,125.6389,5,4,True,True,177
313893,1.465104,0.3968353,1015.877,-1,-0.3847656, 0.02880859, -0.8789063, 0.08687496, -0.2196875, 0.1253126,125.6389,5,4,True,True,177
314081,2.767846,4.070587,1015.742,35.85404,-0.3837891, 0.02978516, -0.8808594, 0.05562496, -0.1415625, 0.09406257,125.6389,5,4,True,True,177
314162,2.154198,1.54055,1015.835,35.84948,-0.3833008, 0.02929688, -0.8803711, 0.02437496, -0.1728125, 0.1096876,125.6389,5,4,True,True,177
314238,1.986004,1.81781,1015.825,-1,-0.3842773, 0.02978516, -0.8803711, -0.006875038, -0.1884375, 0.1253126,125.6389,5,4,True,True,177
314316,2.187838,2.389671,1015.804,35.84948,-0.3847656, 0.02929688, -0.8808594, 0.02437496, -0.09468746, 0.03156257,125.6389,5,4,True,True,177
314393,2.851949,3.51606,1015.762,-1,-0.3847656, 0.03027344, -0.8828125, 0.008749962, -0.2509375, 0.06281257,125.6389,5,4,True,True,177
314473,2.057616,1.263283,1015.845,-1,-0.3852539, 0.02978516, -0.8798828, 0.02437496, -0.1415625, 0.1253126,125.6389,5,4,True,True,177
314558,2.223644,2.389671,1015.804,35.85861,-0.3852539, 0.02929688, -0.8808594, -0.02250004, -0.1259375, 0.1096876,125.6389,5,4,True,True,177
314638,3.147115,4.070587,1015.742,-1,-0.3837891, 0.02880859, -0.8808594, 0.02437496, -0.2040625, 0.07843757,125.6389,5,4,True,True,177
314720,2.612433,2.077751,1015.815,-1,-0.3842773, 0.02929688, -0.8813477, -0.02250004, -0.2040625, 0.09406257,125.6389,5,4,True,True,177
314804,2.483722,2.355011,1015.805,-1,-0.3842773, 0.02929688, -0.8803711, -0.02250004, -0.1728125, 0.06281257,125.6389,5,4,True,True,177
314888,2.696634,2.909546,1015.785,35.83578,-0.3852539, 0.02832031, -0.8808594, -0.006875038, -0.1415625, 0.07843757,125.6389,5,4,True,True,177
314973,2.80309,2.909546,1015.785,35.82665,-0.3842773, 0.02880859, -0.8813477, -0.006875038, -0.1259375, 0.09406257,125.6389,5,4,True,True,177
315165,2.15449,1.50589,1015.836,-1,-0.3842773, 0.02734375, -0.8803711, -0.02250004, -0.1259375, 0.1096876,125.6389,5,4,True,True,177
315294,2.25475,2.355011,1015.805,-1,-0.3852539, 0.02978516, -0.8798828, -0.02250004, -0.2040625, 0.07843757,125.6389,5,4,True,True,177
315365,3.578566,4.902382,1015.712,-1,-0.3847656, 0.02978516, -0.8793945, 0.03999996, -0.2040625, 0.1096876,125.6389,5,4,True,True,177
315430,4.10184,4.625114,1015.722,35.84034,-0.3857422, 0.02832031, -0.8818359, 0.02437496, -0.2040625, 0.09406257,125.6389,5,4,True,True,177
315492,2.665235,1.22863,1015.846,-1,-0.3847656, 0.02783203, -0.8798828, -0.006875038, -0.2040625, 0.04718757,125.6389,5,4,True,True,177
315557,2.510123,2.355011,1015.805,-1,-0.3852539, 0.02832031, -0.8813477, 0.03999996, -0.1571875, 0.07843757,125.6389,5,4,True,True,177
315625,3.428989,4.347855,1015.732,35.85404,-0.3852539, 0.02929688, -0.878418, 0.03999996, -0.1415625, 0.1096876,125.6389,5,4,True,True,177
315696,2.75337,2.077751,1015.815,-1,-0.3842773, 0.02929688, -0.8813477, -0.02250004, -0.1103125, 0.1096876,125.6389,5,4,True,True,177
315766,3.983836,5.214302,1015.7,35.84491,-0.3833008, 0.03027344, -0.8793945, 0.008749962, -0.1103125, 0.09406257,125.6389,5,4,True,True,177
315836,4.304475,4.625114,1015.722,35.84491,-0.3837891, 0.02929688, -0.8813477, 0.008749962, -0.1728125, 0.1253126,125.6389,5,4,True,True,177
315906,4.889356,5.474236,1015.69,35.84491,-0.3833008, 0.02832031, -0.8798828, 0.008749962, -0.2196875, 0.06281257,125.6389,5,4,True,True,177
315977,3.353583,1.81781,1015.825,-1,-0.3833008, 0.02880859, -0.8823242, 0.02437496, -0.2196875, 0.1253126,125.6389,5,4,True,True,177
316161,1.857879,0.362175,1015.878,35.82665,-0.3837891, 0.02783203, -0.8803711, 0.008749962, -0.1884375, 0.09406257,125.6389,5,4,True,True,177
316233,3.648731,5.439583,1015.692,-1,-0.3847656, 0.02929688, -0.8793945, 0.03999996, -0.1728125, 0.06281257,125.6389,5,4,True,True,177
316322,3.547735,3.446739,1015.765,-1,-0.3852539, 0.02978516, -0.8808594, 0.02437496, -0.1728125, 0.1253126,125.6389,5,4,True,True,177
316397,4.207728,4.867722,1015.713,-1,-0.3837891, 0.02929688, -0.8833008, 0.03999996, -0.1415625, 0.1096876,125.6389,5,4,True,True,177
316474,2.700849,1.19397,1015.848,-1,-0.3847656, 0.03027344, -0.8813477, 0.008749962, -0.2509375, 0.1096876,125.6389,5,4,True,True,177
316553,3.645655,4.590462,1015.723,35.81752,-0.3823242, 0.02929688, -0.8789063, -0.03812504, -0.2040625, 0.1096876,125.6389,5,4,True,True,177
316630,3.260271,2.874886,1015.786,-1,-0.3842773, 0.02880859, -0.8803711, -0.006875038, -0.1415625, 0.09406257,125.6389,5,4,True,True,177
316708,3.353505,3.446739,1015.765,35.81752,-0.3842773, 0.03027344, -0.8798828, -0.100625, -0.1571875, 0.03156257,125.6389,5,4,True,True,177
316788,3.547419,3.741333,1015.754,35.80839,-0.3833008, 0.02929688, -0.8808594, -0.006875038, -0.1728125, 0.07843757,125.6389,5,4,True,True,177
316868,2.093431,0.6394424,1015.868,-1,-0.3828125, 0.02832031, -0.8818359, 0.03999996, -0.2196875, 0.1096876,125.6389,5,4,True,True,177
316947,2.640118,3.186806,1015.775,35.82665,-0.3847656, 0.02880859, -0.8793945, -0.02250004, -0.1571875, 0.1253126,125.6389,5,4,True,True,177
317029,2.774832,2.909546,1015.785,35.81752,-0.3837891, 0.02880859, -0.8808594, 0.008749962, -0.1415625, 0.1096876,125.6389,5,4,True,True,177
317219,2.842189,2.909546,1015.785,35.83121,-0.3833008, 0.02880859, -0.8803711, 0.02437496, -0.1728125, 0.09406257,125.6389,5,4,True,True,177
317301,3.170457,3.498726,1015.763,-1,-0.3862305, 0.02880859, -0.8828125, -0.006875038, -0.1728125, 0.03156257,125.6389,5,4,True,True,177
317385,1.930943,0.6914291,1015.866,35.83578,-0.3852539, 0.02734375, -0.8808594, 0.05562496, -0.1884375, 0.06281257,125.6389,5,4,True,True,177
317467,1.85705,1.783157,1015.826,-1,-0.3847656, 0.02832031, -0.8813477, 0.02437496, -0.1728125, 0.07843757,125.6389,5,4,True,True,177
317547,3.241082,4.625114,1015.722,-1,-0.3847656, 0.02734375, -0.8813477, 0.008749962, -0.1884375, 0.06281257,125.6389,5,4,True,True,177
317631,3.213944,3.186806,1015.775,-1,-0.3837891, 0.02978516, -0.8769531, 0.07124996, -0.1728125, 0.06281257,125.6389,5,4,True,True,177
317764,3.061745,2.909546,1015.785,35.81752,-0.3828125, 0.02832031, -0.8798828, 0.05562496, -0.1884375, 0.06281257,125.6389,5,4,True,True,177
317825,3.410206,3.758667,1015.753,-1,-0.3842773, 0.03027344, -0.8798828, 0.02437496, -0.1884375, 0.04718757,125.6389,5,4,True,True,177
317892,2.882608,2.355011,1015.805,-1,-0.3847656, 0.02880859, -0.8798828, -0.006875038, -0.1571875, 0.03156257,125.6389,5,4,True,True,177
317957,3.190667,3.498726,1015.763,-1,-0.3857422, 0.03027344, -0.8789063, 0.008749962, -0.1728125, 0.06281257,125.6389,5,4,True,True,177
318023,2.911473,2.632278,1015.795,-1,-0.3842773, 0.02880859, -0.8803711, 0.008749962, -0.2196875, 0.06281257,125.6389,5,4,True,True,177
318088,3.906927,4.902382,1015.712,-1,-0.3847656, 0.02832031, -0.8803711, 0.02437496, -0.1259375, 0.1253126,125.6389,5,4,True,True,177
318262,2.845042,1.783157,1015.826,-1,-0.3867188, 0.02929688, -0.8803711, 0.03999996, -0.2821875, 0.06281257,125.6389,5,4,True,True,177
318329,2.73866,2.632278,1015.795,-1,-0.3828125, 0.02783203, -0.8808594, -0.006875038, -0.2353125, 0.07843757,125.6389,5,4,True,True,177
318406,2.122275,1.50589,1015.836,35.84034,-0.3857422, 0.02929688, -0.8793945, -0.02250004, -0.1884375, 0.07843757,125.6389,5,4,True,True,177
318477,1.242225,0.362175,1015.878,-1,-0.3847656, 0.02832031, -0.8793945, -0.02250004, -0.2353125, 0.06281257,125.6389,5,4,True,True,177
318547,2.075886,2.909546,1015.785,35.82665,-0.3842773, 0.02734375, -0.8813477, 0.05562496, -0.1728125, 0.07843757,125.6389,5,4,True,True,177
318617,1.496294,0.9167023,1015.858,-1,-0.3828125, 0.02832031, -0.8808594, 0.03999996, -0.2353125, 0.09406257,125.6389,5,4,True,True,177
318687,2.20292,2.909546,1015.785,-1,-0.3852539, 0.02978516, -0.8813477, 0.03999996, -0.1728125, 0.09406257,125.6389,5,4,True,True,177
318759,3.119423,4.035927,1015.743,-1,-0.3842773, 0.02880859, -0.8808594, 0.03999996, -0.1415625, 0.04718757,125.6389,5,4,True,True,177
318837,3.014485,2.909546,1015.785,35.83578,-0.3837891, 0.02880859, -0.8813477, 0.008749962, -0.2040625, 0.09406257,125.6389,5,4,True,True,177
318910,2.979342,2.944199,1015.783,-1,-0.3833008, 0.02929688, -0.8789063, 0.07124996, -0.1571875, 0.07843757,125.6389,5,4,True,True,177
318985,3.663598,4.347855,1015.732,-1,-0.3837891, 0.03027344, -0.878418, 0.05562496, -0.1884375, 0.07843757,125.6389,5,4,True,True,177
319063,3.009305,2.355011,1015.805,35.84491,-0.3837891, 0.02978516, -0.8793945, -0.02250004, -0.1884375, 0.1096876,125.6389,5,4,True,True,177
319253,2.838122,2.666939,1015.794,35.85404,-0.3837891, 0.02880859, -0.8803711, -0.02250004, -0.1259375, 0.03156257,125.6389,5,4,True,True,177
319328,2.189336,1.54055,1015.835,-1,-0.3842773, 0.02978516, -0.8798828, 0.118125, -0.1415625, 0.1096876,125.6389,5,4,True,True,177
319404,2.289504,2.389671,1015.804,35.85861,-0.3847656, 0.02832031, -0.8808594, 0.02437496, -0.1571875, 0.1565626,125.6389,5,4,True,True,177
319481,2.764148,3.238792,1015.772,-1,-0.3847656, 0.03027344, -0.8808594, 0.03999996, -0.1103125, 0.1096876,125.6389,5,4,True,True,177
319559,3.278734,3.79332,1015.752,35.85861,-0.3837891, 0.03125, -0.878418, 0.05562496, -0.1728125, 0.07843757,125.6389,5,4,True,True,177
319640,3.969254,4.659775,1015.721,-1,-0.3833008, 0.02783203, -0.8793945, 0.02437496, -0.1884375, 0.07843757,125.6389,5,4,True,True,177
319720,3.604023,3.238792,1015.772,-1,-0.3837891, 0.02880859, -0.8818359, 0.008749962, -0.1884375, 0.09406257,125.6389,5,4,True,True,177
319801,4.695093,5.786163,1015.679,-1,-0.3842773, 0.03125, -0.8769531, -0.006875038, -0.1415625, 0.1096876,125.6389,5,4,True,True,177
319885,5.535222,6.375351,1015.658,-1,-0.3857422, 0.02929688, -0.8808594, -0.006875038, -0.1728125, 0.07843757,125.6389,5,4,True,True,177
319969,3.260623,0.9860229,1015.855,35.86317,-0.3862305, 0.02783203, -0.8793945, 0.02437496, -0.1728125, 0.1409376,125.6389,5,4,True,True,177
320055,4.246129,5.231636,1015.699,35.86317,-0.3833008, 0.02783203, -0.8813477, 0.02437496, -0.1415625, 0.1253126,125.6389,5,4,True,True,177
320140,2.338809,0.431488,1015.876,35.86317,-0.3842773, 0.02978516, -0.8818359, 0.08687496, -0.1415625, 0.1096876,125.6389,5,4,True,True,177
320380,3.499292,4.659775,1015.721,-1,-0.3842773, 0.02929688, -0.8793945, 0.03999996, -0.1415625, 0.07843757,125.6389,5,4,True,True,177
320442,2.944481,2.389671,1015.804,-1,-0.3842773, 0.03027344, -0.8808594, 0.008749962, -0.1728125, 0.1253126,125.6389,5,4,True,True,177
320510,3.230271,3.51606,1015.762,-1,-0.3833008, 0.02783203, -0.8818359, 0.02437496, -0.2353125, 0.1253126,125.6389,5,4,True,True,177
320575,3.234531,3.238792,1015.772,-1,-0.3837891, 0.02832031, -0.8789063, 0.03999996, -0.1571875, 0.09406257,125.6389,5,4,True,True,177
320641,3.236662,3.238792,1015.772,-1,-0.3852539, 0.02880859, -0.8798828, -0.08500004, -0.1728125, 0.07843757,125.6389,5,4,True,True,177
320708,4.806006,6.375351,1015.658,-1,-0.3857422, 0.02978516, -0.8793945, 0.05562496, -0.2509375, 0.09406257,125.6389,5,4,True,True,177
320777,3.753799,2.701591,1015.792,35.85861,-0.3828125, 0.02783203, -0.8798828, 0.05562496, -0.1728125, 0.1096876,125.6389,5,4,True,True,177
320846,5.627769,7.50174,1015.616,35.8723,-0.3847656, 0.02783203, -0.8779297, 0.008749962, -0.1571875, 0.09406257,125.6389,5,4,True,True,177
320916,4.026051,2.424332,1015.802,35.86317,-0.3842773, 0.03027344, -0.8833008, 0.02437496, -0.1884375, 0.07843757,125.6389,5,4,True,True,177
320987,5.200701,6.375351,1015.658,-1,-0.3847656, 0.03076172, -0.8828125, 0.05562496, -0.1728125, 0.07843757,125.6389,5,4,True,True,177
321059,4.37571,3.55072,1015.761,-1,-0.3852539, 0.02832031, -0.8813477, -0.006875038, -0.1415625, 0.07843757,125.6389,5,4,True,True,177
321132,3.261387,2.147064,1015.813,35.89513,-0.3847656, 0.02880859, -0.8798828, 0.05562496, -0.1415625, 0.07843757,125.6389,5,4,True,True,177
321316,4.125208,4.989029,1015.708,35.88144,-0.3842773, 0.03125, -0.8789063, 0.02437496, -0.1415625, 0.1096876,125.6389,5,4,True,True,177
321388,3.43073,2.736252,1015.791,-1,-0.3833008, 0.02929688, -0.8818359, 0.05562496, -0.2353125, 0.1253126,125.6389,5,4,True,True,177
321472,3.083491,2.736252,1015.791,35.89056,-0.3847656, 0.02929688, -0.8803711, 0.03999996, -0.2040625, 0.03156257,125.6389,5,4,True,True,177
321547,2.208047,1.332603,1015.843,-1,-0.3842773, 0.02832031, -0.8798828, 0.03999996, -0.2353125, 0.03156257,125.6389,5,4,True,True,177
321623,1.900292,1.592537,1015.833,35.89513,-0.3837891, 0.02832031, -0.878418, 0.008749962, -0.1884375, 0.07843757,125.6389,5,4,True,True,177
321698,1.902374,1.904457,1015.821,35.8997,-0.3828125, 0.02636719, -0.8779297, 0.07124996, -0.1415625, 0.09406257,125.6389,5,4,True,True,177
321774,1.903416,1.904457,1015.821,-1,-0.3852539, 0.02978516, -0.8808594, -0.03812504, -0.1415625, 0.04718757,125.6389,5,4,True,True,177
321853,3.602182,5.300949,1015.697,35.8997,-0.3842773, 0.02783203, -0.878418, 0.02437496, -0.1728125, 0.03156257,125.6389,5,4,True,True,177
321930,3.888371,4.174561,1015.738,-1,-0.3852539, 0.02832031, -0.8823242, -0.02250004, -0.1728125, 0.04718757,125.6389,5,4,True,True,177
322008,2.896414,1.904457,1015.821,-1,-0.3852539, 0.02832031, -0.8793945, -0.05375004, -0.2040625, 0.07843757,125.6389,5,4,True,True,177
322088,2.383106,1.869797,1015.823,-1,-0.3842773, 0.02929688, -0.8789063, 0.02437496, -0.1884375, 0.09406257,125.6389,5,4,True,True,177
322166,3.278833,4.174561,1015.738,-1,-0.3842773, 0.02929688, -0.8808594, 0.05562496, -0.2353125, 0.09406257,125.6389,5,4,True,True,177
322359,4.289891,5.300949,1015.697,35.8997,-0.3837891, 0.03027344, -0.8818359, -0.006875038, -0.2040625, 0.1096876,125.6389,5,4,True,True,177
322439,2.958544,1.627197,1015.832,35.8997,-0.3842773, 0.03027344, -0.8803711, -0.006875038, -0.1884375, 0.07843757,125.6389,5,4,True,True,177
322521,3.003358,3.048172,1015.78,-1,-0.3847656, 0.02880859, -0.8793945, -0.006875038, -0.1259375, 0.06281257,125.6389,5,4,True,True,177
322606,2.315278,1.627197,1015.832,35.8997,-0.3842773, 0.02978516, -0.8823242, 0.05562496, -0.06343746, 0.1096876,125.6389,5,4,True,True,177
322690,1.546673,0.7780685,1015.863,-1,-0.3847656, 0.02929688, -0.8833008, 0.03999996, -0.1415625, 0.07843757,125.6389,5,4,True,True,177
322775,3.423811,5.300949,1015.697,35.90426,-0.3852539, 0.02929688, -0.8803711, 0.03999996, -0.1415625, 0.06281257,125.6389,5,4,True,True,177
322912,3.504592,3.585373,1015.76,35.886,-0.3837891, 0.02832031, -0.8808594, 0.008749962, -0.2353125, 0.1565626,125.6389,5,4,True,True,177
322977,2.418598,1.332603,1015.843,-1,-0.3852539, 0.02783203, -0.8798828, 0.02437496, -0.1728125, 0.06281257,125.6389,5,4,True,True,177
323042,2.733385,3.048172,1015.78,-1,-0.3833008, 0.02832031, -0.8793945, 0.02437496, -0.2665625, 0.07843757,125.6389,5,4,True,True,177
323106,4.017167,5.300949,1015.697,35.8997,-0.3847656, 0.02880859, -0.8833008, -0.006875038, -0.2040625, 0.07843757,125.6389,5,4,True,True,177
323172,3.506676,2.996185,1015.781,-1,-0.3847656, 0.02880859, -0.8808594, 0.02437496, -0.1728125, 0.07843757,125.6389,5,4,True,True,177
323241,2.41964,1.332603,1015.843,35.8997,-0.3842773, 0.02978516, -0.8813477, 0.05562496, -0.1571875, 0.06281257,125.6389,5,4,True,True,177
323421,3.998928,5.578217,1015.687,35.90426,-0.3842773, 0.02685547, -0.8808594, 0.05562496, -0.2040625, 0.09406257,125.6389,5,4,True,True,177
323493,6.062254,8.12558,1015.594,35.89513,-0.3847656, 0.02734375, -0.878418, 0.008749962, -0.1728125, 0.03156257,125.6389,5,4,True,True,177
323559,4.555213,3.048172,1015.78,-1,-0.3847656, 0.02734375, -0.8828125, 0.02437496, -0.1415625, 0.07843757,125.6389,5,4,True,True,177
323628,4.226257,3.897301,1015.748,-1,-0.3837891, 0.03027344, -0.8813477, 0.02437496, -0.1415625, 0.1096876,125.6389,5,4,True,True,177
323699,3.065357,1.904457,1015.821,-1,-0.3852539, 0.03027344, -0.8818359, 0.02437496, -0.1259375, 0.1096876,125.6389,5,4,True,True,177
323770,4.183153,5.300949,1015.697,-1,-0.3842773, 0.02832031, -0.8808594, 0.03999996, -0.1728125, 0.07843757,125.6389,5,4,True,True,177
323845,3.884263,3.585373,1015.76,-1,-0.3847656, 0.02832031, -0.8803711, -0.02250004, -0.1415625, 0.09406257,125.6389,5,4,True,True,177
323915,3.873452,3.86264,1015.75,-1,-0.3847656, 0.03027344, -0.8803711, -0.006875038, -0.1571875, 0.07843757,125.6389,5,4,True,True,177
323989,3.460812,3.048172,1015.78,-1,-0.3847656, 0.02783203, -0.8798828, 0.02437496, -0.1415625, 0.04718757,125.6389,5,4,True,True,177
324063,4.658144,5.855476,1015.677,35.8997,-0.3847656, 0.02978516, -0.8803711, 0.05562496, -0.1884375, 0.06281257,125.6389,5,4,True,True,177
324139,3.12534,1.592537,1015.833,35.8997,-0.3852539, 0.02978516, -0.8789063, 0.02437496, -0.2196875, 0.09406257,125.6389,5,4,True,True,177
324214,3.649951,4.174561,1015.738,-1,-0.3837891, 0.02880859, -0.8808594, 0.02437496, -0.1259375, 0.1253126,125.6389,5,4,True,True,177
324400,4.47545,5.300949,1015.697,-1,-0.3837891, 0.02832031, -0.8798828, 0.05562496, -0.1415625, 0.09406257,125.6389,5,4,True,True,177
324476,4.888199,5.300949,1015.697,-1,-0.3852539, 0.02832031, -0.8798828, 0.02437496, -0.2196875, 0.1096876,125.6389,5,4,True,True,177
324554,3.968186,3.048172,1015.78,-1,-0.3823242, 0.02929688, -0.8808594, 0.008749962, -0.1728125, 0.09406257,125.6389,5,4,True,True,177
324644,4.227333,4.486481,1015.727,35.90883,-0.3837891, 0.02978516, -0.8798828, 0.05562496, -0.2040625, 0.1409376,125.6389,5,4,True,True,177
324725,2.788631,1.34993,1015.842,-1,-0.3847656, 0.02880859, -0.8818359, -0.03812504, -0.1728125, 0.1096876,125.6389,5,4,True,True,177
324805,2.069281,1.34993,1015.842,-1,-0.3842773, 0.03027344, -0.8828125, 0.05562496, -0.1728125, 0.09406257,125.6389,5,4,True,True,177
324886,1.570971,1.072662,1015.852,35.90883,-0.3842773, 0.02880859, -0.8813477, 0.05562496, -0.2040625, 0.1096876,125.6389,5,4,True,True,177
324965,3.028726,4.486481,1015.727,-1,-0.3842773, 0.02929688, -0.8798828, 0.008749962, -0.06343746, 0.09406257,125.6389,5,4,True,True,177
325045,2.622555,2.216385,1015.81,-1,-0.3857422, 0.02929688, -0.8798828, 0.05562496, -0.2196875, 0.07843757,125.6389,5,4,True,True,177
325128,2.124876,1.627197,1015.832,-1,-0.3842773, 0.02880859, -0.8818359, 0.05562496, -0.1571875, 0.09406257,125.6389,5,4,True,True,177
325211,3.305679,4.486481,1015.727,-1,-0.3837891, 0.02978516, -0.8798828, 0.03999996, -0.2040625, 0.07843757,125.6389,5,4,True,True,177
325292,2.899662,2.493645,1015.8,-1,-0.3852539, 0.02880859, -0.8803711, 0.03999996, -0.1571875, 0.07843757,125.6389,5,4,True,True,177
325537,3.259847,3.620033,1015.759,-1,-0.3842773, 0.02880859, -0.8808594, -0.006875038, -0.1728125, 0.1096876,125.6389,5,4,True,True,177
325601,2.876746,2.493645,1015.8,-1,-0.3842773, 0.02880859, -0.8793945, 0.05562496, -0.1884375, 0.07843757,125.6389,5,4,True,True,177
325668,3.109756,3.342766,1015.769,-1,-0.3852539, 0.02978516, -0.8813477, 0.02437496, -0.1884375, 0.1096876,125.6389,5,4,True,True,177
325732,3.928089,4.746422,1015.717,35.91796,-0.3828125, 0.02978516, -0.8798828, 0.03999996, -0.2196875, 0.07843757,125.6389,5,4,True,True,177
325799,4.926443,5.924797,1015.674,-1,-0.3842773, 0.02783203, -0.8818359, -0.006875038, -0.2040625, 0.06281257,125.6389,5,4,True,True,177
325864,4.567832,4.209221,1015.737,-1,-0.3842773, 0.02880859, -0.8793945, 0.02437496, -0.1415625, 0.1096876,125.6389,5,4,True,True,177
325952,5.090351,5.612869,1015.686,-1,-0.3847656, 0.02880859, -0.8808594, -0.02250004, -0.2509375, 0.06281257,125.6389,5,4,True,True,177
326023,5.36894,5.64753,1015.685,35.91796,-0.3847656, 0.02880859, -0.8793945, 0.03999996, -0.1884375, 0.04718757,125.6389,5,4,True,True,177
326095,3.654029,1.939117,1015.82,-1,-0.3847656, 0.02880859, -0.878418, 0.02437496, -0.1571875, 0.1409376,125.6389,5,4,True,True,177
326164,3.515728,3.377426,1015.768,-1,-0.3828125, 0.02880859, -0.8789063, 0.008749962, -0.2040625, 0.1409376,125.6389,5,4,True,True,177
326238,3.585211,3.654694,1015.757,35.91796,-0.3837891, 0.02880859, -0.8793945, -0.006875038, -0.1884375, 0.09406257,125.6389,5,4,True,True,177
326309,3.056758,2.528305,1015.799,-1,-0.3862305, 0.02929688, -0.8823242, 0.02437496, -0.1415625, 0.06281257,125.6389,5,4,True,True,177
326489,4.21351,5.370262,1015.695,-1,-0.3833008, 0.02783203, -0.8823242, 0.008749962, -0.1884375, 0.06281257,125.6389,5,4,True,True,177
326559,4.791886,5.370262,1015.695,-1,-0.3837891, 0.02929688, -0.8798828, 0.02437496, -0.2978125, 0.1253126,125.6389,5,4,True,True,177
326634,3.946023,3.100159,1015.778,35.93622,-0.3852539, 0.02929688, -0.8823242, -0.03812504, -0.2040625, 0.1096876,125.6389,5,4,True,True,177
326707,3.523091,3.100159,1015.778,-1,-0.3857422, 0.02929688, -0.8789063, 0.008749962, -0.1728125, 0.09406257,125.6389,5,4,True,True,177
326780,3.450258,3.377426,1015.768,-1,-0.3847656, 0.03027344, -0.8833008, 0.008749962, -0.1728125, 0.1565626,125.6389,5,4,True,True,177
326857,2.989282,2.528305,1015.799,-1,-0.3833008, 0.03027344, -0.8833008, 0.02437496, -0.2040625, 0.1096876,125.6389,5,4,True,True,177
326930,4.457039,5.924797,1015.674,-1,-0.3833008, 0.02880859, -0.8793945, -0.006875038, -0.2040625, 0.06281257,125.6389,5,4,True,True,177
327006,4.480427,4.503815,1015.726,-1,-0.3847656, 0.02880859, -0.8808594, 0.03999996, -0.2040625, 0.09406257,125.6389,5,4,True,True,177
327082,3.227102,1.973778,1015.819,-1,-0.3867188, 0.02929688, -0.8803711, 0.05562496, -0.2040625, 0.1253126,125.6389,5,4,True,True,177
327160,3.440898,3.654694,1015.757,-1,-0.3852539, 0.02929688, -0.8789063, -0.006875038, -0.1728125, 0.09406257,125.6389,5,4,True,True,177
327241,2.984601,2.528305,1015.799,-1,-0.3837891, 0.02978516, -0.8793945, 0.03999996, -0.1259375, 0.03156257,125.6389,5,4,True,True,177
327321,3.04238,3.100159,1015.778,-1,-0.3837891, 0.02929688, -0.8798828, 0.05562496, -0.2040625, 0.06281257,125.6389,5,4,True,True,177
327516,0.809833,-1.422714,1015.944,35.93622,-0.3852539, 0.02929688, -0.8808594, 0.02437496, -0.2040625, 0.07843757,125.6389,5,4,True,True,177
327597,3.653242,6.496651,1015.653,-1,-0.3852539, 0.02880859, -0.8803711, 0.05562496, -0.2040625, 0.06281257,125.6389,5,4,True,True,177
327680,4.936316,6.219391,1015.663,35.93622,-0.3833008, 0.02880859, -0.8798828, 0.02437496, -0.1571875, 0.1096876,125.6389,5,4,True,True,177
327762,3.749641,2.562965,1015.798,-1,-0.3862305, 0.03027344, -0.8798828, 0.008749962, -0.1103125, 0.07843757,125.6389,5,4,True,True,177
327856,3.28627,2.822899,1015.788,35.94535,-0.3837891, 0.02734375, -0.8798828, 0.02437496, -0.1415625, 0.07843757,125.6389,5,4,True,True,177
327941,3.773739,4.261208,1015.735,35.95448,-0.3842773, 0.02880859, -0.8779297, 0.02437496, -0.1259375, 0.09406257,125.6389,5,4,True,True,177
328073,4.450697,5.127655,1015.703,-1,-0.3833008, 0.02929688, -0.8793945, -0.02250004, -0.2353125, 0.1096876,125.6389,5,4,True,True,177
328139,5.491004,6.531311,1015.652,-1,-0.3842773, 0.02783203, -0.8798828, -0.006875038, -0.1259375, 0.1253126,125.6389,5,4,True,True,177
328204,4.312912,3.134819,1015.777,-1,-0.3847656, 0.02832031, -0.8803711, 0.02437496, -0.1728125, 0.09406257,125.6389,5,4,True,True,177
328268,3.723865,3.134819,1015.777,-1,-0.3847656, 0.02734375, -0.8798828, 0.03999996, -0.1415625, 0.07843757,125.6389,5,4,True,True,177
328334,4.13117,4.538475,1015.725,-1,-0.3847656, 0.02929688, -0.8813477, 0.02437496, -0.1728125, 0.07843757,125.6389,5,4,True,True,177
328402,3.494361,2.857552,1015.787,-1,-0.3847656, 0.02783203, -0.8789063, -0.03812504, -0.1415625, 0.1253126,125.6389,5,4,True,True,177
328579,2.881366,2.268372,1015.808,-1,-0.3852539, 0.03076172, -0.8803711, -0.02250004, -0.1415625, 0.04718757,125.6389,5,4,True,True,177
328647,2.574869,2.268372,1015.808,-1,-0.3857422, 0.02880859, -0.878418, 0.03999996, -0.1571875, 0.07843757,125.6389,5,4,True,True,177
328714,2.568917,2.562965,1015.798,-1,-0.3847656, 0.02880859, -0.8803711, 0.02437496, -0.1884375, 0.1253126,125.6389,5,4,True,True,177
328784,3.267766,3.966614,1015.746,-1,-0.3842773, 0.02832031, -0.8808594, 0.02437496, -0.1728125, 0.1096876,125.6389,5,4,True,True,177
328854,2.768069,2.268372,1015.808,-1,-0.3837891, 0.02978516, -0.8823242, -0.006875038, -0.1415625, 0.1096876,125.6389,5,4,True,True,177
328925,2.665517,2.562965,1015.798,-1,-0.3828125, 0.03027344, -0.8833008, -0.02250004, -0.2196875, 0.07843757,125.6389,5,4,True,True,177
328998,2.614241,2.562965,1015.798,-1,-0.3842773, 0.02880859, -0.8798828, 0.02437496, -0.2353125, 0.1096876,125.6389,5,4,True,True,177
329070,3.853622,5.093002,1015.704,-1,-0.3837891, 0.02880859, -0.8803711, 0.008749962, -0.2353125, 0.06281257,125.6389,5,4,True,True,177
329140,3.208293,2.562965,1015.798,-1,-0.3857422, 0.02978516, -0.8837891, 0.05562496, -0.1571875, 0.09406257,125.6389,5,4,True,True,177
329216,4.713842,6.219391,1015.663,-1,-0.3837891, 0.02832031, -0.8813477, 0.02437496, -0.2509375, 0.07843757,125.6389,5,4,True,True,177
329294,5.327983,5.942123,1015.673,35.94535,-0.3837891, 0.02832031, -0.8818359, -0.006875038, -0.1728125, 0.1096876,125.6389,5,4,True,True,177
329373,6.206911,7.085838,1015.632,35.95905,-0.3857422, 0.02832031, -0.8798828, 0.05562496, -0.1728125, 0.1096876,125.6389,5,4,True,True,177
329555,6.646375,7.085838,1015.632,-1,-0.3847656, 0.02832031, -0.8828125, -0.006875038, -0.2353125, 0.06281257,125.6389,5,4,True,True,177
329635,6.155615,5.664856,1015.683,35.95448,-0.3833008, 0.02880859, -0.8828125, 0.008749962, -0.1728125, 0.1253126,125.6389,5,4,True,True,177
329716,5.910235,5.664856,1015.683,-1,-0.3842773, 0.02978516, -0.8793945, 0.07124996, -0.1884375, 0.07843757,125.6389,5,4,True,True,177
329795,4.2366,2.562965,1015.798,35.94992,-0.3847656, 0.02880859, -0.8798828, 0.02437496, -0.2353125, 0.07843757,125.6389,5,4,True,True,177
329874,3.252486,2.268372,1015.808,35.95448,-0.3852539, 0.02832031, -0.8823242, 0.008749962, -0.1415625, 0.1409376,125.6389,5,4,True,True,177
329955,3.756847,4.261208,1015.735,-1,-0.3857422, 0.02978516, -0.8818359, 0.02437496, -0.1571875, 0.03156257,125.6389,5,4,True,True,177
330039,4.572222,5.387596,1015.693,35.95448,-0.3828125, 0.02880859, -0.8808594, 0.07124996, -0.2040625, 0.07843757,125.6389,5,4,True,True,177
330121,5.551766,6.531311,1015.652,-1,-0.3837891, 0.02734375, -0.8793945, 0.07124996, -0.2353125, 0.07843757,125.6389,5,4,True,True,177
330206,6.318802,7.085838,1015.632,35.95448,-0.3842773, 0.03027344, -0.8798828, 0.05562496, -0.1884375, 0.07843757,125.6389,5,4,True,True,177
330290,5.151371,3.98394,1015.745,35.95448,-0.3852539, 0.03076172, -0.8793945, 0.02437496, -0.1571875, 0.06281257,125.6389,5,4,True,True,177
330375,4.706289,4.261208,1015.735,35.96361,-0.3847656, 0.02929688, -0.8818359, -0.03812504, -0.1571875, 0.09406257,125.6389,5,4,True,True,177
330461,4.206485,3.70668,1015.755,35.95448,-0.3852539, 0.02978516, -0.8789063, 0.008749962, -0.2040625, 0.1096876,125.6389,5,4,True,True,177
330707,3.956583,3.70668,1015.755,35.97274,-0.3862305, 0.02734375, -0.8789063, -0.006875038, -0.2040625, 0.1253126,125.6389,5,4,True,True,177
330771,3.268437,2.580292,1015.797,-1,-0.3833008, 0.02832031, -0.8808594, 0.02437496, -0.1728125, 0.04718757,125.6389,5,4,True,True,177
330836,3.357588,3.446739,1015.765,35.98188,-0.3833008, 0.02880859, -0.8793945, -0.006875038, -0.2665625, 0.07843757,125.6389,5,4,True,True,177
330901,3.402164,3.446739,1015.765,-1,-0.3833008, 0.02978516, -0.8798828, 0.008749962, -0.1884375, 0.1096876,125.6389,5,4,True,True,177
330976,4.117612,4.833061,1015.714,35.98188,-0.3847656, 0.02929688, -0.8808594, 0.02437496, -0.2665625, 0.1096876,125.6389,5,4,True,True,177
331043,3.374945,2.632278,1015.795,-1,-0.3842773, 0.02734375, -0.8798828, 0.02437496, -0.1259375, 0.04718757,125.6389,5,4,True,True,177
331111,2.431755,1.488564,1015.837,-1,-0.3837891, 0.02929688, -0.8793945, -0.006875038, -0.1884375, 0.06281257,125.6389,5,4,True,True,177
331182,2.956577,3.4814,1015.764,-1,-0.3842773, 0.02978516, -0.8813477, 0.05562496, -0.1884375, 0.07843757,125.6389,5,4,True,True,177
331252,3.782183,4.607788,1015.722,-1,-0.3847656, 0.02880859, -0.8798828, -0.006875038, -0.2040625, 0.07843757,125.6389,5,4,True,True,177
331322,1.933545,0.08490753,1015.889,-1,-0.3837891, 0.02929688, -0.8833008, -0.02250004, -0.1884375, 0.03156257,125.6389,5,4,True,True,177
331393,3.54793,5.162315,1015.702,-1,-0.3842773, 0.02734375, -0.8833008, 0.03999996, -0.1884375, 0.07843757,125.6389,5,4,True,True,177
331467,3.921899,4.295868,1015.734,35.98188,-0.3847656, 0.02734375, -0.8803711, 0.03999996, -0.2040625, 0.06281257,125.6389,5,4,True,True,177
331653,4.403477,4.885056,1015.712,35.97731,-0.3842773, 0.02929688, -0.8803711, 0.02437496, -0.2196875, 0.07843757,125.6389,5,4,True,True,177
331727,4.219702,4.035927,1015.744,35.98188,-0.3847656, 0.02929688, -0.8798828, 0.02437496, -0.1728125, 0.09406257,125.6389,5,4,True,True,177
331797,4.552379,4.885056,1015.712,-1,-0.3857422, 0.02880859, -0.8818359, 0.08687496, -0.1728125, 0.1096876,125.6389,5,4,True,True,177
331870,4.155523,3.758667,1015.754,-1,-0.3837891, 0.02929688, -0.8808594, 0.008749962, -0.2353125, 0.1096876,125.6389,5,4,True,True,177
331945,4.381656,4.607788,1015.722,-1,-0.3842773, 0.02978516, -0.8793945, 0.02437496, -0.1884375, 0.06281257,125.6389,5,4,True,True,177
332025,4.910619,5.439583,1015.692,-1,-0.3833008, 0.02832031, -0.8793945, 0.008749962, -0.1884375, 0.01593757,125.6389,5,4,True,True,177
332103,3.199591,1.488564,1015.837,35.98188,-0.3847656, 0.02880859, -0.8818359, 0.05562496, -0.2040625, 0.1409376,125.6389,5,4,True,True,177
332183,3.90369,4.607788,1015.722,35.98188,-0.3857422, 0.02832031, -0.8813477, 0.02437496, -0.1728125, 0.1253126,125.6389,5,4,True,True,177
332264,3.267984,2.632278,1015.795,35.97274,-0.3847656, 0.02880859, -0.8803711, -0.02250004, -0.1259375, 0.1253126,125.6389,5,4,True,True,177
332344,4.07652,4.885056,1015.712,-1,-0.3862305, 0.02929688, -0.8779297, -0.006875038, -0.2353125, 0.1096876,125.6389,5,4,True,True,177
332425,5.459876,6.843231,1015.64,35.991,-0.3828125, 0.02734375, -0.8793945, 0.02437496, -0.2040625, 0.07843757,125.6389,5,4,True,True,177
332505,5.033832,4.607788,1015.722,-1,-0.3857422, 0.02832031, -0.8808594, 0.008749962, -0.1884375, 0.09406257,125.6389,5,4,True,True,177
332695,4.682176,4.330521,1015.732,35.98644,-0.3833008, 0.02783203, -0.8798828, -0.02250004, -0.2509375, 0.1096876,125.6389,5,4,True,True,177
332776,3.943158,3.20414,1015.774,-1,-0.3847656, 0.02929688, -0.8808594, 0.05562496, -0.1415625, 0.06281257,125.6389,5,4,True,True,177
332860,4.994627,6.046097,1015.67,35.991,-0.3847656, 0.02783203, -0.8818359, 0.03999996, -0.1884375, 0.07843757,125.6389,5,4,True,True,177
332941,3.96075,2.926872,1015.784,-1,-0.3837891, 0.02978516, -0.8813477, 0.02437496, -0.2040625, 0.1096876,125.6389,5,4,True,True,177
333026,4.007005,4.053261,1015.743,35.991,-0.3842773, 0.02783203, -0.8813477, 0.02437496, -0.2196875, 0.07843757,125.6389,5,4,True,True,177
333162,3.891499,3.775993,1015.753,-1,-0.3842773, 0.02783203, -0.8779297, 0.02437496, -0.1884375, 0.06281257,125.6389,5,4,True,True,177
333227,2.707358,1.523216,1015.836,-1,-0.3833008, 0.02734375, -0.8828125, 0.08687496, -0.2196875, 0.09406257,125.6389,5,4,True,True,177
333295,4.376727,6.046097,1015.67,36.00013,-0.3842773, 0.02880859, -0.8798828, 0.02437496, -0.1728125, 0.07843757,125.6389,5,4,True,True,177
333361,4.665548,4.954369,1015.71,-1,-0.3852539, 0.02929688, -0.8803711, -0.05375004, -0.2353125, 0.09406257,125.6389,5,4,True,True,177
333427,4.515365,4.365181,1015.731,-1,-0.3842773, 0.02929688, -0.8808594, 0.03999996, -0.1728125, 0.09406257,125.6389,5,4,True,True,177
333496,3.599815,2.684265,1015.793,-1,-0.3833008, 0.02978516, -0.8789063, 0.008749962, -0.1728125, 0.09406257,125.6389,5,4,True,True,177
333566,3.14204,2.684265,1015.793,36.00927,-0.3857422, 0.02929688, -0.8798828, 0.008749962, -0.2040625, 0.1409376,125.6389,5,4,True,True,177
333747,3.476347,3.810654,1015.751,36.0184,-0.3857422, 0.02734375, -0.8789063, -0.02250004, -0.1259375, 0.09406257,125.6389,5,4,True,True,177
333817,3.080306,2.684265,1015.793,36.02296,-0.3852539, 0.03076172, -0.8793945, -0.006875038, -0.2196875, 0.09406257,125.6389,5,4,True,True,177
333887,4.017337,4.954369,1015.71,36.0184,-0.3857422, 0.02880859, -0.8793945, 0.03999996, -0.1884375, 0.03156257,125.6389,5,4,True,True,177
333957,3.350801,2.684265,1015.793,36.02753,-0.3847656, 0.02880859, -0.8803711, 0.03999996, -0.1728125, 0.03156257,125.6389,5,4,True,True,177
334037,4.438516,5.52623,1015.689,36.0184,-0.3842773, 0.02978516, -0.8798828, -0.02250004, -0.1728125, 0.07843757,125.6389,5,4,True,True,177
334112,3.838654,3.238792,1015.773,36.00927,-0.3837891, 0.02929688, -0.8808594, -0.02250004, -0.2196875, 0.1253126,125.6389,5,4,True,True,177
334184,3.807324,3.775993,1015.753,-1,-0.3847656, 0.02929688, -0.8803711, 0.008749962, -0.2509375, 0.07843757,125.6389,5,4,True,True,177
334254,2.52664,1.245956,1015.846,-1,-0.3842773, 0.02929688, -0.8823242, 0.03999996, -0.2353125, 0.09406257,125.6389,5,4,True,True,177
334329,2.302196,2.077751,1015.815,-1,-0.3847656, 0.02880859, -0.8808594, -0.03812504, -0.2040625, 0.1253126,125.6389,5,4,True,True,177
334403,2.467237,2.632278,1015.795,35.98188,-0.3842773, 0.02978516, -0.8813477, 0.03999996, -0.1415625, 0.1409376,125.6389,5,4,True,True,177
334478,3.95341,5.439583,1015.692,-1,-0.3842773, 0.02880859, -0.8803711, 0.07124996, -0.2040625, 0.09406257,125.6389,5,4,True,True,177
334553,4.965097,5.976784,1015.672,35.96818,-0.3842773, 0.02978516, -0.8803711, -0.03812504, -0.2040625, 0.07843757,125.6389,5,4,True,True,177
334739,4.769113,4.573128,1015.724,35.98188,-0.3847656, 0.02783203, -0.8789063, 0.07124996, -0.2040625, 0.09406257,125.6389,5,4,True,True,177
334816,3.700696,2.632278,1015.795,-1,-0.3828125, 0.02880859, -0.8789063, -0.006875038, -0.1259375, 0.1096876,125.6389,5,4,True,True,177
334893,3.573717,3.446739,1015.765,35.96818,-0.3842773, 0.02880859, -0.8789063, 0.02437496, -0.1728125, 0.09406257,125.6389,5,4,True,True,177
334970,1.811986,0.05025482,1015.89,-1,-0.3847656, 0.02832031, -0.8803711, -0.006875038, -0.1415625, 0.1096876,125.6389,5,4,True,True,177
335049,4.457575,7.103165,1015.631,-1,-0.3867188, 0.02929688, -0.8837891, 0.08687496, -0.1884375, 0.01593757,125.6389,5,4,True,True,177
335130,3.233003,2.00843,1015.818,35.96361,-0.3852539, 0.02978516, -0.8818359, -0.02250004, -0.2196875, 0.1409376,125.6389,5,4,True,True,177
335210,4.882157,6.531311,1015.652,35.95448,-0.3852539, 0.02832031, -0.8798828, 0.03999996, -0.2196875, 0.1096876,125.6389,5,4,True,True,177
335292,4.857609,4.833061,1015.714,-1,-0.3852539, 0.02832031, -0.8813477, 0.008749962, -0.2040625, 0.06281257,125.6389,5,4,True,True,177
335372,5.69446,6.531311,1015.652,-1,-0.3847656, 0.02783203, -0.8813477, 0.03999996, -0.1415625, 0.06281257,125.6389,5,4,True,True,177
335456,5.705651,5.716843,1015.682,-1,-0.3847656, 0.02978516, -0.8813477, 0.02437496, -0.1884375, 0.1096876,125.6389,5,4,True,True,177
335540,5.269356,4.833061,1015.714,-1,-0.3847656, 0.02880859, -0.8798828, 0.07124996, -0.09468746, 0.07843757,125.6389,5,4,True,True,177
335697,5.354469,5.439583,1015.692,-1,-0.3862305, 0.02929688, -0.878418, 0.03999996, -0.2353125, 0.1096876,125.6389,5,4,True,True,177
335872,3.993374,2.632278,1015.795,-1,-0.3833008, 0.02929688, -0.8798828, -0.006875038, -0.1728125, 0.1096876,125.6389,5,4,True,True,177
335936,3.87602,3.758667,1015.754,-1,-0.3847656, 0.02929688, -0.8803711, -0.006875038, -0.1415625, 0.07843757,125.6389,5,4,True,True,177
336003,5.65422,7.432419,1015.619,-1,-0.3842773, 0.02929688, -0.8818359, -0.05375004, -0.1415625, 0.06281257,125.6389,5,4,True,True,177
336070,5.269638,4.885056,1015.712,-1,-0.3852539, 0.02929688, -0.8789063, 0.008749962, -0.1571875, 0.09406257,125.6389,5,4,True,True,177
336137,4.522816,3.775993,1015.753,-1,-0.3847656, 0.02929688, -0.8823242, 0.02437496, -0.1415625, 0.07843757,125.6389,5,4,True,True,177
336205,3.023016,1.523216,1015.836,36.00013,-0.3833008, 0.02832031, -0.8833008, 0.02437496, -0.2353125, 0.09406257,125.6389,5,4,True,True,177
336273,3.399505,3.775993,1015.753,-1,-0.3833008, 0.02880859, -0.8813477, 0.05562496, -0.1728125, 0.1096876,125.6389,5,4,True,True,177
336341,3.587749,3.775993,1015.753,-1,-0.3842773, 0.02783203, -0.8803711, 0.08687496, -0.2040625, 0.06281257,125.6389,5,4,True,True,177
336408,2.980047,2.372345,1015.804,-1,-0.3847656, 0.02978516, -0.8813477, 0.05562496, -0.2353125, 0.1096876,125.6389,5,4,True,True,177
336478,3.672614,4.365181,1015.731,-1,-0.3837891, 0.02734375, -0.8818359, 0.02437496, -0.1884375, 0.04718757,125.6389,5,4,True,True,177
336547,3.17844,2.684265,1015.793,-1,-0.3837891, 0.02832031, -0.8823242, -0.02250004, -0.1884375, 0.07843757,125.6389,5,4,True,True,177
336618,2.498125,1.81781,1015.825,-1,-0.3857422, 0.02929688, -0.8803711, 0.05562496, -0.1728125, 0.07843757,125.6389,5,4,True,True,177
336802,2.313931,2.129738,1015.813,-1,-0.3847656, 0.02929688, -0.8798828, 0.05562496, -0.1259375, 0.09406257,125.6389,5,4,True,True,177
336878,2.499098,2.684265,1015.793,36.02753,-0.3833008, 0.02832031, -0.8803711, 0.02437496, -0.1884375, 0.09406257,125.6389,5,4,True,True,177
336950,3.154876,3.810654,1015.751,-1,-0.3842773, 0.02880859, -0.8813477, 0.03999996, -0.1728125, 0.07843757,125.6389,5,4,True,True,177
337025,3.205501,3.256126,1015.772,-1,-0.3847656, 0.02929688, -0.8793945, 0.02437496, -0.1259375, 0.07843757,125.6389,5,4,True,True,177
337100,3.230814,3.256126,1015.772,-1,-0.3847656, 0.02880859, -0.8823242, 0.05562496, -0.1415625, 0.07843757,125.6389,5,4,True,True,177
337183,4.092591,4.954369,1015.71,-1,-0.3862305, 0.02832031, -0.8818359, -0.006875038, -0.1884375, 0.07843757,125.6389,5,4,True,True,177
337260,3.968949,3.845306,1015.75,-1,-0.3847656, 0.02929688, -0.8793945, 0.008749962, -0.1728125, 0.07843757,125.6389,5,4,True,True,177
337339,3.343937,2.718925,1015.792,36.04579,-0.3842773, 0.02880859, -0.8803711, 0.05562496, -0.2821875, 0.1096876,125.6389,5,4,True,True,177
337415,3.594622,3.845306,1015.75,-1,-0.3852539, 0.03027344, -0.8793945, -0.006875038, -0.2196875, 0.07843757,125.6389,5,4,True,True,177
337493,3.451367,3.308113,1015.77,36.05492,-0.3837891, 0.03076172, -0.8793945, 0.008749962, -0.1728125, 0.06281257,125.6389,5,4,True,True,177
337574,4.783389,6.11541,1015.667,36.04123,-0.3837891, 0.02832031, -0.8803711, -0.02250004, -0.1728125, 0.09406257,125.6389,5,4,True,True,177
337654,3.612523,2.441658,1015.802,36.03666,-0.3837891, 0.02832031, -0.8803711, 0.07124996, -0.1571875, 0.06281257,125.6389,5,4,True,True,177
337845,3.728915,3.845306,1015.75,-1,-0.3852539, 0.02978516, -0.8813477, -0.006875038, -0.2040625, 0.06281257,125.6389,5,4,True,True,177
337929,4.627572,5.52623,1015.689,36.03209,-0.3837891, 0.02832031, -0.8793945, 0.02437496, -0.2040625, 0.1253126,125.6389,5,4,True,True,177
338014,3.248684,1.869797,1015.823,36.03666,-0.3828125, 0.02832031, -0.8833008, 0.1025, -0.1571875, 0.07843757,125.6389,5,4,True,True,177
338097,2.983805,2.718925,1015.792,-1,-0.3847656, 0.02978516, -0.8833008, 0.03999996, -0.2040625, 0.07843757,125.6389,5,4,True,True,177
338180,3.986417,4.989029,1015.709,-1,-0.3852539, 0.02832031, -0.878418, 0.05562496, -0.1728125, 0.01593757,125.6389,5,4,True,True,177
338316,2.780814,1.575211,1015.833,36.03666,-0.3828125, 0.02783203, -0.8828125, 0.02437496, -0.2509375, 0.1096876,125.6389,5,4,True,True,177
338380,3.17443,3.568047,1015.76,-1,-0.3837891, 0.02880859, -0.8798828, 0.03999996, -0.1415625, 0.09406257,125.6389,5,4,True,True,177
338446,2.24485,1.315269,1015.843,36.04123,-0.3837891, 0.02978516, -0.878418, -0.02250004, -0.1728125, 0.06281257,125.6389,5,4,True,True,177
338513,2.637848,3.030846,1015.78,-1,-0.3862305, 0.02880859, -0.8798828, 0.05562496, -0.2040625, 0.09406257,125.6389,5,4,True,True,177
338581,3.241577,3.845306,1015.75,36.04123,-0.3857422, 0.02929688, -0.8813477, 0.05562496, -0.1571875, 0.1096876,125.6389,5,4,True,True,177
338646,2.139793,1.03801,1015.853,-1,-0.3842773, 0.02880859, -0.8798828, -0.006875038, -0.2040625, 0.1253126,125.6389,5,4,True,True,177
338713,2.85392,3.568047,1015.76,-1,-0.3833008, 0.02880859, -0.8808594, 0.05562496, -0.1728125, 0.06281257,125.6389,5,4,True,True,177
338888,2.803749,2.753578,1015.791,-1,-0.3852539, 0.02929688, -0.8798828, 0.03999996, -0.1571875, 0.09406257,125.6389,5,4,True,True,177
338956,2.059509,1.315269,1015.843,-1,-0.3847656, 0.02929688, -0.8808594, -0.02250004, -0.1571875, 0.06281257,125.6389,5,4,True,True,177
339028,2.952408,3.845306,1015.75,-1,-0.3847656, 0.02685547, -0.8808594, 0.02437496, -0.2353125, 0.06281257,125.6389,5,4,True,True,177
339097,3.13026,3.308113,1015.77,36.04123,-0.3847656, 0.02783203, -0.8798828, 0.03999996, -0.1415625, 0.03156257,125.6389,5,4,True,True,177
339171,3.643747,4.157234,1015.739,36.04579,-0.3852539, 0.02880859, -0.8798828, 0.03999996, -0.1728125, 0.07843757,125.6389,5,4,True,True,177
339244,3.744527,3.845306,1015.75,-1,-0.3842773, 0.02880859, -0.8798828, 0.05562496, -0.1884375, 0.07843757,125.6389,5,4,True,True,177
339316,3.52632,3.308113,1015.77,36.05492,-0.3847656, 0.02880859, -0.8803711, 0.02437496, -0.1884375, 0.06281257,125.6389,5,4,True,True,177
339389,4.257674,4.989029,1015.709,-1,-0.3857422, 0.02929688, -0.8818359, 0.02437496, -0.1571875, 0.1096876,125.6389,5,4,True,True,177
339464,5.186542,6.11541,1015.667,-1,-0.3837891, 0.02832031, -0.8798828, 0.02437496, -0.1415625, 0.09406257,125.6389,5,4,True,True,177
339537,5.356386,5.52623,1015.689,-1,-0.3847656, 0.02783203, -0.8808594, 0.02437496, -0.1415625, 0.1409376,125.6389,5,4,True,True,177
339613,5.311337,5.266289,1015.698,-1,-0.3837891, 0.02832031, -0.8793945, 0.03999996, -0.1415625, 0.1096876,125.6389,5,4,True,True,177
339692,5.288813,5.266289,1015.698,36.02753,-0.3852539, 0.02978516, -0.8803711, 0.008749962, -0.1415625, 0.1096876,125.6389,5,4,True,True,177
339880,3.986539,2.684265,1015.793,-1,-0.3833008, 0.03027344, -0.8808594, 0.08687496, -0.2040625, 0.09406257,125.6389,5,4,True,True,177
339956,3.058138,2.129738,1015.813,-1,-0.3852539, 0.02783203, -0.8818359, -0.03812504, -0.2196875, 0.03156257,125.6389,5,4,True,True,177
340033,4.006253,4.954369,1015.71,36.03666,-0.3842773, 0.02880859, -0.8813477, 0.02437496, -0.2040625, 0.1096876,125.6389,5,4,True,True,177
340110,5.329432,6.652611,1015.647,-1,-0.3842773, 0.02880859, -0.8789063, 0.02437496, -0.1415625, 0.07843757,125.6389,5,4,True,True,177
340193,4.162808,2.996185,1015.781,36.03666,-0.3847656, 0.02978516, -0.8798828, 0.02437496, -0.1571875, 0.07843757,125.6389,5,4,True,True,177
340282,4.281325,4.399841,1015.73,-1,-0.3837891, 0.02832031, -0.8803711, -0.006875038, -0.1728125, 0.09406257,125.6389,5,4,True,True,177
340365,5.059737,5.83815,1015.677,-1,-0.3842773, 0.02880859, -0.8813477, -0.03812504, -0.1728125, 0.09406257,125.6389,5,4,True,True,177
340449,4.729789,4.399841,1015.73,36.04123,-0.3852539, 0.02880859, -0.8803711, 0.05562496, -0.1571875, 0.1409376,125.6389,5,4,True,True,177
340529,3.724357,2.718925,1015.792,36.03666,-0.3852539, 0.02929688, -0.8818359, 0.1025, -0.1259375, 0.09406257,125.6389,5,4,True,True,177
340614,4.919884,6.11541,1015.667,-1,-0.3842773, 0.02880859, -0.8813477, -0.02250004, -0.2509375, 0.1565626,125.6389,5,4,True,True,177
340696,4.382595,3.845306,1015.75,-1,-0.3842773, 0.02832031, -0.8793945, 0.05562496, -0.1884375, 0.07843757,125.6389,5,4,True,True,177
340830,3.845354,3.308113,1015.77,36.03666,-0.3847656, 0.02929688, -0.8813477, 0.02437496, -0.2040625, 0.09406257,125.6389,5,4,True,True,177
341006,3.84533,3.845306,1015.75,-1,-0.3852539, 0.02929688, -0.8798828, 0.02437496, -0.1571875, 0.1253126,125.6389,5,4,True,True,177
341069,3.845318,3.845306,1015.75,36.04579,-0.3852539, 0.02734375, -0.8823242, 0.008749962, -0.1728125, 0.06281257,125.6389,5,4,True,True,177
341131,4.27854,4.711761,1015.719,-1,-0.3862305, 0.02929688, -0.8798828, 0.03999996, -0.1728125, 0.04718757,125.6389,5,4,True,True,177
341196,3.793326,3.308113,1015.77,36.03666,-0.3847656, 0.03076172, -0.8813477, 0.02437496, -0.1415625, 0.1253126,125.6389,5,4,True,True,177
341265,2.840229,1.887131,1015.822,36.04123,-0.3842773, 0.02832031, -0.8803711, -0.006875038, -0.1728125, 0.07843757,125.6389,5,4,True,True,177
341331,3.074171,3.308113,1015.77,-1,-0.3852539, 0.02880859, -0.8818359, 0.05562496, -0.1884375, 0.07843757,125.6389,5,4,True,True,177
341401,3.321109,3.568047,1015.76,36.05035,-0.3852539, 0.02832031, -0.8793945, -0.02250004, -0.1728125, 0.07843757,125.6389,5,4,True,True,177
341468,3.583208,3.845306,1015.75,-1,-0.3847656, 0.02978516, -0.8813477, 0.08687496, -0.09468746, 0.09406257,125.6389,5,4,True,True,177
341540,2.873799,2.164391,1015.812,36.05035,-0.3847656, 0.02734375, -0.8823242, 0.08687496, -0.2196875, 0.01593757,125.6389,5,4,True,True,177
341610,3.220923,3.568047,1015.76,-1,-0.3857422, 0.02929688, -0.8808594, 0.02437496, -0.1884375, 0.04718757,125.6389,5,4,True,True,177
341683,3.533115,3.845306,1015.75,-1,-0.3842773, 0.02880859, -0.8818359, -0.006875038, -0.2665625, 0.1409376,125.6389,5,4,True,True,177
341756,4.824262,6.11541,1015.667,36.04579,-0.3852539, 0.2495117, -0.0004882813, -1.71, 7.936563, -2.937187,125.6389,5,4,True,True,177
341936,4.473418,4.122574,1015.74,-1,-0.3842773, 0.02880859, -0.8833008, 0.02437496, -0.1415625, 0.07843757,125.6389,5,4,True,True,177
342011,4.43663,4.399841,1015.73,36.03209,-0.3842773, 0.02685547, -0.8828125, 0.03999996, -0.1728125, 0.1096876,125.6389,5,4,True,True,177
342087,4.695499,4.954369,1015.71,36.02753,-0.3847656, 0.02880859, -0.8828125, -0.05375004, -0.2040625, 0.07843757,125.6389,5,4,True,True,177
342163,3.551249,2.406998,1015.803,36.02753,-0.3842773, 0.02832031, -0.8828125, 0.03999996, -0.2040625, 0.07843757,125.6389,5,4,True,True,177
342241,3.958215,4.365181,1015.731,36.0184,-0.3837891, 0.02929688, -0.8823242, -0.03812504, -0.1571875, 0.09406257,125.6389,5,4,True,True,177
342318,4.586258,5.214302,1015.7,36.00927,-0.3852539, 0.02880859, -0.8823242, 0.02437496, -0.1415625, 0.07843757,125.6389,5,4,True,True,177
342397,4.337086,4.087914,1015.741,36.0047,-0.3842773, 0.02978516, -0.8813477, 0.008749962, -0.1728125, 0.09406257,125.6389,5,4,True,True,177
342474,3.510675,2.684265,1015.793,-1,-0.3842773, 0.02929688, -0.8828125, 0.008749962, -0.1884375, 0.07843757,125.6389,5,4,True,True,177
342553,3.236104,2.961533,1015.783,-1,-0.3842773, 0.02880859, -0.8808594, -0.02250004, -0.1259375, 0.06281257,125.6389,5,4,True,True,177
342634,2.39699,1.557877,1015.835,-1,-0.3837891, 0.02978516, -0.8793945, 0.07124996, -0.2353125, 0.1878126,125.6389,5,4,True,True,177
342715,2.540628,2.684265,1015.793,-1,-0.3852539, 0.03027344, -0.8793945, 0.02437496, -0.2040625, 0.1096876,125.6389,5,4,True,True,177
342799,2.612446,2.684265,1015.793,36.0184,-0.3828125, 0.02783203, -0.8842773, -0.006875038, -0.1728125, 0.07843757,125.6389,5,4,True,True,177
342989,4.502562,6.392677,1015.657,-1,-0.3852539, 0.02880859, -0.8789063, 0.05562496, -0.2353125, 0.1096876,125.6389,5,4,True,True,177
343070,3.749373,2.996185,1015.781,-1,-0.3862305, 0.02880859, -0.8813477, -0.006875038, -0.1728125, 0.07843757,125.6389,5,4,True,True,177
343154,3.79734,3.845306,1015.75,-1,-0.3837891, 0.03027344, -0.8818359, 0.02437496, -0.09468746, 0.09406257,125.6389,5,4,True,True,177
343238,5.224976,6.652611,1015.647,36.04123,-0.3847656, 0.03027344, -0.8803711, -0.006875038, -0.2196875, 0.07843757,125.6389,5,4,True,True,177
343325,4.535141,3.845306,1015.75,36.02753,-0.3828125, 0.02832031, -0.8818359, 0.008749962, -0.1728125, 0.07843757,125.6389,5,4,True,True,177
343468,4.190224,3.845306,1015.75,36.03666,-0.3842773, 0.02978516, -0.8813477, 0.05562496, -0.1884375, 0.07843757,125.6389,5,4,True,True,177
343530,5.152817,6.11541,1015.667,-1,-0.3852539, 0.02880859, -0.8813477, 0.07124996, -0.2665625, 0.1253126,125.6389,5,4,True,True,177
343595,5.902714,6.652611,1015.647,-1,-0.3842773, 0.02929688, -0.8833008, 0.02437496, -0.1571875, 0.06281257,125.6389,5,4,True,True,177
343660,4.87401,3.845306,1015.75,-1,-0.3828125, 0.02978516, -0.8823242, -0.006875038, -0.1884375, 0.06281257,125.6389,5,4,True,True,177
343728,5.49471,6.11541,1015.667,-1,-0.3833008, 0.02978516, -0.8813477, 0.05562496, -0.1884375, 0.04718757,125.6389,5,4,True,True,177
343795,5.241869,4.989029,1015.709,-1,-0.3837891, 0.02978516, -0.8803711, 0.02437496, -0.1728125, 0.07843757,125.6389,5,4,True,True,177
343866,5.115449,4.989029,1015.709,36.03666,-0.3837891, 0.02832031, -0.8813477, -0.006875038, -0.1728125, 0.09406257,125.6389,5,4,True,True,177
344048,5.476799,5.83815,1015.677,-1,-0.3847656, 0.02929688, -0.8808594, 0.008749962, -0.1884375, 0.09406257,125.6389,5,4,True,True,177
344116,4.253822,3.030846,1015.78,-1,-0.3857422, 0.02880859, -0.8837891, 0.008749962, -0.1571875, 0.1096876,125.6389,5,4,True,True,177
344188,5.184616,6.11541,1015.667,-1,-0.3837891, 0.02880859, -0.8823242, -0.006875038, -0.1415625, 0.1096876,125.6389,5,4,True,True,177
344257,5.372749,5.560883,1015.687,-1,-0.3842773, 0.02880859, -0.8803711, 0.03999996, -0.1884375, 0.1096876,125.6389,5,4,True,True,177
344331,5.466816,5.560883,1015.687,36.04579,-0.3857422, 0.02832031, -0.8833008, 0.03999996, -0.1728125, 0.07843757,125.6389,5,4,True,True,177
344401,4.248831,3.030846,1015.78,-1,-0.3833008, 0.02734375, -0.8828125, 0.02437496, -0.1728125, 0.07843757,125.6389,5,4,True,True,177
344472,3.908439,3.568047,1015.76,36.05035,-0.3828125, 0.02832031, -0.8789063, 0.02437496, -0.1728125, 0.1096876,125.6389,5,4,True,True,177
344543,3.036415,2.164391,1015.812,-1,-0.3867188, 0.02734375, -0.8818359, -0.02250004, -0.2196875, 0.06281257,125.6389,5,4,True,True,177
344638,4.298649,5.560883,1015.687,-1,-0.3847656, 0.02880859, -0.8823242, 0.02437496, -0.1259375, 0.07843757,125.6389,5,4,True,True,177
344717,3.803381,3.308113,1015.77,36.04579,-0.3852539, 0.02929688, -0.8833008, -0.006875038, -0.2040625, 0.1096876,125.6389,5,4,True,True,177
344793,3.980308,4.157234,1015.739,-1,-0.3852539, 0.03027344, -0.8828125, 0.03999996, -0.1728125, 0.04718757,125.6389,5,4,True,True,177
344872,2.933719,1.887131,1015.822,36.05035,-0.3842773, 0.02929688, -0.8823242, 0.02437496, -0.2040625, 0.06281257,125.6389,5,4,True,True,177
345058,3.120916,3.308113,1015.77,-1,-0.3837891, 0.02880859, -0.8823242, 0.02437496, -0.1259375, 0.1096876,125.6389,5,4,True,True,177
345135,4.340899,5.560883,1015.687,-1,-0.3837891, 0.02929688, -0.8798828, -0.03812504, -0.2040625, 0.07843757,125.6389,5,4,True,True,177
345212,4.249067,4.157234,1015.739,36.04579,-0.3837891, 0.02783203, -0.8803711, 0.02437496, -0.1728125, 0.07843757,125.6389,5,4,True,True,177
345293,3.068099,1.887131,1015.822,36.05035,-0.3833008, 0.02783203, -0.8808594, 0.02437496, -0.1728125, 0.09406257,125.6389,5,4,True,True,177
345373,3.474033,3.879967,1015.749,-1,-0.3857422, 0.02978516, -0.8818359, 0.02437496, -0.2040625, 0.07843757,125.6389,5,4,True,True,177
345456,4.812052,6.15007,1015.666,-1,-0.3833008, 0.02929688, -0.8803711, 0.02437496, -0.2040625, 0.1096876,125.6389,5,4,True,True,177
345536,3.930112,3.048172,1015.779,-1,-0.3852539, 0.02978516, -0.878418, 0.02437496, -0.1728125, 0.1253126,125.6389,5,4,True,True,177
345616,3.905039,3.879967,1015.749,-1,-0.3847656, 0.02783203, -0.8813477, 0.008749962, -0.1259375, 0.04718757,125.6389,5,4,True,True,177
345699,4.455697,5.006355,1015.708,-1,-0.3837891, 0.02832031, -0.8803711, -0.006875038, -0.1884375, 0.06281257,125.6389,5,4,True,True,177
345779,4.731026,5.006355,1015.708,-1,-0.3842773, 0.02832031, -0.8823242, 0.02437496, -0.1571875, 0.09406257,125.6389,5,4,True,True,177
345864,3.326409,1.921791,1015.821,36.05949,-0.3837891, 0.02832031, -0.8833008, 0.1025, -0.1884375, 0.1096876,125.6389,5,4,True,True,177
346000,2.901363,2.476318,1015.801,36.05492,-0.3837891, 0.02929688, -0.8813477, -0.006875038, -0.1415625, 0.06281257,125.6389,5,4,True,True,177
346175,2.116983,1.332603,1015.842,-1,-0.3837891, 0.02832031, -0.8798828, -0.02250004, -0.2353125, 0.1409376,125.6389,5,4,True,True,177
346246,2.859845,3.602707,1015.759,36.05949,-0.3847656, 0.02880859, -0.878418, -0.006875038, -0.1571875, 0.09406257,125.6389,5,4,True,True,177
346311,3.9331,5.006355,1015.708,-1,-0.3857422, 0.02978516, -0.8798828, 0.03999996, -0.2353125, 0.07843757,125.6389,5,4,True,True,177
346376,3.906533,3.879967,1015.749,-1,-0.3862305, 0.02880859, -0.8798828, -0.006875038, -0.1884375, 0.09406257,125.6389,5,4,True,True,177
346442,5.305565,6.704597,1015.646,-1,-0.3842773, 0.02929688, -0.8798828, 0.008749962, -0.2196875, 0.04718757,125.6389,5,4,True,True,177
346510,4.315502,3.325439,1015.769,36.05492,-0.3847656, 0.02880859, -0.8798828, -0.006875038, -0.1884375, 0.1096876,125.6389,5,4,True,True,177
346585,4.660929,5.006355,1015.708,-1,-0.3862305, 0.02832031, -0.8813477, -0.006875038, -0.2040625, 0.07843757,125.6389,5,4,True,True,177
346656,4.131818,3.602707,1015.759,36.05492,-0.3847656, 0.02832031, -0.8833008, -0.006875038, -0.1415625, 0.1409376,125.6389,5,4,True,True,177
346728,4.569087,5.006355,1015.708,-1,-0.3852539, 0.02929688, -0.8813477, 0.008749962, -0.1728125, 0.1253126,125.6389,5,4,True,True,177
346801,4.224526,3.879967,1015.749,36.05492,-0.3837891, 0.02783203, -0.8847656, -0.006875038, -0.1728125, 0.09406257,125.6389,5,4,True,True,177
346872,3.627686,3.030846,1015.78,36.04123,-0.3852539, 0.02832031, -0.8798828, 0.03999996, -0.1571875, 0.1253126,125.6389,5,4,True,True,177
346945,4.455654,5.283623,1015.697,36.05035,-0.3847656, 0.02832031, -0.8808594, 0.008749962, -0.1884375, 0.07843757,125.6389,5,4,True,True,177
347131,3.310022,2.164391,1015.812,36.05492,-0.3852539, 0.02929688, -0.8798828, 0.03999996, -0.2196875, 0.1096876,125.6389,5,4,True,True,177
347207,4.435452,5.560883,1015.687,36.05035,-0.3852539, 0.02783203, -0.8798828, 0.07124996, -0.09468746, 0.1096876,125.6389,5,4,True,True,177
347283,3.871783,3.308113,1015.77,-1,-0.3847656, 0.02978516, -0.8803711, 0.02437496, -0.1728125, 0.09406257,125.6389,5,4,True,True,177
347357,4.153138,4.434494,1015.729,-1,-0.3842773, 0.02832031, -0.8803711, -0.006875038, -0.1415625, 0.1253126,125.6389,5,4,True,True,177
347436,4.579747,5.006355,1015.708,36.06405,-0.3833008, 0.02880859, -0.8813477, 0.008749962, -0.1884375, 0.09406257,125.6389,5,4,True,True,177
347513,3.666662,2.753578,1015.791,-1,-0.3833008, 0.02880859, -0.8803711, 0.03999996, -0.1728125, 0.09406257,125.6389,5,4,True,True,177
347592,4.336509,5.006355,1015.708,-1,-0.3852539, 0.02929688, -0.8803711, 0.05562496, -0.1728125, 0.09406257,125.6389,5,4,True,True,177
347670,3.830974,3.325439,1015.769,-1,-0.3837891, 0.02929688, -0.8818359, 0.05562496, -0.1728125, 0.1409376,125.6389,5,4,True,True,177
347748,4.288698,4.746422,1015.718,36.05035,-0.3857422, 0.02929688, -0.8798828, -0.03812504, -0.2196875, 0.09406257,125.6389,5,4,True,True,177
347829,3.243875,2.199051,1015.811,-1,-0.3842773, 0.02880859, -0.8803711, 0.02437496, -0.1728125, 0.1096876,125.6389,5,4,True,True,177
347909,3.13736,3.030846,1015.78,-1,-0.3842773, 0.02929688, -0.8813477, 0.03999996, -0.2665625, 0.06281257,125.6389,5,4,True,True,177
347988,3.084103,3.030846,1015.78,-1,-0.3847656, 0.02880859, -0.8823242, 0.05562496, -0.2040625, 0.1096876,125.6389,5,4,True,True,177
348179,3.759298,4.434494,1015.729,-1,-0.3837891, 0.02832031, -0.8823242, 0.05562496, -0.1884375, 0.1565626,125.6389,5,4,True,True,177
348261,4.23553,4.711761,1015.719,-1,-0.3852539, 0.03027344, -0.8808594, -0.006875038, -0.1884375, 0.1409376,125.6389,5,4,True,True,177
348344,5.03684,5.83815,1015.677,-1,-0.3837891, 0.02783203, -0.8808594, 0.02437496, -0.1415625, 0.07843757,125.6389,5,4,True,True,177
348429,4.735667,4.434494,1015.729,36.04123,-0.3847656, 0.02734375, -0.8803711, 0.008749962, -0.1571875, 0.1096876,125.6389,5,4,True,True,177
348514,4.02189,3.308113,1015.77,36.05035,-0.3842773, 0.02978516, -0.8813477, 0.02437496, -0.2040625, 0.09406257,125.6389,5,4,True,True,177
348650,6.065072,8.108253,1015.594,36.03666,-0.3842773, 0.02880859, -0.8823242, -0.02250004, -0.2509375, 0.06281257,125.6389,5,4,True,True,177
348714,5.249783,4.434494,1015.729,36.04579,-0.3847656, 0.02880859, -0.8803711, -0.02250004, -0.1728125, 0.09406257,125.6389,5,4,True,True,177
348781,4.00168,2.753578,1015.791,-1,-0.3837891, 0.02783203, -0.8813477, 0.02437496, -0.2665625, 0.1253126,125.6389,5,4,True,True,177
348847,4.781281,5.560883,1015.687,-1,-0.3857422, 0.02783203, -0.8813477, -0.006875038, -0.2040625, 0.1409376,125.6389,5,4,True,True,177
348911,5.171082,5.560883,1015.687,-1,-0.3847656, 0.02978516, -0.8789063, 0.03999996, -0.1415625, 0.06281257,125.6389,5,4,True,True,177
348979,5.227352,5.283623,1015.697,36.04579,-0.3842773, 0.02685547, -0.8828125, 0.02437496, -0.2353125, 0.06281257,125.6389,5,4,True,True,177
349050,5.255487,5.283623,1015.697,36.05035,-0.3842773, 0.02929688, -0.8798828, 0.1025, -0.2040625, 0.1096876,125.6389,5,4,True,True,177
349225,5.000955,4.746422,1015.718,-1,-0.3833008, 0.03027344, -0.8803711, 0.02437496, -0.1571875, 0.06281257,125.6389,5,4,True,True,177
349296,3.877266,2.753578,1015.791,36.06405,-0.3857422, 0.02978516, -0.8803711, 0.05562496, -0.1571875, 0.04718757,125.6389,5,4,True,True,177
349367,4.441811,5.006355,1015.708,-1,-0.3847656, 0.03027344, -0.8813477, -0.006875038, -0.2353125, 0.1253126,125.6389,5,4,True,True,177
349440,3.597694,2.753578,1015.791,36.05035,-0.3847656, 0.02929688, -0.8823242, 0.008749962, -0.1728125, 0.1096876,125.6389,5,4,True,True,177
349512,3.738831,3.879967,1015.749,-1,-0.3852539, 0.02880859, -0.8803711, 0.008749962, -0.1728125, 0.1096876,125.6389,5,4,True,True,177
349586,4.372593,5.006355,1015.708,36.05492,-0.3847656, 0.02783203, -0.8808594, -0.006875038, -0.2821875, 0.04718757,125.6389,5,4,True,True,177
349667,4.264914,4.157234,1015.739,-1,-0.3833008, 0.02929688, -0.8803711, 0.05562496, -0.1415625, 0.07843757,125.6389,5,4,True,True,177
349741,4.635634,5.006355,1015.708,-1,-0.3862305, 0.02832031, -0.8803711, 0.03999996, -0.1884375, 0.04718757,125.6389,5,4,True,True,177
349817,4.820995,5.006355,1015.708,36.05492,-0.3833008, 0.02929688, -0.8798828, 0.02437496, -0.2040625, 0.06281257,125.6389,5,4,True,True,177
349892,3.787287,2.753578,1015.791,36.05492,-0.3837891, 0.02783203, -0.8808594, -0.006875038, -0.2196875, 0.1096876,125.6389,5,4,True,True,177
349968,3.270432,2.753578,1015.791,-1,-0.3842773, 0.03027344, -0.8803711, -0.02250004, -0.1728125, 0.1096876,125.6389,5,4,True,True,177
350047,3.43657,3.602707,1015.759,36.05035,-0.3842773, 0.02978516, -0.8837891, 0.07124996, -0.1571875, 0.1096876,125.6389,5,4,True,True,177
350239,3.233708,3.030846,1015.78,-1,-0.3847656, 0.02832031, -0.8852539, -0.03812504, -0.2353125, 0.06281257,125.6389,5,4,True,True,177
350318,4.397295,5.560883,1015.687,36.05492,-0.3862305, 0.02929688, -0.8823242, 0.008749962, -0.2509375, 0.1253126,125.6389,5,4,True,True,177
350396,3.003579,1.609863,1015.832,36.04579,-0.3837891, 0.02978516, -0.8823242, -0.006875038, -0.1728125, 0.1096876,125.6389,5,4,True,True,177
350478,3.155846,3.308113,1015.77,36.04579,-0.3833008, 0.02880859, -0.8818359, -0.05375004, -0.1571875, 0.09406257,125.6389,5,4,True,True,177
350558,4.072437,4.989029,1015.709,36.04579,-0.3847656, 0.02929688, -0.8833008, 0.03999996, -0.2353125, 0.09406257,125.6389,5,4,True,True,177
350639,3.958872,3.845306,1015.75,-1,-0.3833008, 0.02929688, -0.8837891, 0.05562496, -0.2040625, 0.04718757,125.6389,5,4,True,True,177
350722,3.902089,3.845306,1015.75,36.03209,-0.3842773, 0.02832031, -0.8823242, 0.07124996, -0.1884375, 0.1409376,125.6389,5,4,True,True,177
350804,3.873698,3.845306,1015.75,-1,-0.3857422, 0.02880859, -0.8823242, 0.05562496, -0.1884375, 0.07843757,125.6389,5,4,True,True,177
350888,4.994554,6.11541,1015.667,-1,-0.3828125, 0.02832031, -0.8818359, 0.02437496, -0.1728125, 0.06281257,125.6389,5,4,True,True,177
350974,4.41993,3.845306,1015.75,36.02753,-0.3857422, 0.02978516, -0.8808594, 0.03999996, -0.1728125, 0.04718757,125.6389,5,4,True,True,177
351108,3.993988,3.568047,1015.76,36.04579,-0.3837891, 0.03076172, -0.8823242, -0.006875038, -0.1884375, 0.1096876,125.6389,5,4,True,True,177
351171,4.777435,5.560883,1015.687,-1,-0.3833008, 0.02832031, -0.8837891, 0.08687496, -0.2196875, 0.03156257,125.6389,5,4,True,True,177
351345,4.623295,4.469154,1015.728,-1,-0.3847656, 0.02880859, -0.8789063, 0.02437496, -0.1884375, 0.07843757,125.6389,5,4,True,True,177
351413,4.684858,4.746422,1015.718,36.07318,-0.3837891, 0.02832031, -0.8818359, 0.08687496, -0.1571875, 0.06281257,125.6389,5,4,True,True,177
351481,5.434794,6.184731,1015.665,-1,-0.3857422, 0.02880859, -0.8813477, 0.05562496, -0.1415625, 0.03156257,125.6389,5,4,True,True,177
351549,4.969305,4.503815,1015.726,-1,-0.3828125, 0.02832031, -0.8793945, 0.008749962, -0.1571875, 0.06281257,125.6389,5,4,True,True,177
351616,4.303332,3.63736,1015.758,-1,-0.3842773, 0.02734375, -0.8803711, -0.006875038, -0.2040625, 0.09406257,125.6389,5,4,True,True,177
351686,3.840379,3.377426,1015.768,-1,-0.3847656, 0.02978516, -0.8798828, 0.02437496, -0.2353125, 0.09406257,125.6389,5,4,True,True,177
351755,3.7562,3.67202,1015.757,-1,-0.3847656, 0.03027344, -0.8813477, 0.008749962, -0.2353125, 0.07843757,125.6389,5,4,True,True,177
351825,2.856322,1.956444,1015.82,36.08688,-0.3852539, 0.02832031, -0.8828125, 0.07124996, -0.1728125, 0.09406257,125.6389,5,4,True,True,177
351896,4.104629,5.352936,1015.695,-1,-0.3852539, 0.02734375, -0.8818359, 0.02437496, -0.2821875, 0.09406257,125.6389,5,4,True,True,177
351967,3.455097,2.805565,1015.788,-1,-0.3842773, 0.02783203, -0.8828125, -0.06937504, -0.1884375, 0.09406257,125.6389,5,4,True,True,177
352040,4.135416,4.815735,1015.715,36.09601,-0.3847656, 0.02832031, -0.8789063, 0.08687496, -0.1728125, 0.06281257,125.6389,5,4,True,True,177
352111,2.924626,1.713837,1015.828,-1,-0.3852539, 0.03222656, -0.8813477, 0.05562496, -0.1884375, 0.06281257,125.6389,5,4,True,True,177
352296,4.996569,7.068512,1015.632,36.10057,-0.3842773, 0.02880859, -0.8823242, 0.03999996, -0.1571875, 0.06281257,125.6389,5,4,True,True,177
352368,5.036119,5.075668,1015.705,-1,-0.3842773, 0.02685547, -0.8813477, -0.02250004, -0.2196875, 0.1096876,125.6389,5,4,True,True,177
352441,4.925927,4.815735,1015.715,-1,-0.3852539, 0.02832031, -0.8793945, 0.1025, -0.2040625, 0.07843757,125.6389,5,4,True,True,177
352516,4.732201,4.538475,1015.725,-1,-0.3852539, 0.02929688, -0.8833008, 0.05562496, -0.2196875, 0.09406257,125.6389,5,4,True,True,177
352592,5.337162,5.942123,1015.674,36.09601,-0.3842773, 0.02832031, -0.8789063, 0.02437496, -0.1103125, 0.07843757,125.6389,5,4,True,True,177
352672,4.643225,3.949287,1015.747,36.09601,-0.3842773, 0.02880859, -0.8818359, -0.006875038, -0.1571875, 0.07843757,125.6389,5,4,True,True,177
352758,4.859447,5.075668,1015.705,-1,-0.3847656, 0.02880859, -0.8813477, 0.05562496, -0.1728125, 0.09406257,125.6389,5,4,True,True,177
352837,4.698961,4.538475,1015.725,-1,-0.3852539, 0.02832031, -0.8803711, 0.05562496, -0.2196875, 0.1721876,125.6389,5,4,True,True,177
352917,6.022367,7.345772,1015.622,-1,-0.3847656, 0.02880859, -0.878418, 0.05562496, -0.1259375, 0.1096876,125.6389,5,4,True,True,177
352993,4.413966,2.805565,1015.788,-1,-0.3862305, 0.02929688, -0.8803711, 0.03999996, -0.2196875, 0.09406257,125.6389,5,4,True,True,177
353077,4.744817,5.075668,1015.705,36.09601,-0.3842773, 0.02929688, -0.8813477, 0.07124996, -0.1571875, 0.07843757,125.6389,5,4,True,True,177
353160,5.473437,6.202057,1015.664,-1,-0.3857422, 0.03125, -0.8813477, 0.03999996, -0.1884375, 0.1096876,125.6389,5,4,True,True,177
353352,5.005956,4.538475,1015.725,36.10057,-0.3847656, 0.02978516, -0.8803711, -0.006875038, -0.1728125, 0.06281257,125.6389,5,4,True,True,177
353438,4.910845,4.815735,1015.715,36.10057,-0.3837891, 0.02734375, -0.8803711, 0.05562496, -0.1884375, 0.09406257,125.6389,5,4,True,True,177
353520,4.72466,4.538475,1015.725,-1,-0.3857422, 0.02832031, -0.8828125, 0.02437496, -0.2040625, 0.07843757,125.6389,5,4,True,True,177
353604,4.917494,5.110329,1015.704,-1,-0.3842773, 0.02832031, -0.8803711, -0.006875038, -0.1259375, 0.1096876,125.6389,5,4,True,True,177
353759,4.727984,4.538475,1015.725,36.10057,-0.3842773, 0.03076172, -0.8837891, 0.03999996, -0.1728125, 0.1253126,125.6389,5,4,True,True,177
353821,3.498178,2.268372,1015.808,-1,-0.3852539, 0.02832031, -0.8808594, -0.02250004, -0.2196875, 0.1096876,125.6389,5,4,True,True,177
353884,3.021905,2.545631,1015.798,-1,-0.3847656, 0.02880859, -0.8828125, 0.05562496, -0.2353125, 0.09406257,125.6389,5,4,True,True,177
353949,2.645138,2.268372,1015.808,-1,-0.3837891, 0.02880859, -0.8842773, 0.03999996, -0.1571875, 0.09406257,125.6389,5,4,True,True,177
354014,3.730437,4.815735,1015.715,36.10057,-0.3852539, 0.02880859, -0.8793945, 0.03999996, -0.1884375, 0.06281257,125.6389,5,4,True,True,177
354084,3.701228,3.67202,1015.757,36.10514,-0.3852539, 0.02783203, -0.8808594, 0.05562496, -0.1884375, 0.1096876,125.6389,5,4,True,True,177
354154,2.9848,2.268372,1015.808,36.1097,-0.3842773, 0.02734375, -0.8779297, 0.05562496, -0.2040625, 0.07843757,125.6389,5,4,True,True,177
354224,2.626586,2.268372,1015.808,-1,-0.3833008, 0.02734375, -0.8818359, 0.03999996, -0.1884375, 0.09406257,125.6389,5,4,True,True,177
354405,4.007091,5.387596,1015.694,36.10057,-0.3852539, 0.02978516, -0.8818359, 0.05562496, -0.1884375, 0.1096876,125.6389,5,4,True,True,177
354475,5.260538,6.513985,1015.652,-1,-0.3852539, 0.02929688, -0.8823242, 0.05562496, -0.1728125, 0.1096876,125.6389,5,4,True,True,177
354546,4.899507,4.538475,1015.725,-1,-0.3823242, 0.02880859, -0.8789063, -0.006875038, -0.2040625, 0.07843757,125.6389,5,4,True,True,177
354617,5.845376,6.791245,1015.642,-1,-0.3847656, 0.02929688, -0.8803711, 0.05562496, -0.1884375, 0.09406257,125.6389,5,4,True,True,177
354691,5.044628,4.243881,1015.735,-1,-0.3842773, 0.02929688, -0.8833008, -0.006875038, -0.2353125, 0.07843757,125.6389,5,4,True,True,177
354762,5.640673,6.236717,1015.662,-1,-0.3857422, 0.02832031, -0.8808594, -0.02250004, -0.1884375, 0.09406257,125.6389,5,4,True,True,177
354836,5.098237,4.555801,1015.724,-1,-0.3842773, 0.02978516, -0.8793945, 0.07124996, -0.1728125, 0.1096876,125.6389,5,4,True,True,177
354911,4.402459,3.70668,1015.755,-1,-0.3852539, 0.02832031, -0.8813477, 0.02437496, -0.1415625, 0.07843757,125.6389,5,4,True,True,177
354988,5.596851,6.791245,1015.642,-1,-0.3842773, 0.02929688, -0.8833008, 0.03999996, -0.1728125, 0.1409376,125.6389,5,4,True,True,177
355062,6.194048,6.791245,1015.642,-1,-0.3857422, 0.02978516, -0.8798828, 0.02437496, -0.2040625, 0.1096876,125.6389,5,4,True,True,177
355141,5.088994,3.98394,1015.745,36.1097,-0.3852539, 0.02832031, -0.8823242, -0.02250004, -0.1728125, 0.06281257,125.6389,5,4,True,True,177
355221,3.124152,1.159309,1015.849,36.1097,-0.3833008, 0.02832031, -0.8803711, -0.02250004, -0.2040625, 0.09406257,125.6389,5,4,True,True,177
355412,2.418994,1.713837,1015.828,36.1097,-0.3857422, 0.03027344, -0.8789063, -0.006875038, -0.1728125, 0.07843757,125.6389,5,4,True,True,177
355491,2.924203,3.429413,1015.766,36.1097,-0.3842773, 0.02783203, -0.8789063, 0.008749962, -0.2040625, 0.1096876,125.6389,5,4,True,True,177
355572,3.176808,3.429413,1015.766,36.11884,-0.3852539, 0.02880859, -0.8818359, -0.006875038, -0.1728125, 0.07843757,125.6389,5,4,True,True,177
355650,3.03451,2.892212,1015.786,-1,-0.3847656, 0.02832031, -0.8793945, 0.05562496, -0.1415625, 0.07843757,125.6389,5,4,True,True,177
355733,4.661607,6.288704,1015.661,36.11884,-0.3862305, 0.02978516, -0.8818359, 0.008749962, -0.2353125, 0.1096876,125.6389,5,4,True,True,177
355817,3.776909,2.892212,1015.786,36.13709,-0.3847656, 0.02783203, -0.8793945, 0.05562496, -0.2509375, 0.09406257,125.6389,5,4,True,True,177
355907,4.322315,4.867722,1015.713,-1,-0.3847656, 0.02734375, -0.8793945, 0.008749962, -0.1884375, 0.07843757,125.6389,5,4,True,True,177
355990,4.733652,5.144989,1015.703,-1,-0.3842773, 0.02929688, -0.8813477, -0.006875038, -0.1103125, 0.1096876,125.6389,5,4,True,True,177
356073,4.800687,4.867722,1015.713,-1,-0.3842773, 0.02978516, -0.8813477, 0.008749962, -0.1571875, 0.06281257,125.6389,5,4,True,True,177
356158,4.13238,3.464073,1015.764,-1,-0.3828125, 0.02929688, -0.8818359, 0.05562496, -0.1728125, 0.04718757,125.6389,5,4,True,True,177
356293,4.933278,5.734177,1015.681,-1,-0.3847656, 0.02880859, -0.8798828, -0.02250004, -0.2040625, 0.06281257,125.6389,5,4,True,True,177
356359,4.484602,4.035927,1015.743,36.13709,-0.3852539, 0.03027344, -0.8798828, -0.02250004, -0.1571875, 0.09406257,125.6389,5,4,True,True,177
356536,4.398898,4.313194,1015.733,-1,-0.3847656, 0.03125, -0.8798828, -0.02250004, -0.2040625, 0.01593757,125.6389,5,4,True,True,177
356605,4.927904,5.456909,1015.691,36.14166,-0.3837891, 0.02929688, -0.8813477, 0.03999996, -0.2196875, 0.07843757,125.6389,5,4,True,True,177
356670,5.053773,5.179642,1015.701,-1,-0.3857422, 0.02832031, -0.8798828, 0.008749962, -0.2040625, 0.09406257,125.6389,5,4,True,True,177
356736,5.255341,5.456909,1015.691,-1,-0.3833008, 0.02929688, -0.8828125, -0.02250004, -0.1884375, 0.1409376,125.6389,5,4,True,True,177
356804,4.931564,4.607788,1015.723,36.14622,-0.3837891, 0.02832031, -0.878418, -0.006875038, -0.1728125, 0.1096876,125.6389,5,4,True,True,177
356871,4.622379,4.313194,1015.733,-1,-0.3862305, 0.02832031, -0.8808594, 0.008749962, -0.1884375, 0.1253126,125.6389,5,4,True,True,177
356940,4.329153,4.035927,1015.743,-1,-0.3847656, 0.02929688, -0.8813477, 0.008749962, -0.1728125, 0.1096876,125.6389,5,4,True,True,177
357010,5.031665,5.734177,1015.681,-1,-0.3828125, 0.02880859, -0.8813477, 0.008749962, -0.2353125, 0.1409376,125.6389,5,4,True,True,177
357085,5.660184,6.288704,1015.661,36.13709,-0.3852539, 0.02978516, -0.8808594, -0.006875038, -0.1728125, 0.1253126,125.6389,5,4,True,True,177
357160,4.839393,4.0186,1015.744,36.11884,-0.3847656, 0.02880859, -0.8808594, 0.02437496, -0.1415625, 0.1253126,125.6389,5,4,True,True,177
357235,5.269454,5.699516,1015.682,36.11884,-0.3842773, 0.02783203, -0.8833008, -0.006875038, -0.1728125, 0.09406257,125.6389,5,4,True,True,177
357307,3.630279,1.991104,1015.819,-1,-0.3842773, 0.02978516, -0.8837891, -0.02250004, -0.1728125, 0.09406257,125.6389,5,4,True,True,177
357491,3.93708,4.243881,1015.735,-1,-0.3857422, 0.02783203, -0.8813477, 0.02437496, -0.1571875, 0.1565626,125.6389,5,4,True,True,177
357566,5.364162,6.791245,1015.642,36.10514,-0.3837891, 0.02978516, -0.8818359, 0.02437496, -0.1884375, 0.1565626,125.6389,5,4,True,True,177
357641,6.372297,7.380432,1015.621,-1,-0.3852539, 0.02832031, -0.8828125, 0.008749962, -0.1884375, 0.1409376,125.6389,5,4,True,True,177
357716,5.178119,3.98394,1015.745,-1,-0.3837891, 0.02978516, -0.8808594, 0.008749962, -0.1415625, 0.06281257,125.6389,5,4,True,True,177
357796,3.445978,1.713837,1015.828,36.1097,-0.3847656, 0.02832031, -0.8808594, 0.05562496, -0.2040625, 0.1096876,125.6389,5,4,True,True,177
357876,2.302644,1.159309,1015.849,36.11884,-0.3842773, 0.02978516, -0.8808594, -0.006875038, -0.1415625, 0.07843757,125.6389,5,4,True,True,177
357954,2.736062,3.169479,1015.775,-1,-0.3842773, 0.02929688, -0.8798828, 0.02437496, -0.2196875, 0.1096876,125.6389,5,4,True,True,177
358031,3.645931,4.555801,1015.724,36.12796,-0.3842773, 0.02832031, -0.8818359, 0.05562496, -0.1728125, 0.1096876,125.6389,5,4,True,True,177
358109,4.39546,5.144989,1015.703,-1,-0.3857422, 0.02978516, -0.8813477, 0.008749962, -0.2353125, 0.09406257,125.6389,5,4,True,True,177
358193,3.643836,2.892212,1015.786,36.13709,-0.3852539, 0.02734375, -0.8793945, 0.02437496, -0.2040625, 0.1096876,125.6389,5,4,True,True,177
358274,4.125812,4.607788,1015.723,-1,-0.3857422, 0.02929688, -0.8818359, 0.03999996, -0.1728125, 0.1096876,125.6389,5,4,True,True,177
358355,4.3668,4.607788,1015.723,-1,-0.3852539, 0.02880859, -0.8803711, -0.05375004, -0.2353125, 0.1565626,125.6389,5,4,True,True,177
358553,4.487294,4.607788,1015.723,36.14166,-0.3847656, 0.03027344, -0.8818359, 0.02437496, -0.1415625, 0.06281257,125.6389,5,4,True,True,177
358635,3.83705,3.186806,1015.775,-1,-0.3842773, 0.02832031, -0.8808594, 0.02437496, -0.1728125, 0.1096876,125.6389,5,4,True,True,177
358718,4.075122,4.313194,1015.733,-1,-0.3842773, 0.02832031, -0.8808594, 0.118125, -0.1728125, 0.07843757,125.6389,5,4,True,True,177
358803,4.627382,5.179642,1015.701,36.15536,-0.3847656, 0.02734375, -0.8803711, 0.05562496, -0.1571875, 0.07843757,125.6389,5,4,True,True,177
358935,5.328076,6.02877,1015.67,-1,-0.3842773, 0.03076172, -0.8833008, 0.05562496, -0.1415625, 0.1409376,125.6389,5,4,True,True,177
358998,4.413401,3.498726,1015.763,36.15536,-0.3847656, 0.02880859, -0.8789063, -0.03812504, -0.2040625, 0.09406257,125.6389,5,4,True,True,177
359064,3.956063,3.498726,1015.763,36.15992,-0.3842773, 0.02978516, -0.8808594, -0.006875038, -0.1571875, 0.06281257,125.6389,5,4,True,True,177
359140,4.446553,4.937042,1015.71,-1,-0.3852539, 0.02880859, -0.8789063, 0.07124996, -0.1728125, 0.04718757,125.6389,5,4,True,True,177
359206,4.267233,4.087914,1015.742,-1,-0.3833008, 0.02880859, -0.8803711, 0.05562496, -0.1415625, 0.09406257,125.6389,5,4,True,True,177
359275,4.740767,5.214302,1015.7,-1,-0.3867188, 0.02929688, -0.8798828, 0.008749962, -0.1571875, 0.1409376,125.6389,5,4,True,True,177
359345,5.817993,6.895218,1015.638,36.15536,-0.3828125, 0.02929688, -0.8808594, 0.02437496, -0.1571875, 0.1096876,125.6389,5,4,True,True,177
359415,4.095169,2.372345,1015.805,-1,-0.3862305, 0.02880859, -0.8808594, 0.05562496, -0.1728125, 0.06281257,125.6389,5,4,True,True,177
359595,4.091541,4.087914,1015.742,-1,-0.3837891, 0.02929688, -0.8823242, 0.03999996, -0.1415625, 0.06281257,125.6389,5,4,True,True,177
359666,4.089727,4.087914,1015.742,36.17362,-0.3837891, 0.02978516, -0.8789063, 0.05562496, -0.2353125, 0.06281257,125.6389,5,4,True,True,177
359736,3.950191,3.810654,1015.752,-1,-0.3833008, 0.02929688, -0.8793945, 0.008749962, -0.1259375, 0.1409376,125.6389,5,4,True,True,177
359807,4.87684,5.80349,1015.679,-1,-0.3857422, 0.02880859, -0.8803711, 0.02437496, -0.1728125, 0.07843757,125.6389,5,4,True,True,177
359881,6.605186,8.33353,1015.585,36.17362,-0.3852539, 0.02832031, -0.8828125, 0.05562496, -0.1884375, 0.07843757,125.6389,5,4,True,True,177
359952,5.909744,5.214302,1015.7,-1,-0.3837891, 0.02832031, -0.8808594, 0.03999996, -0.1728125, 0.1096876,125.6389,5,4,True,True,177
360026,5.423393,4.937042,1015.71,36.17362,-0.3837891, 0.02880859, -0.8793945, 0.02437496, -0.1728125, 0.07843757,125.6389,5,4,True,True,177
360103,5.457481,5.49157,1015.69,-1,-0.3833008, 0.02880859, -0.8818359, -0.006875038, -0.2353125, 0.06281257,125.6389,5,4,True,True,177
360176,4.772697,4.087914,1015.742,-1,-0.3847656, 0.02832031, -0.8837891, 0.03999996, -0.1728125, 0.1096876,125.6389,5,4,True,True,177
360252,3.997082,3.221466,1015.773,-1,-0.3837891, 0.02880859, -0.8833008, -0.006875038, -0.2353125, 0.07843757,125.6389,5,4,True,True,177
360331,3.453314,2.909546,1015.785,36.15536,-0.3837891, 0.02832031, -0.8798828, -0.006875038, -0.1571875, 0.09406257,125.6389,5,4,True,True,177
360408,4.030551,4.607788,1015.723,-1,-0.3852539, 0.02929688, -0.8803711, 0.08687496, -0.1415625, 0.06281257,125.6389,5,4,True,True,177
360598,4.024576,4.0186,1015.744,36.13253,-0.3847656, 0.02783203, -0.8803711, -0.006875038, -0.1415625, 0.09406257,125.6389,5,4,True,True,177
360676,3.458394,2.892212,1015.786,36.12796,-0.3842773, 0.03027344, -0.8813477, -0.006875038, -0.1728125, 0.04718757,125.6389,5,4,True,True,177
360757,2.898039,2.337685,1015.806,36.13709,-0.3842773, 0.02929688, -0.8798828, 0.008749962, -0.1259375, 0.1096876,125.6389,5,4,True,True,177
360838,3.88288,4.867722,1015.713,36.13709,-0.3847656, 0.02929688, -0.8818359, -0.006875038, -0.2040625, 0.07843757,125.6389,5,4,True,True,177
360920,5.371723,6.860565,1015.64,-1,-0.3833008, 0.02832031, -0.8823242, 0.02437496, -0.2040625, 0.06281257,125.6389,5,4,True,True,177
361000,4.989756,4.607788,1015.723,-1,-0.3833008, 0.02783203, -0.8793945, -0.006875038, -0.2353125, 0.03156257,125.6389,5,4,True,True,177
361083,4.651475,4.313194,1015.733,-1,-0.3823242, 0.02783203, -0.8798828, 0.008749962, -0.1259375, 0.1253126,125.6389,5,4,True,True,177
361167,5.75602,6.860565,1015.64,36.14166,-0.3847656, 0.02832031, -0.8823242, -0.05375004, -0.1728125, 0.1565626,125.6389,5,4,True,True,177
361254,5.883728,6.011436,1015.671,36.13253,-0.3842773, 0.02832031, -0.8823242, -0.006875038, -0.2040625, 0.09406257,125.6389,5,4,True,True,177
361389,4.38797,2.892212,1015.786,-1,-0.3837891, 0.02783203, -0.8823242, 0.008749962, -0.2040625, 0.1096876,125.6389,5,4,True,True,177
361453,4.497879,4.607788,1015.723,-1,-0.3837891, 0.03076172, -0.8813477, 0.05562496, -0.2040625, 0.07843757,125.6389,5,4,True,True,177
361518,4.552834,4.607788,1015.723,-1,-0.3842773, 0.02978516, -0.8808594, 0.03999996, -0.1884375, 0.07843757,125.6389,5,4,True,True,177
361694,4.710278,4.867722,1015.713,36.13709,-0.3847656, 0.02880859, -0.8823242, 0.05562496, -0.1728125, 0.1096876,125.6389,5,4,True,True,177
361759,5.508154,6.30603,1015.66,-1,-0.3837891, 0.02978516, -0.8803711, 0.03999996, -0.1728125, 0.1409376,125.6389,5,4,True,True,177
361826,5.907092,6.30603,1015.66,-1,-0.3837891, 0.02880859, -0.8808594, 0.02437496, -0.1571875, 0.1409376,125.6389,5,4,True,True,177
361895,5.543367,5.179642,1015.701,36.15536,-0.3837891, 0.02832031, -0.8813477, -0.02250004, -0.2040625, 0.1253126,125.6389,5,4,True,True,177
361962,4.954274,4.365181,1015.732,-1,-0.3852539, 0.02978516, -0.8808594, 0.02437496, -0.2353125, 0.07843757,125.6389,5,4,True,True,177
362030,3.957903,2.961533,1015.783,-1,-0.3842773, 0.02929688, -0.8779297, -0.02250004, -0.1728125, 0.09406257,125.6389,5,4,True,True,177
362099,3.459718,2.961533,1015.783,-1,-0.3837891, 0.02832031, -0.8818359, 0.02437496, -0.2353125, 0.1096876,125.6389,5,4,True,True,177
362179,4.908867,6.358017,1015.658,36.16905,-0.3847656, 0.02685547, -0.8813477, -0.006875038, -0.2040625, 0.06281257,125.6389,5,4,True,True,177
362251,3.9352,2.961533,1015.783,-1,-0.3847656, 0.02929688, -0.8798828, 0.05562496, -0.2353125, 0.09406257,125.6389,5,4,True,True,177
362325,3.448366,2.961533,1015.783,-1,-0.3828125, 0.02978516, -0.8823242, 0.008749962, -0.1571875, 0.04718757,125.6389,5,4,True,True,177
362401,4.903192,6.358017,1015.658,36.16449,-0.3828125, 0.02929688, -0.8828125, 0.02437496, -0.1103125, 0.07843757,125.6389,5,4,True,True,177
362496,3.793728,2.684265,1015.793,-1,-0.3842773, 0.02832031, -0.8818359, 0.03999996, -0.1571875, 0.04718757,125.6389,5,4,True,True,177
362682,3.784861,3.775993,1015.753,-1,-0.3828125, 0.03027344, -0.8823242, 0.05562496, -0.2040625, 0.06281257,125.6389,5,4,True,True,177
362756,4.326291,4.867722,1015.713,36.12796,-0.3837891, 0.02978516, -0.8833008, 0.008749962, -0.2040625, 0.1096876,125.6389,5,4,True,True,177
362829,3.895182,3.464073,1015.764,-1,-0.3852539, 0.02929688, -0.8803711, -0.006875038, -0.1728125, 0.09406257,125.6389,5,4,True,True,177
362906,4.520085,5.144989,1015.703,-1,-0.3837891, 0.02929688, -0.8823242, -0.006875038, -0.2196875, 0.1409376,125.6389,5,4,True,True,177
362982,4.269343,4.0186,1015.744,36.1234,-0.3837891, 0.03027344, -0.8828125, 0.05562496, -0.2040625, 0.09406257,125.6389,5,4,True,True,177
363061,4.707166,5.144989,1015.703,36.12796,-0.3837891, 0.02929688, -0.8828125, 0.02437496, -0.2353125, 0.07843757,125.6389,5,4,True,True,177
363141,4.206923,3.70668,1015.755,36.11884,-0.3837891, 0.02880859, -0.8828125, -0.05375004, -0.1259375, 0.06281257,125.6389,5,4,True,True,177
363218,5.22182,6.236717,1015.662,-1,-0.3862305, 0.02832031, -0.8818359, 0.02437496, -0.2353125, 0.07843757,125.6389,5,4,True,True,177
363299,3.745096,2.268372,1015.808,-1,-0.3847656, 0.02978516, -0.8847656, 0.03999996, -0.1884375, 0.1565626,125.6389,5,4,True,True,177
363378,3.994489,4.243881,1015.735,-1,-0.3852539, 0.02783203, -0.8828125, 0.05562496, -0.1728125, 0.1096876,125.6389,5,4,True,True,177
363462,4.119185,4.243881,1015.735,36.10057,-0.3837891, 0.02832031, -0.8813477, 0.008749962, -0.1259375, 0.1096876,125.6389,5,4,True,True,177
363543,2.058727,-0.001731873,1015.891,-1,-0.3842773, 0.02685547, -0.8803711, 0.03999996, -0.1415625, 0.04718757,125.6389,5,4,True,True,177
363738,1.886282,1.713837,1015.828,-1,-0.3842773, 0.02929688, -0.8798828, 0.008749962, -0.2040625, 0.07843757,125.6389,5,4,True,True,177
363821,4.771991,7.6577,1015.611,-1,-0.3833008, 0.02832031, -0.878418, 0.1025, -0.1571875, 0.09406257,125.6389,5,4,True,True,177
363906,4.533929,4.295868,1015.734,-1,-0.3847656, 0.02783203, -0.8833008, 0.02437496, -0.1884375, 0.09406257,125.6389,5,4,True,True,177
364038,4.839459,5.144989,1015.703,-1,-0.3837891, 0.02783203, -0.8813477, -0.02250004, -0.1415625, 0.07843757,125.6389,5,4,True,True,177
364104,5.564082,6.288704,1015.661,36.12796,-0.3833008, 0.03027344, -0.8813477, -0.006875038, -0.1103125, 0.07843757,125.6389,5,4,True,True,177
364169,4.791341,4.0186,1015.744,-1,-0.3828125, 0.02880859, -0.8818359, 0.03999996, -0.2509375, 0.1096876,125.6389,5,4,True,True,177
364235,3.841776,2.892212,1015.786,36.12796,-0.3837891, 0.02685547, -0.8823242, 0.02437496, -0.2040625, 0.09406257,125.6389,5,4,True,True,177
364301,4.224782,4.607788,1015.723,-1,-0.3842773, 0.02832031, -0.8828125, -0.02250004, -0.1103125, 0.06281257,125.6389,5,4,True,True,177
364369,3.983057,3.741333,1015.754,36.12796,-0.3847656, 0.02880859, -0.8833008, 0.02437496, -0.1571875, 0.09406257,125.6389,5,4,True,True,177
364435,4.425389,4.867722,1015.713,-1,-0.3837891, 0.02978516, -0.8813477, 0.03999996, -0.2040625, 0.1409376,125.6389,5,4,True,True,177
364502,3.797434,3.169479,1015.775,-1,-0.3847656, 0.02783203, -0.8808594, 0.008749962, -0.2040625, 0.06281257,125.6389,5,4,True,True,177
364569,3.344823,2.892212,1015.786,-1,-0.3837891, 0.02734375, -0.8818359, 0.118125, -0.1884375, 0.1409376,125.6389,5,4,True,True,177
364750,4.106272,4.867722,1015.713,36.13709,-0.3857422, 0.02978516, -0.8823242, -0.006875038, -0.2040625, 0.1253126,125.6389,5,4,True,True,177
364820,4.35703,4.607788,1015.723,-1,-0.3828125, 0.02880859, -0.8808594, -0.02250004, -0.1728125, 0.07843757,125.6389,5,4,True,True,177
364891,4.335112,4.313194,1015.733,-1,-0.3828125, 0.02978516, -0.8823242, 0.03999996, -0.1259375, 0.1096876,125.6389,5,4,True,True,177
364965,2.920501,1.50589,1015.836,-1,-0.3833008, 0.02929688, -0.8842773, 0.02437496, -0.2509375, 0.09406257,125.6389,5,4,True,True,177
365036,3.348247,3.775993,1015.753,-1,-0.3833008, 0.02880859, -0.8818359, 0.02437496, -0.2040625, 0.1096876,125.6389,5,4,True,True,177
365111,5.121733,6.895218,1015.638,36.15992,-0.3862305, 0.02832031, -0.8828125, -0.02250004, -0.1884375, 0.07843757,125.6389,5,4,True,True,177
365186,4.743457,4.365181,1015.732,36.15992,-0.3847656, 0.02880859, -0.8823242, 0.05562496, -0.2040625, 0.06281257,125.6389,5,4,True,True,177
365261,3.852495,2.961533,1015.783,36.15536,-0.3842773, 0.02978516, -0.8828125, 0.008749962, -0.1884375, 0.1096876,125.6389,5,4,True,True,177
365346,3.11242,2.372345,1015.805,-1,-0.3842773, 0.02832031, -0.8813477, 0.05562496, -0.1415625, 0.1409376,125.6389,5,4,True,True,177
365424,4.865189,6.617958,1015.648,-1,-0.3842773, 0.02832031, -0.8803711, 0.03999996, -0.1415625, 0.07843757,125.6389,5,4,True,True,177
365502,4.476551,4.087914,1015.742,36.16449,-0.3837891, 0.02734375, -0.8813477, -0.03812504, -0.2353125, 0.1096876,125.6389,5,4,True,True,177
365581,4.282232,4.087914,1015.742,36.16449,-0.3837891, 0.02880859, -0.8833008, 0.02437496, -0.1415625, 0.07843757,125.6389,5,4,True,True,177
365771,3.890479,3.498726,1015.763,36.16449,-0.3842773, 0.03027344, -0.8818359, -0.006875038, -0.1728125, 0.06281257,125.6389,5,4,True,True,177
365849,5.124248,6.358017,1015.658,-1,-0.3857422, 0.02832031, -0.8828125, 0.008749962, -0.2040625, 0.09406257,125.6389,5,4,True,True,177
365928,3.748296,2.372345,1015.805,-1,-0.3852539, 0.02880859, -0.8798828, 0.02437496, -0.2353125, 0.1096876,125.6389,5,4,True,True,177
366007,3.623511,3.498726,1015.763,36.16449,-0.3847656, 0.02978516, -0.8803711, 0.05562496, -0.1728125, 0.06281257,125.6389,5,4,True,True,177
366087,4.124313,4.625114,1015.722,-1,-0.3842773, 0.02978516, -0.8789063, -0.02250004, -0.1259375, 0.1096876,125.6389,5,4,True,True,177
366172,3.542923,2.961533,1015.783,36.16449,-0.3828125, 0.02734375, -0.8808594, 0.02437496, -0.1415625, 0.09406257,125.6389,5,4,True,True,177
366257,4.378613,5.214302,1015.7,36.16905,-0.3847656, 0.02832031, -0.8803711, 0.05562496, -0.2040625, 0.07843757,125.6389,5,4,True,True,177
366343,4.657827,4.937042,1015.71,36.16905,-0.3857422, 0.02880859, -0.8798828, 0.02437496, -0.1884375, 0.1253126,125.6389,5,4,True,True,177
366428,4.658801,4.659775,1015.72,36.17362,-0.3847656, 0.03027344, -0.8798828, 0.03999996, -0.2196875, 0.04718757,125.6389,5,4,True,True,177
366563,4.529321,4.399841,1015.73,36.17818,-0.3847656, 0.02832031, -0.8779297, 0.02437496, -0.1103125, 0.09406257,125.6389,5,4,True,True,177
366627,5.027776,5.52623,1015.689,-1,-0.3852539, 0.02832031, -0.8823242, 0.07124996, -0.1259375, 0.09406257,125.6389,5,4,True,True,177
366693,5.415633,5.80349,1015.679,36.18275,-0.3828125, 0.02832031, -0.8793945, 0.02437496, -0.1728125, 0.04718757,125.6389,5,4,True,True,177
366868,5.055034,4.694435,1015.719,-1,-0.3833008, 0.02880859, -0.8798828, -0.02250004, -0.1728125, 0.07843757,125.6389,5,4,True,True,177
366934,3.88698,2.718925,1015.792,-1,-0.3857422, 0.02880859, -0.8813477, 0.008749962, -0.1728125, 0.1409376,125.6389,5,4,True,True,177
367000,4.862565,5.83815,1015.677,-1,-0.3847656, 0.03076172, -0.8769531, 0.05562496, -0.1415625, 0.07843757,125.6389,5,4,True,True,177
367069,4.5099,4.157234,1015.739,-1,-0.3837891, 0.02734375, -0.8808594, 0.03999996, -0.1728125, 0.1409376,125.6389,5,4,True,True,177
367138,3.623076,2.736252,1015.791,36.20101,-0.3842773, 0.02978516, -0.8779297, 0.05562496, -0.1571875, 0.1253126,125.6389,5,4,True,True,177
367209,3.318297,3.013519,1015.781,-1,-0.3842773, 0.02832031, -0.8803711, -0.006875038, -0.1728125, 0.07843757,125.6389,5,4,True,True,177
367281,3.737766,4.157234,1015.739,-1,-0.3847656, 0.02832031, -0.8793945, 0.008749962, -0.2353125, 0.06281257,125.6389,5,4,True,True,177
367351,3.670236,3.602707,1015.759,-1,-0.3862305, 0.02978516, -0.8803711, -0.03812504, -0.2040625, 0.1409376,125.6389,5,4,True,True,177
367419,3.636472,3.602707,1015.759,-1,-0.3847656, 0.02832031, -0.8793945, -0.03812504, -0.2196875, 0.1096876,125.6389,5,4,True,True,177
367491,3.324996,3.013519,1015.781,-1,-0.3828125, 0.02880859, -0.8798828, -0.006875038, -0.1259375, 0.07843757,125.6389,5,4,True,True,177
367561,2.900657,2.476318,1015.801,-1,-0.3837891, 0.02734375, -0.8818359, -0.006875038, -0.2196875, 0.03156257,125.6389,5,4,True,True,177
367634,5.790384,8.680111,1015.573,36.20557,-0.3842773, 0.02978516, -0.8793945, 0.07124996, -0.1728125, 0.1096876,125.6389,5,4,True,True,177
367820,4.263318,2.736252,1015.791,-1,-0.3828125, 0.02880859, -0.8798828, 0.02437496, -0.1415625, 0.1096876,125.6389,5,4,True,True,177
367896,4.50487,4.746422,1015.718,-1,-0.3828125, 0.03027344, -0.8803711, -0.006875038, -0.2353125, 0.09406257,125.6389,5,4,True,True,177
367970,5.75203,6.999191,1015.635,36.21927,-0.3818359, 0.02832031, -0.8803711, 0.05562496, -0.2353125, 0.1096876,125.6389,5,4,True,True,177
368046,4.677369,3.602707,1015.759,-1,-0.3833008, 0.02929688, -0.8793945, 0.02437496, -0.1571875, 0.09406257,125.6389,5,4,True,True,177
368123,4.425964,4.174561,1015.738,-1,-0.3837891, 0.02880859, -0.8803711, 0.03999996, -0.1103125, 0.07843757,125.6389,5,4,True,True,177
368200,4.438896,4.451828,1015.728,-1,-0.3852539, 0.02978516, -0.8803711, -0.006875038, -0.2040625, 0.07843757,125.6389,5,4,True,True,177
368280,4.306728,4.174561,1015.738,36.21927,-0.3857422, 0.03027344, -0.8798828, 0.05562496, -0.1884375, 0.1096876,125.6389,5,4,True,True,177
368360,4.240644,4.174561,1015.738,36.21927,-0.3837891, 0.03076172, -0.8798828, 0.02437496, -0.2040625, 0.04718757,125.6389,5,4,True,True,177
368447,4.6235,5.006355,1015.708,-1,-0.3852539, 0.02880859, -0.8789063, 0.02437496, -0.2196875, 0.09406257,125.6389,5,4,True,True,177
368527,4.39903,4.174561,1015.738,-1,-0.3837891, 0.02783203, -0.8798828, -0.006875038, -0.1571875, 0.1409376,125.6389,5,4,True,True,177
368612,4.000869,3.602707,1015.759,36.2284,-0.3847656, 0.02929688, -0.8813477, 0.008749962, -0.09468746, 0.07843757,125.6389,5,4,True,True,177
368692,3.25592,2.510971,1015.799,-1,-0.3823242, 0.02929688, -0.878418, 0.03999996, -0.1571875, 0.06281257,125.6389,5,4,True,True,177
368883,2.883446,2.510971,1015.799,-1,-0.3852539, 0.02832031, -0.8803711, 0.05562496, -0.2353125, 0.1096876,125.6389,5,4,True,True,177
368967,3.83226,4.781075,1015.716,36.23753,-0.3852539, 0.02978516, -0.8793945, 0.03999996, -0.2353125, 0.1096876,125.6389,5,4,True,True,177
369052,3.59618,3.3601,1015.768,-1,-0.3818359, 0.03027344, -0.8789063, 0.02437496, -0.1884375, 0.07843757,125.6389,5,4,True,True,177
369188,3.61677,3.63736,1015.758,-1,-0.3842773, 0.02734375, -0.8789063, -0.02250004, -0.1103125, 0.03156257,125.6389,5,4,True,True,177
369254,3.627065,3.63736,1015.758,-1,-0.3857422, 0.02978516, -0.8798828, -0.02250004, -0.1571875, 0.07843757,125.6389,5,4,True,True,177
369318,2.930388,2.233711,1015.81,-1,-0.3837891, 0.02880859, -0.8789063, 0.008749962, -0.2196875, 0.09406257,125.6389,5,4,True,True,177
369387,3.578468,4.226547,1015.737,36.2284,-0.3837891, 0.02832031, -0.878418, 0.02437496, -0.2353125, 0.07843757,125.6389,5,4,True,True,177
369453,4.327068,5.075668,1015.705,36.23753,-0.3847656, 0.02978516, -0.8798828, -0.006875038, -0.1103125, 0.1096876,125.6389,5,4,True,True,177
369522,3.999544,3.67202,1015.757,36.24209,-0.3862305, 0.02978516, -0.8808594, -0.02250004, -0.1259375, 0.09406257,125.6389,5,4,True,True,177
369590,3.541188,3.082832,1015.778,-1,-0.3837891, 0.02832031, -0.8803711, 0.008749962, -0.2353125, 0.09406257,125.6389,5,4,True,True,177
369658,3.31201,3.082832,1015.778,-1,-0.3842773, 0.02929688, -0.8789063, 0.008749962, -0.1571875, 0.1409376,125.6389,5,4,True,True,177
369729,2.920158,2.528305,1015.799,36.24666,-0.3862305, 0.03027344, -0.8798828, -0.006875038, -0.2353125, 0.06281257,125.6389,5,4,True,True,177
369910,3.997913,5.075668,1015.705,-1,-0.3862305, 0.02880859, -0.8813477, 0.05562496, -0.1728125, 0.1096876,125.6389,5,4,True,True,177
369978,4.814058,5.630203,1015.685,-1,-0.3847656, 0.02880859, -0.8828125, 0.008749962, -0.1884375, 0.1096876,125.6389,5,4,True,True,177
370051,4.381673,3.949287,1015.747,-1,-0.3842773, 0.03125, -0.8808594, 0.03999996, -0.1884375, 0.07843757,125.6389,5,4,True,True,177
370124,4.30411,4.226547,1015.737,36.23296,-0.3852539, 0.02929688, -0.8828125, 0.03999996, -0.1728125, 0.07843757,125.6389,5,4,True,True,177
370198,3.970735,3.63736,1015.758,36.23296,-0.3847656, 0.02832031, -0.8808594, -0.03812504, -0.1259375, 0.07843757,125.6389,5,4,True,True,177
370271,2.807629,1.644524,1015.831,-1,-0.3847656, 0.02880859, -0.8818359, 0.02437496, -0.1728125, 0.07843757,125.6389,5,4,True,True,177
370348,4.626146,6.444664,1015.655,36.21927,-0.3852539, 0.02880859, -0.8803711, 0.02437496, -0.1728125, 0.07843757,125.6389,5,4,True,True,177
370425,6.947722,9.269299,1015.551,36.21927,-0.3828125, 0.02880859, -0.8828125, 0.02437496, -0.2196875, 0.07843757,125.6389,5,4,True,True,177
370499,6.834827,6.721931,1015.645,36.22383,-0.3847656, 0.02929688, -0.8818359, 0.05562496, -0.1571875, 0.07843757,125.6389,5,4,True,True,177
370574,6.353819,5.87281,1015.676,-1,-0.3842773, 0.02734375, -0.8823242, 0.05562496, -0.1728125, 0.06281257,125.6389,5,4,True,True,177
370651,5.697417,5.041016,1015.706,-1,-0.3842773, 0.02929688, -0.8808594, 0.08687496, -0.1728125, 0.09406257,125.6389,5,4,True,True,177
370727,4.667388,3.63736,1015.758,-1,-0.3837891, 0.02929688, -0.8808594, 0.02437496, -0.1415625, 0.04718757,125.6389,5,4,True,True,177
370919,4.152374,3.63736,1015.758,36.23296,-0.3847656, 0.02880859, -0.8818359, 0.03999996, -0.2040625, 0.1409376,125.6389,5,4,True,True,177
370999,3.617603,3.082832,1015.778,-1,-0.3857422, 0.02978516, -0.8808594, 0.118125, -0.1415625, 0.1253126,125.6389,5,4,True,True,177
371096,3.350218,3.082832,1015.778,36.23753,-0.3828125, 0.02880859, -0.8813477, 0.05562496, -0.2040625, 0.1253126,125.6389,5,4,True,True,177
371176,4.212943,5.075668,1015.705,-1,-0.3833008, 0.02783203, -0.8789063, 0.05562496, -0.2353125, 0.1096876,125.6389,5,4,True,True,177
371255,4.081115,3.949287,1015.747,36.24666,-0.3842773, 0.02734375, -0.8813477, 0.008749962, -0.1415625, 0.1253126,125.6389,5,4,True,True,177
371337,3.30471,2.528305,1015.799,-1,-0.3842773, 0.02832031, -0.8813477, 0.008749962, -0.2196875, 0.09406257,125.6389,5,4,True,True,177
371421,3.349731,3.394753,1015.767,-1,-0.3852539, 0.02880859, -0.8793945, 0.008749962, -0.1415625, 0.1096876,125.6389,5,4,True,True,177
371506,3.796806,4.243881,1015.735,36.25579,-0.3842773, 0.02783203, -0.8789063, 0.05562496, -0.2040625, 0.07843757,125.6389,5,4,True,True,177
371591,2.893955,1.991104,1015.819,-1,-0.3857422, 0.02832031, -0.8813477, 0.008749962, -0.1728125, 0.1409376,125.6389,5,4,True,True,177
371733,3.438948,3.98394,1015.745,-1,-0.3847656, 0.02880859, -0.8779297, 0.1025, -0.1415625, 0.1096876,125.6389,5,4,True,True,177
371797,4.837832,6.236717,1015.662,-1,-0.3828125, 0.02929688, -0.8793945, 0.008749962, -0.1415625, 0.07843757,125.6389,5,4,True,True,177
371859,5.130041,5.422249,1015.693,-1,-0.3837891, 0.02783203, -0.8774414, 0.02437496, -0.2040625, 0.1253126,125.6389,5,4,True,True,177
372037,5.276145,5.422249,1015.693,-1,-0.3833008, 0.02880859, -0.878418, 0.02437496, -0.2040625, 0.09406257,125.6389,5,4,True,True,177
372102,4.214145,3.152145,1015.776,-1,-0.3833008, 0.02929688, -0.8823242, 0.03999996, -0.1884375, 0.09406257,125.6389,5,4,True,True,177
372171,3.821779,3.429413,1015.766,36.26948,-0.3837891, 0.02832031, -0.8813477, 0.02437496, -0.1728125, 0.06281257,125.6389,5,4,True,True,177
372239,3.486962,3.152145,1015.776,-1,-0.3833008, 0.02783203, -0.8808594, 0.05562496, -0.2196875, 0.07843757,125.6389,5,4,True,True,177
372309,2.747696,2.00843,1015.818,-1,-0.3837891, 0.02929688, -0.8803711, 0.05562496, -0.1884375, 0.07843757,125.6389,5,4,True,True,177
372377,2.811291,2.874886,1015.786,36.27861,-0.3847656, 0.02929688, -0.8823242, 0.008749962, -0.2040625, 0.1096876,125.6389,5,4,True,True,177
372448,4.679964,6.548637,1015.651,-1,-0.3842773, 0.02783203, -0.8808594, 0.05562496, -0.2509375, 0.1096876,125.6389,5,4,True,True,177
372518,3.916055,3.152145,1015.776,36.27405,-0.3857422, 0.02783203, -0.8813477, 0.05562496, -0.2509375, 0.1253126,125.6389,5,4,True,True,177
372589,3.5341,3.152145,1015.776,-1,-0.3852539, 0.02978516, -0.8803711, -0.05375004, -0.1728125, 0.09406257,125.6389,5,4,True,True,177
372659,4.200911,4.867722,1015.713,-1,-0.3833008, 0.02929688, -0.8818359, 0.03999996, -0.2040625, 0.1096876,125.6389,5,4,True,True,177
372733,3.971122,3.741333,1015.754,36.27405,-0.3852539, 0.02880859, -0.8803711, 0.07124996, -0.1884375, 0.1096876,125.6389,5,4,True,True,177
372808,4.124828,4.278534,1015.734,36.27405,-0.3842773, 0.02783203, -0.8793945, -0.02250004, -0.1728125, 0.07843757,125.6389,5,4,True,True,177
372994,3.361223,2.597618,1015.796,-1,-0.3847656, 0.02832031, -0.8793945, 0.02437496, -0.1728125, 0.03156257,125.6389,5,4,True,True,177
373068,4.8163,6.271378,1015.661,-1,-0.3842773, 0.02832031, -0.8803711, 0.03999996, -0.1415625, 0.06281257,125.6389,5,4,True,True,177
373144,4.980645,5.144989,1015.703,36.26492,-0.3837891, 0.02734375, -0.8793945, 0.008749962, -0.1728125, 0.1096876,125.6389,5,4,True,True,177
373220,4.066395,3.152145,1015.776,-1,-0.3842773, 0.02880859, -0.8813477, -0.006875038, -0.1884375, 0.09406257,125.6389,5,4,True,True,177
373298,4.042498,4.0186,1015.744,36.28318,-0.3842773, 0.02978516, -0.8793945, 0.02437496, -0.2040625, 0.06281257,125.6389,5,4,True,True,177
373375,3.458692,2.874886,1015.786,-1,-0.3833008, 0.02832031, -0.8813477, 0.08687496, -0.2353125, 0.06281257,125.6389,5,4,True,True,177
373454,5.003664,6.548637,1015.651,36.27861,-0.3842773, 0.02978516, -0.8774414, 0.05562496, -0.2040625, 0.1253126,125.6389,5,4,True,True,177
373531,4.935693,4.867722,1015.713,-1,-0.3847656, 0.02783203, -0.878418, -0.02250004, -0.1728125, 0.1721876,125.6389,5,4,True,True,177
373611,3.498055,2.060417,1015.816,-1,-0.3852539, 0.02978516, -0.8798828, 0.05562496, -0.1259375, 0.1096876,125.6389,5,4,True,True,177
373691,2.779236,2.060417,1015.816,-1,-0.3842773, 0.03027344, -0.8813477, 0.03999996, -0.2196875, 0.09406257,125.6389,5,4,True,True,177
373772,3.416248,4.053261,1015.743,-1,-0.3837891, 0.02978516, -0.8798828, 0.02437496, -0.1571875, 0.09406257,125.6389,5,4,True,True,177
373851,3.873384,4.330521,1015.733,-1,-0.3857422, 0.02832031, -0.8798828, 0.008749962, -0.1571875, 0.07843757,125.6389,5,4,True,True,177
374046,5.228341,6.583298,1015.65,-1,-0.3852539, 0.02929688, -0.8789063, 0.03999996, -0.1103125, 0.09406257,125.6389,5,4,True,True,177
374130,5.905819,6.583298,1015.65,36.29231,-0.3837891, 0.02880859, -0.8803711, -0.03812504, -0.1728125, 0.1096876,125.6389,5,4,True,True,177
374216,5.681364,5.456909,1015.691,-1,-0.3847656, 0.02978516, -0.878418, 0.03999996, -0.1571875, 0.09406257,125.6389,5,4,True,True,177
374352,4.434085,3.186806,1015.774,-1,-0.3837891, 0.02783203, -0.8803711, 0.02437496, -0.1571875, 0.1096876,125.6389,5,4,True,True,177
374415,2.969987,1.50589,1015.836,-1,-0.3842773, 0.02783203, -0.8793945, -0.006875038, -0.1884375, 0.1096876,125.6389,5,4,True,True,177
374480,3.650254,4.330521,1015.733,-1,-0.3837891, 0.02832031, -0.8789063, -0.03812504, -0.1884375, 0.06281257,125.6389,5,4,True,True,177
374545,4.276318,4.902382,1015.711,36.29688,-0.3833008, 0.02783203, -0.8789063, 0.02437496, -0.2353125, 0.09406257,125.6389,5,4,True,True,177
374612,4.303419,4.330521,1015.733,-1,-0.3852539, 0.02929688, -0.8779297, 0.008749962, -0.1728125, 0.1565626,125.6389,5,4,True,True,177
374681,4.74153,5.179642,1015.701,36.30144,-0.3837891, 0.02880859, -0.8818359, 0.02437496, -0.1259375, 0.1096876,125.6389,5,4,True,True,177
374758,3.556938,2.372345,1015.805,-1,-0.3842773, 0.02978516, -0.878418, 0.02437496, -0.2040625, 0.1096876,125.6389,5,4,True,True,177
374828,3.527832,3.498726,1015.763,-1,-0.3842773, 0.02832031, -0.8803711, 0.03999996, -0.1415625, 0.1409376,125.6389,5,4,True,True,177
374900,4.786964,6.046097,1015.67,36.3197,-0.3842773, 0.02978516, -0.8789063, -0.006875038, -0.2353125, 0.09406257,125.6389,5,4,True,True,177
375084,5.000633,5.214302,1015.7,-1,-0.3842773, 0.02685547, -0.8808594, 0.05562496, -0.1415625, 0.04718757,125.6389,5,4,True,True,177
375157,3.972416,2.944199,1015.783,36.31057,-0.3852539, 0.02929688, -0.8789063, 0.02437496, -0.2040625, 0.09406257,125.6389,5,4,True,True,177
375231,5.01792,6.063423,1015.669,36.32883,-0.3842773, 0.02783203, -0.8793945, -0.006875038, -0.2040625, 0.07843757,125.6389,5,4,True,True,177
375306,6.112533,7.207146,1015.627,36.32883,-0.3857422, 0.02783203, -0.8808594, -0.02250004, -0.1884375, 0.07843757,125.6389,5,4,True,True,177
375382,4.68433,3.256126,1015.772,36.32883,-0.3842773, 0.02978516, -0.8789063, 0.02437496, -0.1884375, 0.03156257,125.6389,5,4,True,True,177
375457,4.533419,4.382507,1015.731,36.32883,-0.3847656, 0.02832031, -0.8793945, 0.02437496, -0.2040625, 0.07843757,125.6389,5,4,True,True,177
375533,3.192945,1.85247,1015.824,-1,-0.3833008, 0.02929688, -0.8779297, 0.008749962, -0.2196875, 0.06281257,125.6389,5,4,True,True,177
375608,3.224535,3.256126,1015.772,36.32883,-0.3852539, 0.02783203, -0.878418, -0.006875038, -0.2040625, 0.07843757,125.6389,5,4,True,True,177
375682,4.661309,6.098083,1015.667,-1,-0.3837891, 0.02880859, -0.878418, -0.006875038, -0.1884375, 0.1096876,125.6389,5,4,True,True,177
375762,4.383278,4.105247,1015.741,36.3334,-0.3852539, 0.02832031, -0.8793945, 0.02437496, -0.1728125, 0.09406257,125.6389,5,4,True,True,177
375840,4.382893,4.382507,1015.731,-1,-0.3837891, 0.02929688, -0.8798828, 0.008749962, -0.2040625, 0.1253126,125.6389,5,4,True,True,177
375918,4.3827,4.382507,1015.731,-1,-0.3842773, 0.02783203, -0.8813477, 0.03999996, -0.1884375, 0.1096876,125.6389,5,4,True,True,177
376109,2.277127,0.1715546,1015.885,36.3334,-0.3847656, 0.02783203, -0.8798828, 0.03999996, -0.2665625, 0.07843757,125.6389,5,4,True,True,177
376189,2.489359,2.701591,1015.792,36.33796,-0.3837891, 0.02929688, -0.8803711, -0.006875038, -0.1571875, 0.04718757,125.6389,5,4,True,True,177
376269,4.432355,6.375351,1015.657,36.33796,-0.3842773, 0.02929688, -0.8789063, 0.05562496, -0.1728125, 0.1096876,125.6389,5,4,True,True,177
376350,4.979292,5.52623,1015.689,-1,-0.3842773, 0.02734375, -0.8803711, 0.02437496, -0.1884375, 0.09406257,125.6389,5,4,True,True,177
376431,4.273669,3.568047,1015.76,-1,-0.3852539, 0.02832031, -0.8793945, 0.03999996, -0.1728125, 0.1253126,125.6389,5,4,True,True,177
376514,5.32451,6.375351,1015.657,-1,-0.3837891, 0.02880859, -0.8793945, 0.05562496, -0.1884375, 0.06281257,125.6389,5,4,True,True,177
376598,5.286736,5.248962,1015.699,36.34253,-0.3847656, 0.02783203, -0.8793945, -0.006875038, -0.2040625, 0.1409376,125.6389,5,4,True,True,177
376685,4.288758,3.290779,1015.771,36.34709,-0.3847656, 0.02880859, -0.8818359, -0.006875038, -0.2040625, 0.1096876,125.6389,5,4,True,True,177
376818,3.928402,3.568047,1015.76,36.34709,-0.3852539, 0.02880859, -0.8803711, 0.008749962, -0.2040625, 0.1253126,125.6389,5,4,True,True,177
376884,4.744642,5.560883,1015.687,36.34709,-0.3842773, 0.02783203, -0.8798828, 0.02437496, -0.1728125, 0.1096876,125.6389,5,4,True,True,177
376950,5.152762,5.560883,1015.687,-1,-0.3852539, 0.02832031, -0.8818359, -0.006875038, -0.2196875, 0.1096876,125.6389,5,4,True,True,177
377015,5.356822,5.560883,1015.687,36.35165,-0.3847656, 0.02880859, -0.8803711, 0.02437496, -0.1728125, 0.09406257,125.6389,5,4,True,True,177
377190,4.323801,3.290779,1015.771,-1,-0.3852539, 0.03125, -0.8793945, -0.02250004, -0.2196875, 0.07843757,125.6389,5,4,True,True,177
377255,5.366902,6.410004,1015.656,-1,-0.3842773, 0.02783203, -0.8798828, -0.006875038, -0.2509375, 0.07843757,125.6389,5,4,True,True,177
377324,5.463892,5.560883,1015.687,36.34709,-0.3847656, 0.02880859, -0.8798828, 0.07124996, -0.1884375, 0.1096876,125.6389,5,4,True,True,177
377392,5.512387,5.560883,1015.687,-1,-0.3842773, 0.02734375, -0.8803711, -0.02250004, -0.2196875, 0.07843757,125.6389,5,4,True,True,177
377461,4.401583,3.290779,1015.771,36.34253,-0.3852539, 0.02832031, -0.8793945, 0.02437496, -0.2040625, 0.1253126,125.6389,5,4,True,True,177
377530,4.842603,5.283623,1015.698,36.34709,-0.3837891, 0.02880859, -0.8808594, 0.05562496, -0.1728125, 0.06281257,125.6389,5,4,True,True,177
377600,5.201743,5.560883,1015.687,-1,-0.3842773, 0.02880859, -0.8818359, 0.008749962, -0.1571875, 0.07843757,125.6389,5,4,True,True,177
377672,4.246261,3.290779,1015.771,36.34253,-0.3862305, 0.02783203, -0.8808594, 0.02437496, -0.2040625, 0.07843757,125.6389,5,4,True,True,177
377747,2.633468,1.020676,1015.854,36.34253,-0.3847656, 0.03027344, -0.8828125, 0.03999996, -0.1415625, 0.1253126,125.6389,5,4,True,True,177
377830,3.100757,3.568047,1015.76,-1,-0.3842773, 0.02880859, -0.8793945, -0.02250004, -0.1884375, 0.07843757,125.6389,5,4,True,True,177
377906,2.632574,2.164391,1015.812,36.35622,-0.3842773, 0.02832031, -0.8793945, 0.07124996, -0.2509375, 0.09406257,125.6389,5,4,True,True,177
377981,3.10031,3.568047,1015.76,36.35165,-0.3852539, 0.02880859, -0.8813477, 0.03999996, -0.1884375, 0.1096876,125.6389,5,4,True,True,177
378168,2.779647,2.458984,1015.801,-1,-0.3847656, 0.02978516, -0.8818359, -0.006875038, -0.2196875, 0.07843757,125.6389,5,4,True,True,177
378244,4.170265,5.560883,1015.687,-1,-0.3852539, 0.02929688, -0.8798828, 0.02437496, -0.2353125, 0.04718757,125.6389,5,4,True,True,177
378321,2.890064,1.609863,1015.832,36.34709,-0.3842773, 0.02978516, -0.8803711, 0.03999996, -0.1884375, 0.07843757,125.6389,5,4,True,True,177
378397,2.388597,1.887131,1015.822,-1,-0.3842773, 0.02880859, -0.8808594, 0.02437496, -0.1415625, 0.09406257,125.6389,5,4,True,True,177
378473,1.8606,1.332603,1015.843,-1,-0.3833008, 0.02929688, -0.8833008, 0.008749962, -0.1728125, 0.1096876,125.6389,5,4,True,True,177
378552,3.710742,5.560883,1015.687,36.35165,-0.3828125, 0.02685547, -0.8808594, 0.02437496, -0.1728125, 0.1096876,125.6389,5,4,True,True,177
378629,3.639394,3.568047,1015.76,-1,-0.3847656, 0.02880859, -0.8833008, 0.05562496, -0.2509375, 0.1096876,125.6389,5,4,True,True,177
378708,3.465086,3.290779,1015.771,36.35622,-0.3842773, 0.02832031, -0.8798828, 0.02437496, -0.2353125, 0.07843757,125.6389,5,4,True,True,177
378788,3.377933,3.290779,1015.771,-1,-0.3847656, 0.02783203, -0.8813477, 0.05562496, -0.1103125, 0.1096876,125.6389,5,4,True,True,177
378869,4.608041,5.83815,1015.677,-1,-0.3857422, 0.02978516, -0.8798828, 0.02437496, -0.1728125, 0.09406257,125.6389,5,4,True,True,177
378950,5.647656,6.687271,1015.646,-1,-0.3833008, 0.02880859, -0.8823242, -0.05375004, -0.1884375, 0.07843757,125.6389,5,4,True,True,177
379030,6.167464,6.687271,1015.646,-1,-0.3847656, 0.02832031, -0.8813477, 0.02437496, -0.2353125, 0.07843757,125.6389,5,4,True,True,177
379226,5.864173,5.560883,1015.687,-1,-0.3857422, 0.02734375, -0.8793945, 0.02437496, -0.2821875, 0.07843757,125.6389,5,4,True,True,177
379308,4.87207,3.879967,1015.749,36.36079,-0.3837891, 0.02832031, -0.8789063, 0.05562496, -0.2353125, 0.1096876,125.6389,5,4,True,True,177
379465,4.661949,4.451828,1015.728,36.36535,-0.3852539, 0.03076172, -0.8789063, 0.05562496, -0.2196875, 0.07843757,125.6389,5,4,True,True,177
379527,4.418255,4.174561,1015.738,-1,-0.3857422, 0.02783203, -0.8789063, -0.006875038, -0.1259375, 0.1565626,125.6389,5,4,True,True,177
379591,3.871847,3.325439,1015.77,-1,-0.3857422, 0.02880859, -0.8803711, -0.05375004, -0.1571875, 0.1409376,125.6389,5,4,True,True,177
379657,3.884574,3.897301,1015.748,-1,-0.3847656, 0.02832031, -0.8798828, 0.02437496, -0.2040625, 0.09406257,125.6389,5,4,True,True,177
379724,3.189109,2.493645,1015.8,-1,-0.3828125, 0.02783203, -0.8828125, 0.02437496, -0.1103125, 0.09406257,125.6389,5,4,True,True,177
379794,3.820469,4.451828,1015.728,36.37448,-0.3837891, 0.02929688, -0.8837891, 0.03999996, -0.2353125, 0.1096876,125.6389,5,4,True,True,177
379861,2.455233,1.089996,1015.851,-1,-0.3862305, 0.02880859, -0.8813477, 0.02437496, -0.2040625, 0.1096876,125.6389,5,4,True,True,177
379927,3.176267,3.897301,1015.748,-1,-0.3862305, 0.02783203, -0.8813477, 0.02437496, -0.2040625, 0.07843757,125.6389,5,4,True,True,177
379999,3.406813,3.63736,1015.758,36.37904,-0.3852539, 0.02880859, -0.8818359, -0.006875038, -0.2196875, 0.1096876,125.6389,5,4,True,True,177
380066,4.518508,5.630203,1015.685,-1,-0.3847656, 0.02832031, -0.8798828, -0.006875038, -0.1884375, 0.1096876,125.6389,5,4,True,True,177
380250,4.935722,5.352936,1015.695,36.38818,-0.3833008, 0.02929688, -0.8813477, 0.03999996, -0.2196875, 0.09406257,125.6389,5,4,True,True,177
380321,2.874225,0.8127289,1015.862,36.38818,-0.3833008, 0.02929688, -0.8813477, 0.008749962, -0.2040625, 0.1409376,125.6389,5,4,True,True,177
380393,3.68902,4.503815,1015.726,-1,-0.3852539, 0.02783203, -0.8798828, 0.008749962, -0.1259375, 0.07843757,125.6389,5,4,True,True,177
380466,3.957784,4.226547,1015.737,-1,-0.3837891, 0.02880859, -0.8803711, 0.03999996, -0.1571875, 0.1096876,125.6389,5,4,True,True,177
380542,4.65536,5.352936,1015.695,36.39274,-0.3857422, 0.02880859, -0.8803711, 0.03999996, -0.1571875, 0.07843757,125.6389,5,4,True,True,177
380616,4.726884,4.798409,1015.715,-1,-0.3837891, 0.02880859, -0.8813477, 0.05562496, -0.1103125, 0.1253126,125.6389,5,4,True,True,177
380692,5.19587,5.664856,1015.684,-1,-0.3833008, 0.02783203, -0.8823242, 0.08687496, -0.1728125, 0.06281257,125.6389,5,4,True,True,177
380767,3.732121,2.268372,1015.808,-1,-0.3837891, 0.03027344, -0.878418, -0.02250004, -0.1259375, 0.1096876,125.6389,5,4,True,True,177
380842,3.286173,2.840225,1015.787,-1,-0.3842773, 0.02783203, -0.8803711, 0.02437496, -0.2040625, 0.07843757,125.6389,5,4,True,True,177
380919,3.045869,2.805565,1015.788,-1,-0.3847656, 0.02978516, -0.8798828, 0.08687496, -0.2040625, 0.09406257,125.6389,5,4,True,True,177
381007,2.093926,1.141983,1015.85,36.411,-0.3837891, 0.02832031, -0.8798828, 0.05562496, -0.2040625, 0.06281257,125.6389,5,4,True,True,177
381086,2.744339,3.394753,1015.767,36.40644,-0.3842773, 0.02880859, -0.8779297, 0.05562496, -0.1259375, 0.06281257,125.6389,5,4,True,True,177
381274,3.927334,5.110329,1015.704,-1,-0.3823242, 0.02832031, -0.8803711, -0.03812504, -0.1571875, 0.07843757,125.6389,5,4,True,True,177
381353,4.518831,5.110329,1015.704,36.41557,-0.3828125, 0.02929688, -0.8789063, 0.02437496, -0.2196875, 0.1253126,125.6389,5,4,True,True,177
381433,2.977704,1.436577,1015.839,-1,-0.3833008, 0.02832031, -0.8789063, 0.02437496, -0.1259375, 0.1096876,125.6389,5,4,True,True,177
381513,2.770335,2.562965,1015.797,36.42013,-0.3847656, 0.02929688, -0.8793945, 0.02437496, -0.1728125, 0.1096876,125.6389,5,4,True,True,177
381595,3.099874,3.429413,1015.766,-1,-0.3837891, 0.02783203, -0.8789063, 0.02437496, -0.2353125, 0.09406257,125.6389,5,4,True,True,177
381678,2.129591,1.159309,1015.849,36.42013,-0.3823242, 0.02734375, -0.8793945, 0.03999996, -0.1415625, 0.1721876,125.6389,5,4,True,True,177
381763,2.216308,2.303024,1015.807,36.42469,-0.3837891, 0.02929688, -0.8793945, -0.006875038, -0.2353125, 0.1253126,125.6389,5,4,True,True,177
381848,3.663318,5.110329,1015.704,36.42013,-0.3862305, 0.02880859, -0.8828125, 0.008749962, -0.2040625, 0.03156257,125.6389,5,4,True,True,177
381984,4.100897,4.538475,1015.725,36.40187,-0.3833008, 0.02832031, -0.8774414, 0.02437496, -0.2040625, 0.1565626,125.6389,5,4,True,True,177
382049,2.630103,1.159309,1015.849,36.42013,-0.3837891, 0.02880859, -0.8779297, 0.02437496, -0.1884375, 0.1096876,125.6389,5,4,True,True,177
382113,3.029758,3.429413,1015.766,36.41557,-0.3852539, 0.02832031, -0.8793945, -0.02250004, -0.1415625, 0.1096876,125.6389,5,4,True,True,177
382179,3.229585,3.429413,1015.766,-1,-0.3842773, 0.02832031, -0.8803711, 0.008749962, -0.1259375, 0.1096876,125.6389,5,4,True,True,177
382355,4.464551,5.699516,1015.682,36.42926,-0.3857422, 0.02685547, -0.8798828, 0.008749962, -0.2040625, 0.07843757,125.6389,5,4,True,True,177
382422,3.392455,2.320358,1015.806,-1,-0.3837891, 0.02880859, -0.8789063, 0.03999996, -0.1884375, 0.07843757,125.6389,5,4,True,True,177
382490,4.407351,5.422249,1015.693,-1,-0.3852539, 0.02880859, -0.8774414, 0.02437496, -0.2196875, 0.06281257,125.6389,5,4,True,True,177
382560,3.363855,2.320358,1015.806,36.43383,-0.3842773, 0.02929688, -0.8803711, 0.03999996, -0.1571875, 0.1409376,125.6389,5,4,True,True,177
382628,3.691228,4.0186,1015.744,-1,-0.3852539, 0.02880859, -0.878418, 0.008749962, -0.2353125, 0.09406257,125.6389,5,4,True,True,177
382699,4.002211,4.313194,1015.733,36.43839,-0.3837891, 0.03027344, -0.8789063, 0.02437496, -0.1728125, 0.1253126,125.6389,5,4,True,True,177
382771,4.296336,4.590462,1015.723,-1,-0.3852539, 0.02929688, -0.8764648, 0.05562496, -0.2196875, 0.09406257,125.6389,5,4,True,True,177
382843,4.443399,4.590462,1015.723,-1,-0.3852539, 0.02783203, -0.8764648, -0.006875038, -0.2509375, 0.09406257,125.6389,5,4,True,True,177
382916,3.381879,2.320358,1015.806,36.43839,-0.3837891, 0.02832031, -0.8774414, 0.05562496, -0.1728125, 0.09406257,125.6389,5,4,True,True,177
382987,3.847537,4.313194,1015.733,-1,-0.3842773, 0.02929688, -0.8803711, 0.02437496, -0.2040625, 0.1096876,125.6389,5,4,True,True,177
383060,4.218999,4.590462,1015.723,-1,-0.3837891, 0.02978516, -0.8803711, -0.006875038, -0.2040625, 0.04718757,125.6389,5,4,True,True,177
383136,4.976588,5.734177,1015.681,36.45208,-0.3847656, 0.02929688, -0.878418, -0.006875038, -0.1884375, 0.1096876,125.6389,5,4,True,True,177
383318,4.081697,3.186806,1015.775,-1,-0.3833008, 0.02832031, -0.8793945, -0.02250004, -0.1728125, 0.07843757,125.6389,5,4,True,True,177
383396,3.495621,2.909546,1015.785,36.43839,-0.3842773, 0.02832031, -0.8793945, -0.02250004, -0.2040625, 0.09406257,125.6389,5,4,True,True,177
383472,5.178093,6.860565,1015.64,-1,-0.3842773, 0.02929688, -0.8789063, 0.02437496, -0.1884375, 0.1253126,125.6389,5,4,True,True,177
383549,4.043819,2.909546,1015.785,-1,-0.3857422, 0.02978516, -0.8769531, -0.006875038, -0.1728125, 0.1096876,125.6389,5,4,True,True,177
383627,4.161177,4.278534,1015.734,-1,-0.3862305, 0.02978516, -0.8808594, -0.03812504, -0.2509375, 0.09406257,125.6389,5,4,True,True,177
383703,3.518031,2.874886,1015.786,-1,-0.3847656, 0.02880859, -0.8813477, 0.008749962, -0.2040625, 0.1096876,125.6389,5,4,True,True,177
383784,2.49463,1.47123,1015.837,-1,-0.3842773, 0.02832031, -0.8828125, 0.05562496, -0.1728125, 0.1253126,125.6389,5,4,True,True,177
383864,2.684758,2.874886,1015.786,-1,-0.3847656, 0.02978516, -0.8798828, 0.02437496, -0.1884375, 0.1096876,125.6389,5,4,True,True,177
383944,4.192137,5.699516,1015.682,-1,-0.3823242, 0.03027344, -0.8789063, 0.02437496, -0.1728125, 0.07843757,125.6389,5,4,True,True,177
384027,4.807193,5.422249,1015.693,-1,-0.3847656, 0.02832031, -0.8789063, 0.02437496, -0.2196875, 0.07843757,125.6389,5,4,True,True,177
384117,5.114721,5.422249,1015.693,-1,-0.3842773, 0.02832031, -0.8808594, -0.006875038, -0.2196875, 0.1253126,125.6389,5,4,True,True,177
384200,3.864837,2.614952,1015.796,-1,-0.3837891, 0.02978516, -0.8798828, -0.006875038, -0.2040625, 0.09406257,125.6389,5,4,True,True,177
384392,3.369861,2.874886,1015.786,-1,-0.3833008, 0.02880859, -0.8803711, 0.02437496, -0.1884375, 0.09406257,125.6389,5,4,True,True,177
384475,2.715139,2.060417,1015.816,-1,-0.3852539, 0.02929688, -0.8803711, 0.05562496, -0.2509375, 0.1409376,125.6389,5,4,True,True,177
384608,4.926482,7.137825,1015.629,-1,-0.3842773, 0.02832031, -0.8798828, 0.05562496, -0.2040625, 0.06281257,125.6389,5,4,True,True,177
384673,3.900684,2.874886,1015.786,-1,-0.3842773, 0.02880859, -0.8803711, 0.1025, -0.2509375, 0.1096876,125.6389,5,4,True,True,177
384736,3.665048,3.429413,1015.766,-1,-0.3847656, 0.02832031, -0.8808594, 0.008749962, -0.1103125, 0.07843757,125.6389,5,4,True,True,177
384804,4.387689,5.110329,1015.704,36.411,-0.3833008, 0.02783203, -0.8793945, 0.008749962, -0.1415625, 0.1565626,125.6389,5,4,True,True,177
384870,3.752591,3.117493,1015.777,-1,-0.3847656, 0.02880859, -0.8793945, 0.02437496, -0.1415625, 0.07843757,125.6389,5,4,True,True,177
384936,3.010481,2.268372,1015.808,-1,-0.3842773, 0.02880859, -0.8798828, 0.05562496, -0.1571875, 0.09406257,125.6389,5,4,True,True,177
385004,2.362159,1.713837,1015.829,-1,-0.3852539, 0.03076172, -0.8793945, -0.006875038, -0.1728125, 0.07843757,125.6389,5,4,True,True,177
385074,2.037998,1.713837,1015.829,36.40187,-0.3837891, 0.02832031, -0.8808594, -0.006875038, -0.2196875, 0.07843757,125.6389,5,4,True,True,177
385144,3.010969,3.98394,1015.745,36.42013,-0.3852539, 0.02783203, -0.8798828, -0.006875038, -0.1571875, 0.1096876,125.6389,5,4,True,True,177
385214,2.786967,2.562965,1015.797,-1,-0.3842773, 0.02929688, -0.8793945, 0.03999996, -0.2040625, 0.1565626,125.6389,5,4,True,True,177
385399,4.381876,5.976784,1015.672,36.42469,-0.3842773, 0.02880859, -0.878418, 0.02437496, -0.2665625, 0.1096876,125.6389,5,4,True,True,177
385471,4.477502,4.573128,1015.724,-1,-0.3833008, 0.02832031, -0.8803711, -0.006875038, -0.1415625, 0.1096876,125.6389,5,4,True,True,177
385544,4.378018,4.278534,1015.734,-1,-0.3852539, 0.02978516, -0.878418, 0.08687496, -0.2353125, 0.1409376,125.6389,5,4,True,True,177
385617,3.080588,1.783157,1015.826,-1,-0.3837891, 0.03027344, -0.8803711, 0.008749962, -0.2040625, 0.09406257,125.6389,5,4,True,True,177
385691,2.995067,2.909546,1015.785,-1,-0.3828125, 0.02832031, -0.8764648, 0.02437496, -0.1571875, 0.07843757,125.6389,5,4,True,True,177
385765,3.38553,3.775993,1015.753,-1,-0.3857422, 0.02734375, -0.8774414, 0.05562496, -0.2353125, 0.09406257,125.6389,5,4,True,True,177
385841,1.743886,0.1022415,1015.888,36.44752,-0.3833008, 0.02929688, -0.8793945, -0.03812504, -0.1728125, 0.07843757,125.6389,5,4,True,True,177
385920,1.624888,1.50589,1015.836,36.45665,-0.3852539, 0.03076172, -0.8789063, 0.02437496, -0.2353125, 0.06281257,125.6389,5,4,True,True,177
385996,2.561807,3.498726,1015.763,-1,-0.3842773, 0.02783203, -0.8793945, 0.03999996, -0.1884375, 0.07843757,125.6389,5,4,True,True,177
386075,3.030266,3.498726,1015.763,36.45665,-0.3837891, 0.02832031, -0.8798828, 0.02437496, -0.1259375, 0.06281257,125.6389,5,4,True,True,177
386151,2.692639,2.355011,1015.805,36.46578,-0.3837891, 0.02929688, -0.8808594, 0.008749962, -0.2196875, 0.1096876,125.6389,5,4,True,True,177
386228,3.81484,4.937042,1015.71,-1,-0.3842773, 0.02832031, -0.878418, 0.02437496, -0.2040625, 0.03156257,125.6389,5,4,True,True,177
386427,4.090011,4.365181,1015.732,-1,-0.3847656, 0.03271484, -0.878418, 0.008749962, -0.2040625, 0.1409376,125.6389,5,4,True,True,177
386506,3.517105,2.944199,1015.783,-1,-0.3847656, 0.02929688, -0.8803711, -0.006875038, -0.2040625, 0.07843757,125.6389,5,4,True,True,177
386588,1.255142,-1.006821,1015.928,-1,-0.3842773, 0.02978516, -0.8789063, -0.006875038, -0.1571875, 0.1565626,125.6389,5,4,True,True,177
386671,1.822407,2.389671,1015.803,36.47491,-0.3847656, 0.02685547, -0.8793945, -0.02250004, -0.2040625, 0.1253126,125.6389,5,4,True,True,177
386752,3.111124,4.399841,1015.73,-1,-0.3847656, 0.02978516, -0.8808594, 0.02437496, -0.2821875, 0.1096876,125.6389,5,4,True,True,177
386834,4.024083,4.937042,1015.71,-1,-0.3847656, 0.02978516, -0.8818359, 0.03999996, -0.2040625, 0.09406257,125.6389,5,4,True,True,177
386918,2.938277,1.85247,1015.823,-1,-0.3828125, 0.02783203, -0.8808594, 0.02437496, -0.1259375, 0.1253126,125.6389,5,4,True,True,177
387002,2.395374,1.85247,1015.823,-1,-0.3847656, 0.02832031, -0.8789063, 0.02437496, -0.2353125, 0.1096876,125.6389,5,4,True,True,177
387137,3.527574,4.659775,1015.72,-1,-0.3852539, 0.02832031, -0.8818359, 0.05562496, -0.2353125, 0.04718757,125.6389,5,4,True,True,177
387202,2.551392,1.575211,1015.834,-1,-0.3842773, 0.02783203, -0.8813477, 0.02437496, -0.2040625, 0.1253126,125.6389,5,4,True,True,177
387268,2.635159,2.718925,1015.792,-1,-0.3842773, 0.02880859, -0.8798828, 0.1025, -0.1728125, 0.06281257,125.6389,5,4,True,True,177
387343,4.236654,5.83815,1015.677,36.48404,-0.3867188, 0.02734375, -0.8803711, -0.006875038, -0.2040625, 0.1096876,125.6389,5,4,True,True,177
387520,3.90235,3.568047,1015.761,-1,-0.3837891, 0.02880859, -0.8798828, 0.008749962, -0.1103125, 0.06281257,125.6389,5,4,True,True,177
387589,3.310638,2.718925,1015.792,36.49317,-0.3828125, 0.02880859, -0.8808594, 0.02437496, -0.1728125, 0.1409376,125.6389,5,4,True,True,177
387658,5.276218,7.241798,1015.626,-1,-0.3857422, 0.02832031, -0.8793945, 0.008749962, -0.2196875, 0.06281257,125.6389,5,4,True,True,177
387744,4.127539,2.978859,1015.782,-1,-0.3842773, 0.02832031, -0.8793945, -0.02250004, -0.1884375, 0.06281257,125.6389,5,4,True,True,177
387813,3.847793,3.568047,1015.761,36.49317,-0.3828125, 0.02929688, -0.8803711, -0.006875038, -0.1259375, 0.1721876,125.6389,5,4,True,True,177
387884,3.292022,2.736252,1015.791,-1,-0.3857422, 0.02832031, -0.8759766, 0.008749962, -0.2978125, 0.06281257,125.6389,5,4,True,True,177
387955,3.005474,2.718925,1015.792,-1,-0.3823242, 0.02783203, -0.8798828, 0.03999996, -0.07906246, 0.04718757,125.6389,5,4,True,True,177
388028,2.723566,2.441658,1015.802,-1,-0.3847656, 0.02929688, -0.8789063, -0.05375004, -0.2353125, 0.07843757,125.6389,5,4,True,True,177
388103,4.280858,5.83815,1015.677,36.49317,-0.3847656, 0.02880859, -0.8808594, 0.02437496, -0.1884375, 0.1409376,125.6389,5,4,True,True,177
388176,2.928034,1.575211,1015.834,-1,-0.3828125, 0.02832031, -0.878418, 0.008749962, -0.2509375, 0.06281257,125.6389,5,4,True,True,177
388253,3.38667,3.845306,1015.75,36.49317,-0.3837891, 0.02832031, -0.8798828, -0.006875038, -0.2353125, 0.07843757,125.6389,5,4,True,True,177
388328,3.477358,3.568047,1015.761,36.49317,-0.3842773, 0.02734375, -0.8779297, -0.03812504, -0.2665625, 0.1096876,125.6389,5,4,True,True,177
388515,2.959508,2.441658,1015.802,36.49317,-0.3852539, 0.02685547, -0.8823242, 0.03999996, -0.2040625, 0.07843757,125.6389,5,4,True,True,177
388592,3.263777,3.568047,1015.761,-1,-0.3852539, 0.02783203, -0.8789063, 0.07124996, -0.1728125, 0.1253126,125.6389,5,4,True,True,177
388664,2.852718,2.441658,1015.802,-1,-0.3833008, 0.02783203, -0.8789063, 0.008749962, -0.2509375, 0.1409376,125.6389,5,4,True,True,177
388741,2.369924,1.887131,1015.822,-1,-0.3842773, 0.02929688, -0.8833008, 0.008749962, -0.1728125, 0.1253126,125.6389,5,4,True,True,177
388820,2.405791,2.441658,1015.802,36.5023,-0.3823242, 0.02880859, -0.878418, 0.02437496, -0.1884375, 0.1096876,125.6389,5,4,True,True,177
388895,3.844707,5.283623,1015.697,-1,-0.3847656, 0.02929688, -0.878418, 0.03999996, -0.1415625, 0.1253126,125.6389,5,4,True,True,177
388975,3.160513,2.476318,1015.801,-1,-0.3837891, 0.02880859, -0.8789063, -0.006875038, -0.1103125, 0.09406257,125.6389,5,4,True,True,177
389055,4.222068,5.283623,1015.697,-1,-0.3857422, 0.02832031, -0.8823242, -0.006875038, -0.1884375, 0.03156257,125.6389,5,4,True,True,177
389137,5.324703,6.427338,1015.656,-1,-0.3837891, 0.02978516, -0.8818359, 0.02437496, -0.2040625, 0.1096876,125.6389,5,4,True,True,177
389215,4.030478,2.736252,1015.791,-1,-0.3833008, 0.02880859, -0.8818359, 0.08687496, -0.1571875, 0.07843757,125.6389,5,4,True,True,177
389296,4.38845,4.746422,1015.717,-1,-0.3837891, 0.02929688, -0.8813477, -0.006875038, -0.2821875, 0.1096876,125.6389,5,4,True,True,177
389377,2.86919,1.34993,1015.842,-1,-0.3881836, 0.02636719, -0.8808594, 0.008749962, -0.3603125, 0.1253126,125.6389,5,4,True,True,177
389568,4.076406,5.283623,1015.697,-1,-0.3837891, 0.02832031, -0.8803711, 0.03999996, -0.1884375, 0.1253126,125.6389,5,4,True,True,177
389650,2.548541,1.020676,1015.854,-1,-0.3842773, 0.02832031, -0.8813477, 0.05562496, -0.1728125, 0.07843757,125.6389,5,4,True,True,177
389787,4.054712,5.560883,1015.687,36.5023,-0.3837891, 0.02978516, -0.8818359, 0.03999996, -0.2040625, 0.06281257,125.6389,5,4,True,True,177
389852,3.811379,3.568047,1015.761,36.5023,-0.3857422, 0.02880859, -0.8808594, 0.02437496, -0.2978125, 0.09406257,125.6389,5,4,True,True,177
389919,3.421113,3.030846,1015.78,-1,-0.3857422, 0.02978516, -0.8798828, 0.02437496, -0.2353125, 0.06281257,125.6389,5,4,True,True,177
389986,3.225979,3.030846,1015.78,-1,-0.3813477, 0.03222656, -0.8803711, -0.02250004, -0.0009374619, 0.1409376,125.6389,5,4,True,True,177
390052,4.254801,5.283623,1015.697,-1,-0.3837891, 0.02929688, -0.8828125, -0.006875038, -0.2665625, 0.1409376,125.6389,5,4,True,True,177
390122,3.77279,3.290779,1015.77,36.49317,-0.3857422, 0.02832031, -0.8818359, 0.008749962, -0.3603125, 0.09406257,125.6389,5,4,True,True,177
390192,3.531785,3.290779,1015.77,-1,-0.3837891, 0.02880859, -0.8789063, 0.008749962, -0.06343746, 0.1096876,125.6389,5,4,True,True,177
390259,2.146263,0.7607422,1015.864,-1,-0.3823242, 0.02978516, -0.8803711, -0.006875038, -0.1103125, 0.07843757,125.6389,5,4,True,True,177
390328,1.748097,1.34993,1015.842,-1,-0.3847656, 0.02978516, -0.8808594, -0.006875038, -0.2196875, 0.1096876,125.6389,5,4,True,True,177
390398,3.377226,5.006355,1015.708,-1,-0.3881836, 0.02832031, -0.8798828, -0.05375004, -0.3290625, 0.1253126,125.6389,5,4,True,True,177
390589,1.79172,0.2062149,1015.884,-1,-0.3823242, 0.02832031, -0.8798828, 0.02437496, -0.1571875, 0.09406257,125.6389,5,4,True,True,177
390659,3.130437,4.469154,1015.728,-1,-0.3862305, 0.02880859, -0.8798828, 0.05562496, -0.2509375, 0.04718757,125.6389,5,4,True,True,177
390728,3.661166,4.191895,1015.738,-1,-0.3847656, 0.02929688, -0.8793945, -0.03812504, -0.2353125, 0.07843757,125.6389,5,4,True,True,177
390803,4.203794,4.746422,1015.717,36.52056,-0.3842773, 0.02685547, -0.878418, 0.03999996, -0.2040625, 0.07843757,125.6389,5,4,True,True,177
390878,4.059211,3.914627,1015.748,36.52969,-0.3862305, 0.02929688, -0.8803711, -0.006875038, -0.1728125, 0.07843757,125.6389,5,4,True,True,177
390954,4.125553,4.191895,1015.738,36.52056,-0.3842773, 0.03076172, -0.878418, 0.05562496, -0.2040625, 0.1096876,125.6389,5,4,True,True,177
391029,3.456896,2.788239,1015.789,-1,-0.3852539, 0.02636719, -0.8813477, 0.02437496, -0.2196875, 0.1096876,125.6389,5,4,True,True,177
391106,3.685761,3.914627,1015.748,-1,-0.3847656, 0.02441406, -0.8803711, 0.07124996, -0.2509375, 0.06281257,125.6389,5,4,True,True,177
391185,3.661561,3.63736,1015.758,-1,-0.3837891, 0.03027344, -0.8793945, 0.008749962, -0.2040625, 0.09406257,125.6389,5,4,True,True,177
391259,3.788094,3.914627,1015.748,-1,-0.3847656, 0.02978516, -0.8764648, 0.008749962, -0.2353125, 0.1253126,125.6389,5,4,True,True,177
391339,4.847778,5.907463,1015.675,36.52969,-0.3833008, 0.02832031, -0.8818359, 0.03999996, -0.1415625, 0.09406257,125.6389,5,4,True,True,177
391420,4.242569,3.63736,1015.758,36.52512,-0.3842773, 0.02880859, -0.8828125, 0.08687496, -0.1884375, 0.1096876,125.6389,5,4,True,True,177
391609,5.075016,5.907463,1015.675,-1,-0.3852539, 0.02880859, -0.8833008, 0.02437496, -0.2196875, 0.09406257,125.6389,5,4,True,True,177
391691,5.35261,5.630203,1015.685,36.53425,-0.3852539, 0.02880859, -0.8813477, -0.006875038, -0.2040625, 0.1096876,125.6389,5,4,True,True,177
391774,4.494985,3.63736,1015.758,36.53882,-0.3857422, 0.02880859, -0.8808594, -0.006875038, -0.2196875, 0.1096876,125.6389,5,4,True,True,177
391856,3.927542,3.3601,1015.768,-1,-0.3857422, 0.02929688, -0.8813477, -0.03812504, -0.2040625, 0.09406257,125.6389,5,4,True,True,177
391940,4.077044,4.226547,1015.736,36.52969,-0.3862305, 0.02832031, -0.8823242, -0.02250004, -0.1728125, 0.06281257,125.6389,5,4,True,True,177
392023,3.718572,3.3601,1015.768,-1,-0.3842773, 0.02929688, -0.8798828, 0.02437496, -0.2040625, 0.1253126,125.6389,5,4,True,True,177
392108,3.97256,4.226547,1015.736,-1,-0.3842773, 0.02929688, -0.878418, -0.006875038, -0.2196875, 0.1253126,125.6389,5,4,True,True,177
392192,3.66633,3.3601,1015.768,36.53882,-0.3862305, 0.02832031, -0.8803711, -0.02250004, -0.1728125, 0.09406257,125.6389,5,4,True,True,177
392327,3.383244,3.100159,1015.778,36.53425,-0.3837891, 0.02929688, -0.8789063, 0.008749962, -0.2040625, 0.09406257,125.6389,5,4,True,True,177
392392,4.939948,6.496651,1015.653,-1,-0.3867188, 0.02880859, -0.8793945, -0.006875038, -0.3134375, 0.1096876,125.6389,5,4,True,True,177
392459,4.713214,4.486481,1015.727,-1,-0.3852539, 0.02929688, -0.8823242, 0.02437496, -0.2040625, 0.07843757,125.6389,5,4,True,True,177
392526,3.906686,3.100159,1015.778,36.53882,-0.3833008, 0.02880859, -0.8798828, 0.03999996, -0.1884375, 0.07843757,125.6389,5,4,True,True,177
392702,3.633393,3.3601,1015.768,-1,-0.3842773, 0.02832031, -0.8793945, -0.006875038, -0.2196875, 0.06281257,125.6389,5,4,True,True,177
392771,4.493165,5.352936,1015.695,36.54795,-0.3842773, 0.02929688, -0.8798828, 0.03999996, -0.2196875, 0.1096876,125.6389,5,4,True,True,177
392838,4.359856,4.226547,1015.736,-1,-0.3828125, 0.02832031, -0.8818359, -0.02250004, -0.2353125, 0.1409376,125.6389,5,4,True,True,177
392907,4.293201,4.226547,1015.736,-1,-0.3847656, 0.02929688, -0.8798828, 0.008749962, -0.2196875, 0.06281257,125.6389,5,4,True,True,177
392978,4.961702,5.630203,1015.685,36.52969,-0.3847656, 0.02734375, -0.8808594, 0.008749962, -0.1884375, 0.1409376,125.6389,5,4,True,True,177
393048,4.160901,3.3601,1015.768,-1,-0.3833008, 0.02880859, -0.8803711, 0.05562496, -0.2040625, 0.06281257,125.6389,5,4,True,True,177
393118,3.197306,2.233711,1015.81,-1,-0.3842773, 0.02734375, -0.8813477, -0.08500004, -0.1728125, 0.07843757,125.6389,5,4,True,True,177
393189,3.417333,3.63736,1015.758,-1,-0.3842773, 0.02978516, -0.8813477, 0.008749962, -0.1884375, 0.1409376,125.6389,5,4,True,True,177
393262,3.388716,3.3601,1015.768,36.53425,-0.3828125, 0.03027344, -0.8740234, -0.006875038, -0.2353125, 0.06281257,125.6389,5,4,True,True,177
393335,3.244437,3.100159,1015.778,-1,-0.3842773, 0.03027344, -0.878418, 0.02437496, -0.2353125, 0.1096876,125.6389,5,4,True,True,177
393410,4.012756,4.781075,1015.716,-1,-0.3842773, 0.02832031, -0.8808594, 0.05562496, -0.2196875, 0.1721876,125.6389,5,4,True,True,177
393485,3.686428,3.3601,1015.768,-1,-0.3847656, 0.02832031, -0.8808594, 0.02437496, -0.2196875, 0.1096876,125.6389,5,4,True,True,177
393680,3.956488,4.226547,1015.736,-1,-0.3833008, 0.02929688, -0.8798828, 0.02437496, -0.1884375, 0.1096876,125.6389,5,4,True,True,177
393758,3.814254,3.67202,1015.757,36.54338,-0.3837891, 0.02783203, -0.8793945, 0.05562496, -0.2509375, 0.09406257,125.6389,5,4,True,True,177
393835,4.020401,4.226547,1015.736,-1,-0.3842773, 0.02929688, -0.8818359, 0.03999996, -0.2196875, 0.06281257,125.6389,5,4,True,True,177
393915,5.258526,6.496651,1015.653,36.54338,-0.3837891, 0.02929688, -0.8808594, -0.006875038, -0.1571875, 0.1096876,125.6389,5,4,True,True,177
393994,3.763449,2.268372,1015.808,-1,-0.3833008, 0.02832031, -0.8793945, 0.008749962, -0.2196875, 0.1096876,125.6389,5,4,True,True,177
394074,3.01591,2.268372,1015.808,36.54795,-0.3842773, 0.02832031, -0.8803711, 0.008749962, -0.1884375, 0.09406257,125.6389,5,4,True,True,177
394155,3.066701,3.117493,1015.777,36.55708,-0.3837891, 0.02978516, -0.8803711, 0.008749962, -0.1728125, 0.07843757,125.6389,5,4,True,True,177
394235,3.369361,3.67202,1015.757,-1,-0.3847656, 0.02783203, -0.8793945, 0.07124996, -0.2196875, 0.1096876,125.6389,5,4,True,True,177
394316,4.378479,5.387596,1015.694,-1,-0.3847656, 0.02929688, -0.8813477, -0.02250004, -0.2040625, 0.07843757,125.6389,5,4,True,True,177
394396,4.04258,3.70668,1015.755,-1,-0.3828125, 0.02832031, -0.8803711, 0.03999996, -0.1884375, 0.09406257,125.6389,5,4,True,True,177
394480,3.311436,2.580292,1015.797,36.58447,-0.3837891, 0.02929688, -0.8789063, 0.008749962, -0.2353125, 0.1096876,125.6389,5,4,True,True,177
394562,4.505476,5.699516,1015.682,-1,-0.3847656, 0.02832031, -0.8793945, 0.02437496, -0.2040625, 0.06281257,125.6389,5,4,True,True,177
394752,4.963862,5.422249,1015.692,-1,-0.3837891, 0.02783203, -0.8818359, 0.008749962, -0.1884375, 0.09406257,125.6389,5,4,True,True,177
394836,5.063089,5.162315,1015.702,-1,-0.3842773, 0.02832031, -0.878418, 0.03999996, -0.2040625, 0.1253126,125.6389,5,4,True,True,177
394966,4.124948,3.186806,1015.774,-1,-0.3852539, 0.02832031, -0.8779297, -0.006875038, -0.1728125, 0.06281257,125.6389,5,4,True,True,177
395031,3.93314,3.741333,1015.754,-1,-0.3857422, 0.02929688, -0.8803711, 0.02437496, -0.1571875, 0.1565626,125.6389,5,4,True,True,177
395097,2.728178,1.523216,1015.836,36.59816,-0.3842773, 0.02832031, -0.8779297, 0.008749962, -0.2196875, 0.09406257,125.6389,5,4,True,True,177
395163,2.394298,2.060417,1015.816,-1,-0.3847656, 0.02880859, -0.878418, 0.07124996, -0.1728125, 0.1253126,125.6389,5,4,True,True,177
395227,3.223779,4.053261,1015.743,-1,-0.3842773, 0.02880859, -0.8789063, 0.02437496, -0.1884375, 0.1409376,125.6389,5,4,True,True,177
395296,3.77715,4.330521,1015.733,36.60273,-0.3847656, 0.03027344, -0.8803711, 0.02437496, -0.2196875, 0.07843757,125.6389,5,4,True,True,177
395367,3.481978,3.186806,1015.774,36.5936,-0.3847656, 0.03027344, -0.8808594, -0.006875038, -0.2196875, 0.06281257,125.6389,5,4,True,True,177
395436,3.628986,3.775993,1015.753,36.60729,-0.3862305, 0.02880859, -0.8813477, -0.006875038, -0.2353125, 0.1409376,125.6389,5,4,True,True,177
395527,3.702489,3.775993,1015.753,36.59816,-0.3833008, 0.02880859, -0.8798828, -0.006875038, -0.2040625, 0.09406257,125.6389,5,4,True,True,177
395598,3.739241,3.775993,1015.753,-1,-0.3852539, 0.02832031, -0.8793945, 0.02437496, -0.1571875, 0.09406257,125.6389,5,4,True,True,177
395777,2.631229,1.523216,1015.836,-1,-0.3837891, 0.02880859, -0.8789063, -0.006875038, -0.2509375, 0.1253126,125.6389,5,4,True,True,177
395850,2.909017,3.186806,1015.774,-1,-0.3847656, 0.02929688, -0.8808594, 0.03999996, -0.2040625, 0.1096876,125.6389,5,4,True,True,177
395919,2.779311,2.649605,1015.794,-1,-0.3837891, 0.02832031, -0.8793945, 0.008749962, -0.2509375, 0.03156257,125.6389,5,4,True,True,177
395992,3.277652,3.775993,1015.753,-1,-0.3862305, 0.02929688, -0.8798828, -0.006875038, -0.2196875, 0.07843757,125.6389,5,4,True,True,177
396065,3.526823,3.775993,1015.753,-1,-0.3867188, 0.02783203, -0.8793945, 0.03999996, -0.1415625, 0.09406257,125.6389,5,4,True,True,177
396138,2.38639,1.245956,1015.846,-1,-0.3862305, 0.02832031, -0.8808594, 0.07124996, -0.2509375, 0.1253126,125.6389,5,4,True,True,177
396213,3.653049,4.919708,1015.711,36.61186,-0.3837891, 0.02978516, -0.8808594, 0.05562496, -0.1884375, 0.09406257,125.6389,5,4,True,True,177
396288,2.588133,1.523216,1015.836,-1,-0.3852539, 0.02880859, -0.8808594, 0.05562496, -0.2353125, 0.07843757,125.6389,5,4,True,True,177
396364,1.206553,-0.1750259,1015.898,-1,-0.3857422, 0.03027344, -0.8798828, -0.02250004, -0.1571875, 0.06281257,125.6389,5,4,True,True,177
396443,2.35264,3.498726,1015.763,36.60729,-0.3847656, 0.02783203, -0.8798828, 0.02437496, -0.1728125, 0.1096876,125.6389,5,4,True,True,177
396521,1.660664,0.968689,1015.856,-1,-0.3842773, 0.02734375, -0.8798828, 0.02437496, -0.2509375, 0.07843757,125.6389,5,4,True,True,177
396598,2.449728,3.238792,1015.773,-1,-0.3852539, 0.02929688, -0.8818359, 0.008749962, -0.1259375, 0.04718757,125.6389,5,4,True,True,177
396789,2.133769,1.81781,1015.825,36.61186,-0.3837891, 0.03027344, -0.8823242, 0.03999996, -0.2040625, 0.1096876,125.6389,5,4,True,True,177
396878,2.686281,3.238792,1015.773,36.61186,-0.3847656, 0.02929688, -0.8818359, 0.05562496, -0.1728125, 0.1253126,125.6389,5,4,True,True,177
396959,3.950291,5.214302,1015.7,-1,-0.3847656, 0.02734375, -0.8818359, 0.03999996, -0.2196875, 0.09406257,125.6389,5,4,True,True,177
397040,3.022685,2.095078,1015.814,-1,-0.3842773, 0.02783203, -0.8779297, -0.02250004, -0.1103125, 0.06281257,125.6389,5,4,True,True,177
397124,2.558881,2.095078,1015.814,36.60273,-0.3837891, 0.02880859, -0.8828125, 0.03999996, -0.2196875, 0.1409376,125.6389,5,4,True,True,177
397205,3.167437,3.775993,1015.753,-1,-0.3833008, 0.03027344, -0.8803711, 0.02437496, -0.2040625, 0.09406257,125.6389,5,4,True,True,177
397289,3.203115,3.238792,1015.773,-1,-0.3847656, 0.02929688, -0.8808594, -0.006875038, -0.2353125, 0.06281257,125.6389,5,4,True,True,177
397424,3.784148,4.365181,1015.731,-1,-0.3837891, 0.02929688, -0.8798828, 0.05562496, -0.2509375, 0.1409376,125.6389,5,4,True,True,177
397490,3.780071,3.775993,1015.753,-1,-0.3842773, 0.03027344, -0.8793945, 0.05562496, -0.2040625, 0.1096876,125.6389,5,4,True,True,177
397556,3.778032,3.775993,1015.753,-1,-0.3842773, 0.02929688, -0.8798828, 0.1025, -0.2040625, 0.09406257,125.6389,5,4,True,True,177
397621,4.912065,6.046097,1015.669,-1,-0.3837891, 0.02734375, -0.8813477, 0.02437496, -0.2196875, 0.1096876,125.6389,5,4,True,True,177
397691,4.482663,4.053261,1015.743,36.60273,-0.3857422, 0.02978516, -0.8803711, -0.006875038, -0.2040625, 0.09406257,125.6389,5,4,True,True,177
397870,4.831152,5.179642,1015.701,-1,-0.3862305, 0.02832031, -0.8793945, -0.006875038, -0.2509375, 0.1409376,125.6389,5,4,True,True,177
397937,3.879012,2.926872,1015.784,-1,-0.3837891, 0.02929688, -0.8779297, 0.008749962, -0.2040625, 0.1409376,125.6389,5,4,True,True,177
398005,3.827503,3.775993,1015.753,-1,-0.3842773, 0.03125, -0.8808594, -0.02250004, -0.1571875, 0.1096876,125.6389,5,4,True,True,177
398073,4.079012,4.330521,1015.733,-1,-0.3852539, 0.02880859, -0.8789063, -0.006875038, -0.2665625, 0.07843757,125.6389,5,4,True,True,177
398143,3.927503,3.775993,1015.753,-1,-0.3847656, 0.02880859, -0.8793945, -0.006875038, -0.2353125, 0.06281257,125.6389,5,4,True,True,177
398216,2.58673,1.245956,1015.846,36.60273,-0.3842773, 0.02880859, -0.8803711, 0.008749962, -0.1571875, 0.09406257,125.6389,5,4,True,True,177
398286,3.181361,3.775993,1015.753,-1,-0.3837891, 0.02978516, -0.8793945, 0.008749962, -0.2196875, 0.1721876,125.6389,5,4,True,True,177
398359,3.340044,3.498726,1015.763,-1,-0.3847656, 0.02929688, -0.8803711, 0.008749962, -0.1571875, 0.06281257,125.6389,5,4,True,True,177
398431,3.289418,3.238792,1015.773,-1,-0.3837891, 0.02929688, -0.8813477, -0.006875038, -0.1728125, 0.1096876,125.6389,5,4,True,True,177
398503,3.264105,3.238792,1015.773,-1,-0.3852539, 0.02929688, -0.8798828, -0.02250004, -0.1415625, 0.09406257,125.6389,5,4,True,True,177
398577,3.251449,3.238792,1015.773,-1,-0.3847656, 0.02880859, -0.8823242, 0.008749962, -0.2040625, 0.07843757,125.6389,5,4,True,True,177
398652,3.808315,4.365181,1015.731,-1,-0.3847656, 0.02978516, -0.8803711, 0.03999996, -0.2040625, 0.1096876,125.6389,5,4,True,True,177
398839,4.225382,4.642448,1015.721,-1,-0.3847656, 0.02929688, -0.8803711, -0.02250004, -0.1884375, 0.07843757,125.6389,5,4,True,True,177
398913,4.572545,4.919708,1015.711,-1,-0.3842773, 0.02978516, -0.8813477, 0.03999996, -0.2196875, 0.06281257,125.6389,5,4,True,True,177
398989,3.472445,2.372345,1015.804,-1,-0.3837891, 0.02929688, -0.8798828, 0.02437496, -0.1571875, 0.07843757,125.6389,5,4,True,True,177
399068,3.216989,2.961533,1015.783,-1,-0.387207, 0.02880859, -0.8808594, 0.008749962, -0.1259375, 0.09406257,125.6389,5,4,True,True,177
399144,3.791085,4.365181,1015.731,-1,-0.3837891, 0.02685547, -0.8793945, -0.006875038, -0.1571875, 0.09406257,125.6389,5,4,True,True,177
399225,4.502693,5.214302,1015.7,-1,-0.3842773, 0.03076172, -0.8808594, 0.02437496, -0.2040625, 0.1565626,125.6389,5,4,True,True,177
399304,4.295303,4.087914,1015.741,-1,-0.3842773, 0.02880859, -0.8823242, 0.008749962, -0.1415625, 0.1096876,125.6389,5,4,True,True,177
399384,3.489784,2.684265,1015.793,-1,-0.3842773, 0.02929688, -0.8803711, 0.02437496, -0.1259375, 0.07843757,125.6389,5,4,True,True,177
399464,3.927483,4.365181,1015.731,-1,-0.3837891, 0.02880859, -0.8823242, -0.006875038, -0.2040625, 0.07843757,125.6389,5,4,True,True,177
399548,3.305874,2.684265,1015.793,36.62098,-0.3847656, 0.02783203, -0.8793945, 0.02437496, -0.1415625, 0.07843757,125.6389,5,4,True,True,177
399630,2.717806,2.129738,1015.813,-1,-0.3857422, 0.03027344, -0.8789063, 0.03999996, -0.2196875, 0.1096876,125.6389,5,4,True,True,177
399710,2.423772,2.129738,1015.813,-1,-0.3852539, 0.02880859, -0.8813477, 0.05562496, -0.2353125, 0.07843757,125.6389,5,4,True,True,177
399904,4.824122,7.224472,1015.626,36.62555,-0.3828125, 0.02929688, -0.8793945, 0.02437496, -0.2353125, 0.09406257,125.6389,5,4,True,True,177
399990,3.910154,2.996185,1015.782,-1,-0.3847656, 0.02978516, -0.8798828, 0.02437496, -0.1884375, 0.1096876,125.6389,5,4,True,True,177
400136,3.297209,2.684265,1015.793,-1,-0.3852539, 0.02880859, -0.8789063, 0.02437496, -0.1728125, 0.1096876,125.6389,5,4,True,True,177
400199,3.848525,4.399841,1015.73,-1,-0.3847656, 0.02880859, -0.8833008, 0.02437496, -0.2821875, 0.09406257,125.6389,5,4,True,True,177
400265,4.401447,4.954369,1015.71,-1,-0.3842773, 0.02978516, -0.8803711, 0.008749962, -0.1728125, 0.1096876,125.6389,5,4,True,True,177
400331,3.542856,2.684265,1015.793,-1,-0.3852539, 0.02832031, -0.8798828, 0.03999996, -0.1415625, 0.07843757,125.6389,5,4,True,True,177
400399,3.390824,3.238792,1015.773,36.62098,-0.3842773, 0.02929688, -0.8789063, 0.03999996, -0.1571875, 0.1253126,125.6389,5,4,True,True,177
400465,3.878003,4.365181,1015.731,-1,-0.3847656, 0.02880859, -0.8789063, 0.03999996, -0.2196875, 0.1409376,125.6389,5,4,True,True,177
400535,4.416185,4.954369,1015.71,-1,-0.3842773, 0.02783203, -0.878418, -0.05375004, -0.2040625, 0.1565626,125.6389,5,4,True,True,177
400606,4.953877,5.49157,1015.69,-1,-0.3852539, 0.02880859, -0.8808594, 0.008749962, -0.1415625, 0.09406257,125.6389,5,4,True,True,177
400675,3.957705,2.961533,1015.783,-1,-0.3842773, 0.02880859, -0.8793945, 0.07124996, -0.2509375, 0.07843757,125.6389,5,4,True,True,177
400747,3.320985,2.684265,1015.793,-1,-0.3842773, 0.02929688, -0.878418, -0.03812504, -0.1728125, 0.1409376,125.6389,5,4,True,True,177
400927,4.709534,6.098083,1015.668,-1,-0.3842773, 0.02783203, -0.8793945, 0.008749962, -0.1571875, 0.07843757,125.6389,5,4,True,True,177
401001,4.130127,3.55072,1015.761,36.62555,-0.3842773, 0.02734375, -0.8808594, 0.02437496, -0.2353125, 0.07843757,125.6389,5,4,True,True,177
401073,3.70179,3.273453,1015.771,-1,-0.3857422, 0.02783203, -0.8808594, 0.02437496, -0.2040625, 0.07843757,125.6389,5,4,True,True,177
401143,4.050816,4.399841,1015.73,-1,-0.3847656, 0.02783203, -0.8808594, -0.02250004, -0.2040625, 0.04718757,125.6389,5,4,True,True,177
401215,4.225328,4.399841,1015.73,36.62555,-0.3842773, 0.02929688, -0.8798828, -0.006875038, -0.2040625, 0.1096876,125.6389,5,4,True,True,177
401291,3.047563,1.869797,1015.823,36.63468,-0.3847656, 0.02880859, -0.8798828, 0.03999996, -0.1884375, 0.07843757,125.6389,5,4,True,True,177
401367,3.862332,4.677101,1015.72,-1,-0.3837891, 0.02832031, -0.8803711, 0.008749962, -0.2353125, 0.1096876,125.6389,5,4,True,True,177
401442,4.702944,5.543556,1015.688,-1,-0.3837891, 0.02783203, -0.8793945, -0.006875038, -0.2509375, 0.04718757,125.6389,5,4,True,True,177
401517,4.282792,3.86264,1015.75,-1,-0.3847656, 0.02832031, -0.8789063, 0.008749962, -0.1259375, 0.06281257,125.6389,5,4,True,True,177
401598,3.925419,3.568047,1015.76,36.63924,-0.3837891, 0.02832031, -0.8798828, -0.006875038, -0.1884375, 0.1096876,125.6389,5,4,True,True,177
401677,3.616766,3.308113,1015.77,-1,-0.3847656, 0.02832031, -0.8798828, -0.006875038, -0.2353125, 0.06281257,125.6389,5,4,True,True,177
401757,4.164264,4.711761,1015.719,36.64837,-0.3833008, 0.02783203, -0.8793945, -0.02250004, -0.2040625, 0.1409376,125.6389,5,4,True,True,177
401948,3.736188,3.308113,1015.77,-1,-0.3745117, 0.03125, -0.875, 0.118125, -0.1415625, 0.2190626,125.6389,5,4,True,True,177
402029,3.652117,3.568047,1015.76,-1,-0.3867188, 0.02685547, -0.8774414, 0.008749962, -0.2665625, 0.01593757,125.6389,5,4,True,True,177
402110,4.615167,5.578217,1015.687,-1,-0.3837891, 0.03027344, -0.8881836, 0.008749962, 0.04593754, 0.0003125668,125.6389,5,4,True,True,177
402190,4.386201,4.157234,1015.739,-1,-0.3833008, 0.02685547, -0.8803711, -0.02250004, -0.2040625, 0.07843757,125.6389,5,4,True,True,177
402274,3.847157,3.308113,1015.77,-1,-0.3774414, 0.02636719, -0.8769531, -0.02250004, 0.04593754, -0.04656243,125.6389,5,4,True,True,177
402358,3.144408,2.441658,1015.802,36.64837,-0.3867188, 0.02832031, -0.8798828, -0.02250004, -0.3446875, 0.03156257,125.6389,5,4,True,True,177
402440,4.768542,6.392677,1015.657,-1,-0.3828125, 0.02783203, -0.8833008, 0.008749962, -0.1728125, 0.1253126,125.6389,5,4,True,True,177
402524,4.861455,4.954369,1015.71,-1,-0.3842773, 0.02832031, -0.8823242, -0.006875038, -0.1728125, 0.1253126,125.6389,5,4,True,True,177
402660,4.318725,3.775993,1015.753,-1,-0.3833008, 0.02929688, -0.8789063, 0.008749962, -0.2040625, 0.06281257,125.6389,5,4,True,True,177
402728,4.619216,4.919708,1015.711,36.61186,-0.3847656, 0.02880859, -0.8823242, 0.08687496, -0.2040625, 0.1409376,125.6389,5,4,True,True,177
402794,3.071216,1.523216,1015.836,36.60729,-0.3842773, 0.02880859, -0.8818359, 0.03999996, -0.2196875, 0.07843757,125.6389,5,4,True,True,177
402863,2.427187,1.783157,1015.826,36.60273,-0.3833008, 0.02880859, -0.8813477, 0.02437496, -0.1728125, 0.07843757,125.6389,5,4,True,True,177
403040,3.10159,3.775993,1015.753,-1,-0.3857422, 0.02978516, -0.878418, -0.006875038, -0.2040625, 0.07843757,125.6389,5,4,True,True,177
403110,3.421462,3.741333,1015.754,36.58903,-0.3852539, 0.02880859, -0.8818359, 0.03999996, -0.2353125, 0.03156257,125.6389,5,4,True,True,177
403180,3.451431,3.4814,1015.764,36.58447,-0.3833008, 0.03027344, -0.8818359, 0.03999996, -0.1728125, 0.1253126,125.6389,5,4,True,True,177
403255,3.171821,2.892212,1015.785,-1,-0.3842773, 0.02929688, -0.8813477, 0.05562496, -0.1728125, 0.07843757,125.6389,5,4,True,True,177
403325,4.167068,5.162315,1015.702,36.57077,-0.3837891, 0.02832031, -0.8828125, -0.02250004, -0.2196875, 0.07843757,125.6389,5,4,True,True,177
403395,3.52964,2.892212,1015.785,36.57534,-0.3837891, 0.02832031, -0.8808594, 0.02437496, -0.2040625, 0.06281257,125.6389,5,4,True,True,177
403467,4.190018,4.850395,1015.714,-1,-0.3847656, 0.02978516, -0.8808594, 0.03999996, -0.1259375, 0.1096876,125.6389,5,4,True,True,177
403560,4.806133,5.422249,1015.692,36.57534,-0.3837891, 0.02880859, -0.8818359, 0.05562496, -0.1728125, 0.1096876,125.6389,5,4,True,True,177
403632,4.689631,4.573128,1015.724,-1,-0.3833008, 0.02880859, -0.8813477, -0.006875038, -0.2040625, 0.09406257,125.6389,5,4,True,True,177
403707,4.215482,3.741333,1015.754,-1,-0.3847656, 0.02832031, -0.8803711, -0.006875038, -0.2040625, 0.1253126,125.6389,5,4,True,True,177
403781,4.697562,5.179642,1015.701,-1,-0.3842773, 0.02978516, -0.8808594, -0.006875038, -0.2821875, 0.1096876,125.6389,5,4,True,True,177
403856,3.534953,2.372345,1015.804,36.60273,-0.3842773, 0.03027344, -0.8828125, 0.05562496, -0.2040625, 0.09406257,125.6389,5,4,True,True,177
404043,4.357297,5.179642,1015.701,-1,-0.3842773, 0.02929688, -0.8813477, 0.03999996, -0.2509375, 0.1253126,125.6389,5,4,True,True,177
404117,5.063064,5.768829,1015.68,-1,-0.3857422, 0.02929688, -0.8803711, -0.006875038, -0.2353125, 0.1409376,125.6389,5,4,True,True,177
404193,5.415946,5.768829,1015.68,-1,-0.3847656, 0.02734375, -0.8837891, 0.03999996, -0.2196875, 0.1253126,125.6389,5,4,True,True,177
404272,5.029198,4.642448,1015.721,-1,-0.3852539, 0.03076172, -0.8813477, 0.02437496, -0.2196875, 0.09406257,125.6389,5,4,True,True,177
404351,4.974453,4.919708,1015.711,-1,-0.3847656, 0.02783203, -0.8833008, -0.03812504, -0.2665625, 0.1565626,125.6389,5,4,True,True,177
404430,3.248835,1.523216,1015.836,36.60273,-0.3842773, 0.02832031, -0.8813477, -0.006875038, -0.1571875, 0.06281257,125.6389,5,4,True,True,177
404508,3.928311,4.607788,1015.722,-1,-0.3847656, 0.02783203, -0.8818359, -0.006875038, -0.2509375, 0.1096876,125.6389,5,4,True,True,177
404588,4.26805,4.607788,1015.722,-1,-0.3828125, 0.02783203, -0.8798828, -0.03812504, -0.2040625, 0.06281257,125.6389,5,4,True,True,177
404671,3.302867,2.337685,1015.806,36.5936,-0.3833008, 0.02832031, -0.8833008, 0.07124996, -0.2509375, 0.1096876,125.6389,5,4,True,True,177
404754,3.244836,3.186806,1015.774,-1,-0.3837891, 0.02832031, -0.8818359, 0.02437496, -0.1728125, 0.06281257,125.6389,5,4,True,True,177
404838,3.215821,3.186806,1015.774,36.59816,-0.3857422, 0.02783203, -0.8808594, 0.008749962, -0.1884375, 0.1253126,125.6389,5,4,True,True,177
404922,3.634541,4.053261,1015.743,36.59816,-0.3847656, 0.02880859, -0.8798828, -0.06937504, -0.2040625, 0.09406257,125.6389,5,4,True,True,177
405111,5.412176,7.189812,1015.628,36.60273,-0.3842773, 0.02734375, -0.8828125, 0.02437496, -0.1884375, 0.1409376,125.6389,5,4,True,True,177
405243,4.888679,4.365181,1015.731,-1,-0.3837891, 0.02783203, -0.8818359, 0.03999996, -0.2040625, 0.1096876,125.6389,5,4,True,True,177
405308,4.063735,3.238792,1015.773,-1,-0.3837891, 0.02978516, -0.8803711, 0.05562496, -0.2040625, 0.1253126,125.6389,5,4,True,True,177
405372,3.079406,2.095078,1015.814,-1,-0.3847656, 0.02832031, -0.8803711, 0.1025, -0.2196875, 0.07843757,125.6389,5,4,True,True,177
405437,2.881836,2.684265,1015.793,36.62555,-0.3862305, 0.02832031, -0.8808594, -0.05375004, -0.2040625, 0.1096876,125.6389,5,4,True,True,177
405504,3.779469,4.677101,1015.72,-1,-0.3842773, 0.02783203, -0.8823242, 0.05562496, -0.1728125, 0.07843757,125.6389,5,4,True,True,177
405570,4.366919,4.954369,1015.71,-1,-0.3837891, 0.02783203, -0.8823242, -0.006875038, -0.1884375, 0.07843757,125.6389,5,4,True,True,177
405635,3.248328,2.129738,1015.813,-1,-0.3847656, 0.02783203, -0.8837891, 0.008749962, -0.2040625, 0.07843757,125.6389,5,4,True,True,177
405703,3.538154,3.82798,1015.751,-1,-0.3837891, 0.02783203, -0.8828125, 0.08687496, -0.1884375, 0.1096876,125.6389,5,4,True,True,177
405773,3.968998,4.399841,1015.73,36.62098,-0.3833008, 0.02783203, -0.8818359, 0.05562496, -0.1728125, 0.09406257,125.6389,5,4,True,True,177
405845,5.033541,6.098083,1015.668,-1,-0.3847656, 0.02783203, -0.8833008, 0.008749962, -0.2196875, 0.06281257,125.6389,5,4,True,True,177
405914,3.295709,1.557877,1015.834,36.62098,-0.3852539, 0.02783203, -0.8818359, 0.02437496, -0.2040625, 0.1096876,125.6389,5,4,True,True,177
406098,3.284581,3.273453,1015.771,36.63012,-0.3847656, 0.02783203, -0.8803711, 0.02437496, -0.2040625, 0.1409376,125.6389,5,4,True,True,177
406170,3.980841,4.677101,1015.72,-1,-0.3852539, 0.02832031, -0.8818359, 0.02437496, -0.1259375, 0.06281257,125.6389,5,4,True,True,177
406241,3.193919,2.406998,1015.803,-1,-0.3857422, 0.02978516, -0.8823242, -0.02250004, -0.2196875, 0.1253126,125.6389,5,4,True,True,177
406323,3.216356,3.238792,1015.773,36.62555,-0.3833008, 0.03027344, -0.8803711, -0.006875038, -0.2040625, 0.1096876,125.6389,5,4,True,True,177
406396,4.085362,4.954369,1015.71,-1,-0.3857422, 0.02880859, -0.8803711, 0.02437496, -0.2665625, 0.1096876,125.6389,5,4,True,True,177
406469,2.544356,1.003349,1015.855,-1,-0.3847656, 0.02880859, -0.8818359, -0.06937504, -0.2353125, 0.09406257,125.6389,5,4,True,True,177
406545,4.017962,5.49157,1015.69,-1,-0.3857422, 0.02832031, -0.8803711, -0.006875038, -0.2353125, 0.1096876,125.6389,5,4,True,True,177
406619,4.486166,4.954369,1015.71,36.62098,-0.3837891, 0.02929688, -0.8823242, 0.02437496, -0.2040625, 0.09406257,125.6389,5,4,True,True,177
406696,3.585215,2.684265,1015.793,-1,-0.3857422, 0.02978516, -0.8803711, 0.02437496, -0.2196875, 0.1096876,125.6389,5,4,True,True,177
406774,4.269792,4.954369,1015.71,36.62098,-0.3857422, 0.02929688, -0.8818359, 0.02437496, -0.1259375, 0.09406257,125.6389,5,4,True,True,177
406854,4.334817,4.399841,1015.73,36.63468,-0.3847656, 0.03076172, -0.8798828, -0.02250004, -0.2196875, 0.1096876,125.6389,5,4,True,True,177
406934,4.505959,4.677101,1015.72,36.63468,-0.3837891, 0.02880859, -0.8823242, 0.07124996, -0.2040625, 0.07843757,125.6389,5,4,True,True,177
407127,4.4529,4.399841,1015.73,-1,-0.3852539, 0.02978516, -0.8798828, 0.05562496, -0.1571875, 0.1096876,125.6389,5,4,True,True,177
407206,3.724543,2.996185,1015.782,-1,-0.3837891, 0.02880859, -0.8823242, 0.008749962, -0.1415625, 0.1096876,125.6389,5,4,True,True,177
407290,3.923558,4.122574,1015.74,36.63012,-0.3833008, 0.02880859, -0.8793945, 0.02437496, -0.2196875, 0.07843757,125.6389,5,4,True,True,177
407369,3.321242,2.718925,1015.792,36.63468,-0.3847656, 0.02734375, -0.8823242, 0.02437496, -0.2040625, 0.1253126,125.6389,5,4,True,True,177
407450,3.721908,4.122574,1015.74,36.63924,-0.3837891, 0.02783203, -0.8789063, 0.02437496, -0.1728125, 0.1096876,125.6389,5,4,True,True,177
407535,3.636314,3.55072,1015.761,36.63924,-0.3847656, 0.02832031, -0.8798828, 0.02437496, -0.2196875, 0.09406257,125.6389,5,4,True,True,177
407620,3.454883,3.273453,1015.771,36.63924,-0.3847656, 0.02929688, -0.8803711, 0.008749962, -0.1884375, 0.1253126,125.6389,5,4,True,True,177
407755,3.086905,2.718925,1015.792,36.63468,-0.3852539, 0.02832031, -0.8798828, -0.006875038, -0.2196875, 0.09406257,125.6389,5,4,True,True,177
407821,2.339721,1.592537,1015.833,36.63012,-0.3862305, 0.02929688, -0.8798828, 0.02437496, -0.1103125, 0.06281257,125.6389,5,4,True,True,177
407887,2.529323,2.718925,1015.792,-1,-0.3852539, 0.02880859, -0.8823242, 0.02437496, -0.1728125, 0.07843757,125.6389,5,4,True,True,177
407952,2.32953,2.129738,1015.813,-1,-0.3837891, 0.02734375, -0.8808594, 0.02437496, -0.1728125, 0.07843757,125.6389,5,4,True,True,177
408022,3.364686,4.399841,1015.73,36.63012,-0.3828125, 0.02832031, -0.8813477, 0.07124996, -0.1728125, 0.09406257,125.6389,5,4,True,True,177
408202,2.478611,1.592537,1015.833,-1,-0.3842773, 0.02832031, -0.8808594, -0.006875038, -0.1571875, 0.1096876,125.6389,5,4,True,True,177
408269,4.29701,6.11541,1015.667,-1,-0.3833008, 0.02832031, -0.8793945, 0.07124996, -0.2196875, 0.1096876,125.6389,5,4,True,True,177
408336,5.344844,6.392677,1015.657,-1,-0.3837891, 0.02832031, -0.8793945, -0.006875038, -0.1571875, 0.09406257,125.6389,5,4,True,True,177
408407,5.4442,5.543556,1015.688,-1,-0.3862305, 0.02832031, -0.8808594, 0.03999996, -0.2353125, 0.1096876,125.6389,5,4,True,True,177
408476,4.65342,3.86264,1015.75,36.63924,-0.3857422, 0.02783203, -0.8823242, -0.02250004, -0.2821875, 0.04718757,125.6389,5,4,True,True,177
408546,4.959855,5.266289,1015.698,36.64837,-0.3862305, 0.02832031, -0.8793945, 0.02437496, -0.1415625, 0.1096876,125.6389,5,4,True,True,177
408618,4.541214,4.122574,1015.74,36.63468,-0.3837891, 0.03076172, -0.8793945, 0.008749962, -0.2040625, 0.07843757,125.6389,5,4,True,True,177
408692,5.605579,6.669945,1015.647,36.63924,-0.3842773, 0.02929688, -0.8789063, 0.02437496, -0.2196875, 0.06281257,125.6389,5,4,True,True,177
408768,5.14134,4.677101,1015.72,36.62555,-0.3862305, 0.02832031, -0.878418, -0.006875038, -0.2509375, 0.07843757,125.6389,5,4,True,True,177
408843,3.774169,2.406998,1015.803,-1,-0.3842773, 0.02734375, -0.8818359, 0.02437496, -0.1884375, 0.09406257,125.6389,5,4,True,True,177
408918,4.364269,4.954369,1015.71,36.62555,-0.3842773, 0.03125, -0.8798828, 0.008749962, -0.1884375, 0.1253126,125.6389,5,4,True,True,177
408993,3.247003,2.129738,1015.813,-1,-0.3847656, 0.02734375, -0.8798828, 0.05562496, -0.1571875, 0.07843757,125.6389,5,4,True,True,177
409183,3.121594,2.996185,1015.782,36.65294,-0.3837891, 0.02832031, -0.8793945, -0.006875038, -0.1728125, 0.1253126,125.6389,5,4,True,True,177
409260,3.622084,4.122574,1015.74,-1,-0.3842773, 0.02929688, -0.8818359, -0.006875038, -0.2040625, 0.07843757,125.6389,5,4,True,True,177
409338,3.742362,3.86264,1015.75,36.64837,-0.3828125, 0.02832031, -0.8813477, -0.006875038, -0.2353125, 0.1409376,125.6389,5,4,True,True,177
409428,3.24797,2.753578,1015.79,36.6575,-0.3837891, 0.02880859, -0.8798828, 0.05562496, -0.2509375, 0.1565626,125.6389,5,4,True,True,177
409508,4.135826,5.023682,1015.707,36.64837,-0.3818359, 0.02880859, -0.8808594, -0.006875038, -0.2353125, 0.09406257,125.6389,5,4,True,True,177
409589,3.444702,2.753578,1015.79,-1,-0.3847656, 0.02929688, -0.8774414, 0.02437496, -0.1728125, 0.06281257,125.6389,5,4,True,True,177
409670,2.821877,2.199051,1015.81,-1,-0.3842773, 0.02783203, -0.8789063, 0.008749962, -0.2040625, 0.1096876,125.6389,5,4,True,True,177
409750,2.649097,2.476318,1015.8,-1,-0.3837891, 0.02880859, -0.878418, 0.03999996, -0.2509375, 0.1253126,125.6389,5,4,True,True,177
409831,3.559126,4.469154,1015.727,-1,-0.3837891, 0.02880859, -0.8789063, 0.02437496, -0.1259375, 0.1096876,125.6389,5,4,True,True,177
409914,4.01414,4.469154,1015.727,36.67576,-0.3847656, 0.02832031, -0.8798828, 0.008749962, -0.2509375, 0.1253126,125.6389,5,4,True,True,177
409995,3.106596,2.199051,1015.81,-1,-0.3852539, 0.02880859, -0.8798828, 0.008749962, -0.2040625, 0.1409376,125.6389,5,4,True,True,177
410079,3.657908,4.209221,1015.737,-1,-0.3842773, 0.02929688, -0.8798828, 0.07124996, -0.2040625, 0.1253126,125.6389,5,4,True,True,177
410275,2.92848,2.199051,1015.81,36.67576,-0.3740234, 0.02783203, -0.8798828, 0.243125, 4.342813, 1.047188,125.6389,5,4,True,True,177
410405,5.535695,8.14291,1015.592,-1,-0.3520508, 0.02636719, -0.8896484, 0.868125, 1.936563, 1.078438,125.6389,5,4,True,True,177
410468,3.598773,1.66185,1015.83,-1,-0.3979492, 0.03027344, -0.8994141, -1.288125, -0.4853125, -1.093437,125.6389,5,4,True,True,177
410535,4.605821,5.612869,1015.686,36.6712,-0.371582, 0.03125, -0.8974609, 1.9775, 4.795938, 2.625313,125.6389,5,4,True,True,177
410601,4.537488,4.469154,1015.727,36.67576,-0.4213867, 0.02050781, -0.8789063, -1.5225, -2.969687, -1.390312,125.6389,5,4,True,True,177
410666,4.23472,3.931953,1015.747,-1,-0.3803711, 0.04150391, -0.890625, 1.00875, 1.717813, 1.250313,125.6389,5,4,True,True,177
410736,4.655194,5.075668,1015.706,36.67576,-0.3881836, 0.01220703, -0.8637695, -1.49125, -2.250937, -1.327812,125.6389,5,4,True,True,177
410805,3.59175,2.528305,1015.799,-1,-0.3881836, 0.02734375, -0.8833008, -0.30375, 1.077188, 0.6409376,125.6389,5,4,True,True,177
410873,3.060027,2.528305,1015.799,-1,-0.378418, 0.03466797, -0.9243164, 0.336875, 0.2803125, 0.2190626,125.6389,5,4,True,True,177
410961,3.781921,4.503815,1015.726,-1,-0.3720703, 0.03564453, -0.8837891, -0.256875, 1.842813, 0.3753126,125.6389,5,4,True,True,177
411036,2.721885,1.66185,1015.83,36.68032,-0.3999023, 0.04296875, -0.8149414, 1.336875, 0.7490625, 0.1409376,125.6389,5,4,True,True,177
411107,3.32692,3.931953,1015.747,-1,-0.3759766, 0.03173828, -0.8950195, -0.05375004, -0.4384375, 0.1565626,125.6389,5,4,True,True,177
411288,2.927612,2.528305,1015.799,-1,-0.362793, 0.03808594, -0.8925781, 0.05562496, 0.1865625, 0.8284376,125.6389,5,4,True,True,177
411362,3.429783,3.931953,1015.747,36.68032,-0.3852539, 0.02636719, -0.8725586, -0.67875, -0.7978125, -0.2809374,125.6389,5,4,True,True,177
411436,2.979044,2.528305,1015.799,36.68032,-0.3833008, 0.03564453, -0.8691406, 0.25875, -1.094687, 0.01593757,125.6389,5,4,True,True,177
411509,2.615041,2.251038,1015.809,-1,-0.3984375, 0.02685547, -0.8901367, 0.03999996, 0.9834375, 0.3596876,125.6389,5,4,True,True,177
411584,1.861182,1.107323,1015.851,-1,-0.3754883, 0.04931641, -0.894043, -0.256875, -0.1103125, -0.06218743,125.6389,5,4,True,True,177
411658,3.321128,4.781075,1015.716,-1,-0.3779297, 0.04394531, -0.887207, 1.94625, 2.639688, 0.6096876,125.6389,5,4,True,True,177
411733,3.895141,4.469154,1015.727,-1,-0.4052734, 0.02587891, -0.8793945, 1.04, 3.374063, 0.3596876,125.6389,5,4,True,True,177
411807,2.076671,0.2582016,1015.882,-1,-0.3862305, 0.0390625, -0.8720703, -0.67875, -1.500937, -0.7965624,125.6389,5,4,True,True,177
411883,3.428873,4.781075,1015.716,36.68489,-0.3833008, 0.05273438, -0.8642578, 0.57125, 3.608438, 0.1096876,125.6389,5,4,True,True,177
411960,3.40315,3.377426,1015.768,-1,-0.375, 0.01708984, -0.8935547, -0.944375, 0.1553125, 1.031563,125.6389,5,4,True,True,177
412038,2.827094,2.251038,1015.809,36.67576,-0.3662109, 0.04150391, -0.9682617, -0.71, -3.704062, -0.3903124,125.6389,5,4,True,True,177
412119,3.951381,5.075668,1015.706,-1,-0.3276367, 0.07324219, -0.90625, -0.256875, -0.6103125, 1.453438,125.6389,5,4,True,True,177
412304,3.664403,3.377426,1015.768,-1,-0.4204102, 0.06054688, -0.9321289, 0.82125, -0.2509375, -0.2653124,125.6389,5,4,True,True,177
412384,4.084109,4.503815,1015.726,-1,-0.3852539, -0.01855469, -0.8291016, 1.055625, -0.8603125, -1.452812,125.6389,5,4,True,True,177
412466,3.730768,3.377426,1015.768,-1,-0.3637695, 0.02099609, -0.9130859, 0.79, 11.18656, 1.047188,125.6389,5,4,True,True,177
412546,5.252343,6.773918,1015.643,-1,-0.3603516, 0.0234375, -0.8808594, 2.6025, -0.7196875, -0.4684374,125.6389,5,4,True,True,177
412636,4.037621,2.822899,1015.788,-1,-0.3476563, 0.03710938, -0.8818359, -1.131875, -7.282187, 2.281563,125.6389,5,4,True,True,177
412719,2.295208,0.5527954,1015.871,36.70315,-0.4467773, -0.01953125, -0.8530273, 0.03999996, -3.844687, -1.030937,125.6389,5,4,True,True,177
412805,2.42042,2.545631,1015.798,-1,-0.3735352, 0.06054688, -0.8720703, 0.899375, 1.670938, -0.4528124,125.6389,5,4,True,True,177
412888,4.467202,6.513985,1015.653,36.69859,-0.3671875, 0.01318359, -0.8901367, -0.06937504, -1.407187, 0.8128126,125.6389,5,4,True,True,177
413021,4.797429,5.127655,1015.703,-1,-0.3554688, 0.02587891, -0.8969727, 0.2275, 0.2490625, 0.6096876,125.6389,5,4,True,True,177
413087,3.541563,2.285698,1015.808,-1,-0.3291016, 0.02539063, -0.9018555, -0.913125, -1.594687, -0.5465624,125.6389,5,4,True,True,177
413154,2.636367,1.731171,1015.828,36.71228,-0.3671875, 0.01904297, -0.9160156, 0.8525, -1.610312, 0.7659376,125.6389,5,4,True,True,177
413220,2.322399,2.00843,1015.818,-1,-0.3598633, 0.04931641, -0.8867188, 0.29, -0.0009374619, 0.6253126,125.6389,5,4,True,True,177
413397,2.434015,2.545631,1015.798,-1,-0.3583984, 0.05029297, -0.8891602, -0.225625, -2.438437, 0.5315626,125.6389,5,4,True,True,177
413465,4.058103,5.68219,1015.683,36.70771,-0.3432617, 0.008300781, -0.8920898, -0.61625, -4.610312, 0.6253126,125.6389,5,4,True,True,177
413532,3.301867,2.545631,1015.798,-1,-0.3754883, 0.02001953, -0.8808594, -1.36625, -5.954062, 0.5628126,125.6389,5,4,True,True,177
413600,2.516519,1.731171,1015.828,36.70771,-0.3803711, 0.01220703, -0.8671875, -0.944375, -2.922812, 0.5003126,125.6389,5,4,True,True,177
413671,4.099354,5.68219,1015.683,-1,-0.359375, 0.01611328, -0.8818359, 0.2275, -0.5165625, -0.4684374,125.6389,5,4,True,True,177
413742,4.890772,5.68219,1015.683,-1,-0.3525391, 0.003417969, -0.9116211, -0.5225, -0.7821875, 0.2503126,125.6389,5,4,True,True,177
413810,4.012795,3.134819,1015.776,-1,-0.3476563, 0.03466797, -0.8803711, -0.350625, -0.2821875, -0.9996874,125.6389,5,4,True,True,177
413881,3.149247,2.285698,1015.808,-1,-0.3881836, 0.02148438, -0.8720703, -0.881875, -2.719687, -0.5934374,125.6389,5,4,True,True,177
413952,2.717472,2.285698,1015.808,-1,-0.3691406, 0.04736328, -0.8984375, -0.225625, -4.922812, -1.749687,125.6389,5,4,True,True,177
414026,3.203409,3.689346,1015.756,36.70771,-0.3217773, 0.1152344, -0.8364258, 2.118125, 0.1709375, 0.06281257,125.6389,5,4,True,True,177
414101,3.307748,3.412086,1015.766,36.69402,-0.3852539, 0.02050781, -0.8935547, 0.05562496, -1.235312, 0.1096876,125.6389,5,4,True,True,177
414176,5.066826,6.825905,1015.641,36.70771,-0.4072266, 0.0234375, -0.9067383, -0.08500004, -0.5165625, 0.09406257,125.6389,5,4,True,True,177
414358,4.53405,4.001274,1015.745,-1,-0.3564453, 0.02148438, -0.8808594, 0.149375, 0.6396875, 0.2503126,125.6389,5,4,True,True,177
414433,3.695801,2.857552,1015.787,-1,-0.3686523, 0.04052734, -0.8828125, -0.225625, -1.719687, -0.5778124,125.6389,5,4,True,True,177
414506,3.276676,2.857552,1015.787,-1,-0.3808594, 0.02587891, -0.8842773, 0.69625, -1.547812, -0.2340624,125.6389,5,4,True,True,177
414582,2.503923,1.731171,1015.828,-1,-0.3681641, 0.007324219, -0.8798828, -0.71, 2.030313, 0.6721876,125.6389,5,4,True,True,177
414662,3.815789,5.127655,1015.703,36.71228,-0.3950195, 0.03320313, -0.9550781, -0.725625, -2.125937, -0.3590624,125.6389,5,4,True,True,177
414739,3.206704,2.597618,1015.796,-1,-0.3969727, 0.01660156, -0.8901367, -1.319375, -0.7509375, 0.1409376,125.6389,5,4,True,True,177
414817,4.167179,5.127655,1015.703,-1,-0.3540039, 0.02832031, -0.9702148, 2.69625, 1.249063, 0.2346876,125.6389,5,4,True,True,177
414897,5.080645,5.99411,1015.672,-1,-0.3950195, 0.05419922, -0.9013672, 1.1025, 0.8740625, 0.3753126,125.6389,5,4,True,True,177
414977,5.667344,6.254044,1015.662,36.71228,-0.3803711, 0.01269531, -0.8588867, 0.149375, 0.3428125, 0.5159376,125.6389,5,4,True,True,177
415057,4.132481,2.597618,1015.796,-1,-0.3852539, 0.02441406, -0.8818359, 0.805625, 0.1865625, 0.1409376,125.6389,5,4,True,True,177
415138,4.084204,4.035927,1015.743,36.71684,-0.3666992, 0.06494141, -0.831543, -0.475625, 0.01468754, 0.5940626,125.6389,5,4,True,True,177
415220,3.202281,2.320358,1015.806,-1,-0.3647461, 0.01513672, -0.8803711, 0.13375, -1.360312, -0.1090624,125.6389,5,4,True,True,177
415410,2.484052,1.765823,1015.827,-1,-0.3745117, 0.03222656, -0.8935547, 0.13375, 0.1240625, 0.2034376,125.6389,5,4,True,True,177
415493,2.263572,2.043091,1015.817,-1,-0.3686523, 0.03222656, -0.8930664, -0.17875, -1.407187, 0.03156257,125.6389,5,4,True,True,177
415578,2.716526,3.169479,1015.775,36.73054,-0.3759766, 0.0009765625, -0.84375, 0.805625, 1.936563, 0.9221876,125.6389,5,4,True,True,177
415710,2.241174,1.765823,1015.827,-1,-0.3662109, 0.02001953, -0.8881836, 0.415, 1.186563, 0.1565626,125.6389,5,4,True,True,177
415775,3.138551,4.035927,1015.743,-1,-0.3662109, 0.02880859, -0.9072266, 0.305625, 0.9365625, 0.2503126,125.6389,5,4,True,True,177
415849,3.881833,4.625114,1015.722,36.73967,-0.371582, 0.02001953, -0.8925781, 0.524375, 3.577188, 0.09406257,125.6389,5,4,True,True,177
415915,4.392107,4.902382,1015.712,-1,-0.3754883, 0.02783203, -0.9067383, 1.82125, 7.874063, 0.3909376,125.6389,5,4,True,True,177
415979,3.798123,3.20414,1015.774,-1,-0.3344727, 0.02001953, -0.8759766, 1.25875, 9.639688, 0.3284376,125.6389,5,4,True,True,177
416046,3.501132,3.20414,1015.774,-1,-0.3564453, 0.01904297, -0.8945313, 0.274375, -1.204062, -0.1403124,125.6389,5,4,True,True,177
416111,4.331723,5.162315,1015.702,-1,-0.4038086, -0.0078125, -0.8525391, 0.4775, 3.561563, 0.06281257,125.6389,5,4,True,True,177
416180,4.339789,4.347855,1015.732,-1,-0.3413086, 0.01269531, -0.8916016, -0.163125, -3.688437, 0.1565626,125.6389,5,4,True,True,177
416250,4.343822,4.347855,1015.732,36.74423,-0.3510742, 0.02246094, -0.8842773, -0.163125, -0.3759375, 0.1096876,125.6389,5,4,True,True,177
416431,4.779062,5.214302,1015.7,-1,-0.3496094, 0.02539063, -0.8852539, -0.96, -3.750937, 0.6409376,125.6389,5,4,True,True,177
416499,5.83714,6.895218,1015.638,-1,-0.3852539, 0.02832031, -0.8603516, -1.335, -9.110312, -0.6559374,125.6389,5,4,True,True,177
416570,5.092497,4.347855,1015.732,36.74423,-0.3745117, 0.03369141, -0.9038086, 3.305625, 10.93656, -2.030937,125.6389,5,4,True,True,177
416642,4.858806,4.625114,1015.722,-1,-0.3691406, 0.02832031, -0.8774414, 1.54, 4.420938, 1.734688,125.6389,5,4,True,True,177
416715,3.606908,2.355011,1015.805,36.7488,-0.3520508, 0.02197266, -0.8994141, 0.03999996, -3.329062, 0.6721876,125.6389,5,4,True,True,177
416790,4.9738,6.340691,1015.659,-1,-0.3398438, 0.02587891, -0.9003906, -0.194375, -2.469687, 1.672188,125.6389,5,4,True,True,177
416865,5.657245,6.340691,1015.659,36.75793,-0.3432617, 0.01806641, -0.8842773, -0.21, -1.172812, 0.3128126,125.6389,5,4,True,True,177
416940,3.728864,1.800484,1015.825,36.7488,-0.3378906, -0.006347656, -0.8681641, 0.57125, 2.889688, -0.07781243,125.6389,5,4,True,True,177
417016,2.20148,0.6740952,1015.867,-1,-0.3598633, 0.01660156, -0.8837891, 0.54, 2.124063, 0.2815626,125.6389,5,4,True,True,177
417091,3.136034,4.070587,1015.742,-1,-0.3422852, 0.01220703, -0.8896484, 1.086875, 5.233438, 0.3596876,125.6389,5,4,True,True,177
417168,3.040116,2.944199,1015.784,-1,-0.3413086, 0.01416016, -0.8852539, -0.05375004, -0.5790625, -0.09343743,125.6389,5,4,True,True,177
417246,3.555352,4.070587,1015.742,36.75336,-0.3374023, 0.02197266, -0.8837891, 0.368125, 0.8115625, -0.1403124,125.6389,5,4,True,True,177
417436,3.397072,3.238792,1015.773,36.75793,-0.3618164, 0.02929688, -0.9042969, 0.399375, -6.625937, 0.3128126,125.6389,5,4,True,True,177
417516,3.733829,4.070587,1015.742,36.75793,-0.3569336, 0.01318359, -0.90625, 0.19625, -0.9696875, -0.1715624,125.6389,5,4,True,True,177
417597,4.759996,5.786163,1015.679,-1,-0.3623047, 0.02148438, -0.8735352, 0.961875, 2.249063, 0.4690626,125.6389,5,4,True,True,177
417676,3.869428,2.978859,1015.782,-1,-0.3520508, 0.01757813, -0.902832, 0.08687496, -2.235312, 0.4378126,125.6389,5,4,True,True,177
417757,3.55411,3.238792,1015.773,36.75793,-0.3291016, 0.02050781, -0.9125977, -1.788125, -2.657187, -0.4371874,125.6389,5,4,True,True,177
417839,4.670136,5.786163,1015.679,-1,-0.359375, -0.01416016, -0.8823242, 1.055625, 1.795938, 0.7034376,125.6389,5,4,True,True,177
417922,3.954464,3.238792,1015.773,36.75793,-0.3291016, 0.003417969, -0.8916016, 0.54, 4.452188, -0.4059374,125.6389,5,4,True,True,177
418006,4.73168,5.508896,1015.689,36.76705,-0.3520508, 0.01123047, -0.9155273, 0.88375, 5.436563, -0.1871874,125.6389,5,4,True,True,177
418089,4.990321,5.248962,1015.699,-1,-0.3300781, 0.009277344, -0.9067383, -0.96, -6.875937, 1.328438,125.6389,5,4,True,True,177
418172,3.98459,2.978859,1015.782,36.76249,-0.3452148, 0.00390625, -0.887207, -0.163125, -3.188437, 0.5940626,125.6389,5,4,True,True,177
418332,5.179971,6.375351,1015.657,36.76705,-0.3496094, 0.01367188, -0.9086914, 0.25875, 2.124063, -0.1090624,125.6389,5,4,True,True,177
418398,4.642609,4.105247,1015.741,36.77162,-0.3422852, -0.002929688, -0.8857422, 0.211875, -0.06343746, 0.0003125668,125.6389,5,4,True,True,177
418577,5.240379,5.83815,1015.677,36.78531,-0.3100586, 0.02441406, -0.9570313, -0.74125, 0.2178125, -0.06218743,125.6389,5,4,True,True,177
418642,4.53418,3.82798,1015.751,-1,-0.3618164, 0.04589844, -0.8828125, -2.225625, -14.92281, -0.9528124,125.6389,5,4,True,True,177
418710,5.879326,7.224472,1015.626,-1,-0.3134766, 0.03417969, -0.8535156, -2.085, -0.4228125, 0.3909376,125.6389,5,4,True,True,177
418778,4.446423,3.013519,1015.781,36.77618,-0.3798828, 0.02832031, -0.878418, -1.05375, -4.079062, 0.8284376,125.6389,5,4,True,True,177
418848,4.275835,4.105247,1015.741,36.78075,-0.3613281, 0.01904297, -0.8837891, -0.100625, -0.4696875, 0.07843757,125.6389,5,4,True,True,177
418925,4.623765,4.971695,1015.709,-1,-0.3735352, 0.02294922, -0.8706055, -0.3975, -0.7665625, 0.3128126,125.6389,5,4,True,True,177
418995,3.818642,3.013519,1015.781,-1,-0.3857422, 0.01123047, -0.8710938, -0.475625, -1.688437, -0.2028124,125.6389,5,4,True,True,177
419068,4.828396,5.83815,1015.677,36.76705,-0.3618164, 0.02197266, -0.8637695, -0.600625, -1.813437, -1.312187,125.6389,5,4,True,True,177
419138,4.900045,4.971695,1015.709,-1,-0.4794922, 0.1445313, -0.6748047, 0.180625, -1.141562, 1.328438,125.6389,5,4,True,True,177
419208,3.939452,2.978859,1015.782,-1,-0.3442383, 0.02392578, -0.9038086, 0.02437496, -1.313437, -0.1559374,125.6389,5,4,True,True,177
419279,5.720596,7.50174,1015.616,-1,-0.375, -0.002441406, -0.8847656, 0.118125, 1.514688, 0.4065626,125.6389,5,4,True,True,177
419353,4.349728,2.978859,1015.782,-1,-0.3613281, 0.0078125, -0.8867188, 0.305625, -0.04781246, 0.6409376,125.6389,5,4,True,True,177
419538,5.206575,6.063423,1015.669,36.75793,-0.3500977, 0.01269531, -0.8999023, -0.5225, 1.311563, 0.8596876,125.6389,5,4,True,True,177
419614,4.075387,2.944199,1015.784,36.7488,-0.3496094, -0.00390625, -0.8901367, -0.413125, 0.4834375, -0.3590624,125.6389,5,4,True,True,177
419692,5.346673,6.617958,1015.649,-1,-0.3793945, 0.09960938, -0.8935547, 0.961875, 1.358438, -0.9528124,125.6389,5,4,True,True,177
419766,4.985893,4.625114,1015.722,-1,-0.3486328, 0.02783203, -0.8789063, 0.305625, 1.233438, -0.2496874,125.6389,5,4,True,True,177
419845,3.670452,2.355011,1015.805,36.73967,-0.3408203, -0.01025391, -0.8725586, -0.49125, 0.7803125, -0.5465624,125.6389,5,4,True,True,177
419921,4.988241,6.30603,1015.66,-1,-0.3208008, 0.01708984, -0.8916016, -0.5225, -0.5009375, 0.1409376,125.6389,5,4,True,True,177
420000,4.512084,4.035927,1015.743,36.73054,-0.3769531, 0.03515625, -0.8984375, -1.86625, -6.204062, 1.812813,125.6389,5,4,True,True,177
420080,4.005405,3.498726,1015.763,-1,-0.3598633, 0.03564453, -0.8735352, -0.131875, -3.938437, -1.859062,125.6389,5,4,True,True,177
420160,4.722494,5.439583,1015.692,36.73054,-0.3779297, 0.02539063, -0.8930664, 0.915, 0.3740625, 0.6565626,125.6389,5,4,True,True,177
420240,3.538753,2.355011,1015.805,-1,-0.375, -0.02880859, -0.8862305, -0.194375, -2.813437, 0.5628126,125.6389,5,4,True,True,177
420320,4.220567,4.902382,1015.712,36.73054,-0.3740234, 0.03808594, -0.8671875, -0.788125, 0.6240625, 0.6721876,125.6389,5,4,True,True,177
420402,4.847402,5.474236,1015.69,-1,-0.3422852, 0.01904297, -0.8691406, 0.38375, -1.188437, -0.5621874,125.6389,5,4,True,True,177
420595,3.8958,2.944199,1015.784,36.7488,-0.3686523, 0.04785156, -0.894043, -0.05375004, 1.577188, 2.140938,125.6389,5,4,True,True,177
420675,2.284948,0.6740952,1015.867,-1,-0.359375, -0.06103516, -0.8286133, 0.774375, 5.530313, 1.953438,125.6389,5,4,True,True,177
420756,3.472361,4.659775,1015.721,-1,-0.3837891, 0.01416016, -0.8759766, -1.6475, -9.750937, -2.030937,125.6389,5,4,True,True,177
420840,3.502874,3.533386,1015.762,-1,-0.315918, 0.03369141, -0.8920898, 0.1025, -0.5321875, -0.2496874,125.6389,5,4,True,True,177
420973,3.370833,3.238792,1015.773,-1,-0.3735352, 0.02001953, -0.8862305, 0.03999996, -0.8759375, 0.07843757,125.6389,5,4,True,True,177
421037,4.309897,5.248962,1015.699,-1,-0.1962891, 0.05322266, -0.8789063, 0.03999996, -0.1728125, 0.1096876,125.6389,5,4,True,True,177
421102,4.484836,4.659775,1015.721,-1,-0.3999023, 0.01464844, -0.8862305, 1.430625, 4.858438, 1.359688,125.6389,5,4,True,True,177
421166,4.451002,4.417168,1015.729,-1,-0.3515625, 0.01708984, -0.8823242, -0.350625, -1.735312, -0.2496874,125.6389,5,4,True,True,177
421233,3.844897,3.238792,1015.773,-1,-0.3569336, 0.01269531, -0.8876953, 0.2275, 1.983438, 0.2034376,125.6389,5,4,True,True,177
421301,5.240091,6.635284,1015.648,-1,-0.3823242, 0.02783203, -0.8808594, 0.13375, -0.7821875, -0.2653124,125.6389,5,4,True,True,177
421372,4.672669,4.105247,1015.741,36.77162,-0.3510742, 0.04980469, -0.8950195, 1.055625, 4.717813, 1.172188,125.6389,5,4,True,True,177
421441,4.822182,4.971695,1015.709,36.78531,-0.359375, 0.02539063, -0.887207, 0.8525, 4.108438, 0.06281257,125.6389,5,4,True,True,177
421623,4.758308,4.694435,1015.719,-1,-0.3579102, 0.03564453, -0.8027344, 0.25875, 0.6084375, 1.000313,125.6389,5,4,True,True,177
421692,5.72279,6.687271,1015.646,-1,-0.3549805, 0.01220703, -0.8964844, -0.7725, -3.282187, 0.3440626,125.6389,5,4,True,True,177
421763,5.503206,5.283623,1015.698,36.78075,-0.3486328, 0.001953125, -0.8666992, 1.32125, 3.858438, 1.765938,125.6389,5,4,True,True,177
421833,4.821553,4.1399,1015.739,-1,-0.3676758, 0.02197266, -0.890625, -0.6475, -6.625937, 0.1565626,125.6389,5,4,True,True,177
421907,4.480727,4.1399,1015.739,36.78075,-0.3662109, 0.01806641, -0.8818359, 0.69625, 1.045938, 0.5940626,125.6389,5,4,True,True,177
421977,4.180346,3.879967,1015.749,-1,-0.3496094, 0.01611328, -0.8964844, 0.180625, 0.2959375, 0.3909376,125.6389,5,4,True,True,177
422057,3.025072,1.869797,1015.823,-1,-0.3598633, 0.01855469, -0.8891602, 0.02437496, 0.7646875, -0.07781243,125.6389,5,4,True,True,177
422132,3.452519,3.879967,1015.749,36.78531,-0.3632813, 0.01757813, -0.8935547, -0.08500004, -1.454062, -0.3278124,125.6389,5,4,True,True,177
422207,5.069895,6.687271,1015.646,36.78075,-0.3603516, 0.02050781, -0.8920898, 0.57125, 1.702188, 0.5159376,125.6389,5,4,True,True,177
422284,3.76444,2.458984,1015.801,-1,-0.3510742, 0.03710938, -0.8974609, 0.211875, 0.4990625, 0.6253126,125.6389,5,4,True,True,177
422358,3.822203,3.879967,1015.749,-1,-0.3652344, 0.0078125, -0.9223633, 0.524375, 0.2178125, 0.4846876,125.6389,5,4,True,True,177
422432,5.116103,6.410004,1015.656,-1,-0.3662109, 0.02001953, -0.8955078, 0.19625, -0.4384375, 0.2190626,125.6389,5,4,True,True,177
422618,5.763053,6.410004,1015.656,-1,-0.3540039, 0.015625, -0.8945313, 0.19625, 0.7334375, 0.2190626,125.6389,5,4,True,True,177
422694,4.951477,4.1399,1015.739,-1,-0.3598633, 0.07470703, -0.8173828, 0.118125, 1.295938, 0.7034376,125.6389,5,4,True,True,177
422773,4.415722,3.879967,1015.749,36.78988,-0.3496094, 0.02539063, -0.8916016, -0.788125, -2.563437, -0.2653124,125.6389,5,4,True,True,177
422853,4.555079,4.694435,1015.719,36.78075,-0.3535156, 0.02783203, -0.8798828, 0.08687496, 1.124063, 0.2659376,125.6389,5,4,True,True,177
422934,4.763387,4.971695,1015.709,-1,-0.355957, 0.01757813, -0.8959961, 0.180625, 0.2334375, -0.3903124,125.6389,5,4,True,True,177
423015,4.434317,4.105247,1015.741,-1,-0.3642578, 0.0234375, -0.8896484, -0.42875, -1.641562, 0.7346876,125.6389,5,4,True,True,177
423096,4.252452,4.070587,1015.742,-1,-0.3691406, 0.05029297, -0.8945313, 0.274375, -0.6728125, 0.8284376,125.6389,5,4,True,True,177
423176,4.438783,4.625114,1015.722,-1,-0.3618164, 0.01904297, -0.8935547, -0.413125, -3.297812, -0.1559374,125.6389,5,4,True,True,177
423259,2.539113,0.6394424,1015.868,36.73054,-0.3564453, 0.01464844, -0.8916016, 0.69625, 3.170938, 0.5159376,125.6389,5,4,True,True,177
423344,3.850714,5.162315,1015.702,-1,-0.3662109, 0.02001953, -0.8891602, 0.03999996, -0.01656246, -0.1715624,125.6389,5,4,True,True,177
423429,4.783778,5.716843,1015.682,36.73054,-0.3496094, 0.01318359, -0.8974609, -0.5225, -1.125937, -1.046562,125.6389,5,4,True,True,177
423562,4.409853,4.035927,1015.743,-1,-0.3618164, 0.02197266, -0.8916016, 0.368125, -0.7196875, -0.6403124,125.6389,5,4,True,True,177
423735,4.22289,4.035927,1015.743,-1,-0.3916016, 0.06298828, -0.855957, -2.5225, -8.610312, 0.3753126,125.6389,5,4,True,True,177
423801,4.692603,5.162315,1015.702,-1,-0.3413086, 0.02099609, -0.8920898, 0.07124996, 3.030313, -0.3903124,125.6389,5,4,True,True,177
423867,5.230716,5.768829,1015.68,-1,-0.3701172, 0.0234375, -0.8891602, 0.07124996, 0.4053125, 0.1409376,125.6389,5,4,True,True,177
423934,4.927915,4.625114,1015.722,36.73967,-0.3740234, 0.02148438, -0.8876953, -0.006875038, -0.5165625, 0.09406257,125.6389,5,4,True,True,177
424001,3.936057,2.944199,1015.784,-1,-0.371582, 0.02294922, -0.8867188, 0.008749962, -0.5790625, 0.07843757,125.6389,5,4,True,True,177
424070,4.57518,5.214302,1015.7,36.7488,-0.3706055, 0.0234375, -0.8867188, -0.03812504, -0.3915625, 0.07843757,125.6389,5,4,True,True,177
424140,4.322884,4.070587,1015.742,36.75793,-0.3710938, 0.02197266, -0.8886719, -0.006875038, -0.2665625, 0.1253126,125.6389,5,4,True,True,177
424210,4.058102,3.79332,1015.752,36.75793,-0.3696289, 0.02294922, -0.8896484, -0.02250004, -0.2196875, 0.07843757,125.6389,5,4,True,True,177
424281,2.660692,1.263283,1015.845,-1,-0.3706055, 0.02148438, -0.8876953, 0.03999996, -0.2196875, 0.06281257,125.6389,5,4,True,True,177
424351,4.223428,5.786163,1015.679,36.75793,-0.3706055, 0.02246094, -0.8881836, 0.05562496, -0.2509375, 0.07843757,125.6389,5,4,True,True,177
424421,3.601143,2.978859,1015.782,-1,-0.3696289, 0.02197266, -0.8862305, 0.07124996, -0.2353125, 0.1253126,125.6389,5,4,True,True,177
424495,3.853195,4.105247,1015.741,36.76705,-0.3701172, 0.02099609, -0.8852539, 0.008749962, -0.2978125, 0.1096876,125.6389,5,4,True,True,177
424678,4.707039,5.560883,1015.688,-1,-0.3706055, 0.02050781, -0.8852539, 0.008749962, -0.2040625, 0.1409376,125.6389,5,4,True,True,177
424751,4.42347,4.1399,1015.739,-1,-0.3710938, 0.02246094, -0.887207, -0.02250004, -0.2040625, 0.09406257,125.6389,5,4,True,True,177
424826,5.694004,6.964539,1015.636,-1,-0.371582, 0.02001953, -0.8847656, 0.07124996, -0.2040625, 0.1096876,125.6389,5,4,True,True,177
424901,7.187057,8.680111,1015.573,36.78531,-0.3706055, 0.02246094, -0.8857422, -0.006875038, -0.2821875, 0.1565626,125.6389,5,4,True,True,177
424977,4.25983,1.332603,1015.843,-1,-0.3706055, 0.02148438, -0.8857422, 0.02437496, -0.1884375, 0.09406257,125.6389,5,4,True,True,177
425056,3.792635,3.325439,1015.77,36.78988,-0.3706055, 0.02197266, -0.8847656, 0.07124996, -0.1728125, 0.1253126,125.6389,5,4,True,True,177
425133,4.824056,5.855476,1015.676,-1,-0.3706055, 0.02197266, -0.8862305, 0.008749962, -0.2353125, 0.1409376,125.6389,5,4,True,True,177
425219,4.793902,4.763748,1015.717,-1,-0.3706055, 0.02294922, -0.887207, 0.02437496, -0.2353125, 0.06281257,125.6389,5,4,True,True,177
425297,4.354264,3.914627,1015.748,-1,-0.3706055, 0.02246094, -0.8852539, 0.03999996, -0.2821875, 0.1253126,125.6389,5,4,True,True,177
425378,5.130864,5.907463,1015.675,36.8127,-0.3696289, 0.0234375, -0.8867188, 0.02437496, -0.2821875, 0.1096876,125.6389,5,4,True,True,177
425456,4.652712,4.174561,1015.738,-1,-0.3720703, 0.02246094, -0.8852539, 0.05562496, -0.2353125, 0.09406257,125.6389,5,4,True,True,177
425534,4.145036,3.63736,1015.758,-1,-0.3701172, 0.02099609, -0.8867188, -0.006875038, -0.2509375, 0.06281257,125.6389,5,4,True,True,177
425722,3.31934,2.493645,1015.8,36.81726,-0.3701172, 0.02148438, -0.8862305, -0.006875038, -0.2665625, 0.1409376,125.6389,5,4,True,True,177
425804,2.906492,2.493645,1015.8,-1,-0.3710938, 0.02148438, -0.8876953, -0.02250004, -0.2040625, 0.06281257,125.6389,5,4,True,True,177
425884,3.83512,4.763748,1015.717,-1,-0.3701172, 0.02294922, -0.887207, 0.07124996, -0.2353125, 0.1409376,125.6389,5,4,True,True,177
425985,4.299434,4.763748,1015.717,-1,-0.3666992, 0.02294922, -0.8842773, 0.008749962, -0.4540625, 0.07843757,125.6389,5,4,True,True,177
426068,5.805277,7.311119,1015.623,-1,-0.3710938, 0.0234375, -0.8901367, 0.008749962, -0.2040625, 0.1096876,125.6389,5,4,True,True,177
426203,6.12497,6.444664,1015.655,36.80357,-0.3706055, 0.02294922, -0.8881836, 0.02437496, -0.2353125, 0.1096876,125.6389,5,4,True,True,177
426268,7.125275,8.12558,1015.593,36.80357,-0.3701172, 0.02148438, -0.8891602, 0.02437496, -0.1571875, 0.06281257,125.6389,5,4,True,True,177
426334,6.490376,5.855476,1015.676,-1,-0.3706055, 0.02294922, -0.8876953, -0.006875038, -0.2040625, 0.07843757,125.6389,5,4,True,True,177
426403,6.45019,6.410004,1015.656,36.79901,-0.3710938, 0.02148438, -0.8881836, -0.06937504, -0.2196875, 0.06281257,125.6389,5,4,True,True,177
426468,4.030026,1.609863,1015.833,-1,-0.3701172, 0.02246094, -0.8891602, 0.02437496, -0.2040625, 0.1253126,125.6389,5,4,True,True,177
426535,2.949912,1.869797,1015.823,-1,-0.3725586, 0.02246094, -0.8891602, 0.02437496, -0.2353125, 0.06281257,125.6389,5,4,True,True,177
426604,2.843082,2.736252,1015.791,36.78531,-0.3720703, 0.02636719, -0.887207, -0.02250004, -0.2040625, 0.1409376,125.6389,5,4,True,True,177
426781,3.491491,4.1399,1015.739,-1,-0.3691406, 0.02099609, -0.8867188, 0.02437496, -0.2509375, 0.1096876,125.6389,5,4,True,True,177
426852,3.685729,3.879967,1015.749,-1,-0.3691406, 0.02392578, -0.8847656, -0.02250004, -0.1571875, 0.06281257,125.6389,5,4,True,True,177
426919,5.047866,6.410004,1015.656,-1,-0.3720703, 0.02246094, -0.8847656, -0.02250004, -0.2353125, 0.09406257,125.6389,5,4,True,True,177
426990,3.458832,1.869797,1015.823,-1,-0.3706055, 0.02099609, -0.890625, 0.02437496, -0.2353125, 0.06281257,125.6389,5,4,True,True,177
427059,3.669399,3.879967,1015.749,-1,-0.3701172, 0.02099609, -0.8935547, 0.02437496, -0.2040625, 0.07843757,125.6389,5,4,True,True,177
427130,5.316969,6.964539,1015.636,-1,-0.3710938, 0.02148438, -0.8842773, 0.07124996, -0.1884375, 0.1253126,125.6389,5,4,True,True,177
427204,5.300296,5.283623,1015.698,36.78531,-0.371582, 0.0234375, -0.8852539, -0.02250004, -0.1884375, 0.09406257,125.6389,5,4,True,True,177
427277,4.720098,4.1399,1015.739,-1,-0.3725586, 0.02294922, -0.8886719, 0.008749962, -0.2353125, 0.1409376,125.6389,5,4,True,True,177
427352,3.866809,3.013519,1015.781,-1,-0.371582, 0.02197266, -0.8857422, 0.07124996, -0.1571875, 0.09406257,125.6389,5,4,True,True,177
427426,4.852479,5.83815,1015.677,-1,-0.3710938, 0.02294922, -0.8862305, -0.006875038, -0.3134375, 0.1409376,125.6389,5,4,True,True,177
427502,4.929418,5.006355,1015.708,-1,-0.3706055, 0.0234375, -0.8842773, 0.03999996, -0.2196875, 0.1253126,125.6389,5,4,True,True,177
427580,4.404692,3.879967,1015.749,36.78531,-0.371582, 0.02001953, -0.890625, 0.008749962, -0.2040625, 0.1096876,125.6389,5,4,True,True,177
427770,5.130084,5.855476,1015.676,36.79901,-0.3710938, 0.02197266, -0.8857422, -0.02250004, -0.2665625, 0.1409376,125.6389,5,4,True,True,177
427847,4.652322,4.174561,1015.738,-1,-0.3710938, 0.02246094, -0.8867188, 0.05562496, -0.2509375, 0.1096876,125.6389,5,4,True,True,177
427926,5.123933,5.595543,1015.686,36.79901,-0.3701172, 0.02099609, -0.8876953, 0.02437496, -0.2353125, 0.07843757,125.6389,5,4,True,True,177
428003,3.947423,2.770912,1015.79,-1,-0.3696289, 0.02246094, -0.8876953, 0.02437496, -0.2040625, 0.1565626,125.6389,5,4,True,True,177
428083,3.220534,2.493645,1015.8,-1,-0.3701172, 0.02197266, -0.8852539, 0.05562496, -0.1415625, 0.1096876,125.6389,5,4,True,True,177
428162,5.404456,7.588379,1015.613,36.80357,-0.3710938, 0.02392578, -0.8862305, -0.006875038, -0.2353125, 0.07843757,125.6389,5,4,True,True,177
428246,5.361366,5.318275,1015.696,36.80357,-0.3710938, 0.02294922, -0.8886719, 0.02437496, -0.1884375, 0.07843757,125.6389,5,4,True,True,177
428337,6.197609,7.033852,1015.633,-1,-0.3696289, 0.02099609, -0.887207, -0.02250004, -0.3290625, 0.1253126,125.6389,5,4,True,True,177
428421,4.189667,2.181725,1015.811,-1,-0.3710938, 0.02197266, -0.887207, 0.02437496, -0.2509375, 0.09406257,125.6389,5,4,True,True,177
428506,4.615341,5.041016,1015.706,36.80357,-0.3706055, 0.02197266, -0.8881836, 0.05562496, -0.2509375, 0.1253126,125.6389,5,4,True,True,177
428592,5.235409,5.855476,1015.676,-1,-0.3701172, 0.02246094, -0.8911133, 0.008749962, -0.3134375, 0.1253126,125.6389,5,4,True,True,177
428723,5.120882,5.006355,1015.708,-1,-0.3696289, 0.02246094, -0.8857422, 0.03999996, -0.2040625, 0.1096876,125.6389,5,4,True,True,177
428898,5.184922,5.248962,1015.699,36.77162,-0.371582, 0.02246094, -0.887207, 0.03999996, -0.2196875, 0.1096876,125.6389,5,4,True,True,177
428963,4.359154,3.533386,1015.762,-1,-0.3710938, 0.02099609, -0.8911133, 0.05562496, -0.2353125, 0.1409376,125.6389,5,4,True,True,177
429030,4.21487,4.070587,1015.742,-1,-0.3696289, 0.02294922, -0.8891602, -0.02250004, -0.2196875, 0.06281257,125.6389,5,4,True,True,177
429097,4.558626,4.902382,1015.712,36.74423,-0.3696289, 0.02294922, -0.8881836, 0.02437496, -0.2353125, 0.07843757,125.6389,5,4,True,True,177
429164,4.297276,4.035927,1015.743,-1,-0.3706055, 0.02197266, -0.8896484, -0.006875038, -0.1728125, 0.09406257,125.6389,5,4,True,True,177
429234,5.431624,6.565971,1015.65,36.73054,-0.3725586, 0.02148438, -0.887207, 0.02437496, -0.3134375, 0.06281257,125.6389,5,4,True,True,177
429304,5.296969,5.162315,1015.702,-1,-0.3696289, 0.0234375, -0.8891602, 0.008749962, -0.2196875, 0.07843757,125.6389,5,4,True,True,177
429374,3.82599,2.355011,1015.805,-1,-0.3720703, 0.02197266, -0.8896484, 0.03999996, -0.1728125, 0.06281257,125.6389,5,4,True,True,177
429443,3.662358,3.498726,1015.763,-1,-0.3706055, 0.0234375, -0.8881836, -0.02250004, -0.2040625, 0.06281257,125.6389,5,4,True,True,177
429515,2.870055,2.077751,1015.815,-1,-0.3720703, 0.0234375, -0.8876953, 0.02437496, -0.2353125, 0.1409376,125.6389,5,4,True,True,177
429583,3.608955,4.347855,1015.732,-1,-0.3706055, 0.0234375, -0.8886719, 0.02437496, -0.2509375, 0.1096876,125.6389,5,4,True,True,177
429659,4.688892,5.768829,1015.68,36.74423,-0.3706055, 0.02197266, -0.8881836, 0.008749962, -0.1728125, 0.09406257,125.6389,5,4,True,True,177
429843,4.37974,4.070587,1015.742,36.75793,-0.371582, 0.02294922, -0.8867188, 0.02437496, -0.2040625, 0.06281257,125.6389,5,4,True,True,177
429914,3.79194,3.20414,1015.774,36.73967,-0.3706055, 0.02148438, -0.8862305, 0.02437496, -0.2821875, 0.1409376,125.6389,5,4,True,True,177
429991,3.073475,2.355011,1015.805,-1,-0.3696289, 0.0234375, -0.8891602, -0.006875038, -0.2665625, 0.09406257,125.6389,5,4,True,True,177
430066,4.117895,5.162315,1015.702,-1,-0.3701172, 0.02246094, -0.890625, 0.07124996, -0.2353125, 0.1409376,125.6389,5,4,True,True,177
430141,4.510139,4.902382,1015.712,-1,-0.3706055, 0.02197266, -0.8901367, 0.02437496, -0.2353125, 0.1409376,125.6389,5,4,True,True,177
430218,4.567626,4.625114,1015.722,36.74423,-0.3725586, 0.02246094, -0.8876953, 0.02437496, -0.2821875, 0.09406257,125.6389,5,4,True,True,177
430296,5.861389,7.155151,1015.629,-1,-0.3706055, 0.02392578, -0.8857422, 0.02437496, -0.1884375, 0.07843757,125.6389,5,4,True,True,177
430374,3.406376,0.9513626,1015.857,36.7488,-0.3701172, 0.02148438, -0.887207, 0.05562496, -0.2509375, 0.1253126,125.6389,5,4,True,True,177
430452,3.175287,2.944199,1015.784,-1,-0.3730469, 0.02246094, -0.887207, 0.008749962, -0.1884375, 0.09406257,125.6389,5,4,True,True,177
430534,2.626519,2.077751,1015.815,36.74423,-0.3696289, 0.0234375, -0.8867188, -0.03812504, -0.2353125, 0.06281257,125.6389,5,4,True,True,177
430615,2.490765,2.355011,1015.805,-1,-0.371582, 0.02148438, -0.8876953, -0.02250004, -0.2353125, 0.09406257,125.6389,5,4,True,True,177
430697,3.280676,4.070587,1015.742,-1,-0.3696289, 0.02148438, -0.8886719, 0.008749962, -0.2509375, 0.1253126,125.6389,5,4,True,True,177
430890,4.247489,5.214302,1015.7,-1,-0.3706055, 0.02294922, -0.8847656, 0.008749962, -0.2353125, 0.09406257,125.6389,5,4,True,True,177
430972,4.297672,4.347855,1015.732,-1,-0.3710938, 0.02246094, -0.887207, 0.02437496, -0.2509375, 0.09406257,125.6389,5,4,True,True,177
431053,4.18413,4.070587,1015.742,-1,-0.3710938, 0.02197266, -0.8876953, 0.008749962, -0.2040625, 0.1409376,125.6389,5,4,True,True,177
431135,5.401044,6.617958,1015.649,-1,-0.3706055, 0.02294922, -0.8881836, -0.006875038, -0.2196875, 0.07843757,125.6389,5,4,True,True,177
431220,4.874449,4.347855,1015.732,36.74423,-0.3730469, 0.02392578, -0.8911133, -0.02250004, -0.1884375, 0.07843757,125.6389,5,4,True,True,177
431357,4.888415,4.902382,1015.712,-1,-0.3720703, 0.02050781, -0.8886719, 0.02437496, -0.1728125, 0.1409376,125.6389,5,4,True,True,177
431421,5.025365,5.162315,1015.702,-1,-0.3701172, 0.02246094, -0.8876953, 0.02437496, -0.2353125, 0.07843757,125.6389,5,4,True,True,177
431485,4.262046,3.498726,1015.763,-1,-0.371582, 0.02148438, -0.8886719, 0.05562496, -0.1884375, 0.1253126,125.6389,5,4,True,True,177
431556,5.284038,6.30603,1015.66,-1,-0.3701172, 0.02246094, -0.8847656, 0.008749962, -0.2353125, 0.1409376,125.6389,5,4,True,True,177
431623,5.656404,6.02877,1015.67,-1,-0.3720703, 0.02294922, -0.8847656, 0.02437496, -0.2196875, 0.04718757,125.6389,5,4,True,True,177
431691,4.863496,4.070587,1015.742,36.75336,-0.3725586, 0.02294922, -0.8862305, 0.008749962, -0.1728125, 0.1096876,125.6389,5,4,True,True,177
431761,4.328408,3.79332,1015.752,36.75793,-0.3710938, 0.0234375, -0.8867188, 0.05562496, -0.1884375, 0.09406257,125.6389,5,4,True,True,177
431941,5.057285,5.786163,1015.679,-1,-0.3725586, 0.0234375, -0.8857422, -0.006875038, -0.1728125, 0.1096876,125.6389,5,4,True,True,177
432007,4.997164,4.937042,1015.71,-1,-0.3710938, 0.02197266, -0.8886719, -0.006875038, -0.2353125, 0.1096876,125.6389,5,4,True,True,177
432077,4.533875,4.070587,1015.742,36.75336,-0.371582, 0.02197266, -0.8862305, -0.02250004, -0.2040625, 0.1096876,125.6389,5,4,True,True,177
432148,4.163598,3.79332,1015.752,-1,-0.3696289, 0.02246094, -0.887207, 0.008749962, -0.2665625, 0.1096876,125.6389,5,4,True,True,177
432219,3.276634,2.389671,1015.804,-1,-0.3706055, 0.02246094, -0.8852539, -0.02250004, -0.2196875, 0.09406257,125.6389,5,4,True,True,177
432292,4.531399,5.786163,1015.679,36.75336,-0.3720703, 0.02246094, -0.8881836, 0.02437496, -0.2196875, 0.1565626,125.6389,5,4,True,True,177
432366,5.730639,6.929878,1015.637,36.75793,-0.371582, 0.0234375, -0.887207, 0.008749962, -0.2040625, 0.07843757,125.6389,5,4,True,True,177
432443,5.33384,4.937042,1015.71,36.75336,-0.371582, 0.02294922, -0.8896484, -0.02250004, -0.1415625, 0.09406257,125.6389,5,4,True,True,177
432519,3.567162,1.800484,1015.825,-1,-0.3706055, 0.02197266, -0.8867188, 0.02437496, -0.2509375, 0.07843757,125.6389,5,4,True,True,177
432592,2.822457,2.077751,1015.815,36.73967,-0.371582, 0.02148438, -0.8876953, -0.03812504, -0.2196875, 0.09406257,125.6389,5,4,True,True,177
432669,3.160591,3.498726,1015.763,-1,-0.371582, 0.02246094, -0.8857422, 0.03999996, -0.1884375, 0.09406257,125.6389,5,4,True,True,177
432747,4.031487,4.902382,1015.712,36.73967,-0.3706055, 0.0234375, -0.8837891, -0.02250004, -0.1571875, 0.1096876,125.6389,5,4,True,True,177
432933,4.051037,4.070587,1015.742,-1,-0.3701172, 0.02246094, -0.8852539, 0.03999996, -0.2353125, 0.06281257,125.6389,5,4,True,True,177
433028,4.338076,4.625114,1015.722,36.75793,-0.3691406, 0.02099609, -0.8876953, 0.02437496, -0.2353125, 0.1096876,125.6389,5,4,True,True,177
433109,3.935731,3.533386,1015.762,36.76705,-0.3720703, 0.02197266, -0.887207, -0.006875038, -0.2040625, 0.1253126,125.6389,5,4,True,True,177
433189,5.432805,6.929878,1015.637,36.75793,-0.3720703, 0.02294922, -0.8862305, 0.05562496, -0.1884375, 0.07843757,125.6389,5,4,True,True,177
433270,4.751696,4.070587,1015.742,-1,-0.3691406, 0.02246094, -0.8862305, -0.03812504, -0.2353125, 0.1096876,125.6389,5,4,True,True,177
433354,4.142541,3.533386,1015.762,36.75336,-0.371582, 0.0234375, -0.8867188, -0.02250004, -0.2040625, 0.1253126,125.6389,5,4,True,True,177
433434,4.106564,4.070587,1015.742,-1,-0.3710938, 0.02148438, -0.8881836, 0.03999996, -0.1728125, 0.09406257,125.6389,5,4,True,True,177
433516,2.684923,1.263283,1015.845,-1,-0.3710938, 0.02148438, -0.8862305, -0.006875038, -0.2821875, 0.1565626,125.6389,5,4,True,True,177
433600,4.235543,5.786163,1015.679,-1,-0.3696289, 0.02246094, -0.8852539, 0.02437496, -0.1728125, 0.09406257,125.6389,5,4,True,True,177
433684,6.145903,8.056263,1015.596,-1,-0.371582, 0.02197266, -0.8862305, -0.006875038, -0.1728125, 0.1096876,125.6389,5,4,True,True,177
433770,4.562381,2.978859,1015.782,36.75336,-0.3735352, 0.0234375, -0.8867188, 0.05562496, -0.1884375, 0.07843757,125.6389,5,4,True,True,177
433899,4.333814,4.105247,1015.741,-1,-0.371582, 0.02148438, -0.8867188, 0.03999996, -0.2665625, 0.1096876,125.6389,5,4,True,True,177
434071,3.517703,2.701591,1015.793,-1,-0.3720703, 0.02441406, -0.8867188, 0.02437496, -0.2040625, 0.09406257,125.6389,5,4,True,True,177
434135,4.244699,4.971695,1015.709,36.77162,-0.371582, 0.02197266, -0.8837891, 0.008749962, -0.2040625, 0.07843757,125.6389,5,4,True,True,177
434201,4.174973,4.105247,1015.741,-1,-0.3710938, 0.02246094, -0.8852539, 0.1025, -0.2196875, 0.1253126,125.6389,5,4,True,True,177
434270,4.157437,4.1399,1015.739,36.77618,-0.371582, 0.0234375, -0.8867188, 0.03999996, -0.2353125, 0.07843757,125.6389,5,4,True,True,177
434335,3.152251,2.147064,1015.813,-1,-0.3725586, 0.02246094, -0.8842773, -0.02250004, -0.2353125, 0.1096876,125.6389,5,4,True,True,177
434403,4.217937,5.283623,1015.698,-1,-0.3720703, 0.02294922, -0.8842773, 0.02437496, -0.2509375, 0.09406257,125.6389,5,4,True,True,177
434473,4.317552,4.417168,1015.729,-1,-0.3706055, 0.02294922, -0.8857422, 0.008749962, -0.3290625, 0.1409376,125.6389,5,4,True,True,177
434545,4.228726,4.1399,1015.739,36.79444,-0.3710938, 0.02001953, -0.887207, 0.02437496, -0.2821875, 0.1096876,125.6389,5,4,True,True,177
434620,5.319365,6.410004,1015.656,-1,-0.371582, 0.02294922, -0.8857422, -0.02250004, -0.1884375, 0.09406257,125.6389,5,4,True,True,177
434693,5.58742,5.855476,1015.676,-1,-0.371582, 0.02294922, -0.8837891, -0.006875038, -0.2509375, 0.1409376,125.6389,5,4,True,True,177
434766,5.998712,6.410004,1015.656,36.79444,-0.3706055, 0.02294922, -0.8847656, -0.006875038, -0.2040625, 0.1253126,125.6389,5,4,True,True,177
434841,5.927094,5.855476,1015.676,36.79444,-0.3706055, 0.0234375, -0.8837891, 0.02437496, -0.2040625, 0.07843757,125.6389,5,4,True,True,177
435023,4.764901,3.602707,1015.76,-1,-0.371582, 0.02099609, -0.8862305, 0.05562496, -0.2040625, 0.06281257,125.6389,5,4,True,True,177
435094,6.17664,7.588379,1015.613,-1,-0.3710938, 0.02197266, -0.8823242, -0.006875038, -0.1884375, 0.1096876,125.6389,5,4,True,True,177
435166,6.042051,5.907463,1015.675,-1,-0.3720703, 0.0234375, -0.887207, -0.006875038, -0.2509375, 0.07843757,125.6389,5,4,True,True,177
435242,5.680163,5.318275,1015.696,36.80357,-0.3720703, 0.02246094, -0.8857422, -0.006875038, -0.2040625, 0.1409376,125.6389,5,4,True,True,177
435318,5.793813,5.907463,1015.675,-1,-0.3701172, 0.02246094, -0.8862305, -0.02250004, -0.1884375, 0.1409376,125.6389,5,4,True,True,177
435394,5.278781,4.763748,1015.717,-1,-0.3706055, 0.02197266, -0.8847656, 0.008749962, -0.2978125, 0.1096876,125.6389,5,4,True,True,177
435473,5.021265,4.763748,1015.717,36.82639,-0.371582, 0.02246094, -0.8857422, -0.006875038, -0.2196875, 0.07843757,125.6389,5,4,True,True,177
435552,5.325734,5.630203,1015.685,36.82183,-0.371582, 0.02197266, -0.8862305, 0.08687496, -0.1415625, 0.07843757,125.6389,5,4,True,True,177
435632,5.911192,6.496651,1015.653,36.82639,-0.3710938, 0.0234375, -0.8852539, 0.008749962, -0.2040625, 0.07843757,125.6389,5,4,True,True,177
435711,3.933818,1.956444,1015.82,36.82183,-0.3720703, 0.02197266, -0.8833008, -0.02250004, -0.2509375, 0.04718757,125.6389,5,4,True,True,177
435793,3.802919,3.67202,1015.757,-1,-0.371582, 0.02294922, -0.8847656, -0.006875038, -0.1884375, 0.1409376,125.6389,5,4,True,True,177
435872,3.598836,3.394753,1015.767,-1,-0.3725586, 0.02246094, -0.8881836, 0.02437496, -0.2509375, 0.09406257,125.6389,5,4,True,True,177
436063,3.635428,3.67202,1015.757,-1,-0.3720703, 0.02246094, -0.8857422, 0.008749962, -0.2509375, 0.1409376,125.6389,5,4,True,True,177
436145,5.213336,6.791245,1015.642,-1,-0.3710938, 0.02148438, -0.8876953, 0.05562496, -0.2509375, 0.1096876,125.6389,5,4,True,True,177
436228,5.005872,4.798409,1015.715,36.83096,-0.3725586, 0.02197266, -0.887207, -0.006875038, -0.2665625, 0.09406257,125.6389,5,4,True,True,177
436312,5.179404,5.352936,1015.695,36.83096,-0.3720703, 0.02246094, -0.8886719, 0.008749962, -0.3290625, 0.07843757,125.6389,5,4,True,True,177
436395,4.547016,3.914627,1015.748,-1,-0.3720703, 0.02197266, -0.8847656, 0.03999996, -0.2040625, 0.1096876,125.6389,5,4,True,True,177
436528,2.662542,0.7780685,1015.863,-1,-0.3710938, 0.02246094, -0.8867188, 0.02437496, -0.2040625, 0.1096876,125.6389,5,4,True,True,177
436593,3.288585,3.914627,1015.748,36.80357,-0.371582, 0.02246094, -0.887207, 0.05562496, -0.2509375, 0.06281257,125.6389,5,4,True,True,177
436659,3.870206,4.451828,1015.728,36.79444,-0.3720703, 0.02050781, -0.8842773, 0.02437496, -0.2665625, 0.1096876,125.6389,5,4,True,True,177
436725,3.753783,3.63736,1015.758,-1,-0.3710938, 0.0234375, -0.8862305, 0.05562496, -0.2509375, 0.06281257,125.6389,5,4,True,True,177
436791,4.397399,5.041016,1015.706,-1,-0.3720703, 0.02246094, -0.8876953, 0.03999996, -0.2040625, 0.1409376,125.6389,5,4,True,True,177
436859,3.445522,2.493645,1015.8,36.8127,-0.3720703, 0.02148438, -0.8837891, 0.008749962, -0.2509375, 0.1096876,125.6389,5,4,True,True,177
436925,2.969584,2.493645,1015.8,-1,-0.3696289, 0.02294922, -0.8847656, 0.03999996, -0.2040625, 0.07843757,125.6389,5,4,True,True,177
437104,4.143929,5.318275,1015.696,-1,-0.3720703, 0.0234375, -0.8862305, -0.006875038, -0.2821875, 0.1253126,125.6389,5,4,True,True,177
437175,4.731102,5.318275,1015.696,36.80357,-0.3706055, 0.02294922, -0.8847656, 0.008749962, -0.2040625, 0.09406257,125.6389,5,4,True,True,177
437244,5.024689,5.318275,1015.696,-1,-0.371582, 0.02294922, -0.8876953, -0.006875038, -0.1884375, 0.09406257,125.6389,5,4,True,True,177
437316,5.717346,6.410004,1015.656,-1,-0.371582, 0.02294922, -0.8862305, 0.008749962, -0.2196875, 0.1721876,125.6389,5,4,True,True,177
437389,5.777748,5.83815,1015.677,-1,-0.3706055, 0.02294922, -0.8833008, -0.006875038, -0.2196875, 0.07843757,125.6389,5,4,True,True,177
437461,5.236092,4.694435,1015.719,-1,-0.3710938, 0.02197266, -0.8862305, 0.02437496, -0.1415625, 0.1253126,125.6389,5,4,True,True,177
437535,5.103893,4.971695,1015.709,36.77618,-0.3710938, 0.02246094, -0.8891602, -0.02250004, -0.2821875, 0.1409376,125.6389,5,4,True,True,177
437610,4.899164,4.694435,1015.719,36.77618,-0.3720703, 0.0234375, -0.8857422, -0.03812504, -0.2196875, 0.1253126,125.6389,5,4,True,True,177
437693,4.502206,4.105247,1015.741,-1,-0.3720703, 0.0234375, -0.887207, 0.05562496, -0.2509375, 0.1565626,125.6389,5,4,True,True,177
437767,3.870499,3.238792,1015.773,-1,-0.371582, 0.02197266, -0.8896484, -0.006875038, -0.1884375, 0.07843757,125.6389,5,4,True,True,177
437844,1.431839,-1.006821,1015.929,36.75336,-0.3720703, 0.02246094, -0.8901367, 0.07124996, -0.1571875, 0.1096876,125.6389,5,4,True,True,177
437920,1.035641,0.6394424,1015.868,-1,-0.3730469, 0.02246094, -0.8916016, 0.05562496, -0.2821875, 0.07843757,125.6389,5,4,True,True,177
438111,2.223864,3.412086,1015.766,36.70315,-0.3710938, 0.02148438, -0.8881836, -0.02250004, -0.2040625, 0.1409376,125.6389,5,4,True,True,177
438188,2.254781,2.285698,1015.808,-1,-0.371582, 0.0234375, -0.8881836, 0.07124996, -0.1415625, 0.09406257,125.6389,5,4,True,True,177
438268,2.270239,2.285698,1015.808,-1,-0.3720703, 0.02246094, -0.887207, 0.07124996, -0.2665625, 0.07843757,125.6389,5,4,True,True,177
438347,2.997123,3.724007,1015.755,-1,-0.371582, 0.02392578, -0.890625, 0.02437496, -0.2353125, 0.1253126,125.6389,5,4,True,True,177
438426,2.364147,1.731171,1015.828,-1,-0.371582, 0.02246094, -0.8911133, 0.02437496, -0.2196875, 0.06281257,125.6389,5,4,True,True,177
438507,3.32134,4.278534,1015.735,-1,-0.3725586, 0.02246094, -0.8891602, 0.03999996, -0.1884375, 0.1253126,125.6389,5,4,True,True,177
438591,4.224498,5.127655,1015.703,36.70315,-0.3720703, 0.02197266, -0.8881836, 0.05562496, -0.2821875, 0.07843757,125.6389,5,4,True,True,177
438673,3.255098,2.285698,1015.808,-1,-0.371582, 0.02294922, -0.8881836, -0.006875038, -0.1884375, 0.09406257,125.6389,5,4,True,True,177
438754,3.333592,3.412086,1015.766,-1,-0.371582, 0.02246094, -0.8867188, 0.05562496, -0.2353125, 0.09406257,125.6389,5,4,True,True,177
438838,3.372839,3.412086,1015.766,-1,-0.3725586, 0.02490234, -0.887207, 0.008749962, -0.09468746, 0.09406257,125.6389,5,4,True,True,177
438922,3.115196,2.857552,1015.787,36.71228,-0.371582, 0.02294922, -0.8847656, 0.008749962, -0.2509375, 0.07843757,125.6389,5,4,True,True,177
439058,2.579143,2.043091,1015.817,36.71228,-0.3725586, 0.02246094, -0.8881836, -0.02250004, -0.2821875, 0.09406257,125.6389,5,4,True,True,177
439234,2.744344,2.909546,1015.785,-1,-0.3706055, 0.02392578, -0.8837891, -0.006875038, -0.2665625, 0.1096876,125.6389,5,4,True,True,177
439297,2.532351,2.320358,1015.806,-1,-0.3720703, 0.01953125, -0.8876953, 0.02437496, -0.2040625, 0.09406257,125.6389,5,4,True,True,177
439364,2.287721,2.043091,1015.817,-1,-0.3725586, 0.02294922, -0.8847656, -0.006875038, -0.2353125, 0.01593757,125.6389,5,4,True,True,177
439432,3.863652,5.439583,1015.692,-1,-0.3720703, 0.02392578, -0.887207, 0.02437496, -0.1728125, 0.07843757,125.6389,5,4,True,True,177
439500,3.793829,3.724007,1015.755,-1,-0.3710938, 0.02197266, -0.8867188, -0.006875038, -0.1571875, 0.06281257,125.6389,5,4,True,True,177
439567,4.322112,4.850395,1015.713,36.71684,-0.3710938, 0.02294922, -0.887207, 0.008749962, -0.2040625, 0.03156257,125.6389,5,4,True,True,177
439634,4.161693,4.001274,1015.745,-1,-0.3710938, 0.02148438, -0.8867188, 0.03999996, -0.2196875, 0.07843757,125.6389,5,4,True,True,177
439703,2.946432,1.731171,1015.828,36.71228,-0.3691406, 0.02392578, -0.8833008, 0.05562496, -0.1259375, 0.1096876,125.6389,5,4,True,True,177
439796,2.901992,2.857552,1015.787,-1,-0.3730469, 0.02294922, -0.8867188, 0.008749962, -0.1103125, 0.1096876,125.6389,5,4,True,True,177
439865,3.174366,3.446739,1015.765,-1,-0.3710938, 0.02441406, -0.8862305, 0.008749962, -0.1259375, 0.1096876,125.6389,5,4,True,True,177
439935,3.882414,4.590462,1015.723,-1,-0.371582, 0.0234375, -0.887207, 0.03999996, -0.2040625, 0.1253126,125.6389,5,4,True,True,177
440008,4.660998,5.439583,1015.692,36.73967,-0.3720703, 0.02294922, -0.8862305, 0.008749962, -0.2040625, 0.1409376,125.6389,5,4,True,True,177
440194,2.944814,1.22863,1015.846,36.73967,-0.3696289, 0.02099609, -0.8867188, 0.08687496, -0.1884375, 0.07843757,125.6389,5,4,True,True,177
440268,3.074477,3.20414,1015.774,36.74423,-0.3730469, 0.02148438, -0.8842773, 0.05562496, -0.1728125, 0.07843757,125.6389,5,4,True,True,177
440340,4.118396,5.162315,1015.702,-1,-0.3730469, 0.02294922, -0.8847656, -0.02250004, -0.2665625, 0.1409376,125.6389,5,4,True,True,177
440413,3.513971,2.909546,1015.785,-1,-0.371582, 0.02246094, -0.8852539, 0.02437496, -0.2040625, 0.1565626,125.6389,5,4,True,True,177
440488,3.341725,3.169479,1015.775,36.73054,-0.371582, 0.02294922, -0.8876953, 0.008749962, -0.1571875, 0.1096876,125.6389,5,4,True,True,177
440564,3.966094,4.590462,1015.723,-1,-0.3730469, 0.02392578, -0.8857422, -0.05375004, -0.3290625, 0.09406257,125.6389,5,4,True,True,177
440644,3.84505,3.724007,1015.755,36.71228,-0.3720703, 0.01855469, -0.890625, -0.006875038, -0.2353125, 0.06281257,125.6389,5,4,True,True,177
440724,5.049547,6.254044,1015.662,-1,-0.3710938, 0.02246094, -0.887207, 0.02437496, -0.1103125, 0.03156257,125.6389,5,4,True,True,177
440803,4.386777,3.724007,1015.755,36.71228,-0.3725586, 0.02294922, -0.8837891, 0.008749962, -0.3446875, 0.07843757,125.6389,5,4,True,True,177
440895,3.760798,3.134819,1015.776,36.72141,-0.3706055, 0.02197266, -0.8852539, -0.006875038, -0.2040625, 0.1253126,125.6389,5,4,True,True,177
440976,5.154717,6.548637,1015.651,-1,-0.3745117, 0.02148438, -0.887207, -0.03812504, -0.2821875, 0.1253126,125.6389,5,4,True,True,177
441056,5.851677,6.548637,1015.651,-1,-0.3735352, 0.02832031, -0.8837891, -0.02250004, -0.04781246, 0.07843757,125.6389,5,4,True,True,177
441249,4.198654,2.545631,1015.798,36.69402,-0.3720703, 0.02392578, -0.8862305, 0.02437496, -0.2353125, 0.07843757,125.6389,5,4,True,True,177
441330,5.209023,6.219391,1015.663,36.70315,-0.3710938, 0.02539063, -0.8867188, 0.02437496, -0.1884375, 0.1096876,125.6389,5,4,True,True,177
441414,4.015961,2.822899,1015.788,36.69402,-0.371582, 0.0234375, -0.8881836, -0.006875038, -0.3134375, 0.1409376,125.6389,5,4,True,True,177
441501,3.41943,2.822899,1015.788,36.69402,-0.3681641, 0.03125, -0.8564453, 0.02437496, 0.03031254, 0.1409376,125.6389,5,4,True,True,177
441632,3.693022,3.966614,1015.746,-1,-0.371582, 0.02197266, -0.8876953, 0.03999996, -0.01656246, 0.04718757,125.6389,5,4,True,True,177
441698,3.119327,2.545631,1015.798,-1,-0.3652344, 0.02099609, -0.8862305, 0.03999996, -0.01656246, 0.06281257,125.6389,5,4,True,True,177
441763,1.567461,0.01559448,1015.891,-1,-0.3740234, 0.01367188, -0.8896484, -0.006875038, -0.4696875, 0.1096876,125.6389,5,4,True,True,177
441830,2.19518,2.822899,1015.788,36.69402,-0.3745117, 0.02050781, -0.8896484, 0.03999996, -0.5165625, 0.04718757,125.6389,5,4,True,True,177
441898,3.080897,3.966614,1015.746,-1,-0.371582, 0.0234375, -0.8847656, -0.006875038, -0.4384375, 0.06281257,125.6389,5,4,True,True,177
441966,2.683297,2.285698,1015.808,-1,-0.3818359, 0.05126953, -0.8706055, 0.03999996, -1.922812, 0.07843757,125.6389,5,4,True,True,177
442035,2.189904,1.69651,1015.829,-1,-0.375, 0.01953125, -0.8779297, 0.02437496, -0.2978125, 0.0003125668,125.6389,5,4,True,True,177
442102,1.102749,0.01559448,1015.891,-1,-0.3720703, 0.02294922, -0.8837891, 0.05562496, -0.1884375, 0.1253126,125.6389,5,4,True,True,177
442282,2.118784,3.134819,1015.776,-1,-0.3720703, 0.02099609, -0.8862305, 0.02437496, -0.3134375, 0.09406257,125.6389,5,4,True,True,177
442352,2.063607,2.00843,1015.818,36.70771,-0.371582, 0.02099609, -0.8901367, 0.02437496, -0.1728125, 0.1096876,125.6389,5,4,True,True,177
442422,2.036019,2.00843,1015.818,36.70315,-0.3564453, 0.01416016, -0.8642578, -0.80375, -6.375937, 0.3284376,125.6389,5,4,True,True,177
442492,4.699562,7.363106,1015.621,-1,-0.4707031, 0.09570313, -0.9194336, -2.350625, -3.469687, 0.5940626,125.6389,5,4,True,True,177
442566,4.350418,4.001274,1015.745,36.71684,-0.3417969, -0.05664063, -1.103516, -15.94438, -48.39156, 5.187813,125.6389,5,4,True,True,177
442641,5.302231,6.254044,1015.662,36.72141,-0.5356445, 0.08056641, -0.8081055, -31.335, -74.71969, -12.95281,125.6389,5,4,True,True,177
442716,5.778137,6.254044,1015.662,36.71684,-0.4936523, 0.2255859, -1.075195, -5.163125, -165.2978, 3.937813,125.6389,5,4,True,True,177
442791,5.452896,5.127655,1015.703,36.72141,-1.025391, -0.1318359, -0.3491211, 11.30562, -191.3447, 2.859688,125.6389,5,4,True,True,177
442867,4.883045,4.313194,1015.733,36.73054,-1.06543, 0.2856445, -0.03173828, 38.6025, -240.4853, -5.812187,125.6389,5,4,True,True,177
442942,6.885551,8.888058,1015.566,-1,-0.9121094, 0.04833984, -0.03369141, 42.00875, -226.0791, 2.172188,125.6389,5,4,True,True,177
443019,8.294037,9.702522,1015.535,-1,-0.7265625, -0.0859375, 0.03515625, 27.64938, -174.6416, -8.124687,125.6389,5,4,True,True,177
443097,7.724594,7.155151,1015.629,36.73054,-0.9135742, 0.1328125, 0.8369141, 2.024375, -146.1103, -8.296562,125.6389,5,4,True,True,177
443284,4.589249,1.453903,1015.838,-1,-0.9990234, -0.1425781, 0.6704102, -6.256875, -5.860312, -2.218437,125.6389,5,4,True,True,177
443363,3.16021,1.731171,1015.828,36.72141,-0.8427734, 0.01611328, 0.6860352, -0.350625, 29.59281, -5.718437,125.6389,5,4,True,True,177
443442,3.442108,3.724007,1015.755,36.72141,-0.8901367, -0.01416016, 0.4516602, 0.836875, 19.93656, -2.280937,125.6389,5,4,True,True,177
443523,2.448006,1.453903,1015.838,36.72141,-0.8881836, -0.006347656, 0.5009766, 0.44625, -5.735312, 0.8753126,125.6389,5,4,True,True,177
443603,3.086006,3.724007,1015.755,36.72597,-0.8481445, 0.0, 0.5961914, 1.82125, -18.34469, 1.390938,125.6389,5,4,True,True,177
443683,3.838234,4.590462,1015.723,-1,-0.8603516, -0.0009765625, 0.5302734, 1.211875, -11.32906, 0.9690626,125.6389,5,4,True,True,177
443765,3.93708,4.035927,1015.743,-1,-0.8208008, 0.01171875, 0.6279297, 0.03999996, -1.360312, 0.2659376,125.6389,5,4,True,True,177
443848,4.549698,5.162315,1015.702,36.73967,-0.8320313, -0.02441406, 0.6396484, -8.413125, 78.13969, -4.265312,125.6389,5,4,True,True,177
443933,2.59457,0.6394424,1015.868,36.73054,-0.8710938, -0.01757813, 0.699707, -12.1475, 189.9366, -2.343437,125.6389,5,4,True,True,177
444029,1.9116,1.22863,1015.846,36.73967,-0.659668, 0.1713867, -0.4526367, -8.30375, 403.3428, 1.031563,125.6389,5,4,True,True,177
444111,1.136888,0.362175,1015.878,-1,-0.3056641, 0.1235352, -0.6586914, -79.13187, 471.1084, -15.46844,125.6389,5,4,True,True,177
444246,1.156762,1.176636,1015.848,-1,0.06396484, 0.1010742, -0.8007813, -6.256875, 38.48344, -10.67156,125.6389,5,4,True,True,177
444419,2.267094,3.377426,1015.768,-1,-0.3779297, 0.004394531, -1.010254, -16.835, -101.0009, 0.6253126,125.6389,5,4,True,True,177
444481,3.099524,3.931953,1015.747,-1,-0.4887695, 0.04589844, -0.8867188, 5.961875, -11.93844, 0.4846876,125.6389,5,4,True,True,177
444546,3.221145,3.342766,1015.769,-1,-0.3544922, 0.06689453, -0.918457, -1.756875, 32.07719, 0.5940626,125.6389,5,4,True,True,177
444612,3.541893,3.86264,1015.75,-1,-0.3647461, 0.03076172, -0.8930664, -1.381875, -10.07906, 1.109688,125.6389,5,4,True,True,177
444680,1.995357,0.448822,1015.875,-1,-0.3818359, 0.02734375, -0.8867188, 0.180625, 2.420938, 0.3753126,125.6389,5,4,True,True,177
444745,3.197599,4.399841,1015.73,36.63012,-0.3813477, 0.02636719, -0.8828125, -0.06937504, -2.516562, 0.2190626,125.6389,5,4,True,True,177
444814,2.377738,1.557877,1015.834,36.63012,-0.3764648, 0.04589844, -0.9033203, 0.118125, 0.6240625, 0.0003125668,125.6389,5,4,True,True,177
444885,1.967807,1.557877,1015.834,36.62098,-0.3740234, 0.02734375, -0.887207, -0.02250004, 0.4365625, 0.07843757,125.6389,5,4,True,True,177
444952,2.759264,3.55072,1015.761,-1,-0.3798828, 0.02294922, -0.8901367, 0.02437496, -0.2509375, 0.07843757,125.6389,5,4,True,True,177
445022,3.154992,3.55072,1015.761,-1,-0.3793945, 0.02587891, -0.8852539, -0.006875038, -0.3915625, 0.07843757,125.6389,5,4,True,True,177
445095,1.515976,-0.1230392,1015.896,36.63012,-0.3793945, 0.02832031, -0.8852539, -0.006875038, -0.2509375, 0.1096876,125.6389,5,4,True,True,177
445166,1.961487,2.406998,1015.803,-1,-0.3764648, 0.02490234, -0.8886719, 0.05562496, -0.2353125, 0.07843757,125.6389,5,4,True,True,177
445352,4.471676,6.981865,1015.635,-1,-0.3774414, 0.02832031, -0.8852539, 0.07124996, -0.2509375, 0.07843757,125.6389,5,4,True,True,177
445426,3.612627,2.753578,1015.79,36.6575,-0.378418, 0.02636719, -0.8847656, 0.05562496, -0.3134375, 0.07843757,125.6389,5,4,True,True,177
445501,4.040891,4.469154,1015.727,-1,-0.3779297, 0.02490234, -0.8867188, 0.02437496, -0.2040625, 0.09406257,125.6389,5,4,True,True,177
445577,3.986422,3.931953,1015.747,36.6712,-0.375, 0.02929688, -0.8886719, 0.02437496, -0.3446875, 0.1096876,125.6389,5,4,True,True,177
445651,3.681924,3.377426,1015.768,-1,-0.3779297, 0.02685547, -0.8857422, 0.05562496, -0.1103125, 0.04718757,125.6389,5,4,True,True,177
445726,3.252411,2.822899,1015.788,-1,-0.378418, 0.02636719, -0.8862305, -0.02250004, -0.2196875, 0.09406257,125.6389,5,4,True,True,177
445804,4.60593,5.95945,1015.673,-1,-0.378418, 0.02392578, -0.8842773, -0.02250004, -0.2509375, 0.1096876,125.6389,5,4,True,True,177
445883,3.445814,2.285698,1015.808,36.70315,-0.3774414, 0.02539063, -0.8852539, -0.006875038, -0.2196875, 0.09406257,125.6389,5,4,True,True,177
445962,3.723544,4.001274,1015.745,36.71228,-0.3774414, 0.02392578, -0.8857422, 0.08687496, -0.2196875, 0.1096876,125.6389,5,4,True,True,177
446042,3.429182,3.134819,1015.776,36.70315,-0.378418, 0.02392578, -0.8842773, 0.008749962, -0.1728125, 0.1409376,125.6389,5,4,True,True,177
446119,2.85744,2.285698,1015.808,-1,-0.3769531, 0.02587891, -0.8857422, -0.02250004, -0.2509375, 0.04718757,125.6389,5,4,True,True,177
446199,2.571569,2.285698,1015.808,-1,-0.3754883, 0.02539063, -0.8857422, -0.02250004, -0.2509375, 0.09406257,125.6389,5,4,True,True,177
446388,3.970916,5.370262,1015.694,-1,-0.3769531, 0.0234375, -0.8857422, -0.006875038, -0.1884375, 0.09406257,125.6389,5,4,True,True,177
446468,4.237365,4.503815,1015.726,-1,-0.3774414, 0.02587891, -0.8867188, 0.008749962, -0.2353125, 0.1409376,125.6389,5,4,True,True,177
446548,4.08466,3.931953,1015.747,36.66663,-0.378418, 0.02685547, -0.8862305, -0.02250004, -0.2196875, 0.1096876,125.6389,5,4,True,True,177
446632,3.99098,3.897301,1015.749,36.65294,-0.3793945, 0.02783203, -0.8891602, 0.02437496, -0.1728125, 0.07843757,125.6389,5,4,True,True,177
446734,4.490005,4.989029,1015.708,-1,-0.378418, 0.02685547, -0.8852539, 0.03999996, -0.2040625, 0.1253126,125.6389,5,4,True,True,177
446868,4.288959,4.087914,1015.741,-1,-0.3774414, 0.02734375, -0.8833008, 0.008749962, -0.1884375, 0.1253126,125.6389,5,4,True,True,177
446933,4.890265,5.49157,1015.69,36.61186,-0.3793945, 0.02490234, -0.8847656, 0.02437496, -0.2196875, 0.1409376,125.6389,5,4,True,True,177
446998,4.064528,3.238792,1015.773,-1,-0.3774414, 0.02636719, -0.8852539, 0.05562496, -0.2353125, 0.1409376,125.6389,5,4,True,True,177
447064,4.639415,5.214302,1015.7,36.62555,-0.3779297, 0.02685547, -0.8842773, 0.02437496, -0.2196875, 0.07843757,125.6389,5,4,True,True,177
447131,4.502298,4.365181,1015.731,-1,-0.3774414, 0.02441406, -0.8833008, 0.05562496, -0.2353125, 0.1409376,125.6389,5,4,True,True,177
447205,4.165139,3.82798,1015.751,-1,-0.3774414, 0.02539063, -0.8833008, 0.03999996, -0.1728125, 0.06281257,125.6389,5,4,True,True,177
447274,3.99656,3.82798,1015.751,36.63468,-0.3759766, 0.02441406, -0.8842773, -0.006875038, -0.2353125, 0.09406257,125.6389,5,4,True,True,177
447454,3.635006,3.273453,1015.771,-1,-0.378418, 0.02636719, -0.8867188, 0.05562496, -0.2353125, 0.04718757,125.6389,5,4,True,True,177
447524,3.748823,3.86264,1015.75,36.63924,-0.3774414, 0.02246094, -0.8920898, 0.08687496, -0.3915625, 0.09406257,125.6389,5,4,True,True,177
447595,4.074332,4.399841,1015.73,36.63924,-0.3745117, 0.02490234, -0.8818359, 0.008749962, -0.2509375, 0.1096876,125.6389,5,4,True,True,177
447667,3.968486,3.86264,1015.75,-1,-0.3779297, 0.02685547, -0.8857422, -0.006875038, -0.1415625, 0.06281257,125.6389,5,4,True,True,177
447739,3.768266,3.568047,1015.76,36.6575,-0.378418, 0.02685547, -0.8828125, 0.05562496, -0.2353125, 0.1096876,125.6389,5,4,True,True,177
447811,4.811872,5.855476,1015.677,-1,-0.3779297, 0.02685547, -0.8823242, 0.02437496, -0.3134375, 0.1565626,125.6389,5,4,True,True,177
447885,5.05641,5.300949,1015.697,-1,-0.378418, 0.02441406, -0.8837891, -0.006875038, -0.2353125, 0.1096876,125.6389,5,4,True,True,177
447959,3.766364,2.476318,1015.8,36.66663,-0.3808594, 0.02539063, -0.8842773, 0.02437496, -0.2196875, 0.06281257,125.6389,5,4,True,True,177
448035,4.533657,5.300949,1015.697,36.6575,-0.3789063, 0.02539063, -0.8837891, 0.02437496, -0.2040625, 0.1096876,125.6389,5,4,True,True,177
448110,4.215479,3.897301,1015.749,-1,-0.3774414, 0.02539063, -0.8837891, -0.006875038, -0.1884375, 0.1253126,125.6389,5,4,True,True,177
448187,3.051305,1.887131,1015.822,-1,-0.3769531, 0.02539063, -0.8842773, -0.006875038, -0.2509375, 0.1253126,125.6389,5,4,True,True,177
448265,4.583357,6.11541,1015.667,36.63924,-0.3769531, 0.02636719, -0.8833008, 0.008749962, -0.2353125, 0.1253126,125.6389,5,4,True,True,177
448455,3.651141,2.718925,1015.792,36.63468,-0.3779297, 0.02685547, -0.8852539, -0.006875038, -0.2040625, 0.07843757,125.6389,5,4,True,True,177
448530,4.597349,5.543556,1015.688,36.63468,-0.3774414, 0.02587891, -0.8828125, 0.03999996, -0.2353125, 0.1096876,125.6389,5,4,True,True,177
448608,3.935401,3.273453,1015.771,-1,-0.3789063, 0.02539063, -0.8847656, 0.03999996, -0.2040625, 0.06281257,125.6389,5,4,True,True,177
448686,3.899021,3.86264,1015.75,-1,-0.378418, 0.02734375, -0.8852539, 0.02437496, -0.2196875, 0.07843757,125.6389,5,4,True,True,177
448766,4.426695,4.954369,1015.71,-1,-0.378418, 0.02539063, -0.8867188, 0.05562496, -0.1571875, 0.1096876,125.6389,5,4,True,True,177
448849,5.262389,6.098083,1015.668,-1,-0.3779297, 0.02490234, -0.8842773, 0.03999996, -0.2196875, 0.1409376,125.6389,5,4,True,True,177
448931,5.108379,4.954369,1015.71,36.61642,-0.3774414, 0.02734375, -0.8833008, 0.05562496, -0.2040625, 0.03156257,125.6389,5,4,True,True,177
449013,5.299974,5.49157,1015.69,-1,-0.378418, 0.02490234, -0.8847656, -0.02250004, -0.1728125, 0.1409376,125.6389,5,4,True,True,177
449097,5.699029,6.098083,1015.668,-1,-0.378418, 0.02392578, -0.8837891, -0.006875038, -0.2040625, 0.07843757,125.6389,5,4,True,True,177
449182,4.763505,3.82798,1015.751,36.61642,-0.3774414, 0.02587891, -0.8852539, 0.008749962, -0.2353125, 0.1096876,125.6389,5,4,True,True,177
449266,3.585251,2.406998,1015.803,-1,-0.378418, 0.02685547, -0.8823242, 0.05562496, -0.2040625, 0.06281257,125.6389,5,4,True,True,177
449403,4.26981,4.954369,1015.71,36.62098,-0.3774414, 0.02636719, -0.8828125, 0.03999996, -0.2040625, 0.1409376,125.6389,5,4,True,True,177
449574,4.334826,4.399841,1015.73,-1,-0.3774414, 0.02734375, -0.8833008, -0.03812504, -0.2040625, 0.1253126,125.6389,5,4,True,True,177
449639,4.2287,4.122574,1015.74,-1,-0.3779297, 0.02539063, -0.8837891, -0.006875038, -0.1415625, 0.1096876,125.6389,5,4,True,True,177
449705,4.31427,4.399841,1015.73,-1,-0.3779297, 0.02587891, -0.8842773, 0.008749962, -0.2040625, 0.1096876,125.6389,5,4,True,True,177
449772,4.088455,3.86264,1015.75,36.63924,-0.3798828, 0.02587891, -0.8847656, 0.03999996, -0.1728125, 0.09406257,125.6389,5,4,True,True,177
449838,3.828251,3.568047,1015.76,-1,-0.3793945, 0.02441406, -0.8813477, 0.05562496, -0.2040625, 0.1096876,125.6389,5,4,True,True,177
449908,4.97183,6.11541,1015.667,36.64381,-0.378418, 0.02783203, -0.8823242, 0.008749962, -0.1884375, 0.1253126,125.6389,5,4,True,True,177
449978,4.434566,3.897301,1015.749,36.64837,-0.3769531, 0.02539063, -0.8837891, 0.008749962, -0.2196875, 0.09406257,125.6389,5,4,True,True,177
450049,5.569582,6.704597,1015.645,-1,-0.3793945, 0.02490234, -0.8837891, -0.02250004, -0.2353125, 0.03156257,125.6389,5,4,True,True,177
450122,5.296632,5.023682,1015.707,-1,-0.3793945, 0.02539063, -0.8847656, 0.03999996, -0.1728125, 0.07843757,125.6389,5,4,True,True,177
450194,4.163739,3.030846,1015.78,-1,-0.378418, 0.02636719, -0.8828125, 0.03999996, -0.2665625, 0.1253126,125.6389,5,4,True,True,177
450275,3.597292,3.030846,1015.78,-1,-0.3774414, 0.02539063, -0.8828125, 0.008749962, -0.2353125, 0.1096876,125.6389,5,4,True,True,177
450349,2.742211,1.887131,1015.822,-1,-0.378418, 0.02636719, -0.8867188, 0.03999996, -0.2509375, 0.09406257,125.6389,5,4,True,True,177
450531,3.319756,3.897301,1015.749,-1,-0.378418, 0.02490234, -0.8828125, -0.02250004, -0.1728125, 0.1565626,125.6389,5,4,True,True,177
450604,4.171719,5.023682,1015.707,-1,-0.378418, 0.02636719, -0.8842773, 0.03999996, -0.1415625, 0.1253126,125.6389,5,4,True,True,177
450675,4.874968,5.578217,1015.687,-1,-0.3774414, 0.02441406, -0.8837891, 0.02437496, -0.1571875, 0.09406257,125.6389,5,4,True,True,177
450748,3.814273,2.753578,1015.79,36.6575,-0.3779297, 0.02636719, -0.8867188, -0.02250004, -0.1728125, 0.1253126,125.6389,5,4,True,True,177
450824,4.696245,5.578217,1015.687,-1,-0.3789063, 0.02832031, -0.8842773, 0.03999996, -0.1415625, 0.1096876,125.6389,5,4,True,True,177
450901,4.296773,3.897301,1015.749,-1,-0.3798828, 0.02783203, -0.8862305, -0.006875038, -0.2196875, 0.1409376,125.6389,5,4,True,True,177
450979,5.362055,6.427338,1015.655,36.6575,-0.3789063, 0.02783203, -0.8828125, 0.05562496, -0.07906246, 0.1253126,125.6389,5,4,True,True,177
451060,5.192868,5.023682,1015.707,36.6575,-0.3769531, 0.02587891, -0.8837891, 0.05562496, -0.2509375, 0.07843757,125.6389,5,4,True,True,177
451140,4.831011,4.469154,1015.727,-1,-0.378418, 0.02539063, -0.8823242, 0.008749962, -0.2196875, 0.1409376,125.6389,5,4,True,True,177
451220,5.22194,5.612869,1015.686,36.66663,-0.3764648, 0.02587891, -0.8867188, 0.008749962, -0.1884375, 0.07843757,125.6389,5,4,True,True,177
451299,3.710495,2.199051,1015.81,-1,-0.3769531, 0.02539063, -0.8867188, 0.118125, -0.2040625, 0.09406257,125.6389,5,4,True,True,177
451381,3.959858,4.209221,1015.737,-1,-0.3774414, 0.02734375, -0.8837891, -0.006875038, -0.2040625, 0.09406257,125.6389,5,4,True,True,177
451572,5.782785,7.605713,1015.612,-1,-0.3774414, 0.02734375, -0.8842773, 0.05562496, 0.2021875, 0.09406257,125.6389,5,4,True,True,177
451652,3.30642,0.8300552,1015.861,-1,-0.3774414, 0.02441406, -0.8852539, 0.02437496, -0.3134375, 0.07843757,125.6389,5,4,True,True,177
451736,3.619187,3.931953,1015.747,36.67576,-0.3764648, 0.02294922, -0.8828125, 0.02437496, -0.2978125, 0.07843757,125.6389,5,4,True,True,177
451820,5.335182,7.051178,1015.633,-1,-0.3774414, 0.02392578, -0.8837891, 0.008749962, -0.1728125, 0.1096876,125.6389,5,4,True,True,177
451905,4.902168,4.469154,1015.727,36.66663,-0.5063477, 0.1088867, -1.01416, 0.774375, -2.704062, 0.1253126,125.6389,5,4,True,True,177
452037,4.685661,4.469154,1015.727,-1,0.128418, 0.04345703, -0.1469727, -1.444375, -14.20406, -0.6090624,125.6389,5,4,True,True,177
452103,4.291481,3.897301,1015.749,-1,-0.3588867, 0.02294922, -0.8911133, 0.2275, 0.5928125, -0.4059374,125.6389,5,4,True,True,177
452170,3.245266,2.199051,1015.81,36.66663,-0.559082, -0.04052734, -1.064453, -2.756875, -14.67281, 0.5315626,125.6389,5,4,True,True,177
452237,3.138056,3.030846,1015.78,36.66663,-0.3837891, 0.06005859, -1.015137, 0.6025, -7.875937, -0.6715624,125.6389,5,4,True,True,177
452303,4.375463,5.612869,1015.686,-1,-0.4638672, 0.03613281, -1.161621, -5.631875, 5.686563, 0.3596876,125.6389,5,4,True,True,177
452372,5.834624,7.293785,1015.624,-1,-0.472168, 0.1586914, -1.402832, -19.81937, 67.93656, 4.687813,125.6389,5,4,True,True,177
452439,5.151889,4.469154,1015.727,-1,-0.2836914, -0.3061523, -1.155273, -37.42875, 17.48344, 8.797188,125.6389,5,4,True,True,177
452616,4.810522,4.469154,1015.727,-1,-0.3632813, -0.1025391, -0.9350586, -3.288125, 35.20219, -14.76531,125.6389,5,4,True,True,177
452683,4.353911,3.897301,1015.749,-1,-0.1542969, -0.2275391, -0.84375, -6.0225, -31.79781, 8.453438,125.6389,5,4,True,True,177
452752,4.376876,4.399841,1015.73,36.63468,-0.2744141, -0.0703125, -0.9301758, -1.96, -2.938437, 22.93781,125.6389,5,4,True,True,177
452822,5.367447,6.358017,1015.658,-1,-0.2807617, 0.06542969, -0.9516602, -1.6475, 38.18656, 25.81281,125.6389,5,4,True,True,177
452892,6.841824,8.3162,1015.586,-1,-0.1416016, -0.078125, -0.8476563, 5.711875, -23.79781, 20.70344,125.6389,5,4,True,True,177
452966,6.721224,6.600624,1015.649,36.58903,-0.09130859, 0.02392578, -0.8383789, 4.29, -5.813437, 20.04719,125.6389,5,4,True,True,177
453041,5.94177,5.162315,1015.702,36.5799,0.02490234, 0.08300781, -0.8745117, -1.663125, -0.4540625, 15.54719,125.6389,5,4,True,True,177
453113,6.531134,7.120499,1015.63,-1,-0.1918945, 0.08398438, -0.7768555, -8.163125, -1.047812, 8.281563,125.6389,5,4,True,True,177
453205,8.506732,10.48233,1015.507,-1,-0.3300781, 0.215332, -0.9389648, -8.36625, 1.827188, -11.34344,125.6389,5,4,True,True,177
453279,8.064886,7.623039,1015.612,-1,-0.3276367, 0.2368164, -0.9228516, -1.913125, 7.920938, -34.51531,125.6389,5,4,True,True,177
453355,6.708911,5.352936,1015.695,-1,-0.2548828, 0.1469727, -0.8730469, 1.336875, -24.87594, -46.17156,125.6389,5,4,True,True,177
453440,7.737833,8.766754,1015.57,-1,-0.2993164, 0.2060547, -0.6499023, 4.79, -22.98531, -45.81219,125.6389,5,4,True,True,177
453628,7.914378,8.090923,1015.594,36.4886,-0.2426758, 0.1201172, -0.8837891, 3.868125, 3.530313, -9.718437,125.6389,5,4,True,True,177
453705,7.422128,6.929878,1015.637,-1,-0.2211914, 0.05126953, -0.9975586, -1.100625, -23.43844, -9.124687,125.6389,5,4,True,True,177
453783,7.297307,7.172485,1015.628,-1,-0.1411133, 0.2128906, -1.17334, -7.11625, -1.625937, -9.734062,125.6389,5,4,True,True,177
453862,8.77718,10.25705,1015.515,36.44296,-0.4311523, 0.1459961, -0.8730469, 0.19625, 51.21781, 9.328438,125.6389,5,4,True,True,177
453944,7.099714,5.422249,1015.693,36.42469,-0.2143555, 0.07324219, -0.8095703, -4.71, 10.12406, 4.250313,125.6389,5,4,True,True,177
454023,6.945479,6.791245,1015.642,-1,-0.2148438, 0.1064453, -0.8085938, -2.131875, 6.749063, -9.405937,125.6389,5,4,True,True,177
454103,7.55286,8.16024,1015.592,36.37448,-0.4003906, 0.08154297, -0.6381836, 4.461875, 28.95219, -22.51531,125.6389,5,4,True,True,177
454183,8.411079,9.269299,1015.551,36.35622,-0.4150391, 0.05322266, -0.7563477, 13.02437, -5.672812, -34.89031,125.6389,5,4,True,True,177
454265,8.389633,8.368187,1015.584,-1,-0.3862305, 0.1020508, -1.074219, 25.08688, 42.48344, -45.67156,125.6389,5,4,True,True,177
454349,8.786142,9.182652,1015.554,-1,-0.4111328, -0.03466797, -0.9995117, 21.05563, 13.84281, -47.62469,125.6389,5,4,True,True,177
454433,8.152604,7.519066,1015.616,-1,-0.3964844, -0.1552734, -0.8847656, 1.336875, 5.670938, -30.87469,125.6389,5,4,True,True,177
454520,7.419938,6.687271,1015.646,36.34709,-0.2480469, -0.1674805, -0.9291992, -0.6475, -3.860312, -34.54656,125.6389,5,4,True,True,177
454764,6.810997,6.202057,1015.664,36.40187,-0.2299805, 0.1484375, -0.769043, -20.67875, -18.11031, -10.60906,125.6389,5,4,True,True,177
454825,6.801121,6.791245,1015.642,36.40187,-0.293457, 0.2246094, -0.7104492, -7.256875, -4.329062, 6.344063,125.6389,5,4,True,True,177
454890,5.097937,3.394753,1015.767,-1,-0.4423828, 0.1142578, -0.6552734, 2.8525, 30.92094, 21.54719,125.6389,5,4,True,True,177
454955,6.516448,7.934959,1015.6,-1,-0.3710938, 0.06494141, -0.9614258, 7.711875, 5.436563, 27.59406,125.6389,5,4,True,True,177
455020,6.515216,6.513985,1015.652,36.41557,-0.2290039, 0.1157227, -1.209473, 9.50875, -31.62594, 27.12531,125.6389,5,4,True,True,177
455085,7.511019,8.506821,1015.579,36.41557,-0.3833008, 0.07617188, -1.154297, 14.57125, 31.32719, 30.81281,125.6389,5,4,True,True,177
455152,6.873868,6.236717,1015.662,-1,-0.565918, 0.02539063, -1.266602, 8.32125, 7.670938, 28.98469,125.6389,5,4,True,True,177
455220,5.290274,3.70668,1015.756,36.42469,-0.5634766, 0.4160156, -1.055176, 0.57125, 51.67094, 17.43781,125.6389,5,4,True,True,177
455290,6.058089,6.825905,1015.641,-1,-0.1157227, 0.1220703, -1.17041, 2.2275, -41.00094, 0.1409376,125.6389,5,4,True,True,177
455361,5.878803,5.699516,1015.682,36.42013,-0.2768555, -0.005371094, -1.098633, 5.805625, -15.18844, -9.702812,125.6389,5,4,True,True,177
455431,8.327864,10.77692,1015.496,-1,-0.3852539, 0.08105469, -1.166016, 13.9775, 159.3428, -12.23406,125.6389,5,4,True,True,177
455502,7.152324,5.976784,1015.672,-1,0.1582031, -0.1743164, -1.127441, 25.77438, 162.9366, -4.327812,125.6389,5,4,True,True,177
455687,6.40859,5.664856,1015.684,-1,0.8071289, 0.02587891, -0.8710938, 22.08688, 201.0303, 41.54719,125.6389,5,4,True,True,177
455759,5.742129,5.075668,1015.705,-1,0.4799805, -0.001464844, -0.3364258, 9.665, 296.7334, 53.60969,125.6389,5,4,True,True,177
455830,5.270269,4.798409,1015.715,36.39274,0.8764648, -0.2553711, -0.2060547, -9.788125, 210.6866, 27.54719,125.6389,5,4,True,True,177
455903,6.871215,8.47216,1015.58,-1,0.7744141, -0.3837891, 0.006347656, -27.22562, 134.5303, -45.42156,125.6389,5,4,True,True,177
455977,7.966281,9.061348,1015.559,36.40187,1.040039, -0.215332, 0.1816406, -18.61625, 35.65531, -47.67156,125.6389,5,4,True,True,177
456051,7.1015,6.236717,1015.662,-1,1.128418, -0.0703125, 0.08789063, -16.2725, -65.75094, -35.23406,125.6389,5,4,True,True,177
456127,7.80416,8.506821,1015.579,-1,0.8515625, -0.07177734, -0.2211914, -7.585, -92.21969, -20.79656,125.6389,5,4,True,True,177
456204,6.751838,5.699516,1015.682,-1,1.035156, -0.1713867, -0.4208984, 4.211875, -50.37594, -6.952812,125.6389,5,4,True,True,177
456283,6.225677,5.699516,1015.682,-1,1.269043, -0.3046875, -0.1933594, 5.19625, 43.10844, -8.734062,125.6389,5,4,True,True,177
456362,6.681751,7.137825,1015.629,36.42469,1.053711, 0.03076172, -0.01904297, 8.63375, 169.5928, -24.98406,125.6389,5,4,True,True,177
456442,5.91337,5.144989,1015.703,36.42926,1.100586, 0.01318359, 0.06933594, 16.6025, 179.0616, -7.109062,125.6389,5,4,True,True,177
456520,5.962403,6.011436,1015.671,-1,0.7329102, -0.04589844, 0.7109375, 5.2275, 69.24906, 5.390938,125.6389,5,4,True,True,177
456718,5.709656,5.456909,1015.691,36.44296,0.9780273, -0.01904297, 0.3164063, 0.211875, 1.905313, 0.04718757,125.6389,5,4,True,True,177
456798,6.007843,6.30603,1015.66,36.45665,0.9511719, -0.01660156, 0.453125, 0.25875, -6.391562, 0.5003126,125.6389,5,4,True,True,177
456878,5.186512,4.365181,1015.732,36.45208,0.9160156, -0.002441406, 0.2949219, 0.649375, -6.157187, 0.06281257,125.6389,5,4,True,True,177
456958,4.637213,4.087914,1015.742,-1,0.9223633, 0.05566406, 0.3999023, 2.649375, 20.73344, -0.9059374,125.6389,5,4,True,True,177
457040,4.085299,3.533386,1015.762,-1,0.9526367, -0.03271484, 0.3359375, 0.118125, 24.37406, 0.4534376,125.6389,5,4,True,True,177
457122,4.944395,5.80349,1015.679,36.46578,0.9375, -0.01367188, 0.4477539, 0.4775, 22.29594, 0.3909376,125.6389,5,4,True,True,177
457208,5.937137,6.929878,1015.637,36.4886,0.8110352, 0.03027344, 0.4697266, 0.54, 23.90531, 4.219063,125.6389,5,4,True,True,177
457293,6.164907,6.392677,1015.657,36.48404,0.840332, -0.02783203, 0.4414063, -0.2725, -17.81344, -1.952812,125.6389,5,4,True,True,177
457425,6.564723,6.964539,1015.636,-1,0.9018555, -0.02392578, 0.4238281, 0.336875, -0.1571875, 0.1253126,125.6389,5,4,True,True,177
457488,5.083715,3.602707,1015.759,36.5023,0.8911133, -0.005859375, 0.434082, 0.25875, -11.84469, -0.3903124,125.6389,5,4,True,True,177
457554,5.894156,6.704597,1015.646,36.50687,0.940918, -0.02441406, 0.4648438, 0.57125, -2.782187, 0.1721876,125.6389,5,4,True,True,177
457619,6.316707,6.739258,1015.644,36.52056,0.9526367, -0.02490234, 0.3774414, -0.3975, -14.65719, -0.3434374,125.6389,5,4,True,True,177
457792,6.527983,6.739258,1015.644,-1,0.9428711, -0.01904297, 0.3837891, 0.08687496, -0.7665625, 0.1409376,125.6389,5,4,True,True,177
457860,6.63362,6.739258,1015.644,-1,0.9389648, -0.01904297, 0.390625, 0.008749962, -0.6259375, 0.07843757,125.6389,5,4,True,True,177
457929,4.139072,1.644524,1015.831,36.52512,0.9384766, -0.01953125, 0.3911133, 0.05562496, -0.3290625, 0.06281257,125.6389,5,4,True,True,177
457997,3.749586,3.3601,1015.768,-1,0.9462891, -0.01171875, 0.4272461, -0.3975, -4.438437, -0.3434374,125.6389,5,4,True,True,177
458067,4.689895,5.630203,1015.685,-1,0.9423828, -0.01953125, 0.3803711, 0.165, -0.2978125, 0.3284376,125.6389,5,4,True,True,177
458137,5.021415,5.352936,1015.695,-1,0.9345703, -0.01904297, 0.3901367, -0.006875038, -0.2978125, 0.07843757,125.6389,5,4,True,True,177
458208,4.060787,3.100159,1015.778,-1,0.9335938, -0.006347656, 0.3666992, 0.03999996, -0.1259375, 0.07843757,125.6389,5,4,True,True,177
458281,6.275139,8.489491,1015.58,-1,0.9370117, -0.02050781, 0.3920898, 0.1025, -0.4228125, 0.07843757,125.6389,5,4,True,True,177
458355,4.973579,3.67202,1015.757,36.54795,0.940918, -0.01855469, 0.3862305, -0.006875038, -0.3134375, 0.1253126,125.6389,5,4,True,True,177
458430,5.024624,5.075668,1015.705,36.54795,0.9399414, -0.01904297, 0.3852539, -0.03812504, -0.2821875, 0.1253126,125.6389,5,4,True,True,177
458505,4.642916,4.261208,1015.735,36.56621,0.9404297, -0.02001953, 0.387207, 0.02437496, -0.3446875, 0.1096876,125.6389,5,4,True,True,177
458581,5.015256,5.387596,1015.694,36.56164,0.940918, -0.01806641, 0.3881836, 0.05562496, -0.3134375, 0.1096876,125.6389,5,4,True,True,177
458762,6.63107,8.246883,1015.589,36.56621,0.9404297, -0.01953125, 0.3867188, 0.02437496, -0.2509375, 0.1409376,125.6389,5,4,True,True,177
458838,3.765223,0.8993759,1015.859,-1,0.940918, -0.02050781, 0.387207, 0.008749962, -0.3446875, 0.1096876,125.6389,5,4,True,True,177
458916,4.325139,4.885056,1015.712,-1,0.940918, -0.02050781, 0.3862305, -0.02250004, -0.2821875, 0.1096876,125.6389,5,4,True,True,177
458994,4.310503,4.295868,1015.734,-1,0.940918, -0.01953125, 0.3862305, -0.02250004, -0.2821875, 0.06281257,125.6389,5,4,True,True,177
459076,3.324094,2.337685,1015.806,36.5936,0.9399414, -0.02050781, 0.3852539, 0.02437496, -0.3134375, 0.1096876,125.6389,5,4,True,True,177
459157,4.390501,5.456909,1015.691,36.58903,0.9399414, -0.01806641, 0.3867188, 0.02437496, -0.2353125, 0.07843757,125.6389,5,4,True,True,177
459238,5.200969,6.011436,1015.671,-1,0.9414063, -0.01904297, 0.3881836, 0.02437496, -0.2978125, 0.07843757,125.6389,5,4,True,True,177
459319,5.900796,6.600624,1015.649,-1,0.940918, -0.02001953, 0.3852539, -0.02250004, -0.3446875, 0.1096876,125.6389,5,4,True,True,177
459402,5.115659,4.330521,1015.733,36.59816,0.9399414, -0.01904297, 0.3867188, -0.02250004, -0.3446875, 0.07843757,125.6389,5,4,True,True,177
459503,4.72309,4.330521,1015.733,-1,0.9414063, -0.01855469, 0.3862305, 0.05562496, -0.2665625, 0.1409376,125.6389,5,4,True,True,177
459588,5.089999,5.456909,1015.691,36.5936,0.9404297, -0.01806641, 0.3857422, -0.02250004, -0.2821875, 0.06281257,125.6389,5,4,True,True,177
459672,4.71026,4.330521,1015.733,36.60273,0.9414063, -0.01953125, 0.3842773, 0.03999996, -0.3446875, 0.07843757,125.6389,5,4,True,True,177
459875,3.679932,2.649605,1015.794,-1,0.9404297, -0.02001953, 0.3842773, 0.07124996, -0.2978125, 0.07843757,125.6389,5,4,True,True,177
459960,4.022557,4.365181,1015.731,-1,0.940918, -0.02001953, 0.3833008, 0.02437496, -0.2978125, 0.07843757,125.6389,5,4,True,True,177
460098,4.618429,5.214302,1015.7,36.62098,0.9399414, -0.01953125, 0.3862305, 0.008749962, -0.2040625, 0.07843757,125.6389,5,4,True,True,177
460164,3.512713,2.406998,1015.803,-1,0.9414063, -0.01806641, 0.3852539, 0.08687496, -0.2821875, 0.1096876,125.6389,5,4,True,True,177
460233,3.670347,3.82798,1015.751,36.61186,0.9399414, -0.01904297, 0.3837891, -0.006875038, -0.2040625, 0.1096876,125.6389,5,4,True,True,177
460299,4.312358,4.954369,1015.71,36.62098,0.940918, -0.02001953, 0.3852539, 0.02437496, -0.2196875, 0.09406257,125.6389,5,4,True,True,177
460368,4.633363,4.954369,1015.71,36.62098,0.9404297, -0.01806641, 0.3852539, 0.03999996, -0.3134375, 0.1096876,125.6389,5,4,True,True,177
460436,3.52018,2.406998,1015.803,-1,0.9418945, -0.01953125, 0.3852539, 0.07124996, -0.2821875, 0.1253126,125.6389,5,4,True,True,177
460503,3.960011,4.399841,1015.73,36.63468,0.9399414, -0.01953125, 0.3857422, 0.08687496, -0.2509375, 0.09406257,125.6389,5,4,True,True,177
460574,5.592241,7.224472,1015.626,36.62098,0.9418945, -0.01806641, 0.3847656, 0.02437496, -0.3134375, 0.1409376,125.6389,5,4,True,True,177
460644,3.86099,2.129738,1015.813,-1,0.9428711, -0.01953125, 0.3847656, -0.006875038, -0.2353125, 0.1253126,125.6389,5,4,True,True,177
460716,4.840903,5.820816,1015.678,-1,0.940918, -0.01904297, 0.3837891, 0.02437496, -0.3290625, 0.06281257,125.6389,5,4,True,True,177
460896,4.351771,3.86264,1015.75,-1,0.9418945, -0.01806641, 0.3828125, 0.008749962, -0.2040625, 0.06281257,125.6389,5,4,True,True,177
460970,3.258081,2.164391,1015.812,36.64837,0.9399414, -0.01855469, 0.3842773, 0.02437496, -0.2821875, 0.07843757,125.6389,5,4,True,True,177
461044,3.413064,3.568047,1015.76,36.6575,0.9418945, -0.02001953, 0.3857422, 0.05562496, -0.2665625, 0.1096876,125.6389,5,4,True,True,177
461116,3.221955,3.030846,1015.78,-1,0.9414063, -0.01953125, 0.3842773, -0.03812504, -0.3134375, 0.1096876,125.6389,5,4,True,True,177
461190,4.122818,5.023682,1015.707,36.6575,0.9414063, -0.01855469, 0.3862305, 0.008749962, -0.2353125, 0.1096876,125.6389,5,4,True,True,177
461266,4.140026,4.157234,1015.739,-1,0.9394531, -0.01953125, 0.3842773, -0.006875038, -0.2040625, 0.06281257,125.6389,5,4,True,True,177
461341,3.446802,2.753578,1015.79,-1,0.940918, -0.02001953, 0.3862305, 0.02437496, -0.2821875, 0.07843757,125.6389,5,4,True,True,177
461416,2.822927,2.199051,1015.81,-1,0.9423828, -0.01757813, 0.3862305, -0.05375004, -0.2353125, 0.1409376,125.6389,5,4,True,True,177
461492,3.784674,4.746422,1015.717,-1,0.9394531, -0.02148438, 0.3862305, 0.02437496, -0.2821875, 0.1096876,125.6389,5,4,True,True,177
461568,4.126914,4.469154,1015.727,-1,0.9394531, -0.02148438, 0.3862305, 0.08687496, -0.2665625, 0.1096876,125.6389,5,4,True,True,177
461645,4.869892,5.612869,1015.686,-1,0.9418945, -0.01953125, 0.3833008, 0.02437496, -0.2040625, 0.03156257,125.6389,5,4,True,True,177
461723,3.404505,1.939117,1015.82,-1,0.940918, -0.01855469, 0.3857422, 0.008749962, -0.2353125, 0.09406257,125.6389,5,4,True,True,177
461913,3.668229,3.931953,1015.747,-1,0.9399414, -0.01708984, 0.3842773, 0.02437496, -0.2509375, 0.1096876,125.6389,5,4,True,True,177
461992,2.52641,1.38459,1015.841,-1,0.9404297, -0.02001953, 0.3847656, 0.08687496, -0.1884375, 0.07843757,125.6389,5,4,True,True,177
462073,2.657324,2.788239,1015.789,-1,0.9428711, -0.01708984, 0.3842773, -0.02250004, -0.3446875, 0.1253126,125.6389,5,4,True,True,177
462154,3.294639,3.931953,1015.747,-1,0.9418945, -0.01757813, 0.3842773, 0.03999996, -0.2665625, 0.1565626,125.6389,5,4,True,True,177
462233,4.471084,5.64753,1015.684,-1,0.9428711, -0.02001953, 0.3842773, 0.05562496, -0.2353125, 0.06281257,125.6389,5,4,True,True,177
462317,3.794288,3.117493,1015.777,-1,0.940918, -0.01953125, 0.3852539, 0.07124996, -0.2665625, 0.09406257,125.6389,5,4,True,True,177
462402,3.308594,2.822899,1015.788,-1,0.9428711, -0.01855469, 0.3842773, 0.05562496, -0.2978125, 0.09406257,125.6389,5,4,True,True,177
462487,5.33585,7.363106,1015.621,-1,0.940918, -0.01953125, 0.3828125, -0.02250004, -0.2509375, 0.1096876,125.6389,5,4,True,True,177
462622,4.651232,3.966614,1015.746,-1,0.940918, -0.02001953, 0.3828125, 0.02437496, -0.2196875, 0.06281257,125.6389,5,4,True,True,177
462683,3.329831,2.00843,1015.818,-1,0.9418945, -0.01953125, 0.3842773, -0.05375004, -0.2509375, 0.1253126,125.6389,5,4,True,True,177
462747,5.077868,6.825905,1015.641,-1,0.9423828, -0.02001953, 0.3842773, 0.008749962, -0.2040625, 0.06281257,125.6389,5,4,True,True,177
462813,4.244977,3.412086,1015.766,-1,0.9418945, -0.02099609, 0.3837891, 0.07124996, -0.2353125, 0.09406257,125.6389,5,4,True,True,177
462989,3.126704,2.00843,1015.818,-1,0.9404297, -0.02050781, 0.3852539, -0.006875038, -0.2665625, 0.1253126,125.6389,5,4,True,True,177
463062,2.992128,2.857552,1015.787,36.71684,0.9394531, -0.01855469, 0.3837891, -0.006875038, -0.1884375, 0.1409376,125.6389,5,4,True,True,177
463130,4.059891,5.127655,1015.703,-1,0.9414063, -0.01904297, 0.3833008, 0.07124996, -0.2665625, 0.04718757,125.6389,5,4,True,True,177
463198,3.034161,2.00843,1015.818,-1,0.9414063, -0.02050781, 0.3823242, 0.02437496, -0.2509375, 0.1096876,125.6389,5,4,True,True,177
463269,2.945856,2.857552,1015.787,36.71228,0.9438477, -0.02001953, 0.3857422, 0.02437496, -0.3134375, 0.07843757,125.6389,5,4,True,True,177
463338,4.331349,5.716843,1015.682,-1,0.9404297, -0.02050781, 0.3823242, 0.008749962, -0.2821875, 0.07843757,125.6389,5,4,True,True,177
463410,4.746832,5.162315,1015.702,-1,0.9418945, -0.01855469, 0.3837891, -0.02250004, -0.2665625, 0.09406257,125.6389,5,4,True,True,177
463480,4.391379,4.035927,1015.743,-1,0.9423828, -0.01757813, 0.3837891, -0.006875038, -0.2821875, 0.09406257,125.6389,5,4,True,True,177
463554,4.776847,5.162315,1015.702,36.73054,0.9423828, -0.01953125, 0.3847656, 0.02437496, -0.2353125, 0.07843757,125.6389,5,4,True,True,177
463630,4.406387,4.035927,1015.743,-1,0.9399414, -0.01953125, 0.3803711, 0.07124996, -0.2509375, 0.07843757,125.6389,5,4,True,True,177
463699,4.784351,5.162315,1015.702,-1,0.9433594, -0.01953125, 0.3833008, 0.02437496, -0.2821875, 0.1096876,125.6389,5,4,True,True,177
463771,5.129293,5.474236,1015.69,-1,0.9418945, -0.01904297, 0.3867188, 0.03999996, -0.1728125, 0.09406257,125.6389,5,4,True,True,177
463959,4.036746,2.944199,1015.784,-1,0.956543, -0.01513672, 0.4160156, -0.5225, -7.563437, -0.2184374,125.6389,5,4,True,True,177
464034,5.465982,6.895218,1015.638,36.75336,0.9194336, -0.01171875, 0.4394531, 0.008749962, 1.608438, -0.5778124,125.6389,5,4,True,True,177
464110,4.768285,4.070587,1015.742,-1,0.9199219, -0.02880859, 0.4350586, 1.63375, 17.53031, 0.2659376,125.6389,5,4,True,True,177
464186,4.280802,3.79332,1015.752,-1,0.9228516, -0.02099609, 0.40625, 0.961875, 6.358438, 0.5628126,125.6389,5,4,True,True,177
464265,3.335237,2.389671,1015.804,-1,0.9316406, -0.04101563, 0.3964844, 0.19625, -2.204062, 0.2815626,125.6389,5,4,True,True,177
464341,2.58519,1.835144,1015.824,-1,0.9404297, -0.02490234, 0.394043, 0.02437496, -1.938437, -0.2653124,125.6389,5,4,True,True,177
464421,4.48027,6.375351,1015.657,-1,0.9472656, -0.005371094, 0.402832, 0.399375, -2.454062, -0.1715624,125.6389,5,4,True,True,177
464501,4.006828,3.533386,1015.762,36.75793,0.9194336, -0.008300781, 0.4223633, -0.11625, -2.172812, 0.03156257,125.6389,5,4,True,True,177
464581,4.056038,4.105247,1015.741,-1,0.9487305, -0.01025391, 0.3691406, 0.19625, -1.907187, 0.1565626,125.6389,5,4,True,True,177
464661,5.215694,6.375351,1015.657,-1,0.9311523, -0.01806641, 0.3979492, 0.180625, 2.170938, 0.2034376,125.6389,5,4,True,True,177
464741,4.660471,4.105247,1015.741,-1,0.9243164, -0.01855469, 0.3999023, -0.11625, -3.657187, 0.1096876,125.6389,5,4,True,True,177
464823,3.681031,2.701591,1015.793,-1,0.9521484, 0.001464844, 0.3754883, -0.5225, -6.329062, -0.2184374,125.6389,5,4,True,True,177
465017,5.322785,6.964539,1015.636,36.77618,0.940918, -0.01708984, 0.3789063, -0.02250004, 1.592813, 0.2503126,125.6389,5,4,True,True,177
465101,3.734925,2.147064,1015.813,-1,0.9326172, -0.015625, 0.4042969, 0.149375, 1.233438, 0.1096876,125.6389,5,4,True,True,177
465187,3.937412,4.1399,1015.739,-1,0.9550781, -0.01269531, 0.3706055, 0.08687496, 0.3115625, 0.09406257,125.6389,5,4,True,True,177
465318,3.882696,3.82798,1015.751,-1,0.9418945, -0.01660156, 0.3837891, -0.006875038, -0.9853125, 0.04718757,125.6389,5,4,True,True,177
465384,4.011298,4.1399,1015.739,-1,0.9414063, -0.01464844, 0.3828125, 0.02437496, -0.4228125, 0.1409376,125.6389,5,4,True,True,177
465452,2.940547,1.869797,1015.823,36.78988,0.9365234, -0.01464844, 0.3901367, 0.008749962, 0.6084375, 0.1878126,125.6389,5,4,True,True,177
465518,4.112085,5.283623,1015.698,-1,0.9360352, -0.02050781, 0.387207, 0.03999996, 0.5303125, 0.1253126,125.6389,5,4,True,True,177
465587,4.420587,4.729088,1015.718,36.79444,0.925293, -0.03955078, 0.4248047, 0.13375, -1.547812, 0.1096876,125.6389,5,4,True,True,177
465657,6.273083,8.12558,1015.593,36.78988,0.9394531, -0.01757813, 0.3876953, 0.08687496, -0.3915625, 0.06281257,125.6389,5,4,True,True,177
465726,4.660627,3.048172,1015.78,36.79444,0.9370117, -0.01757813, 0.3823242, 0.118125, 0.1084375, 0.09406257,125.6389,5,4,True,True,177
465794,4.833491,5.006355,1015.708,-1,0.9370117, -0.01953125, 0.3901367, -0.006875038, -1.579062, -0.06218743,125.6389,5,4,True,True,177
465863,2.944414,1.055336,1015.853,-1,0.934082, -0.01513672, 0.394043, 0.03999996, 0.1396875, 0.09406257,125.6389,5,4,True,True,177
466044,3.559487,4.174561,1015.738,-1,0.9423828, -0.01464844, 0.390625, 0.08687496, -0.4384375, 0.1409376,125.6389,5,4,True,True,177
466134,5.002076,6.444664,1015.655,-1,0.9487305, -0.009765625, 0.3876953, 0.05562496, -1.063437, -0.01531243,125.6389,5,4,True,True,177
466212,4.882912,4.763748,1015.717,-1,0.9360352, -0.01953125, 0.3964844, 0.008749962, -1.125937, 0.1721876,125.6389,5,4,True,True,177
466289,4.684696,4.486481,1015.727,36.8127,0.9389648, -0.01953125, 0.3969727, -0.08500004, -0.9228125, 0.1096876,125.6389,5,4,True,True,177
466359,4.724222,4.763748,1015.717,-1,0.9360352, -0.02197266, 0.3959961, 0.02437496, 0.1709375, 0.1878126,125.6389,5,4,True,True,177
466433,3.903527,3.082832,1015.778,36.82183,0.9487305, -0.0234375, 0.3647461, 0.25875, -0.8290625, 0.3284376,125.6389,5,4,True,True,177
466509,4.065037,4.226547,1015.737,-1,0.9404297, -0.0004882813, 0.3896484, 0.649375, 1.920938, -0.2965624,125.6389,5,4,True,True,177
466585,4.145792,4.226547,1015.737,-1,0.9462891, -0.0004882813, 0.3569336, 0.008749962, -4.735312, -0.1559374,125.6389,5,4,True,True,177
466663,3.908906,3.67202,1015.757,36.82639,0.9570313, -0.02392578, 0.3623047, 0.29, -0.4540625, 0.03156257,125.6389,5,4,True,True,177
466739,3.790463,3.67202,1015.757,-1,0.9326172, -0.01953125, 0.4047852, -0.11625, -0.07906246, 0.2503126,125.6389,5,4,True,True,177
466816,3.869875,3.949287,1015.747,-1,0.9438477, -0.01757813, 0.3881836, -0.03812504, -1.000937, 0.0003125668,125.6389,5,4,True,True,177
466894,3.909581,3.949287,1015.747,36.83096,0.9453125, -0.01171875, 0.3930664, -0.02250004, 0.06156254, 0.1096876,125.6389,5,4,True,True,177
467085,5.350413,6.791245,1015.642,-1,0.9433594, -0.01416016, 0.3774414, 0.02437496, -0.6415625, 0.04718757,125.6389,5,4,True,True,177
467164,5.646268,5.942123,1015.674,36.83552,0.9428711, -0.01611328, 0.3852539, -0.02250004, -0.4853125, 0.09406257,125.6389,5,4,True,True,177
467245,5.516932,5.387596,1015.694,-1,0.9379883, -0.01757813, 0.3803711, 0.08687496, -0.7509375, 0.1565626,125.6389,5,4,True,True,177
467325,6.154088,6.791245,1015.642,-1,0.9399414, -0.01904297, 0.3720703, -0.350625, -5.438437, 0.4065626,125.6389,5,4,True,True,177
467405,4.36719,2.580292,1015.797,-1,0.9018555, -0.03759766, 0.3300781, 0.118125, 5.795938, 1.125313,125.6389,5,4,True,True,177
467485,4.600125,4.833061,1015.714,-1,0.9414063, -0.015625, 0.3813477, -0.225625, -3.172812, 0.09406257,125.6389,5,4,True,True,177
467570,4.447997,4.295868,1015.734,-1,0.9384766, -0.01611328, 0.3833008, 0.05562496, 0.2021875, 0.1721876,125.6389,5,4,True,True,177
467653,4.796493,5.144989,1015.703,-1,0.9443359, -0.01708984, 0.378418, 0.008749962, -0.2509375, 0.09406257,125.6389,5,4,True,True,177
467738,3.003894,1.211296,1015.847,-1,0.9448242, -0.01660156, 0.3759766, -0.02250004, -0.3759375, 0.1409376,125.6389,5,4,True,True,177
467872,1.968965,0.9340363,1015.857,-1,0.9443359, -0.01660156, 0.3754883, 0.05562496, -0.4228125, 0.1409376,125.6389,5,4,True,True,177
467937,2.716519,3.464073,1015.764,-1,0.9438477, -0.01708984, 0.3759766, -0.05375004, -0.3446875, 0.1409376,125.6389,5,4,True,True,177
468003,2.96033,3.20414,1015.774,-1,0.9443359, -0.01806641, 0.375, 0.05562496, -0.3134375, 0.07843757,125.6389,5,4,True,True,177
468178,3.082235,3.20414,1015.774,-1,0.9443359, -0.01660156, 0.3764648, 0.02437496, -0.2978125, 0.1253126,125.6389,5,4,True,True,177
468244,3.862341,4.642448,1015.721,-1,0.9438477, -0.01708984, 0.375, 0.02437496, -0.3290625, 0.03156257,125.6389,5,4,True,True,177
468311,2.692779,1.523216,1015.836,36.88573,0.9418945, -0.01611328, 0.3779297, 0.05562496, -0.3134375, 0.07843757,125.6389,5,4,True,True,177
468379,2.948459,3.20414,1015.774,-1,0.9443359, -0.01708984, 0.3745117, -0.006875038, -0.3759375, 0.03156257,125.6389,5,4,True,True,177
468448,3.076299,3.20414,1015.774,-1,0.9428711, -0.01611328, 0.3754883, -0.05375004, -0.2509375, 0.07843757,125.6389,5,4,True,True,177
468517,2.862952,2.649605,1015.794,-1,0.9453125, -0.01708984, 0.3754883, 0.02437496, -0.2196875, 0.1253126,125.6389,5,4,True,True,177
468588,4.029964,5.196976,1015.701,36.88573,0.9453125, -0.01708984, 0.375, 0.02437496, -0.2978125, 0.1096876,125.6389,5,4,True,True,177
468659,4.743437,5.456909,1015.691,-1,0.9438477, -0.01660156, 0.3730469, 0.008749962, -0.2821875, 0.1096876,125.6389,5,4,True,True,177
468732,3.696521,2.649605,1015.794,-1,0.9438477, -0.015625, 0.3725586, 0.02437496, -0.2509375, 0.1409376,125.6389,5,4,True,True,177
468802,4.602708,5.508896,1015.69,-1,0.9458008, -0.01708984, 0.3735352, -0.006875038, -0.2353125, 0.1096876,125.6389,5,4,True,True,177
468877,3.487527,2.372345,1015.804,36.89486,0.9433594, -0.01855469, 0.375, -0.05375004, -0.2353125, 0.1409376,125.6389,5,4,True,True,177
468950,4.498211,5.508896,1015.69,-1,0.9448242, -0.01611328, 0.3735352, 0.02437496, -0.2821875, 0.1096876,125.6389,5,4,True,True,177
469130,4.72629,4.954369,1015.71,-1,0.9462891, -0.01806641, 0.375, 0.05562496, -0.2353125, 0.1253126,125.6389,5,4,True,True,177
469204,3.566644,2.406998,1015.803,-1,0.9458008, -0.01806641, 0.3735352, 0.02437496, -0.2353125, 0.1409376,125.6389,5,4,True,True,177
469280,4.546437,5.52623,1015.688,-1,0.9443359, -0.01660156, 0.3759766, -0.006875038, -0.2665625, 0.1565626,125.6389,5,4,True,True,177
469363,4.473139,4.399841,1015.73,-1,0.9458008, -0.01660156, 0.3735352, -0.03812504, -0.2353125, 0.1096876,125.6389,5,4,True,True,177
469439,4.869714,5.266289,1015.698,-1,0.9448242, -0.01806641, 0.375, 0.008749962, -0.2509375, 0.1409376,125.6389,5,4,True,True,177
469519,4.06292,3.256126,1015.772,36.92225,0.9453125, -0.01708984, 0.375, 0.02437496, -0.3446875, 0.1409376,125.6389,5,4,True,True,177
469598,3.390923,2.718925,1015.792,36.93138,0.9448242, -0.01660156, 0.3740234, 0.05562496, -0.2196875, 0.1409376,125.6389,5,4,True,True,177
469676,4.051342,4.711761,1015.718,-1,0.9443359, -0.01611328, 0.375, 0.05562496, -0.2665625, 0.1096876,125.6389,5,4,True,True,177
469753,3.956991,3.86264,1015.75,-1,0.9453125, -0.01660156, 0.3720703, -0.006875038, -0.2196875, 0.1409376,125.6389,5,4,True,True,177
469835,3.632552,3.308113,1015.77,-1,0.9438477, -0.015625, 0.3730469, -0.006875038, -0.2978125, 0.1096876,125.6389,5,4,True,True,177
469914,4.04219,4.451828,1015.728,-1,0.9453125, -0.01416016, 0.3745117, 0.03999996, -0.2509375, 0.09406257,125.6389,5,4,True,True,177
469996,3.831112,3.620033,1015.759,-1,0.9443359, -0.01660156, 0.375, -0.02250004, -0.2509375, 0.1096876,125.6389,5,4,True,True,177
470189,4.721991,5.612869,1015.686,36.94963,0.9443359, -0.01757813, 0.3740234, 0.02437496, -0.2353125, 0.1409376,125.6389,5,4,True,True,177
470270,2.628726,0.5354614,1015.872,-1,0.9453125, -0.01708984, 0.3740234, 0.02437496, -0.2040625, 0.1096876,125.6389,5,4,True,True,177
470355,4.683992,6.739258,1015.644,-1,0.9311523, -0.02294922, 0.3427734, 0.118125, -0.6259375, 0.1253126,125.6389,5,4,True,True,177
470436,4.87983,5.075668,1015.706,-1,0.9560547, -0.01074219, 0.387207, 0.2275, 1.358438, -0.1403124,125.6389,5,4,True,True,177
470570,3.842698,2.805565,1015.789,-1,0.9829102, -0.01025391, 0.3193359, 0.13375, -1.891562, 0.4690626,125.6389,5,4,True,True,177
470635,3.046868,2.251038,1015.809,-1,0.9169922, -0.01660156, 0.4223633, 0.336875, 3.999063, 0.1878126,125.6389,5,4,True,True,177
470701,2.648952,2.251038,1015.809,36.96789,0.9394531, -0.02148438, 0.3530273, -0.413125, -5.938437, 0.2971876,125.6389,5,4,True,True,177
470768,3.151823,3.654694,1015.758,-1,0.8833008, -0.02148438, 0.4580078, 0.415, 9.717813, 0.5159376,125.6389,5,4,True,True,177
470835,3.697852,4.243881,1015.736,-1,0.9135742, -0.02783203, 0.4296875, -0.1475, -0.1415625, 0.06281257,125.6389,5,4,True,True,177
470901,3.832233,3.966614,1015.746,-1,0.9658203, -0.01318359, 0.3461914, 0.368125, -5.125937, -0.1246874,125.6389,5,4,True,True,177
470966,3.62216,3.412086,1015.766,-1,0.9526367, -0.01464844, 0.3769531, 0.03999996, -2.719687, -0.09343743,125.6389,5,4,True,True,177
471036,3.794387,3.966614,1015.746,-1,0.9316406, -0.04980469, 0.4291992, -0.756875, -3.125937, -0.04656243,125.6389,5,4,True,True,177
471215,3.603237,3.412086,1015.766,36.98615,0.934082, -0.01464844, 0.3916016, -0.2725, -1.750937, 0.0003125668,125.6389,5,4,True,True,177
471286,3.784925,3.966614,1015.746,36.98615,0.965332, -0.01123047, 0.3686523, -0.131875, -2.563437, 0.0003125668,125.6389,5,4,True,True,177
471356,3.745803,3.70668,1015.756,-1,0.9448242, -0.01416016, 0.3706055, 0.03999996, 0.2178125, 0.04718757,125.6389,5,4,True,True,177
471426,3.01575,2.285698,1015.808,36.98615,0.9365234, -0.02636719, 0.3808594, 0.1025, 0.3428125, 0.07843757,125.6389,5,4,True,True,177
471497,2.806684,2.597618,1015.796,-1,0.9301758, -0.02636719, 0.3754883, -0.08500004, -0.4696875, 0.2190626,125.6389,5,4,True,True,177
471569,3.681243,4.555801,1015.724,-1,0.9560547, -0.009277344, 0.3691406, 0.211875, 0.2178125, 0.01593757,125.6389,5,4,True,True,177
471646,4.413116,5.144989,1015.703,36.99528,0.9677734, -0.005859375, 0.3510742, 0.1025, -1.500937, -0.07781243,125.6389,5,4,True,True,177
471721,3.072143,1.731171,1015.828,-1,0.9443359, -0.01708984, 0.3745117, -0.100625, -2.047812, -0.06218743,125.6389,5,4,True,True,177
471796,2.696251,2.320358,1015.806,37.00441,0.940918, -0.01416016, 0.3818359, 0.02437496, -1.032187, 0.1565626,125.6389,5,4,True,True,177
471871,4.639774,6.583298,1015.65,37.00441,0.9477539, -0.01367188, 0.3740234, 0.165, -1.110312, -0.1090624,125.6389,5,4,True,True,177
471967,4.337851,4.035927,1015.743,-1,0.9516602, -0.01074219, 0.3632813, -0.11625, -2.844687, 0.04718757,125.6389,5,4,True,True,177
472044,3.329104,2.320358,1015.806,-1,0.9355469, -0.03027344, 0.3613281, 0.415, 1.436563, -0.01531243,125.6389,5,4,True,True,177
472233,1.559709,-0.2096863,1015.9,37.02266,0.9448242, -0.02685547, 0.3764648, -0.006875038, 1.405313, 0.3909376,125.6389,5,4,True,True,177
472312,1.116902,0.6740952,1015.867,37.02266,0.9418945, -0.015625, 0.3862305, -0.1475, -1.797812, -0.1090624,125.6389,5,4,True,True,177
472390,2.741042,4.365181,1015.732,-1,0.96875, -0.01660156, 0.3662109, -0.569375, -3.313437, -0.3121874,125.6389,5,4,True,True,177
472469,2.84262,2.944199,1015.783,-1,0.9697266, -0.01025391, 0.3583984, 0.008749962, -1.375937, 0.1721876,125.6389,5,4,True,True,177
472558,3.6039,4.365181,1015.732,37.03635,0.9697266, -0.01171875, 0.3510742, 0.649375, 4.092813, 0.2190626,125.6389,5,4,True,True,177
472638,3.845907,4.087914,1015.742,-1,0.9316406, -0.009277344, 0.3769531, -0.49125, -4.032187, -0.04656243,125.6389,5,4,True,True,177
472718,1.991401,0.1368942,1015.887,37.03635,0.9599609, -0.01025391, 0.3544922, 0.03999996, -0.3290625, 0.03156257,125.6389,5,4,True,True,177
472802,3.334251,4.677101,1015.72,37.04092,0.9301758, -0.01367188, 0.4013672, 0.44625, -0.2665625, -0.4528124,125.6389,5,4,True,True,177
472885,4.005676,4.677101,1015.72,-1,0.9370117, -0.03076172, 0.3525391, -0.506875, -2.016562, 0.3753126,125.6389,5,4,True,True,177
472973,2.929073,1.85247,1015.824,37.04549,0.9448242, -0.002441406, 0.3774414, 1.7275, 6.327188, -0.2809374,125.6389,5,4,True,True,177
473058,2.113508,1.297943,1015.844,-1,0.9506836, -0.01464844, 0.3320313, -0.24125, -3.485312, 0.3909376,125.6389,5,4,True,True,177
473191,2.416217,2.718925,1015.792,-1,0.9599609, -0.005859375, 0.3457031, -0.225625, -4.282187, -0.06218743,125.6389,5,4,True,True,177
473364,2.420274,2.424332,1015.802,37.05462,0.9458008, -0.02001953, 0.3979492, -0.06937504, -2.657187, -0.2809374,125.6389,5,4,True,True,177
473429,2.309663,2.199051,1015.811,-1,0.9765625, -0.005859375, 0.3261719, -0.06937504, -2.219687, 0.0003125668,125.6389,5,4,True,True,177
473495,3.805306,5.300949,1015.697,-1,0.925293, -0.03271484, 0.4082031, 0.25875, 7.155313, 0.4378126,125.6389,5,4,True,True,177
473564,3.418076,3.030846,1015.78,37.07287,0.9702148, -0.01806641, 0.3564453, -0.475625, -9.782187, -0.06218743,125.6389,5,4,True,True,177
473635,3.493061,3.568047,1015.761,37.05918,0.9487305, -0.003417969, 0.359375, 0.305625, 5.592813, 0.0003125668,125.6389,5,4,True,True,177
473704,2.421495,1.34993,1015.842,-1,0.9516602, -0.01025391, 0.3266602, 0.008749962, -6.829062, -0.03093743,125.6389,5,4,True,True,177
473776,2.448907,2.476318,1015.801,-1,0.9462891, -0.008300781, 0.3666992, 0.05562496, 2.561563, 0.1409376,125.6389,5,4,True,True,177
473845,2.601243,2.753578,1015.791,-1,0.9624023, -0.0004882813, 0.3544922, -0.03812504, -1.735312, -0.1715624,125.6389,5,4,True,True,177
