time_launch_ms,filtered_altitude_ft,unfiltered_altitude_ft,pressure,temperature,acceleration_x_g,acceleration_y_g,acceleration_z_g,gyro_x_rate,gyro_y_rate,gyro_z_rate,max_altitude_ft,apogee_counter,event#,servo_x_state,servo_y_state,error_flag 
10,-3.343836,-5.559166,1015.778,-1,-1.258789, 15.99951, -4.888184, 27.08063, 307.274, 11.35406,6.594522,1,1,False,False,122
135,-1.696183,-0.04853058,1015.576,-1,1.071289, 4.341309, -1.358398, -1.419375, -477.0385, -58.02094,6.594522,2,1,False,False,122
151,3.217294,8.130772,1015.275,-1,1.418457, 2.893555, -0.9013672, -9.169374, -464.226, -60.48969,6.594522,3,1,False,False,122
231,13.49809,23.77889,1014.701,-1,0.4980469, -0.3276367, -1.308594, -23.8725, -383.0853, -44.61469,6.594522,4,1,False,False,122
299,22.11296,30.72783,1014.447,45.08969,0.1235352, -0.6625977, -1.256348, -31.27875, -288.726, -49.17719,13.49809,0,2,False,False,122
365,31.74907,41.38519,1014.055,-1,0.3227539, -0.6088867, -0.9301758, -25.63812, -201.8197, -52.19281,22.11296,0,2,False,False,122
432,41.58389,51.41869,1013.688,-1,0.3266602, -0.2412109, -0.6665039, -8.372499, -125.0072, -47.91156,31.74907,0,2,False,False,122
500,49.10931,56.63473,1013.497,44.60672,0.4155273, -0.7094727, -0.7416992, -10.9975, -81.74156, -53.11469,41.58389,0,2,False,False,122
570,55.41072,61.71214,1013.311,-1,0.6157227, -0.5620117, -0.5966797, -8.091249, -98.11656, -46.95844,49.10931,0,2,False,False,122
745,65.56669,75.72266,1012.798,44.21484,0.2939453, -0.4746094, -0.5883789, -0.2474999, -155.4447, -19.20844,55.41072,0,2,False,False,122
817,72.79347,80.02026,1012.64,-1,0.3203125, -0.3896484, -0.5107422, 0.3775001, -149.4447, -20.64594,65.56669,0,2,False,True,122
888,78.59898,84.4045,1012.48,-1,0.3007813, -0.4316406, -0.3676758, 2.924375, -133.2259, -22.45844,72.79347,0,2,False,True,122
957,80.81291,83.02685,1012.53,-1,0.2470703, -0.3706055, -0.5917969, 7.049375, -121.0697, -23.67719,78.59898,0,2,False,True,122
1026,85.53732,90.26172,1012.266,-1,-0.203125, -3.76123, -1.70752, 20.29938, -140.8509, -56.06781,80.81291,0,2,False,True,122
1097,89.24252,92.94772,1012.167,-1,0.199707, -0.5834961, -1.371094, -2.31, -117.0697, -17.86469,85.53732,0,2,False,True,122
1178,94.34431,99.44611,1011.929,-1,0.5390625, -0.515625, -0.1777344, 18.03375, -94.10094, -16.13031,89.24252,0,2,False,True,122
1256,99.87148,105.3986,1011.711,43.88216,0.3217773, -0.3808594, -0.2231445, 9.690001, -142.9134, -17.50531,94.34431,0,2,False,True,122
1335,104.238,108.6045,1011.594,43.87761,0.2333984, -0.3125, -0.1518555, 6.674375, -186.1791, -14.00531,99.87148,0,2,False,True,122
1411,110.3203,116.4026,1011.309,43.88216,0.2163086, -0.2734375, -0.2792969, 5.455625, -198.3822, -9.192812,104.238,0,2,False,True,122
1488,113.0148,115.7094,1011.334,-1,0.1337891, -0.2578125, -0.2011719, 4.90875, -187.7884, -9.458437,110.3203,0,2,False,True,122
1566,116.8098,120.6049,1011.156,-1,0.1567383, -0.2749023, -0.2290039, 5.299375, -181.3666, -10.31781,113.0148,0,2,False,True,122
1761,121.2634,125.7169,1010.969,43.90495,0.1376953, -0.1586914, -0.1533203, 12.15875, -139.8197, -14.63031,116.8098,0,2,False,True,122
1841,126.9906,132.7178,1010.713,-1,0.08837891, -0.1645508, -0.1962891, 12.51813, -124.0384, -13.72406,121.2634,0,2,False,True,122
1920,130.1662,133.3417,1010.69,43.94596,0.08056641, -0.1225586, -0.1484375, 15.26813, -118.8509, -16.44281,126.9906,0,2,False,True,122
2000,133.0753,135.9844,1010.593,43.94596,0.06542969, -0.1040039, -0.1513672, 17.33063, -106.7259, -19.55219,130.1662,0,2,False,True,122
2081,135.2836,137.492,1010.538,-1,0.06494141, -0.08496094, -0.1362305, 19.09625, -90.72594, -24.23969,133.0753,0,2,False,True,122
2162,137.4059,139.5282,1010.464,43.95508,0.05908203, -0.07568359, -0.1464844, 19.815, -70.19469, -27.03656,135.2836,0,2,False,True,122
2247,139.2208,141.0358,1010.408,-1,0.0390625, -0.06396484, -0.1210938, 21.76813, -59.61656, -29.16156,137.4059,0,2,False,True,122
2331,140.0893,140.9578,1010.411,43.96875,0.02978516, -0.04052734, -0.1171875, 23.76813, -48.56969, -32.20844,139.2208,0,2,False,True,122
2417,140.3459,140.6026,1010.424,43.95052,0.01171875, -0.02587891, -0.105957, 25.47125, -36.10094, -34.09906,140.0893,0,2,False,True,122
2552,142.3068,144.2676,1010.29,43.93229,-0.004882813, -0.01660156, -0.08837891, 27.84625, -24.77281, -35.23969,140.3459,0,2,False,True,122
2617,143.2872,144.2676,1010.29,-1,-0.02050781, -0.008789063, -0.09912109, 28.34625, -17.35094, -35.42719,142.3068,0,2,False,True,122
2681,144.8908,146.4944,1010.209,-1,-0.01464844, -0.01074219, -0.07519531, 28.8775, -12.96031, -35.61469,143.2872,0,2,False,True,122
2856,145.7316,146.5724,1010.206,-1,-0.02587891, 0.01367188, -0.1962891, 29.83063, -12.17906, -38.55219,144.8908,0,2,False,True,122
2922,147.3087,148.8858,1010.122,43.93229,-0.0625, 0.008789063, -0.1298828, 29.11188, -16.14781, -38.94281,145.7316,0,2,False,True,122
2989,146.1348,144.9608,1010.265,-1,-0.105957, 0.04736328, -0.05126953, 28.2525, -18.16344, -42.16156,147.3087,0,2,False,True,122
3056,146.0287,145.9226,1010.23,43.98243,-0.07568359, 0.0078125, -0.06933594, 26.42438, -17.24156, -46.64594,147.3087,1,2,False,True,122
3127,146.0493,146.0699,1010.224,44.01888,-0.1220703, 0.006835938, -0.1308594, 26.72125, -10.53844, -46.67719,147.3087,2,2,False,True,122
3198,146.5448,147.0403,1010.189,-1,-0.144043, 0.01025391, -0.1523438, 29.89313, -0.8353124, -42.11469,147.3087,3,2,False,True,122
3267,146.2553,145.9659,1010.228,-1,-0.105957, -0.01171875, -0.1816406, 37.51812, 18.47719, -32.34906,147.3087,4,2,False,True,122
3338,146.3792,146.5031,1010.209,-1,0.00390625, 0.002929688, -0.1103516, 46.67437, 40.08656, -23.16156,147.3087,5,3,True,True,122
3412,145.7653,145.1514,1010.258,44.0599,-0.1303711, 0.001464844, -0.2558594, 50.76812, 63.47719, -18.11469,147.3087,5,3,True,True,122
3483,144.1717,142.5781,1010.352,44.07357,-0.140625, 0.01757813, -0.2900391, 58.14312, 87.32094, -6.895937,147.3087,5,3,True,True,122
3557,141.9886,139.8054,1010.453,44.10091,-0.1459961, -0.009765625, -0.3774414, 64.08063, 105.7272, 5.760313,147.3087,5,3,True,True,122
3633,139.645,137.3014,1010.545,44.11002,0.04882813, -0.1030273, -0.06738281, 69.90875, 40.94594, 23.68219,147.3087,5,3,True,True,122
3823,139.1447,138.6444,1010.496,44.10091,-0.08398438, 0.006347656, -0.4951172, 54.70562, 155.5866, 62.77594,147.3087,5,3,True,True,122
3897,137.3956,135.6465,1010.605,44.07357,0.01513672, -0.007324219, -0.6132813, 40.815, 145.7584, 75.51031,147.3087,5,3,True,True,122
3973,137.1968,136.9981,1010.556,44.04623,-0.04150391, -0.009277344, -0.574707, 22.78375, 135.0553, 80.88531,147.3087,5,3,True,True,122
4047,135.6288,134.0609,1010.663,-1,0.07470703, -0.01855469, -0.5517578, 9.705626, 106.0866, 72.57281,147.3087,5,3,True,True,122
4122,132.943,130.2571,1010.802,44.028,0.1918945, -0.07177734, -0.4833984, 2.28375, 47.14906, 60.18219,147.3087,5,3,True,True,122
4199,131.2535,129.564,1010.828,-1,0.1323242, -0.07373047, -0.496582, 3.59625, -35.91344, 40.82281,147.3087,5,3,True,True,122
4287,129.0397,126.826,1010.928,43.97331,0.02636719, -0.1030273, -0.625, 13.86188, -147.5072, 20.88531,147.3087,5,3,True,True,122
4364,126.6072,124.1746,1011.025,-1,-0.1484375, -0.1142578, -0.668457, 22.78375, -240.9916, -3.583437,147.3087,5,3,True,True,122
4447,123.0082,119.4091,1011.199,43.93229,-0.3554688, -0.06347656, -0.7832031, 23.2525, -300.6166, -46.25531,147.3087,5,3,True,True,122
4527,122.0145,121.0208,1011.14,43.89128,-0.5078125, -0.09667969, -0.5712891, 3.97125, -304.6791, -79.63031,147.3087,5,3,True,True,122
4609,119.3298,116.6452,1011.3,-1,-0.5834961, -0.1196289, -0.05322266, -22.45062, -272.6947, -81.69281,147.3087,5,3,True,True,122
4692,114.8163,110.3027,1011.532,43.73632,-0.6191406, -0.07617188, -0.05419922, -36.06, -252.0853, -68.81781,147.3087,5,3,True,True,122
4892,111.4764,108.1366,1011.612,43.55402,-0.3291016, -0.1577148, -0.1113281, -85.9975, -186.4447, -44.89594,147.3087,5,3,True,True,122
4974,107.3155,103.1545,1011.794,-1,-0.05322266, -0.5126953, 0.005859375, -102.0287, -156.3822, -19.03656,147.3087,5,3,True,True,122
5062,103.0905,98.86559,1011.951,43.40818,-0.6704102, -0.5620117, -0.6293945, -101.3256, -133.4447, 4.416563,147.3087,5,3,True,True,122
5145,98.2574,93.42426,1012.15,-1,-1.405762, -0.5361328, -0.1469727, -91.685, -179.8509, 36.61969,147.3087,5,3,True,True,122
5278,98.19759,98.13776,1011.977,43.23497,-1.187012, -1.746094, -0.7319336, -303.3881, 315.8365, 336.6666,147.3087,5,3,True,True,122
5344,98.36263,98.52766,1011.963,43.17117,-2.236328, -0.01171875, -2.861816, -409.1225, 469.6803, 236.9322,147.3087,5,3,True,True,122
5410,96.78156,95.20049,1012.085,-1,0.01220703, 1.223145, -3.933105, -327.6694, 307.9928, 110.1041,147.3087,5,3,True,True,122
5475,94.05884,91.33612,1012.226,-1,0.3320313, 0.8178711, -2.000977, -159.4975, 58.16469, 12.36969,147.3087,5,3,True,True,122
5540,88.94141,83.82398,1012.501,-1,0.01708984, 0.5004883, -1.285156, -43.95063, -10.38219, -57.92719,147.3087,5,3,True,True,122
5609,87.49609,86.05077,1012.42,43.08456,0.02636719, -0.1137695, -1.497559, 80.86188, 259.1959, -24.89594,147.3087,5,3,True,True,122
5675,83.8968,80.29752,1012.63,-1,0.5844727, 0.3925781, -1.614258, 184.4869, 196.6803, 68.43219,147.3087,5,3,True,True,122
5744,81.25237,78.60794,1012.692,43.09367,0.2680664, -0.1987305, -2.428711, 188.0806, -275.6166, 57.36969,147.3087,5,3,True,True,122
5924,78.43987,75.62735,1012.801,-1,-1.132324, -0.2070313, -0.6728516, -83.70062, -84.88219, -62.59906,147.3087,5,3,True,True,122
5991,76.63071,74.82155,1012.831,-1,-0.9257813, -0.1264648, -0.9975586, -29.04437, 116.1647, 16.10406,147.3087,5,3,True,True,122
6061,75.1846,73.73849,1012.87,-1,-0.6206055, 0.02050781, -1.237793, -79.27875, 322.6959, 70.58844,147.3087,5,3,True,True,122
6131,74.46155,73.73849,1012.87,-1,-0.2285156, 0.1494141, -1.257813, -71.1225, 346.5553, 47.86969,147.3087,5,3,True,True,122
6200,72.51441,70.56728,1012.987,-1,0.05175781, 0.03808594, -0.8999023, -22.63812, 221.4928, 39.61969,147.3087,5,3,True,True,122
6271,68.96315,65.41189,1013.175,-1,0.2446289, 0.02832031, -0.8183594, 29.6275, 26.57094, 44.93219,147.3087,5,3,True,True,122
6364,67.62941,66.29567,1013.143,43.1894,0.1367188, 0.03222656, -1.01416, 86.14313, -195.3197, -7.145937,147.3087,5,3,True,True,122
6439,69.60522,71.58102,1012.95,43.20307,-0.2207031, -0.02441406, -1.040527, 55.34625, -245.7884, -50.02094,147.3087,5,3,True,True,122
6516,68.9382,68.27118,1013.071,-1,-0.3647461, 0.03125, -0.8388672, -22.77875, -141.4603, -42.16156,147.3087,5,3,True,True,122
6589,67.66026,66.38231,1013.14,43.276,-0.5253906, -0.0859375, -0.7177734, -44.96625, -16.14781, -12.09906,147.3087,5,3,True,True,122
6666,69.19174,70.72324,1012.981,-1,-0.5307617, -0.1547852, -0.9501953, -46.10688, 85.44594, 18.55719,147.3087,5,3,True,True,122
6742,67.04188,64.89201,1013.194,-1,-0.3413086, 0.004882813, -0.9296875, -58.70063, 111.5397, 27.65094,147.3087,5,3,True,True,122
6935,66.74242,66.44296,1013.138,-1,-0.01318359, 0.04980469, -0.9716797, 16.23688, -35.24156, -23.19281,147.3087,5,3,True,True,122
7011,65.70891,64.6754,1013.202,-1,-0.08496094, 0.04492188, -0.9492188, 20.11188, -100.1791, -50.48969,147.3087,5,3,True,True,122
7088,62.62746,59.54601,1013.391,-1,-0.2275391, 0.01904297, -0.8720703, 14.89313, -134.6166, -74.42719,147.3087,5,3,True,True,122
7165,61.08673,59.54601,1013.391,-1,-0.4160156, -0.004882813, -0.8442383, -0.1693749, -132.9916, -82.45844,147.3087,5,3,True,True,122
7242,58.31487,55.543,1013.537,-1,-0.5136719, -0.01025391, -0.7563477, -15.01312, -89.91344, -62.38031,147.3087,5,3,True,True,122
7321,55.64658,52.97831,1013.631,-1,-0.5063477, -0.02880859, -0.8242188, -15.82562, 6.117813, -28.84906,147.3087,5,3,True,True,122
7402,54.47707,53.30756,1013.619,-1,-0.3803711, -0.03662109, -1.00293, -9.809999, 116.7116, -9.474062,147.3087,5,3,True,True,122
7482,54.91473,55.35238,1013.544,-1,-0.1928711, 0.0, -1.083008, -14.15375, 175.0553, -21.34906,147.3087,5,3,True,True,122
7572,54.8303,54.74586,1013.566,-1,-0.01708984, 0.01855469, -1.008301, -9.341249, 57.85219, -38.75531,147.3087,5,3,True,True,122
7655,53.6357,52.4411,1013.651,-1,-0.04980469, 0.01074219, -0.9228516, -5.481875, -81.89781, -60.97406,147.3087,5,3,True,True,122
7738,53.47163,53.30756,1013.619,-1,-0.2524414, 0.01611328, -0.8530273, -11.66937, -172.5697, -74.64594,147.3087,5,3,True,True,122
7820,51.05884,48.64605,1013.79,-1,-0.4677734, 0.005371094, -0.8378906, -22.73187, -170.7572, -62.33344,147.3087,5,3,True,True,122
8062,48.73472,46.4106,1013.871,-1,-0.3813477, 0.02783203, -1.052734, -3.575625, 198.4928, -6.833437,147.3087,5,3,True,True,122
8126,47.57266,46.4106,1013.871,-1,-0.2050781, 0.02490234, -1.148926, 11.2525, 200.7897, -7.458437,147.3087,5,3,True,True,122
8193,47.83209,48.09152,1013.81,-1,-0.01220703, 0.01513672, -1.200195, 17.47125, 103.9303, -18.95844,147.3087,5,3,True,True,122
8258,46.34154,44.85099,1013.929,-1,-0.02197266, -0.006835938, -1.104004, 13.61188, -15.03844, -38.27094,147.3087,5,3,True,True,122
8322,44.27926,42.21698,1014.025,-1,-0.1782227, -0.02246094, -1.099609, 2.78375, -117.4134, -62.45844,147.3087,5,3,True,True,122
8391,43.48206,42.68486,1014.008,43.17572,-0.4169922, -0.04150391, -1.063477, -9.559999, -139.0384, -63.41156,147.3087,5,3,True,True,122
8457,41.86176,40.24147,1014.097,-1,-0.503418, -0.05761719, -0.9316406, -24.91937, -76.31969, -43.11469,147.3087,5,3,True,True,122
8525,39.52666,37.19156,1014.209,43.08912,-0.5009766, -0.06591797, -0.840332, -30.66937, 28.57094, -21.95844,147.3087,5,3,True,True,122
8592,39.88406,40.24147,1014.098,-1,-0.3818359, -0.06640625, -0.8608398, -28.185, 106.5709, -10.86469,147.3087,5,3,True,True,122
8661,37.59338,35.3027,1014.279,-1,-0.2260742, -0.04052734, -0.9682617, -22.71625, 143.8678, -11.95844,147.3087,5,3,True,True,122
8731,37.2625,36.93163,1014.219,-1,0.006835938, -0.01513672, -1.01123, -27.13812, 108.1803, -33.47406,147.3087,5,3,True,True,122
8803,37.19238,37.12224,1014.212,-1,0.04101563, -0.004394531, -0.9799805, -38.20063, 9.742813, -61.89594,147.3087,5,3,True,True,122
8988,35.70167,34.21096,1014.319,-1,-0.347168, 0.03076172, -0.8930664, -35.09125, -184.6009, -93.31781,147.3087,5,3,True,True,122
9059,35.19892,34.69618,1014.301,-1,-0.6020508, 0.01416016, -0.9375, -35.63813, -125.5228, -91.81781,147.3087,5,3,True,True,122
9128,34.02911,32.8593,1014.368,-1,-0.6171875, -0.02587891, -0.9077148, -28.96625, 14.86781, -78.08344,147.3087,5,3,True,True,122
9199,31.68531,29.34151,1014.497,-1,-0.4130859, -0.04345703, -0.8818359, -12.38812, 128.1647, -69.83344,147.3087,5,3,True,True,122
9273,31.18924,30.69317,1014.448,-1,-0.2260742, -0.04199219, -0.972168, 0.6431251, 171.2897, -62.36469,147.3087,5,3,True,True,122
9348,30.33469,29.48014,1014.492,-1,0.046875, -0.006347656, -1.023926, -8.138124, 107.7272, -69.30219,147.3087,5,3,True,True,122
9428,28.89367,27.45264,1014.567,42.77915,0.07958984, 0.02392578, -0.9355469, -31.91937, -20.42906, -87.83344,147.3087,5,3,True,True,122
9501,28.74501,28.59636,1014.525,-1,-0.07470703, 0.04882813, -1.026367, -48.7475, -127.3509, -94.72406,147.3087,5,3,True,True,122
9582,28.36743,27.98984,1014.547,42.77003,-0.3144531, 0.03710938, -0.9848633, -54.85688, -182.5853, -90.88031,147.3087,5,3,True,True,122
9658,27.00026,25.63309,1014.633,-1,-0.5004883, 0.02832031, -0.8632813, -50.16938, -130.6166, -84.58344,147.3087,5,3,True,True,122
9737,26.51596,26.03166,1014.619,-1,-0.5361328, -0.01708984, -0.8061523, -40.21625, -24.66344, -80.78656,147.3087,5,3,True,True,122
9814,26.4471,26.37824,1014.606,-1,-0.4453125, -0.03710938, -0.8007813, -24.29437, 100.4616, -77.84906,147.3087,5,3,True,True,122
10007,24.99169,23.53628,1014.71,42.81562,-0.09375, 0.04394531, -0.9545898, 14.04938, 98.93031, -73.23969,147.3087,5,3,True,True,122
10087,23.11161,21.23152,1014.795,-1,-0.08251953, 0.05078125, -0.9487305, 10.1275, -20.08531, -79.23969,147.3087,5,3,True,True,122
10164,21.29645,19.48129,1014.859,-1,-0.2133789, 0.008300781, -1.043457, -1.356875, -124.9759, -87.89594,147.3087,5,3,True,True,122
10245,20.25023,19.20402,1014.869,-1,-0.3701172, -0.04150391, -0.9277344, -20.04437, -136.0072, -89.86469,147.3087,5,3,True,True,122
10332,18.99065,17.73106,1014.923,42.79739,-0.4707031, -0.08349609, -0.8896484, -37.76313, -29.24156, -82.50531,147.3087,5,3,True,True,122
10415,17.8843,16.77796,1014.958,-1,-0.4140625, -0.1181641, -0.8691406, -47.60688, 92.77406, -69.36469,147.3087,5,3,True,True,122
10499,17.877,17.86969,1014.918,-1,-0.2612305, -0.07666016, -0.9033203, -53.66938, 136.2584, -67.19281,147.3087,5,3,True,True,122
10634,17.23217,16.58734,1014.965,-1,-0.1293945, 0.06494141, -0.921875, -51.52875, -28.38219, -73.23969,147.3087,5,3,True,True,122
10699,17.1437,17.05522,1014.948,42.68343,-0.1855469, 0.1083984, -0.9604492, -47.65375, -119.4759, -75.08344,147.3087,5,3,True,True,122
10773,16.76154,16.37939,1014.973,42.66975,-0.3613281, 0.1293945, -0.9511719, -31.77875, -169.8978, -78.09906,147.3087,5,3,True,True,122
10838,14.98486,13.20818,1015.089,42.66063,-0.4555664, 0.09765625, -0.8457031, -16.51312, -126.4759, -81.69281,147.3087,5,3,True,True,122
10904,15.64747,16.31007,1014.975,-1,-0.4716797, 0.02587891, -0.7978516, -1.06, -17.52281, -86.02094,147.3087,5,3,True,True,122
11089,14.60111,13.55476,1015.076,42.58313,-0.1850586, -0.1245117, -0.8925781, 7.580625, 156.1178, -72.13031,147.3087,5,3,True,True,122
11156,11.71252,8.823933,1015.25,-1,-0.1000977, -0.1152344, -0.9125977, -9.075624, 70.86781, -74.33344,147.3087,5,3,True,True,122
11223,10.54549,9.378464,1015.23,-1,-0.121582, -0.06689453, -0.9995117, -28.52875, -46.22594, -79.47406,147.3087,5,3,True,True,122
11290,9.078197,7.610901,1015.294,-1,-0.2978516, -0.0004882813, -1.019531, -47.45063, -163.3978, -80.27094,147.3087,5,3,True,True,122
11358,7.738033,6.397869,1015.339,-1,-0.4736328, 0.03271484, -0.9746094, -56.435, -172.6478, -70.05219,147.3087,5,4,True,True,122
11429,7.206583,6.675133,1015.329,42.52387,-0.5405273, 0.03515625, -0.8745117, -49.7475, -70.58531, -60.19281,147.3087,5,4,True,True,122
11500,7.781316,8.356049,1015.267,42.50564,-0.5102539, 0.03271484, -0.8129883, -29.185, 72.16469, -53.98969,147.3087,5,4,True,True,122
11574,7.167572,6.553829,1015.333,42.4874,-0.4121094, 0.004882813, -0.8588867, -3.513125, 172.7741, -53.41156,147.3087,5,4,True,True,122
11645,7.25927,7.350967,1015.304,-1,-0.2182617, -0.01171875, -0.9003906, 17.565, 192.8053, -49.53656,147.3087,5,4,True,True,122
11719,5.416254,3.573238,1015.442,-1,-0.04345703, -0.02001953, -0.8647461, 28.70563, 117.0241, -45.28656,147.3087,5,4,True,True,122
11794,4.330119,3.243984,1015.455,-1,0.004882813, -0.02978516, -0.8588867, 28.1275, -6.054062, -49.83344,147.3087,5,4,True,True,122
11869,2.608678,0.8872375,1015.541,-1,-0.1484375, -0.02832031, -0.8896484, 7.22125, -146.0228, -64.38031,147.3087,5,4,True,True,122
12076,1.747958,0.8872375,1015.541,-1,-0.2124023, 0.1411133, -0.2524414, -2.013125, -504.0072, -102.5209,147.3087,5,4,True,True,122
12151,2.210042,2.672127,1015.476,-1,-1.344238, -0.5786133, 1.449219, -25.56, -504.0072, -89.23969,147.3087,5,4,True,True,122
12226,2.103169,1.996296,1015.501,-1,0.09619141, -0.04638672, 0.2973633, 71.39313, -452.7572, -61.14594,147.3087,5,4,True,True,122
12305,3.193448,4.283726,1015.416,42.25946,0.7451172, -0.01660156, 1.625977, 76.15875, -323.1166, -134.9741,147.3087,5,4,True,True,122
12380,1.754414,0.3153801,1015.562,-1,1.849121, 0.1953125, -0.9355469, -81.10687, -504.0072, -37.34906,147.3087,5,4,True,True,122
12459,1.910013,2.065613,1015.498,-1,0.300293, 0.1206055, -1.100586, -4.3725, -364.1166, 47.43219,147.3087,5,4,True,True,122
12539,1.277322,0.6446304,1015.55,42.28225,0.5356445, -0.1420898, -0.9370117, -24.4975, -308.9291, 16.27594,147.3087,5,4,True,True,122
12619,0.2504849,-0.7763519,1015.602,42.27769,-0.01025391, -0.07763672, -0.878418, -33.77875, -359.5228, 17.94781,147.3087,5,4,True,True,122
12701,-1.138048,-2.526581,1015.666,-1,-0.3041992, -0.1196289, -1.700684, -6.9975, -277.4291, 27.38531,147.3087,5,4,True,True,122
12781,-0.7232579,-0.3084679,1015.585,-1,-0.8134766, 0.03222656, -0.6899414, 16.39313, -89.69469, 5.807188,147.3087,5,4,True,True,122
12862,0.6018606,1.926979,1015.503,-1,-0.5820313, -0.01220703, -0.7543945, -4.356875, 39.89906, 0.7759376,147.3087,5,4,True,True,122
12945,1.099795,1.597729,1015.515,-1,-0.4414063, 0.03076172, -0.9047852, -4.09125, 92.60219, 3.963438,147.3087,5,4,True,True,122
13140,1.418077,1.736359,1015.51,-1,-0.3867188, -0.01220703, -0.8857422, -0.2787499, 2.836563, -0.1928124,147.3087,5,4,True,True,122
13225,0.7021013,-0.01387405,1015.574,42.18651,-0.3969727, -0.02001953, -0.8891602, 0.002500057, 0.07093763, 0.1509376,147.3087,5,4,True,True,122
13361,-0.6609695,-2.02404,1015.648,42.16372,-0.4003906, -0.01025391, -0.8813477, -0.01312494, -0.3978124, 0.02593756,147.3087,5,4,True,True,122
13426,-1.481139,-2.301308,1015.658,-1,-0.3920898, -0.01318359, -0.8823242, -0.05999994, 0.1021876, 0.07281256,147.3087,5,4,True,True,122
13491,-0.7475063,-0.01387405,1015.574,-1,-0.4008789, -0.01806641, -0.8793945, -0.1849999, 2.258438, 0.01031256,147.3087,5,4,True,True,122
13555,-0.07743129,0.5926437,1015.552,-1,-0.3886719, -0.01513672, -0.8857422, -0.04437494, 0.1959376, -0.005312443,147.3087,5,4,True,True,122
13622,0.2576062,0.5926437,1015.552,-1,-0.3964844, -0.01123047, -0.8867188, -0.2006249, 1.742813, 0.1353126,147.3087,5,4,True,True,122
13688,0.9969825,1.736359,1015.51,-1,-0.3930664, -0.01904297, -0.878418, -0.02874994, -0.1165624, -0.06781244,147.3087,5,4,True,True,122
13756,0.2229557,-0.5510712,1015.594,42.17284,-0.4448242, 0.005859375, -0.8793945, -0.1224999, 0.4771876, -1.255312,147.3087,5,4,True,True,122
13826,-0.9005423,-2.02404,1015.648,42.16827,-0.4321289, -0.02783203, -0.8818359, -0.4974999, -1.585312, -5.364687,147.3087,5,4,True,True,122
13902,-0.3185744,0.2633934,1015.564,-1,-0.4086914, -0.03369141, -0.8818359, 0.4243751, 6.539688, 3.057188,147.3087,5,4,True,True,122
13968,-0.4608181,-0.6030617,1015.596,-1,-0.3710938, -0.02490234, -0.8881836, 0.03375006, 0.2740626, -0.2240624,147.3087,5,4,True,True,122
14151,-0.843862,-1.226906,1015.619,42.15004,-0.3745117, -0.02050781, -0.8886719, 0.01812506, -0.1946874, 0.07281256,147.3087,5,4,True,True,122
14222,-0.4895198,-0.1351776,1015.579,-1,-0.3774414, -0.01513672, -0.8896484, -0.02874994, 0.1803126, 0.1040626,147.3087,5,4,True,True,122
14293,-0.9188627,-1.348206,1015.623,-1,-0.3828125, -0.01757813, -0.8867188, 0.002500057, -0.1634374, 0.05718756,147.3087,5,4,True,True,122
14367,-2.615166,-4.31147,1015.732,42.08622,-0.3823242, -0.01513672, -0.8886719, 0.01812506, -0.1165624, 0.1196876,147.3087,5,4,True,True,122
14442,-1.903706,-1.192245,1015.618,-1,-0.3852539, -0.01708984, -0.887207, -0.02874994, -0.08531237, 0.08843756,147.3087,5,4,True,True,122
14518,-0.4389193,1.025867,1015.536,42.04974,-0.3842773, -0.015625, -0.8862305, -0.02874994, -0.1321874, 0.1353126,147.3087,5,4,True,True,122
14593,-1.456757,-2.474594,1015.664,-1,-0.3842773, -0.01660156, -0.8862305, 0.002500057, -0.02281237, 0.05718756,147.3087,5,4,True,True,122
14671,-0.4147282,0.6273003,1015.551,42.0315,-0.3842773, -0.01660156, -0.8837891, -0.04437494, -0.1478124, 0.07281256,147.3087,5,4,True,True,122
14752,0.8167772,2.048283,1015.498,42.02238,-0.3833008, -0.01513672, -0.8833008, 0.01812506, -0.05406237, 0.07281256,147.3087,5,4,True,True,122
14828,-0.1530776,-1.122932,1015.615,-1,-0.3837891, -0.01318359, -0.8828125, -0.02874994, -0.05406237, 0.08843756,147.3087,5,4,True,True,122
14907,-2.353577,-4.554077,1015.741,42.01327,-0.3818359, -0.01757813, -0.8857422, -0.04437494, -0.06968737, 0.07281256,147.3087,5,4,True,True,122
14983,-1.902878,-1.452179,1015.627,-1,-0.3842773, -0.01464844, -0.8857422, -0.07562494, -0.08531237, 0.1040626,147.3087,5,4,True,True,122
15172,-1.842156,-1.781433,1015.639,-1,-0.3837891, -0.01611328, -0.8852539, -0.05999994, -0.1946874, 0.07281256,147.3087,5,4,True,True,122
15253,-1.681828,-1.5215,1015.629,-1,-0.3833008, -0.01660156, -0.8847656, 0.03375006, -0.08531237, 0.05718756,147.3087,5,4,True,True,122
15333,-1.029804,-0.3777809,1015.587,41.98135,-0.3818359, -0.01708984, -0.8862305, -0.01312494, -0.1634374, 0.1196876,147.3087,5,4,True,True,122
15414,-1.570246,-2.110687,1015.651,41.97223,-0.3828125, -0.01611328, -0.8862305, 0.01812506, -0.05406237, 0.1040626,147.3087,5,4,True,True,122
15498,-1.138638,-0.7070313,1015.6,41.96767,-0.3828125, -0.01416016, -0.8837891, -0.01312494, -0.1009374, 0.1040626,147.3087,5,4,True,True,122
15579,-0.3509774,0.4366837,1015.557,-1,-0.3823242, -0.01708984, -0.8828125, -0.02874994, -0.1946874, 0.1353126,147.3087,5,4,True,True,122
15664,-1.672723,-2.994469,1015.684,-1,-0.3818359, -0.015625, -0.8837891, 0.06500006, -0.1478124, 0.1040626,147.3087,5,4,True,True,122
15796,-1.21587,-0.7590179,1015.602,-1,-0.3828125, -0.01660156, -0.8847656, 0.01812506, -0.2103124, 0.1196876,147.3087,5,4,True,True,122
15859,-1.862562,-2.509254,1015.666,41.93576,-0.3808594, -0.01708984, -0.8833008, -0.02874994, -0.2571874, 0.1040626,147.3087,5,4,True,True,122
15924,-2.359199,-2.855835,1015.678,-1,-0.3833008, -0.01611328, -0.8837891, 0.03375006, -0.1321874, 0.1353126,147.3087,5,4,True,True,122
15988,-2.468883,-2.578568,1015.668,-1,-0.3828125, -0.01708984, -0.8852539, 0.002500057, -0.2103124, 0.08843756,147.3087,5,4,True,True,122
16054,-2.662359,-2.855835,1015.678,41.92208,-0.3808594, -0.015625, -0.8833008, 0.002500057, -0.2571874, 0.1040626,147.3087,5,4,True,True,122
16241,-2.51649,-2.370621,1015.661,-1,-0.3828125, -0.01611328, -0.8818359, 0.04937506, -0.2571874, 0.08843756,147.3087,5,4,True,True,122
16309,-3.725904,-4.935318,1015.755,-1,-0.3823242, -0.01660156, -0.8818359, -0.02874994, -0.1790624, 0.1196876,147.3087,5,4,True,True,122
16376,-4.191978,-4.658051,1015.745,-1,-0.3813477, -0.01611328, -0.8833008, -0.02874994, -0.1634374, 0.05718756,147.3087,5,4,True,True,122
16446,-4.017784,-3.84359,1015.715,-1,-0.3823242, -0.015625, -0.8823242, 0.002500057, -0.1946874, 0.1353126,147.3087,5,4,True,True,122
16515,-2.215112,-0.4124413,1015.589,-1,-0.3813477, -0.01757813, -0.8842773, 0.002500057, -0.2103124, 0.1040626,147.3087,5,4,True,True,122
16586,-2.188893,-2.162674,1015.653,-1,-0.3808594, -0.01708984, -0.8842773, -0.01312494, -0.2415624, 0.07281256,147.3087,5,4,True,True,122
16657,-2.609007,-3.029121,1015.685,-1,-0.3818359, -0.015625, -0.8852539, 0.002500057, -0.2415624, 0.1040626,147.3087,5,4,True,True,122
16726,-2.143234,-1.67746,1015.635,-1,-0.3823242, -0.01806641, -0.8833008, 0.002500057, -0.1634374, 0.1509376,147.3087,5,4,True,True,122
16799,-1.477119,-0.8110046,1015.603,41.84913,-0.3818359, -0.01660156, -0.8833008, 0.03375006, -0.1634374, 0.07281256,147.3087,5,4,True,True,122
16870,-2.010517,-2.543915,1015.667,-1,-0.3813477, -0.01513672, -0.8818359, 0.01812506, -0.1634374, 0.1040626,147.3087,5,4,True,True,122
16951,-2.719103,-3.427689,1015.7,41.84001,-0.3803711, -0.01611328, -0.8833008, -0.04437494, -0.1946874, 0.1040626,147.3087,5,4,True,True,122
17026,-1.929681,-1.140259,1015.615,-1,-0.3803711, -0.01611328, -0.8837891, 0.03375006, -0.1165624, 0.1353126,147.3087,5,4,True,True,122
17217,-1.72559,-1.5215,1015.63,-1,-0.3813477, -0.01611328, -0.8842773, 0.01812506, -0.1634374, 0.08843756,147.3087,5,4,True,True,122
17295,-1.493578,-1.261566,1015.62,41.79898,-0.3803711, -0.01513672, -0.8813477, 0.04937506, -0.2571874, 0.08843756,147.3087,5,4,True,True,122
17372,-2.252687,-3.011795,1015.684,-1,-0.3803711, -0.015625, -0.8837891, -0.04437494, -0.2103124, 0.04156256,147.3087,5,4,True,True,122
17450,-2.086377,-1.920067,1015.644,-1,-0.3798828, -0.01660156, -0.8833008, -0.02874994, -0.2415624, 0.1353126,147.3087,5,4,True,True,122
17547,-2.037878,-1.98938,1015.647,-1,-0.3808594, -0.01660156, -0.8852539, -0.02874994, -0.1946874, 0.05718756,147.3087,5,4,True,True,122
17626,-2.481513,-2.925148,1015.681,-1,-0.3808594, -0.01660156, -0.8837891, 0.01812506, -0.1946874, 0.08843756,147.3087,5,4,True,True,122
17707,-3.162551,-3.84359,1015.715,-1,-0.3808594, -0.015625, -0.8847656, 0.002500057, -0.2259374, 0.08843756,147.3087,5,4,True,True,122
17787,-1.388929,0.3846931,1015.559,-1,-0.3808594, -0.01708984, -0.8828125, 0.01812506, -0.1790624, 0.1040626,147.3087,5,4,True,True,122
17868,-1.784465,-2.18,1015.653,-1,-0.3818359, -0.015625, -0.8857422, 0.002500057, -0.1321874, 0.05718756,147.3087,5,4,True,True,122
17952,-2.450117,-3.115768,1015.688,-1,-0.3803711, -0.01757813, -0.8842773, 0.002500057, -0.2728124, 0.08843756,147.3087,5,4,True,True,122
18037,-2.375712,-2.301308,1015.658,41.67587,-0.3803711, -0.01513672, -0.887207, -0.01312494, -0.2259374, 0.08843756,147.3087,5,4,True,True,122
18118,-1.489387,-0.6030617,1015.596,-1,-0.3793945, -0.01611328, -0.8847656, 0.01812506, -0.1946874, 0.08843756,147.3087,5,4,True,True,122
18312,-1.349483,-1.209579,1015.618,41.63939,-0.3798828, -0.01513672, -0.8852539, 0.06500006, -0.1634374, 0.1040626,147.3087,5,4,True,True,122
18447,-0.6036967,0.1420898,1015.568,-1,-0.3798828, -0.01660156, -0.8828125, 0.01812506, -0.1946874, 0.08843756,147.3087,5,4,True,True,122
18513,-0.8286542,-1.053612,1015.612,41.62571,-0.3798828, -0.01464844, -0.8828125, -0.04437494, -0.2415624, 0.07281256,147.3087,5,4,True,True,122
18579,-0.8111663,-0.7936783,1015.603,-1,-0.3803711, -0.01611328, -0.8828125, 0.04937506, -0.2571874, 0.07281256,147.3087,5,4,True,True,122
18645,-1.807507,-2.803848,1015.677,-1,-0.3803711, -0.015625, -0.8862305, 0.002500057, -0.2259374, 0.1040626,147.3087,5,4,True,True,122
18710,-1.161961,-0.5164146,1015.593,-1,-0.3803711, -0.01757813, -0.8823242, 0.002500057, -0.1790624, 0.1040626,147.3087,5,4,True,True,122
18778,-2.286162,-3.410362,1015.699,-1,-0.3808594, -0.01611328, -0.8842773, 0.01812506, -0.3040624, 0.1196876,147.3087,5,4,True,True,122
18849,-2.709628,-3.133095,1015.689,41.5938,-0.3803711, -0.015625, -0.8862305, 0.002500057, -0.2259374, 0.08843756,147.3087,5,4,True,True,122
18919,-2.080904,-1.452179,1015.627,41.57556,-0.3793945, -0.015625, -0.8862305, -0.01312494, -0.1946874, 0.05718756,147.3087,5,4,True,True,122
18989,-2.069802,-2.058701,1015.649,-1,-0.3798828, -0.01855469, -0.8842773, 0.03375006, -0.2103124, 0.1040626,147.3087,5,4,True,True,122
19060,-2.930703,-3.791603,1015.713,-1,-0.3798828, -0.01660156, -0.8833008, 0.04937506, -0.2884374, 0.1196876,147.3087,5,4,True,True,122
19128,-3.092552,-3.254402,1015.693,41.54819,-0.3798828, -0.01611328, -0.8837891, 0.03375006, -0.2259374, 0.08843756,147.3087,5,4,True,True,122
19313,-3.805988,-4.519424,1015.74,41.51172,-0.378418, -0.01806641, -0.8862305, -0.05999994, -0.2415624, 0.1196876,147.3087,5,4,True,True,122
19384,-2.750387,-1.694786,1015.636,41.49804,-0.378418, -0.015625, -0.8847656, 0.002500057, -0.1321874, 0.08843756,147.3087,5,4,True,True,122
19458,-1.815356,-0.8803253,1015.606,41.48892,-0.3793945, -0.01611328, -0.8833008, -0.01312494, -0.1946874, 0.1040626,147.3087,5,4,True,True,122
19531,-1.209209,-0.6030617,1015.596,-1,-0.3779297, -0.01806641, -0.8842773, 0.06500006, -0.2259374, 0.02593756,147.3087,5,4,True,True,122
19606,-0.5075662,0.1940765,1015.566,-1,-0.3803711, -0.01757813, -0.8833008, 0.09625006, -0.2103124, 0.05718756,147.3087,5,4,True,True,122
19680,-0.01811302,0.4713402,1015.556,-1,-0.3779297, -0.01757813, -0.8828125, 0.03375006, -0.2259374, 0.1196876,147.3087,5,4,True,True,122
19755,-1.783555,-3.548996,1015.704,-1,-0.3803711, -0.01611328, -0.8837891, -0.01312494, -0.2103124, 0.07281256,147.3087,5,4,True,True,122
19831,-2.397675,-3.011795,1015.684,-1,-0.3793945, -0.01660156, -0.8842773, 0.06500006, -0.2259374, 0.08843756,147.3087,5,4,True,True,122
19905,-1.29242,-0.1871643,1015.58,-1,-0.378418, -0.01708984, -0.8862305, 0.01812506, -0.2103124, 0.1040626,147.3087,5,4,True,True,122
19985,-0.7397919,-0.1871643,1015.58,41.43876,-0.3803711, -0.01513672, -0.8852539, -0.02874994, -0.1634374, 0.07281256,147.3087,5,4,True,True,122
20062,-0.05624583,0.6273003,1015.551,-1,-0.3808594, -0.01708984, -0.8867188, 0.01812506, -0.1946874, 0.1665626,147.3087,5,4,True,True,122
20150,-0.5809221,-1.105598,1015.614,-1,-0.378418, -0.01611328, -0.887207, 0.002500057, -0.1946874, 0.1040626,147.3087,5,4,True,True,122
20341,-1.857008,-3.133095,1015.689,-1,-0.3798828, -0.01708984, -0.8837891, 0.03375006, -0.1478124, 0.1196876,147.3087,5,4,True,True,122
20423,-2.226455,-2.595901,1015.669,-1,-0.3793945, -0.01416016, -0.8862305, -0.01312494, -0.2415624, 0.05718756,147.3087,5,4,True,True,122
20506,-2.575801,-2.925148,1015.681,41.39316,-0.3789063, -0.015625, -0.8852539, 0.01812506, -0.1478124, 0.1196876,147.3087,5,4,True,True,122
20586,-3.183702,-3.791603,1015.713,-1,-0.3769531, -0.01708984, -0.8847656, 0.03375006, -0.2259374, 0.08843756,147.3087,5,4,True,True,122
20671,-2.950452,-2.717201,1015.673,-1,-0.378418, -0.01660156, -0.8857422, 0.002500057, -0.1634374, 0.1353126,147.3087,5,4,True,True,122
20752,-3.700278,-4.450104,1015.737,-1,-0.3798828, -0.01513672, -0.8847656, 0.03375006, -0.2259374, 0.1040626,147.3087,5,4,True,True,122
20837,-2.662875,-1.625473,1015.633,41.34756,-0.3793945, -0.01660156, -0.8852539, -0.01312494, -0.1321874, 0.1196876,147.3087,5,4,True,True,122
20971,-2.00554,-1.348206,1015.623,41.33845,-0.3789063, -0.01513672, -0.8842773, 0.01812506, -0.1946874, 0.1196876,147.3087,5,4,True,True,122
21037,-3.123849,-4.242157,1015.73,-1,-0.3774414, -0.01464844, -0.8833008, 0.01812506, -0.1946874, 0.08843756,147.3087,5,4,True,True,122
21103,-2.842545,-2.561241,1015.668,-1,-0.378418, -0.01757813, -0.887207, -0.01312494, -0.1946874, 0.05718756,147.3087,5,4,True,True,122
21168,-2.701893,-2.561241,1015.668,-1,-0.3793945, -0.01611328, -0.887207, 0.04937506, -0.1946874, 0.07281256,147.3087,5,4,True,True,122
21234,-2.492933,-2.283974,1015.658,-1,-0.378418, -0.01611328, -0.8828125, 0.002500057, -0.1165624, 0.1509376,147.3087,5,4,True,True,122
21413,-0.9761381,0.540657,1015.554,-1,-0.3779297, -0.01513672, -0.8847656, 0.08062506, -0.1946874, 0.08843756,147.3087,5,4,True,True,122
21482,-2.09794,-3.219742,1015.692,41.30653,-0.378418, -0.01464844, -0.8833008, -0.01312494, -0.1790624, 0.1353126,147.3087,5,4,True,True,122
21549,-1.107894,-0.1178474,1015.578,-1,-0.378418, -0.015625, -0.8828125, 0.04937506, -0.2259374, 0.08843756,147.3087,5,4,True,True,122
21618,-2.059844,-3.011795,1015.684,41.28829,-0.378418, -0.01660156, -0.8862305, -0.02874994, -0.1946874, 0.07281256,147.3087,5,4,True,True,122
21688,-1.392105,-0.7243652,1015.6,-1,-0.3803711, -0.01611328, -0.8862305, 0.002500057, -0.2103124, 0.1196876,147.3087,5,4,True,True,122
21759,-1.924686,-2.457268,1015.664,-1,-0.378418, -0.01708984, -0.8837891, 0.002500057, -0.2415624, 0.1196876,147.3087,5,4,True,True,122
21828,-1.896383,-1.86808,1015.642,-1,-0.3779297, -0.01660156, -0.8837891, 0.002500057, -0.1946874, 0.1196876,147.3087,5,4,True,True,122
21899,-2.176826,-2.457268,1015.664,-1,-0.3798828, -0.01660156, -0.8862305, 0.01812506, -0.2571874, 0.05718756,147.3087,5,4,True,True,122
21974,-3.625389,-5.073952,1015.76,-1,-0.378418, -0.01513672, -0.8842773, 0.03375006, -0.2259374, 0.1040626,147.3087,5,4,True,True,122
22048,-2.772728,-1.920067,1015.644,-1,-0.378418, -0.01464844, -0.8862305, -0.02874994, -0.1634374, 0.08843756,147.3087,5,4,True,True,122
22123,-0.6568164,1.459095,1015.52,-1,-0.3808594, -0.01660156, -0.8842773, 0.01812506, -0.2571874, 0.1196876,147.3087,5,4,True,True,122
22199,-2.45815,-4.259483,1015.73,41.23813,-0.3793945, -0.01416016, -0.887207, -0.02874994, -0.2415624, 0.07281256,147.3087,5,4,True,True,122
22386,-2.544352,-2.630554,1015.67,-1,-0.378418, -0.01660156, -0.8828125, -0.01312494, -0.2103124, 0.07281256,147.3087,5,4,True,True,122
22459,-2.180223,-1.816093,1015.641,-1,-0.378418, -0.01464844, -0.8862305, -0.01312494, -0.2103124, 0.1353126,147.3087,5,4,True,True,122
22535,-1.868191,-1.55616,1015.631,-1,-0.3798828, -0.015625, -0.8847656, 0.01812506, -0.1790624, 0.08843756,147.3087,5,4,True,True,122
22614,-0.8717158,0.1247597,1015.569,41.17428,-0.3779297, -0.015625, -0.8837891, 0.01812506, -0.1478124, 0.1196876,147.3087,5,4,True,True,122
22689,-1.811789,-2.751862,1015.675,-1,-0.3793945, -0.01757813, -0.8847656, 0.01812506, -0.1946874, 0.07281256,147.3087,5,4,True,True,122
22770,-2.316482,-2.821175,1015.677,41.14692,-0.3789063, -0.01611328, -0.8833008, -0.05999994, -0.2571874, 0.1040626,147.3087,5,4,True,True,122
22849,-1.858337,-1.400192,1015.625,-1,-0.3779297, -0.01806641, -0.8833008, 0.002500057, -0.2259374, 0.1196876,147.3087,5,4,True,True,122
22927,-1.655258,-1.452179,1015.627,-1,-0.3789063, -0.01611328, -0.8837891, 0.01812506, -0.1634374, 0.1353126,147.3087,5,4,True,True,122
23010,-1.553718,-1.452179,1015.627,41.12868,-0.3774414, -0.01513672, -0.8847656, -0.04437494, -0.2415624, 0.1196876,147.3087,5,4,True,True,122
23112,-1.944839,-2.33596,1015.659,-1,-0.3798828, -0.01513672, -0.8862305, 0.01812506, -0.2259374, 0.1040626,147.3087,5,4,True,True,122
23195,-2.166393,-2.387947,1015.661,-1,-0.3789063, -0.01757813, -0.8842773, -0.02874994, -0.1634374, 0.05718756,147.3087,5,4,True,True,122
23277,-1.133455,-0.1005173,1015.577,-1,-0.3793945, -0.01513672, -0.8852539, 0.01812506, -0.1634374, 0.1353126,147.3087,5,4,True,True,122
23533,-1.249497,-1.36554,1015.624,-1,-0.378418, -0.015625, -0.8837891, -0.01312494, -0.2259374, 0.1196876,147.3087,5,4,True,True,122
23600,-2.182633,-3.115768,1015.688,41.06028,-0.3779297, -0.01660156, -0.8847656, 0.01812506, -0.1634374, 0.08843756,147.3087,5,4,True,True,122
23666,-1.22822,-0.2738075,1015.584,41.05572,-0.3789063, -0.01660156, -0.8837891, -0.02874994, -0.2571874, 0.05718756,147.3087,5,4,True,True,122
23731,-1.62613,-2.02404,1015.648,-1,-0.3789063, -0.01611328, -0.8842773, 0.04937506, -0.2415624, 0.1509376,147.3087,5,4,True,True,122
23798,-1.417855,-1.209579,1015.618,-1,-0.3779297, -0.01513672, -0.887207, 0.002500057, -0.2103124, 0.08843756,147.3087,5,4,True,True,122
23865,-1.313717,-1.209579,1015.618,41.03292,-0.3769531, -0.01513672, -0.8847656, 0.002500057, -0.2259374, 0.08843756,147.3087,5,4,True,True,122
23932,-0.7157823,-0.1178474,1015.578,-1,-0.3789063, -0.01660156, -0.8847656, 0.04937506, -0.2728124, 0.1040626,147.3087,5,4,True,True,122
24000,-1.153297,-1.590813,1015.632,41.00556,-0.3774414, -0.01464844, -0.8837891, 0.01812506, -0.2259374, 0.05718756,147.3087,5,4,True,True,122
24071,-1.805283,-2.457268,1015.664,41.00556,-0.3789063, -0.01416016, -0.8857422, 0.01812506, -0.2571874, 0.07281256,147.3087,5,4,True,True,122
24142,-0.8575897,0.09010315,1015.57,-1,-0.3789063, -0.01708984, -0.8852539, 0.002500057, -0.2103124, 0.07281256,147.3087,5,4,True,True,122
24212,-0.6783371,-0.4990845,1015.592,-1,-0.378418, -0.01660156, -0.8862305, 0.08062506, -0.1790624, 0.1353126,147.3087,5,4,True,True,122
24283,-1.160568,-1.642799,1015.634,-1,-0.3789063, -0.01611328, -0.8852539, -0.01312494, -0.2103124, 0.1353126,147.3087,5,4,True,True,122
24462,-1.869568,-2.578568,1015.668,-1,-0.3774414, -0.01513672, -0.8862305, 0.03375006, -0.2259374, 0.07281256,147.3087,5,4,True,True,122
24534,-1.513577,-1.157585,1015.616,-1,-0.3779297, -0.015625, -0.8857422, 0.01812506, -0.2728124, 0.05718756,147.3087,5,4,True,True,122
24606,-2.349333,-3.185089,1015.691,40.95083,-0.3789063, -0.015625, -0.8862305, 0.01812506, -0.2415624, 0.1040626,147.3087,5,4,True,True,122
24682,-0.9476614,0.45401,1015.557,40.93715,-0.378418, -0.01611328, -0.8857422, 0.01812506, -0.1946874, 0.05718756,147.3087,5,4,True,True,122
24759,0.03043985,1.008541,1015.537,-1,-0.375, -0.01757813, -0.8862305, 0.01812506, -0.2728124, 0.1040626,147.3087,5,4,True,True,122
24833,-1.499341,-3.029121,1015.685,-1,-0.378418, -0.01513672, -0.8881836, 0.002500057, -0.2415624, 0.1353126,147.3087,5,4,True,True,122
24912,-0.9818844,-0.4644279,1015.591,40.90523,-0.3774414, -0.01660156, -0.8852539, -0.01312494, -0.2259374, 0.1196876,147.3087,5,4,True,True,122
24988,-0.5931875,-0.2044907,1015.581,-1,-0.3774414, -0.01708984, -0.887207, 0.01812506, -0.2259374, 0.1040626,147.3087,5,4,True,True,122
25063,-2.001775,-3.410362,1015.699,-1,-0.3774414, -0.015625, -0.8876953, 0.002500057, -0.2259374, 0.07281256,147.3087,5,4,True,True,122
25140,-1.995577,-1.98938,1015.647,-1,-0.3779297, -0.015625, -0.8876953, -0.02874994, -0.2259374, 0.07281256,147.3087,5,4,True,True,122
25219,-1.013389,-0.03120041,1015.575,-1,-0.3779297, -0.01660156, -0.8847656, 0.002500057, -0.2415624, 0.07281256,147.3087,5,4,True,True,122
25300,-0.3836628,0.2460632,1015.565,-1,-0.378418, -0.01416016, -0.8857422, 0.03375006, -0.2415624, 0.1040626,147.3087,5,4,True,True,122
25494,-0.4067171,-0.4297714,1015.589,-1,-0.3779297, -0.01660156, -0.887207, 0.03375006, -0.2728124, 0.05718756,147.3087,5,4,True,True,122
25576,-3.000268,-5.593819,1015.779,-1,-0.378418, -0.01416016, -0.887207, 0.01812506, -0.1634374, 0.07281256,147.3087,5,4,True,True,122
25659,-3.153328,-3.306389,1015.695,40.8049,-0.3789063, -0.01708984, -0.8862305, 0.002500057, -0.1790624, 0.07281256,147.3087,5,4,True,True,122
25739,-2.112137,-1.070946,1015.613,-1,-0.3754883, -0.01513672, -0.8881836, -0.01312494, -0.2103124, 0.1040626,147.3087,5,4,True,True,122
25819,-1.322941,-0.5337448,1015.593,-1,-0.3769531, -0.01513672, -0.8857422, 0.08062506, -0.2259374, 0.05718756,147.3087,5,4,True,True,122
25900,-1.803457,-2.283974,1015.657,-1,-0.378418, -0.015625, -0.8828125, 0.01812506, -0.2259374, 0.05718756,147.3087,5,4,True,True,122
26035,-1.766452,-1.729446,1015.637,40.77298,-0.3774414, -0.01464844, -0.8867188, -0.01312494, -0.2103124, 0.05718756,147.3087,5,4,True,True,122
26100,-2.319807,-2.873161,1015.679,40.76386,-0.3774414, -0.01708984, -0.8881836, -0.02874994, -0.2415624, 0.1040626,147.3087,5,4,True,True,122
26165,-2.899745,-3.479683,1015.701,-1,-0.378418, -0.015625, -0.8881836, -0.01312494, -0.2415624, 0.1040626,147.3087,5,4,True,True,122
26232,-2.921113,-2.942482,1015.681,-1,-0.3774414, -0.01513672, -0.8881836, 0.01812506, -0.1634374, 0.1353126,147.3087,5,4,True,True,122
26297,-2.931798,-2.942482,1015.681,-1,-0.3769531, -0.01708984, -0.8857422, 0.01812506, -0.2259374, 0.1040626,147.3087,5,4,True,True,122
26365,-2.122675,-1.313553,1015.622,-1,-0.378418, -0.01708984, -0.8876953, 0.01812506, -0.3040624, 0.1040626,147.3087,5,4,True,True,122
26550,-1.163583,-0.2044907,1015.581,-1,-0.3798828, -0.015625, -0.8857422, -0.01312494, -0.2415624, 0.05718756,147.3087,5,4,True,True,122
26618,-3.144761,-5.125938,1015.762,-1,-0.378418, -0.01660156, -0.8857422, 0.04937506, -0.2259374, 0.1040626,147.3087,5,4,True,True,122
26686,-3.858086,-4.571411,1015.741,40.68177,-0.3779297, -0.01416016, -0.8891602, 0.01812506, -0.1165624, 0.05718756,147.3087,5,4,True,True,122
26760,-2.230574,-0.6030617,1015.596,40.67265,-0.3764648, -0.01660156, -0.8862305, -0.01312494, -0.2571874, 0.07281256,147.3087,5,4,True,True,122
26831,-2.014667,-1.798759,1015.64,40.66352,-0.378418, -0.01708984, -0.8867188, 0.01812506, -0.2103124, 0.1040626,147.3087,5,4,True,True,122
26904,-2.911798,-3.808929,1015.714,-1,-0.3779297, -0.01611328, -0.8881836, 0.04937506, -0.2259374, 0.08843756,147.3087,5,4,True,True,122
26978,-2.65854,-2.405281,1015.662,-1,-0.3769531, -0.01660156, -0.887207, 0.04937506, -0.1946874, 0.04156256,147.3087,5,4,True,True,122
27051,-2.687871,-2.717201,1015.674,40.63616,-0.378418, -0.01611328, -0.8852539, 0.01812506, -0.2884374, 0.08843756,147.3087,5,4,True,True,122
27124,-1.862078,-1.036285,1015.612,-1,-0.3798828, -0.01708984, -0.887207, -0.02874994, -0.1946874, 0.1040626,147.3087,5,4,True,True,122
27197,-2.021039,-2.18,1015.654,-1,-0.378418, -0.01660156, -0.8852539, 0.002500057, -0.2103124, 0.1353126,147.3087,5,4,True,True,122
27272,-0.6882043,0.6446304,1015.55,-1,-0.3774414, -0.015625, -0.8852539, -0.07562494, -0.1634374, 0.07281256,147.3087,5,4,True,True,122
27348,-2.309221,-3.930237,1015.718,-1,-0.3798828, -0.01513672, -0.8862305, 0.002500057, -0.1946874, 0.07281256,147.3087,5,4,True,True,122
27537,-2.842461,-3.375702,1015.698,-1,-0.378418, -0.015625, -0.8867188, 0.09625006, -0.2259374, 0.04156256,147.3087,5,4,True,True,122
27615,-1.428168,-0.01387405,1015.574,-1,-0.378418, -0.01855469, -0.8867188, -0.01312494, -0.2259374, 0.1040626,147.3087,5,4,True,True,122
27693,-0.03652298,1.355122,1015.524,40.57231,-0.3793945, -0.01757813, -0.8867188, 0.04937506, -0.2415624, 0.04156256,147.3087,5,4,True,True,122
27770,-0.9523016,-1.86808,1015.642,-1,-0.378418, -0.01660156, -0.8862305, 0.01812506, -0.1946874, 0.1040626,147.3087,5,4,True,True,122
27850,-1.566151,-2.18,1015.654,-1,-0.3769531, -0.01806641, -0.887207, -0.02874994, -0.1478124, 0.1196876,147.3087,5,4,True,True,122
27930,-2.314966,-3.063782,1015.686,-1,-0.3798828, -0.015625, -0.887207, 0.04937506, -0.1321874, 0.1040626,147.3087,5,4,True,True,122
28010,-2.576737,-2.838509,1015.678,-1,-0.3779297, -0.01660156, -0.8881836, 0.002500057, -0.2728124, 0.1040626,147.3087,5,4,True,True,122
28094,-2.005795,-1.434853,1015.626,-1,-0.3779297, -0.01513672, -0.8862305, 0.01812506, -0.2259374, 0.08843756,147.3087,5,4,True,True,122
28176,-1.720324,-1.434853,1015.626,-1,-0.3774414, -0.01757813, -0.8876953, 0.01812506, -0.2415624, 0.02593756,147.3087,5,4,True,True,122
28256,-1.031724,-0.3431244,1015.586,-1,-0.3774414, -0.01757813, -0.887207, 0.01812506, -0.2103124, 0.07281256,147.3087,5,4,True,True,122
28360,-0.9820181,-0.932312,1015.608,-1,-0.3769531, -0.015625, -0.8852539, -0.01312494, -0.1634374, 0.08843756,147.3087,5,4,True,True,122
28444,-0.6885645,-0.3951111,1015.588,40.46285,-0.3779297, -0.01464844, -0.8862305, 0.04937506, -0.2103124, 0.1196876,147.3087,5,4,True,True,122
28689,-0.4378644,-0.1871643,1015.58,-1,-0.3769531, -0.01660156, -0.8857422, 0.01812506, -0.1634374, 0.1196876,147.3087,5,4,True,True,122
28754,-1.317599,-2.197334,1015.654,-1,-0.3779297, -0.01513672, -0.887207, 0.01812506, -0.1634374, 0.1196876,147.3087,5,4,True,True,122
28820,-1.480199,-1.642799,1015.634,-1,-0.378418, -0.01660156, -0.887207, 0.01812506, -0.1946874, 0.05718756,147.3087,5,4,True,True,122
28885,-0.8596752,-0.239151,1015.582,-1,-0.3789063, -0.01660156, -0.8876953, -0.04437494, -0.2259374, 0.07281256,147.3087,5,4,True,True,122
28954,-2.86284,-4.866005,1015.752,40.40812,-0.3789063, -0.01660156, -0.8876953, -0.01312494, -0.2415624, 0.1353126,147.3087,5,4,True,True,122
29020,-2.339467,-1.816093,1015.64,-1,-0.3764648, -0.01513672, -0.8886719, -0.01312494, -0.1946874, 0.1040626,147.3087,5,4,True,True,122
29087,-1.367289,-0.3951111,1015.588,-1,-0.3774414, -0.01660156, -0.8876953, 0.002500057, -0.2259374, 0.04156256,147.3087,5,4,True,True,122
29157,-1.756315,-2.14534,1015.652,-1,-0.3769531, -0.01660156, -0.8886719, 0.01812506, -0.2103124, 0.1196876,147.3087,5,4,True,True,122
29226,-1.838191,-1.920067,1015.644,-1,-0.3774414, -0.01660156, -0.887207, -0.02874994, -0.1946874, 0.08843756,147.3087,5,4,True,True,122
29295,-3.456071,-5.073952,1015.76,-1,-0.3789063, -0.01660156, -0.8896484, -0.05999994, -0.2728124, 0.1196876,147.3087,5,4,True,True,122
29367,-2.419468,-1.382866,1015.624,-1,-0.378418, -0.015625, -0.8862305, -0.01312494, -0.1946874, 0.1040626,147.3087,5,4,True,True,122
29437,-1.92716,-1.434853,1015.626,-1,-0.3789063, -0.01708984, -0.8847656, 0.002500057, -0.1790624, 0.1040626,147.3087,5,4,True,True,122
29623,-1.135142,-0.3431244,1015.586,-1,-0.3779297, -0.01660156, -0.8881836, 0.01812506, -0.08531237, 0.07281256,147.3087,5,4,True,True,122
29705,-2.290082,-3.445023,1015.7,40.31234,-0.3779297, -0.01416016, -0.8852539, -0.01312494, -0.2103124, 0.08843756,147.3087,5,4,True,True,122
29776,-2.295695,-2.301308,1015.658,-1,-0.3759766, -0.015625, -0.8862305, 0.01812506, -0.1790624, 0.08843756,147.3087,5,4,True,True,122
29851,-2.159868,-2.02404,1015.648,40.3169,-0.3779297, -0.01513672, -0.8881836, -0.02874994, -0.1321874, 0.07281256,147.3087,5,4,True,True,122
29924,-2.941075,-3.722282,1015.71,-1,-0.3764648, -0.01611328, -0.8867188, 0.04937506, -0.1478124, 0.04156256,147.3087,5,4,True,True,122
30001,-3.054415,-3.167755,1015.69,40.29866,-0.3774414, -0.01464844, -0.8852539, 0.002500057, -0.3040624, 0.1196876,147.3087,5,4,True,True,122
30077,-3.111085,-3.167755,1015.69,-1,-0.378418, -0.01513672, -0.8886719, -0.02874994, -0.1634374, 0.07281256,147.3087,5,4,True,True,122
30154,-2.160332,-1.209579,1015.618,-1,-0.3789063, -0.01708984, -0.8876953, -0.01312494, -0.2259374, 0.05718756,147.3087,5,4,True,True,122
30233,-1.849579,-1.538826,1015.63,-1,-0.3774414, -0.01513672, -0.8876953, -0.05999994, -0.1165624, 0.1353126,147.3087,5,4,True,True,122
30312,-2.560654,-3.271729,1015.694,-1,-0.3779297, -0.01660156, -0.8837891, 0.01812506, -0.2259374, 0.1040626,147.3087,5,4,True,True,122
30393,-2.950851,-3.341049,1015.696,40.25305,-0.378418, -0.01660156, -0.8862305, 0.01812506, -0.1634374, 0.07281256,147.3087,5,4,True,True,122
30474,-2.296825,-1.642799,1015.634,-1,-0.3779297, -0.01513672, -0.8842773, 0.04937506, -0.1790624, 0.07281256,147.3087,5,4,True,True,122
30665,-3.000891,-3.704956,1015.71,-1,-0.3774414, -0.01611328, -0.8881836, -0.02874994, -0.1165624, 0.08843756,147.3087,5,4,True,True,122
30744,-3.794814,-4.588737,1015.742,-1,-0.3793945, -0.01708984, -0.8881836, 0.03375006, -0.1946874, 0.1040626,147.3087,5,4,True,True,122
30825,-2.33757,-0.8803253,1015.606,-1,-0.3779297, -0.015625, -0.887207, 0.01812506, -0.1946874, 0.05718756,147.3087,5,4,True,True,122
30910,-1.773575,-1.209579,1015.618,-1,-0.3779297, -0.015625, -0.8867188, 0.08062506, -0.3353124, 0.05718756,147.3087,5,4,True,True,122
30990,-2.496658,-3.219742,1015.692,-1,-0.3779297, -0.01660156, -0.8876953, -0.01312494, -0.1478124, 0.1509376,147.3087,5,4,True,True,122
31121,-2.78022,-3.063782,1015.686,-1,-0.3789063, -0.01660156, -0.8881836, 0.01812506, -0.1946874, 0.1040626,147.3087,5,4,True,True,122
31184,-1.093788,0.5926437,1015.552,-1,-0.3769531, -0.01757813, -0.8891602, -0.01312494, -0.1634374, 0.05718756,147.3087,5,4,True,True,122
31249,-1.394287,-1.694786,1015.636,40.11622,-0.378418, -0.01757813, -0.8867188, 0.06500006, -0.1634374, 0.05718756,147.3087,5,4,True,True,122
31314,-2.419655,-3.445023,1015.7,-1,-0.3774414, -0.01660156, -0.887207, 0.01812506, -0.1321874, 0.1353126,147.3087,5,4,True,True,122
31380,-3.53019,-4.640724,1015.744,-1,-0.3774414, -0.015625, -0.8876953, 0.01812506, -0.1478124, 0.04156256,147.3087,5,4,True,True,122
31449,-3.374966,-3.219742,1015.692,-1,-0.3759766, -0.01611328, -0.8857422, -0.01312494, -0.08531237, 0.05718756,147.3087,5,4,True,True,122
31516,-1.313181,0.7486038,1015.546,-1,-0.3764648, -0.01513672, -0.8867188, -0.02874994, -0.2728124, 0.1040626,147.3087,5,4,True,True,122
31695,-2.457082,-3.600983,1015.706,40.05236,-0.3789063, -0.01708984, -0.887207, -0.02874994, -0.1946874, 0.1040626,147.3087,5,4,True,True,122
31765,-3.462256,-4.46743,1015.737,40.04324,-0.3764648, -0.015625, -0.8876953, -0.01312494, -0.1946874, 0.1353126,147.3087,5,4,True,True,122
31835,-2.413898,-1.36554,1015.624,40.03867,-0.3774414, -0.01660156, -0.8857422, 0.002500057, -0.2728124, 0.07281256,147.3087,5,4,True,True,122
31905,-3.605291,-4.796684,1015.749,-1,-0.3769531, -0.01611328, -0.8891602, 0.03375006, -0.1790624, 0.1040626,147.3087,5,4,True,True,122
31977,-2.918639,-2.231987,1015.656,-1,-0.3774414, -0.01611328, -0.8881836, 0.01812506, -0.2415624, 0.07281256,147.3087,5,4,True,True,122
32051,-3.450431,-3.982224,1015.72,40.03411,-0.3769531, -0.01513672, -0.8857422, -0.01312494, -0.1321874, 0.05718756,147.3087,5,4,True,True,122
32126,-3.14447,-2.838509,1015.678,40.02499,-0.3774414, -0.015625, -0.8867188, 0.03375006, -0.1946874, 0.08843756,147.3087,5,4,True,True,122
32202,-3.580673,-4.016876,1015.721,-1,-0.3774414, -0.01611328, -0.8891602, 0.04937506, -0.1478124, 0.08843756,147.3087,5,4,True,True,122
32277,-2.932323,-2.283974,1015.658,-1,-0.3779297, -0.01708984, -0.8852539, 0.002500057, -0.2103124, 0.08843756,147.3087,5,4,True,True,122
32353,-1.793684,-0.6550446,1015.598,-1,-0.3779297, -0.01513672, -0.8881836, 0.002500057, -0.1165624, 0.07281256,147.3087,5,4,True,True,122
32431,-2.49805,-3.202415,1015.691,-1,-0.3779297, -0.01611328, -0.8862305, 0.01812506, -0.1478124, 0.1040626,147.3087,5,4,True,True,122
32508,-2.304368,-2.110687,1015.651,-1,-0.3759766, -0.01611328, -0.8862305, 0.002500057, -0.1321874, 0.1040626,147.3087,5,4,True,True,122
32697,-0.9425076,0.4193535,1015.558,39.97482,-0.3759766, -0.01513672, -0.887207, 0.01812506, -0.2103124, 0.1040626,147.3087,5,4,True,True,122
32772,-0.261577,0.4193535,1015.558,-1,-0.3774414, -0.01660156, -0.8828125, 0.002500057, -0.1946874, 0.1040626,147.3087,5,4,True,True,122
32859,-2.35584,-4.450104,1015.737,-1,-0.3769531, -0.015625, -0.8876953, 0.01812506, -0.1946874, 0.05718756,147.3087,5,4,True,True,122
32941,-0.4137143,1.528412,1015.518,39.95201,-0.3769531, -0.01806641, -0.8847656, 0.03375006, -0.1634374, 0.1040626,147.3087,5,4,True,True,122
33020,-2.431909,-4.450104,1015.737,-1,-0.3779297, -0.01660156, -0.8862305, 0.03375006, -0.1946874, 0.1040626,147.3087,5,4,True,True,122
33102,-4.446092,-6.460274,1015.811,39.94289,-0.3789063, -0.01611328, -0.8881836, 0.08062506, -0.1634374, 0.1196876,147.3087,5,4,True,True,122
33182,-3.330376,-2.214661,1015.655,-1,-0.3774414, -0.01367188, -0.8857422, -0.01312494, -0.1946874, 0.1040626,147.3087,5,4,True,True,122
33263,-2.07069,-0.8110046,1015.603,-1,-0.3779297, -0.01611328, -0.8842773, -0.02874994, -0.1634374, 0.02593756,147.3087,5,4,True,True,122
33345,-1.744108,-1.417526,1015.625,-1,-0.3779297, -0.01513672, -0.8852539, -0.01312494, -0.2103124, 0.08843756,147.3087,5,4,True,True,122
33430,-2.854499,-3.96489,1015.719,-1,-0.3779297, -0.01464844, -0.8852539, 0.04937506, -0.1790624, 0.1040626,147.3087,5,4,True,True,122
33516,-1.564153,-0.2738075,1015.584,-1,-0.3769531, -0.01367188, -0.8847656, -0.05999994, -0.2415624, 0.05718756,147.3087,5,4,True,True,122
33669,-1.924063,-2.283974,1015.657,-1,-0.3774414, -0.01416016, -0.8852539, 0.01812506, -0.1946874, 0.1040626,147.3087,5,4,True,True,122
33844,-1.688121,-1.452179,1015.627,-1,-0.3774414, -0.01660156, -0.8852539, 0.002500057, -0.2259374, 0.08843756,147.3087,5,4,True,True,122
33910,-2.306635,-2.925148,1015.681,-1,-0.3774414, -0.01660156, -0.8852539, 0.002500057, -0.2259374, 0.07281256,147.3087,5,4,True,True,122
33975,-2.754525,-3.202415,1015.691,39.89727,-0.3764648, -0.01660156, -0.8867188, 0.002500057, -0.2259374, 0.08843756,147.3087,5,4,True,True,122
34043,-1.566153,-0.3777809,1015.587,39.88815,-0.3769531, -0.015625, -0.8857422, -0.02874994, -0.2259374, 0.05718756,147.3087,5,4,True,True,122
34110,-1.266563,-0.9669724,1015.609,-1,-0.3779297, -0.01660156, -0.8867188, 0.01812506, -0.1946874, 0.04156256,147.3087,5,4,True,True,122
34176,-1.116768,-0.9669724,1015.609,-1,-0.3769531, -0.01708984, -0.8833008, -0.02874994, -0.2103124, 0.08843756,147.3087,5,4,True,True,122
34245,-0.7732695,-0.4297714,1015.589,39.8699,-0.3774414, -0.01611328, -0.8823242, -0.02874994, -0.1946874, 0.07281256,147.3087,5,4,True,True,122
34316,-1.173378,-1.573486,1015.631,-1,-0.3769531, -0.015625, -0.8862305, 0.03375006, -0.1946874, 0.1196876,147.3087,5,4,True,True,122
34387,-1.529392,-1.885406,1015.643,-1,-0.3769531, -0.015625, -0.8876953, 0.002500057, -0.2259374, 0.1353126,147.3087,5,4,True,True,122
34456,-2.981085,-4.432777,1015.737,-1,-0.3774414, -0.015625, -0.8857422, 0.002500057, -0.1634374, 0.1040626,147.3087,5,4,True,True,122
34528,-2.026015,-1.070946,1015.613,-1,-0.3774414, -0.01611328, -0.8857422, -0.01312494, -0.2884374, 0.1040626,147.3087,5,4,True,True,122
34600,-1.409847,-0.7936783,1015.603,-1,-0.375, -0.01416016, -0.8867188, 0.08062506, -0.1790624, 0.05718756,147.3087,5,4,True,True,122
34781,-1.838247,-2.266647,1015.657,39.81973,-0.3779297, -0.015625, -0.887207, 0.002500057, -0.1634374, 0.07281256,147.3087,5,4,True,True,122
34856,-1.913813,-1.98938,1015.647,39.81517,-0.3769531, -0.01660156, -0.8862305, 0.01812506, -0.1634374, 0.08843756,147.3087,5,4,True,True,122
34928,-0.4006495,1.112514,1015.533,-1,-0.3779297, -0.015625, -0.8867188, 0.01812506, -0.1946874, 0.05718756,147.3087,5,4,True,True,122
35004,-1.385635,-2.370621,1015.66,-1,-0.3769531, -0.01660156, -0.8862305, 0.002500057, -0.1478124, 0.1040626,147.3087,5,4,True,True,122
35082,-0.4918059,0.4020233,1015.559,39.76499,-0.3793945, -0.01708984, -0.8862305, 0.01812506, -0.1634374, 0.1040626,147.3087,5,4,True,True,122
35159,-0.6687355,-0.845665,1015.605,-1,-0.3774414, -0.01416016, -0.887207, 0.002500057, -0.1946874, 0.1040626,147.3087,5,4,True,True,122
35237,0.3691864,1.407108,1015.522,39.70569,-0.375, -0.01611328, -0.8876953, 0.04937506, -0.2728124, 0.08843756,147.3087,5,4,True,True,122
35317,-0.8274269,-2.02404,1015.648,-1,-0.378418, -0.01513672, -0.8876953, 0.01812506, -0.1946874, 0.1196876,147.3087,5,4,True,True,122
35397,-1.183126,-1.538826,1015.63,39.68744,-0.3779297, -0.01367188, -0.8867188, 0.03375006, -0.1946874, 0.07281256,147.3087,5,4,True,True,122
35478,-0.7891188,-0.3951111,1015.588,-1,-0.378418, -0.01708984, -0.8862305, 0.01812506, -0.1946874, 0.04156256,147.3087,5,4,True,True,122
35555,-2.143064,-3.497009,1015.702,-1,-0.3779297, -0.01708984, -0.8852539, -0.02874994, -0.1634374, 0.07281256,147.3087,5,4,True,True,122
35638,-2.109545,-2.076027,1015.65,39.69201,-0.3779297, -0.01611328, -0.8862305, 0.01812506, -0.1321874, 0.05718756,147.3087,5,4,True,True,122
35829,-1.520929,-0.932312,1015.608,-1,-0.3779297, -0.01611328, -0.8876953, 0.01812506, -0.1790624, 0.08843756,147.3087,5,4,True,True,122
35910,-1.503884,-1.486839,1015.628,-1,-0.3754883, -0.01660156, -0.8881836, -0.01312494, -0.1946874, 0.08843756,147.3087,5,4,True,True,122
35999,-2.223183,-2.942482,1015.682,-1,-0.3759766, -0.01611328, -0.8881836, 0.03375006, -0.1634374, 0.1040626,147.3087,5,4,True,True,122
36078,-2.314232,-2.405281,1015.662,-1,-0.3764648, -0.01464844, -0.8852539, 0.04937506, -0.1634374, 0.1196876,147.3087,5,4,True,True,122
36162,-3.364838,-4.415443,1015.736,-1,-0.3759766, -0.01660156, -0.8857422, 0.03375006, -0.1321874, 0.1196876,147.3087,5,4,True,True,122
36294,-3.205647,-3.046455,1015.686,39.64183,-0.3754883, -0.01464844, -0.8876953, 0.03375006, -0.1634374, 0.08843756,147.3087,5,4,True,True,122
36360,-1.575102,0.05544281,1015.572,39.63271,-0.375, -0.01367188, -0.8852539, 0.01812506, -0.1946874, 0.1353126,147.3087,5,4,True,True,122
36424,-1.634944,-1.694786,1015.636,39.63271,-0.3759766, -0.01416016, -0.8857422, 0.03375006, -0.2103124, 0.05718756,147.3087,5,4,True,True,122
36491,-3.943635,-6.252327,1015.803,-1,-0.3779297, -0.01708984, -0.8837891, 0.03375006, -0.1946874, 0.08843756,147.3087,5,4,True,True,122
36560,-2.819211,-1.694786,1015.636,-1,-0.375, -0.01464844, -0.8862305, 0.002500057, -0.1946874, 0.08843756,147.3087,5,4,True,True,122
36626,-2.846186,-2.873161,1015.679,-1,-0.3774414, -0.01513672, -0.8857422, -0.04437494, -0.1946874, 0.08843756,147.3087,5,4,True,True,122
36695,-2.591073,-2.33596,1015.659,-1,-0.3764648, -0.01806641, -0.8857422, 0.002500057, -0.1790624, 0.05718756,147.3087,5,4,True,True,122
36876,-2.463517,-2.33596,1015.659,39.60077,-0.3764648, -0.01708984, -0.8852539, -0.02874994, -0.1634374, 0.1040626,147.3087,5,4,True,True,122
36946,-2.962933,-3.462349,1015.701,39.59165,-0.3754883, -0.01611328, -0.8852539, 0.04937506, -0.1790624, 0.1040626,147.3087,5,4,True,True,122
37013,-3.385931,-3.808929,1015.713,-1,-0.3764648, -0.01660156, -0.887207, 0.01812506, -0.1634374, 0.05718756,147.3087,5,4,True,True,122
37086,-3.727397,-4.068863,1015.723,39.59165,-0.3774414, -0.01708984, -0.8881836, 0.01812506, -0.2415624, 0.07281256,147.3087,5,4,True,True,122
37157,-3.629533,-3.53167,1015.703,39.58709,-0.3764648, -0.015625, -0.8842773, -0.02874994, -0.2571874, 0.08843756,147.3087,5,4,True,True,122
37226,-2.87011,-2.110687,1015.651,-1,-0.3769531, -0.01660156, -0.8847656, 0.002500057, -0.1790624, 0.07281256,147.3087,5,4,True,True,122
37299,-3.062256,-3.254402,1015.693,-1,-0.3779297, -0.01611328, -0.8852539, 0.08062506, -0.1790624, 0.08843756,147.3087,5,4,True,True,122
37374,-2.751095,-2.439934,1015.663,-1,-0.3769531, -0.01660156, -0.8857422, 0.04937506, -0.1634374, 0.1040626,147.3087,5,4,True,True,122
37447,-3.8692,-4.987305,1015.757,-1,-0.3769531, -0.01611328, -0.8867188, 0.002500057, -0.2415624, 0.08843756,147.3087,5,4,True,True,122
37523,-3.752421,-3.635643,1015.707,-1,-0.3764648, -0.01611328, -0.8823242, -0.01312494, -0.2103124, 0.04156256,147.3087,5,4,True,True,122
37597,-4.551816,-5.351212,1015.77,-1,-0.3774414, -0.015625, -0.8867188, -0.05999994, -0.1634374, 0.1040626,147.3087,5,4,True,True,122
37675,-4.13705,-3.722282,1015.71,-1,-0.3769531, -0.01757813, -0.887207, -0.02874994, -0.1165624, 0.1040626,147.3087,5,4,True,True,122
37863,-4.960744,-5.784439,1015.786,-1,-0.3764648, -0.01611328, -0.8867188, 0.08062506, -0.1634374, 0.07281256,147.3087,5,4,True,True,122
37943,-4.393504,-3.826263,1015.714,39.47305,-0.3764648, -0.01708984, -0.8876953, 0.03375006, -0.2415624, 0.1040626,147.3087,5,4,True,True,122
38023,-4.681741,-4.969978,1015.756,39.4776,-0.3779297, -0.01464844, -0.887207, 0.04937506, -0.1790624, 0.07281256,147.3087,5,4,True,True,122
38103,-3.110284,-1.538826,1015.63,39.4548,-0.3759766, -0.015625, -0.8876953, 0.01812506, -0.1634374, 0.05718756,147.3087,5,4,True,True,122
38185,-2.489182,-1.86808,1015.642,-1,-0.3764648, -0.01513672, -0.8867188, 0.002500057, -0.2259374, 0.08843756,147.3087,5,4,True,True,122
38265,-2.473225,-2.457268,1015.664,-1,-0.3759766, -0.01611328, -0.8881836, 0.04937506, -0.1946874, 0.07281256,147.3087,5,4,True,True,122
38349,-4.336782,-6.20034,1015.801,39.44111,-0.3764648, -0.01611328, -0.8891602, 0.01812506, -0.1946874, 0.08843756,147.3087,5,4,True,True,122
38434,-4.999961,-5.663139,1015.781,39.41374,-0.3754883, -0.01513672, -0.8852539, -0.01312494, -0.2103124, 0.08843756,147.3087,5,4,True,True,122
38516,-2.940143,-0.8803253,1015.606,39.39549,-0.3769531, -0.01464844, -0.887207, 0.002500057, -0.2259374, 0.05718756,147.3087,5,4,True,True,122
38600,-3.209913,-3.479683,1015.702,39.39093,-0.3779297, -0.01757813, -0.887207, 0.01812506, -0.1946874, 0.1665626,147.3087,5,4,True,True,122
38736,-2.79893,-2.387947,1015.661,39.37724,-0.3759766, -0.015625, -0.8881836, 0.002500057, -0.1946874, 0.05718756,147.3087,5,4,True,True,122
38818,-2.888032,-2.977135,1015.683,-1,-0.3764648, -0.015625, -0.8891602, 0.04937506, -0.1634374, 0.1040626,147.3087,5,4,True,True,122
38991,-3.374474,-3.860916,1015.715,-1,-0.3759766, -0.01757813, -0.887207, 0.06500006, -0.1790624, 0.1040626,147.3087,5,4,True,True,122
39053,-2.603947,-1.83342,1015.641,-1,-0.3754883, -0.01416016, -0.887207, -0.04437494, -0.2259374, 0.05718756,147.3087,5,4,True,True,122
39128,-1.811453,-1.018959,1015.611,-1,-0.3769531, -0.01513672, -0.887207, 0.08062506, -0.2103124, 0.1040626,147.3087,5,4,True,True,122
39197,-2.125693,-2.439934,1015.663,-1,-0.3754883, -0.01660156, -0.8852539, 0.002500057, -0.1478124, 0.07281256,147.3087,5,4,True,True,122
39267,-2.144184,-2.162674,1015.653,39.34987,-0.3759766, -0.01464844, -0.8881836, -0.02874994, -0.1634374, 0.08843756,147.3087,5,4,True,True,122
39336,-3.00255,-3.860916,1015.715,-1,-0.3774414, -0.015625, -0.8876953, -0.01312494, -0.2103124, 0.07281256,147.3087,5,4,True,True,122
39406,-4.298184,-5.593819,1015.779,39.34987,-0.3759766, -0.01660156, -0.887207, 0.04937506, -0.1165624, 0.08843756,147.3087,5,4,True,True,122
39478,-3.802287,-3.306389,1015.695,39.33162,-0.3764648, -0.01757813, -0.8867188, 0.03375006, -0.1946874, 0.08843756,147.3087,5,4,True,True,122
39549,-2.575246,-1.348206,1015.623,-1,-0.3769531, -0.01708984, -0.887207, 0.01812506, -0.1634374, 0.07281256,147.3087,5,4,True,True,122
39622,-3.668635,-4.762024,1015.749,-1,-0.3769531, -0.015625, -0.8862305, 0.01812506, -0.1321874, 0.05718756,147.3087,5,4,True,True,122
39694,-3.080281,-2.491928,1015.665,-1,-0.375, -0.015625, -0.8862305, 0.002500057, -0.1946874, 0.1665626,147.3087,5,4,True,True,122
39764,-3.080695,-3.081108,1015.687,-1,-0.3769531, -0.01660156, -0.8833008, 0.03375006, -0.1634374, 0.1353126,147.3087,5,4,True,True,122
39949,-2.509044,-1.937393,1015.645,-1,-0.3754883, -0.01757813, -0.887207, 0.04937506, -0.1790624, 0.05718756,147.3087,5,4,True,True,122
40023,-3.098337,-3.68763,1015.709,-1,-0.3759766, -0.01806641, -0.8862305, -0.02874994, -0.1790624, 0.07281256,147.3087,5,4,True,True,122
40098,-2.543858,-1.98938,1015.647,39.30425,-0.3759766, -0.01611328, -0.8837891, 0.002500057, -0.1634374, 0.04156256,147.3087,5,4,True,True,122
40174,-3.704932,-4.866005,1015.752,-1,-0.3745117, -0.01513672, -0.8857422, 0.01812506, -0.1321874, 0.08843756,147.3087,5,4,True,True,122
40249,-4.146834,-4.588737,1015.742,-1,-0.3754883, -0.01660156, -0.8837891, -0.01312494, -0.1634374, 0.08843756,147.3087,5,4,True,True,122
40325,-2.279638,-0.4124413,1015.589,-1,-0.3764648, -0.01416016, -0.8867188, -0.01312494, -0.2103124, 0.05718756,147.3087,5,4,True,True,122
40404,-2.481089,-2.682541,1015.672,39.24951,-0.3754883, -0.01660156, -0.887207, 0.002500057, -0.2571874, 0.07281256,147.3087,5,4,True,True,122
40482,-2.607809,-2.734528,1015.674,-1,-0.3754883, -0.01513672, -0.8852539, 0.01812506, -0.1478124, 0.07281256,147.3087,5,4,True,True,122
40562,-4.109481,-5.611153,1015.78,-1,-0.3759766, -0.015625, -0.8876953, -0.04437494, -0.1478124, 0.05718756,147.3087,5,4,True,True,122
40645,-3.447998,-2.786514,1015.676,39.22213,-0.3745117, -0.01464844, -0.8862305, 0.01812506, -0.1946874, 0.07281256,147.3087,5,4,True,True,122
40727,-2.839992,-2.231987,1015.656,-1,-0.375, -0.015625, -0.8852539, -0.01312494, -0.2571874, 0.1353126,147.3087,5,4,True,True,122
40811,-3.107847,-3.375702,1015.698,39.21758,-0.3764648, -0.015625, -0.8857422, 0.01812506, -0.2103124, 0.07281256,147.3087,5,4,True,True,122
41003,-1.968093,-0.8283386,1015.604,-1,-0.3754883, -0.01513672, -0.8842773, 0.002500057, -0.2415624, 0.07281256,147.3087,5,4,True,True,122
41087,-1.415546,-0.862999,1015.606,-1,-0.3769531, -0.01660156, -0.8847656, 0.01812506, -0.2103124, 0.08843756,147.3087,5,4,True,True,122
41171,-2.421617,-3.427689,1015.699,39.20388,-0.3759766, -0.01611328, -0.8857422, 0.01812506, -0.2259374, 0.07281256,147.3087,5,4,True,True,122
41257,-1.919572,-1.417526,1015.626,39.19933,-0.3759766, -0.01660156, -0.8833008, -0.02874994, -0.1634374, 0.08843756,147.3087,5,4,True,True,122
41392,-1.529915,-1.140259,1015.616,-1,-0.3769531, -0.01757813, -0.8828125, 0.002500057, -0.1634374, 0.07281256,147.3087,5,4,True,True,122
41457,-3.31926,-5.108604,1015.761,-1,-0.3759766, -0.01611328, -0.8847656, 0.002500057, -0.1478124, 0.08843756,147.3087,5,4,True,True,122
41522,-2.394386,-1.469513,1015.628,-1,-0.3759766, -0.01513672, -0.8862305, 0.01812506, -0.1790624, 0.07281256,147.3087,5,4,True,True,122
41588,-2.20055,-2.006714,1015.647,39.19933,-0.3759766, -0.01855469, -0.8837891, -0.01312494, -0.2259374, 0.08843756,147.3087,5,4,True,True,122
41654,-2.536856,-2.873161,1015.679,-1,-0.3740234, -0.01464844, -0.8842773, -0.01312494, -0.1946874, 0.05718756,147.3087,5,4,True,True,122
41723,-2.436408,-2.33596,1015.66,39.18564,-0.3754883, -0.01611328, -0.8837891, 0.03375006, -0.1321874, 0.05718756,147.3087,5,4,True,True,122
41788,-1.814327,-1.192245,1015.618,-1,-0.3745117, -0.01660156, -0.8803711, 0.03375006, -0.2259374, 0.08843756,147.3087,5,4,True,True,122
41858,-1.936514,-2.058701,1015.649,-1,-0.3769531, -0.01611328, -0.8837891, -0.01312494, -0.1790624, 0.04156256,147.3087,5,4,True,True,122
42039,-2.16223,-2.387947,1015.661,39.16283,-0.375, -0.01416016, -0.8857422, 0.002500057, -0.2259374, 0.1196876,147.3087,5,4,True,True,122
42108,-1.703231,-1.244232,1015.619,39.16739,-0.3754883, -0.01660156, -0.8852539, 0.002500057, -0.1634374, 0.08843756,147.3087,5,4,True,True,122
42179,-1.196468,-0.6897049,1015.599,-1,-0.3759766, -0.01660156, -0.8842773, -0.01312494, -0.1634374, 0.02593756,147.3087,5,4,True,True,122
42259,-2.381395,-3.566322,1015.705,-1,-0.375, -0.01513672, -0.887207, 0.002500057, -0.1946874, 0.05718756,147.3087,5,4,True,True,122
42334,-2.402001,-2.422607,1015.663,-1,-0.375, -0.015625, -0.8833008, 0.002500057, -0.2103124, 0.1040626,147.3087,5,4,True,True,122
42406,-0.8700204,0.6619606,1015.549,-1,-0.3769531, -0.01708984, -0.8842773, 0.002500057, -0.1634374, 0.1040626,147.3087,5,4,True,True,122
42481,-0.8318493,-0.7936783,1015.603,-1,-0.3745117, -0.01513672, -0.8852539, 0.03375006, -0.1946874, 0.08843756,147.3087,5,4,True,True,122
42556,-1.679215,-2.526581,1015.667,-1,-0.3769531, -0.01416016, -0.8852539, -0.02874994, -0.1009374, 0.1040626,147.3087,5,4,True,True,122
42632,-3.23795,-4.796684,1015.75,-1,-0.375, -0.01464844, -0.8857422, 0.01812506, -0.1946874, 0.1353126,147.3087,5,4,True,True,122
42710,-1.46995,0.2980499,1015.563,39.09439,-0.375, -0.01611328, -0.8857422, -0.02874994, -0.1478124, 0.08843756,147.3087,5,4,True,True,122
42788,-2.864717,-4.259483,1015.73,-1,-0.3754883, -0.01660156, -0.8857422, -0.01312494, -0.1946874, 0.05718756,147.3087,5,4,True,True,122
42866,-3.42347,-3.982224,1015.72,39.09439,-0.375, -0.015625, -0.8867188, -0.01312494, -0.1321874, 0.1040626,147.3087,5,4,True,True,122
43052,-1.29411,0.8352509,1015.543,-1,-0.3764648, -0.01416016, -0.8862305, 0.01812506, -0.2103124, 0.1353126,147.3087,5,4,True,True,122
43133,-2.369566,-3.445023,1015.7,39.08071,-0.3754883, -0.01513672, -0.8852539, 0.002500057, -0.1634374, 0.07281256,147.3087,5,4,True,True,122
43211,-2.066836,-1.764107,1015.638,39.07615,-0.3745117, -0.01513672, -0.8862305, 0.04937506, -0.1321874, 0.07281256,147.3087,5,4,True,True,122
43289,-1.776838,-1.486839,1015.628,-1,-0.3759766, -0.01660156, -0.8847656, 0.03375006, -0.1946874, 0.1040626,147.3087,5,4,True,True,122
43372,-1.796466,-1.816093,1015.64,39.0579,-0.3754883, -0.01513672, -0.8833008, -0.02874994, -0.1790624, 0.1196876,147.3087,5,4,True,True,122
43454,-2.369474,-2.942482,1015.682,-1,-0.3764648, -0.01660156, -0.887207, 0.04937506, -0.1634374, 0.07281256,147.3087,5,4,True,True,122
43538,-1.945487,-1.5215,1015.63,39.0579,-0.3745117, -0.01757813, -0.8876953, 0.08062506, -0.1009374, 0.08843756,147.3087,5,4,True,True,122
43618,-2.305351,-2.665215,1015.672,-1,-0.3754883, -0.01660156, -0.8833008, 0.03375006, -0.1946874, 0.02593756,147.3087,5,4,True,True,122
43703,-3.490368,-4.675385,1015.745,-1,-0.3745117, -0.01611328, -0.8847656, 0.04937506, -0.2415624, 0.05718756,147.3087,5,4,True,True,122
43840,-2.809191,-2.128014,1015.652,-1,-0.3754883, -0.01708984, -0.8852539, 0.03375006, -0.1790624, 0.05718756,147.3087,5,4,True,True,122
43904,-3.335053,-3.860916,1015.715,39.03052,-0.3754883, -0.015625, -0.8867188, 0.01812506, -0.1946874, 0.07281256,147.3087,5,4,True,True,122
43970,-3.329384,-3.323715,1015.695,39.02596,-0.3745117, -0.01513672, -0.8857422, 0.08062506, -0.2259374, 0.1040626,147.3087,5,4,True,True,122
44166,-3.482514,-3.635643,1015.707,-1,-0.3764648, -0.01513672, -0.8862305, 0.01812506, -0.2415624, 0.1353126,147.3087,5,4,True,True,122
44232,-1.869495,-0.2564774,1015.583,-1,-0.3764648, -0.01611328, -0.8876953, 0.03375006, -0.2259374, 0.1509376,147.3087,5,4,True,True,122
44300,-1.938105,-2.006714,1015.647,38.97578,-0.3769531, -0.01464844, -0.887207, 0.04937506, -0.1790624, 0.1040626,147.3087,5,4,True,True,122
44366,-1.556512,-1.174919,1015.617,-1,-0.3759766, -0.01660156, -0.8886719, 0.002500057, -0.1790624, 0.1040626,147.3087,5,4,True,True,122
44432,-1.824933,-2.093353,1015.65,-1,-0.3754883, -0.01513672, -0.887207, -0.02874994, -0.2415624, 0.07281256,147.3087,5,4,True,True,122
44501,-0.815428,0.1940765,1015.567,-1,-0.375, -0.01660156, -0.8876953, -0.02874994, -0.1946874, 0.1040626,147.3087,5,4,True,True,122
44571,-1.324424,-1.83342,1015.641,38.93928,-0.3759766, -0.01660156, -0.8876953, 0.04937506, -0.1634374, 0.05718756,147.3087,5,4,True,True,122
44643,-1.873516,-2.422607,1015.662,-1,-0.3764648, -0.01611328, -0.8891602, 0.01812506, -0.1790624, 0.07281256,147.3087,5,4,True,True,122
44716,-2.711256,-3.548996,1015.704,38.93015,-0.375, -0.01464844, -0.8867188, -0.02874994, -0.1790624, 0.07281256,147.3087,5,4,True,True,122
44789,-2.012404,-1.313553,1015.622,-1,-0.3764648, -0.01611328, -0.887207, -0.01312494, -0.1946874, 0.1196876,147.3087,5,4,True,True,122
44862,-2.104869,-2.197334,1015.654,-1,-0.3759766, -0.01513672, -0.8881836, 0.04937506, -0.1946874, 0.05718756,147.3087,5,4,True,True,122
44934,-0.8687513,0.3673668,1015.56,-1,-0.3745117, -0.01708984, -0.8881836, 0.04937506, -0.1634374, 0.1040626,147.3087,5,4,True,True,122
45119,-0.8225516,-0.7763519,1015.602,-1,-0.3764648, -0.015625, -0.8896484, -0.02874994, -0.1946874, 0.1040626,147.3087,5,4,True,True,122
45193,-2.506361,-4.19017,1015.727,38.90734,-0.3745117, -0.01708984, -0.8857422, 0.06500006, -0.2103124, 0.08843756,147.3087,5,4,True,True,122
45270,-1.779986,-1.053612,1015.612,-1,-0.375, -0.01611328, -0.8857422, 0.03375006, -0.1946874, 0.08843756,147.3087,5,4,True,True,122
45354,-1.98866,-2.197334,1015.654,-1,-0.3745117, -0.015625, -0.8852539, 0.03375006, -0.1478124, 0.05718756,147.3087,5,4,True,True,122
45432,-2.361594,-2.734528,1015.674,38.91647,-0.3745117, -0.01611328, -0.8852539, 0.04937506, -0.2259374, 0.07281256,147.3087,5,4,True,True,122
45511,-1.568973,-0.7763519,1015.602,-1,-0.3745117, -0.01464844, -0.8876953, 0.01812506, -0.1478124, 0.1040626,147.3087,5,4,True,True,122
45588,-2.879572,-4.19017,1015.727,-1,-0.3764648, -0.015625, -0.8833008, 0.04937506, -0.1946874, 0.1040626,147.3087,5,4,True,True,122
45667,-2.261186,-1.642799,1015.634,-1,-0.3759766, -0.01855469, -0.8852539, 0.08062506, -0.2259374, 0.1040626,147.3087,5,4,True,True,122
45746,-1.111537,0.03811264,1015.572,-1,-0.3759766, -0.01513672, -0.8852539, -0.01312494, -0.1165624, 0.05718756,147.3087,5,4,True,True,122
45827,-2.81548,-4.519424,1015.739,-1,-0.3754883, -0.01757813, -0.8847656, 0.002500057, -0.1946874, 0.07281256,147.3087,5,4,True,True,122
45910,-2.09051,-1.36554,1015.624,38.89365,-0.375, -0.01513672, -0.8862305, -0.01312494, -0.1478124, 0.1196876,147.3087,5,4,True,True,122
45996,-1.320791,-0.5510712,1015.594,38.88909,-0.3745117, -0.01611328, -0.8862305, 0.06500006, -0.2571874, 0.05718756,147.3087,5,4,True,True,122
46190,-1.369158,-1.417526,1015.625,-1,-0.3745117, -0.01611328, -0.8867188, 0.01812506, -0.2103124, 0.1040626,147.3087,5,4,True,True,122
46275,-1.826566,-2.283974,1015.657,-1,-0.3754883, -0.01611328, -0.8867188, 0.03375006, -0.1946874, 0.07281256,147.3087,5,4,True,True,122
46361,-3.328955,-4.831345,1015.751,38.8754,-0.3745117, -0.01660156, -0.8857422, 0.01812506, -0.1634374, 0.07281256,147.3087,5,4,True,True,122
46497,-3.239692,-3.150429,1015.689,38.86628,-0.3745117, -0.01660156, -0.887207, -0.04437494, -0.1478124, 0.1040626,147.3087,5,4,True,True,122
46561,-2.354602,-1.469513,1015.627,38.86628,-0.3735352, -0.015625, -0.8833008, -0.02874994, -0.1790624, 0.07281256,147.3087,5,4,True,True,122
46626,-2.613882,-2.873161,1015.679,-1,-0.3759766, -0.01611328, -0.8852539, -0.01312494, -0.2571874, 0.1040626,147.3087,5,4,True,True,122
46692,-2.908149,-3.202415,1015.691,-1,-0.3754883, -0.01708984, -0.8847656, 0.04937506, -0.1478124, 0.07281256,147.3087,5,4,True,True,122
46758,-3.055282,-3.202415,1015.691,-1,-0.3754883, -0.01611328, -0.8842773, 0.03375006, -0.2728124, 0.1353126,147.3087,5,4,True,True,122
46827,-3.579403,-4.103523,1015.724,38.82978,-0.375, -0.015625, -0.8833008, -0.01312494, -0.1634374, 0.05718756,147.3087,5,4,True,True,122
46895,-2.290514,-1.001625,1015.611,-1,-0.3764648, -0.01513672, -0.8862305, 0.002500057, -0.1946874, 0.07281256,147.3087,5,4,True,True,122
46963,-1.377471,-0.4644279,1015.591,-1,-0.3759766, -0.015625, -0.8857422, 0.04937506, -0.1946874, 0.07281256,147.3087,5,4,True,True,122
47029,-2.203296,-3.029121,1015.685,-1,-0.375, -0.01660156, -0.8837891, -0.04437494, -0.1634374, 0.07281256,147.3087,5,4,True,True,122
47208,-3.34403,-4.484764,1015.738,38.79784,-0.3754883, -0.015625, -0.8852539, 0.04937506, -0.1165624, 0.1040626,147.3087,5,4,True,True,122
47278,-2.060191,-0.7763519,1015.602,-1,-0.375, -0.015625, -0.8862305, 0.002500057, -0.1634374, 0.04156256,147.3087,5,4,True,True,122
47348,-2.85658,-3.652969,1015.708,-1,-0.375, -0.01660156, -0.8847656, -0.02874994, -0.1165624, 0.07281256,147.3087,5,4,True,True,122
47421,-3.116141,-3.375702,1015.698,-1,-0.3745117, -0.01464844, -0.8867188, 0.03375006, -0.1790624, 0.07281256,147.3087,5,4,True,True,122
47491,-2.977325,-2.838509,1015.678,-1,-0.3754883, -0.01416016, -0.8847656, 0.002500057, -0.1478124, 0.1040626,147.3087,5,4,True,True,122
47564,-2.630649,-2.283974,1015.658,-1,-0.3754883, -0.015625, -0.8837891, 0.01812506, -0.1321874, 0.08843756,147.3087,5,4,True,True,122
47635,-2.318682,-2.006714,1015.648,-1,-0.3745117, -0.01416016, -0.8862305, -0.01312494, -0.1946874, 0.05718756,147.3087,5,4,True,True,122
47710,-2.032727,-1.746773,1015.638,-1,-0.3740234, -0.01367188, -0.8837891, -0.02874994, -0.1946874, 0.1040626,147.3087,5,4,True,True,122
47790,-1.88975,-1.746773,1015.638,38.75678,-0.375, -0.01513672, -0.8862305, 0.01812506, -0.1946874, 0.07281256,147.3087,5,4,True,True,122
47868,-1.818261,-1.746773,1015.638,-1,-0.3764648, -0.01611328, -0.8833008, 0.002500057, -0.1478124, 0.07281256,147.3087,5,4,True,True,122
47946,-1.219325,-0.620388,1015.596,-1,-0.3754883, -0.01708984, -0.8852539, 0.002500057, -0.1634374, 0.04156256,147.3087,5,4,True,True,122
48025,-2.626767,-4.03421,1015.722,38.74309,-0.3759766, -0.015625, -0.8852539, 0.04937506, -0.1790624, 0.1196876,147.3087,5,4,True,True,122
48214,-2.04814,-1.469513,1015.628,-1,-0.375, -0.01513672, -0.8837891, 0.04937506, -0.1634374, 0.05718756,147.3087,5,4,True,True,122
48294,-2.469318,-2.890495,1015.68,-1,-0.3754883, -0.01416016, -0.8847656, -0.02874994, -0.1946874, 0.08843756,147.3087,5,4,True,True,122
48374,-0.9903236,0.4886703,1015.556,-1,-0.3759766, -0.01611328, -0.8857422, -0.04437494, -0.1321874, 0.1353126,147.3087,5,4,True,True,122
48454,-0.9613178,-0.932312,1015.608,-1,-0.375, -0.01611328, -0.8818359, -0.05999994, -0.1478124, 0.07281256,147.3087,5,4,True,True,122
48543,-2.2205,-3.479683,1015.701,-1,-0.3730469, -0.01513672, -0.8842773, 0.01812506, -0.1634374, 0.07281256,147.3087,5,4,True,True,122
48627,-1.299141,-0.3777809,1015.588,38.7294,-0.3754883, -0.01757813, -0.8857422, 0.01812506, -0.1634374, 0.07281256,147.3087,5,4,True,True,122
48709,-1.540287,-1.781433,1015.639,-1,-0.3759766, -0.015625, -0.8857422, 0.01812506, -0.1634374, 0.04156256,147.3087,5,4,True,True,122
48810,-2.258711,-2.977135,1015.683,-1,-0.375, -0.01806641, -0.8828125, -0.01312494, -0.1634374, 0.07281256,147.3087,5,4,True,True,122
48893,-2.323329,-2.387947,1015.661,38.71115,-0.3754883, -0.01318359, -0.8847656, 0.04937506, -0.1321874, 0.1040626,147.3087,5,4,True,True,122
49026,-1.237916,-0.152504,1015.579,-1,-0.375, -0.01611328, -0.8833008, 0.04937506, -0.2103124, 0.08843756,147.3087,5,4,True,True,122
49094,-2.558083,-3.87825,1015.716,38.68834,-0.3764648, -0.01660156, -0.8876953, -0.02874994, -0.1946874, 0.07281256,147.3087,5,4,True,True,122
49159,-2.221745,-1.885406,1015.643,38.68834,-0.3754883, -0.01416016, -0.8862305, 0.002500057, -0.1478124, 0.1196876,147.3087,5,4,True,True,122
49336,-2.34817,-2.474594,1015.665,-1,-0.3745117, -0.015625, -0.8837891, 0.002500057, -0.1321874, 0.05718756,147.3087,5,4,True,True,122
49404,-1.865518,-1.382866,1015.624,38.67921,-0.3759766, -0.01611328, -0.8813477, 0.04937506, -0.2415624, 0.08843756,147.3087,5,4,True,True,122
49472,-1.762825,-1.660133,1015.635,-1,-0.3759766, -0.01660156, -0.8833008, 0.002500057, -0.1946874, 0.08843756,147.3087,5,4,True,True,122
49540,-1.850109,-1.937393,1015.644,-1,-0.3740234, -0.015625, -0.8876953, 0.002500057, -0.2259374, 0.1040626,147.3087,5,4,True,True,122
49610,-1.911081,-1.972054,1015.646,38.67009,-0.3740234, -0.01660156, -0.8867188, -0.02874994, -0.1634374, 0.07281256,147.3087,5,4,True,True,122
49681,-1.378373,-0.845665,1015.604,38.6564,-0.3740234, -0.015625, -0.8857422, -0.01312494, -0.1634374, 0.04156256,147.3087,5,4,True,True,122
49751,-1.97847,-2.578568,1015.668,-1,-0.3759766, -0.01611328, -0.8852539, 0.01812506, -0.2103124, 0.1196876,147.3087,5,4,True,True,122
49822,-2.408489,-2.838509,1015.678,38.65184,-0.3754883, -0.01757813, -0.8857422, 0.002500057, -0.1321874, 0.1040626,147.3087,5,4,True,True,122
49893,-2.077631,-1.746773,1015.638,-1,-0.3745117, -0.01318359, -0.8847656, 0.01812506, -0.1634374, 0.08843756,147.3087,5,4,True,True,122
49967,-2.189469,-2.301308,1015.658,38.63815,-0.3745117, -0.01611328, -0.887207, 0.01812506, -0.1165624, 0.08843756,147.3087,5,4,True,True,122
50041,-0.8330712,0.5233269,1015.554,38.63815,-0.3764648, -0.01513672, -0.8847656, 0.01812506, -0.1790624, 0.1196876,147.3087,5,4,True,True,122
50117,-3.291425,-5.749779,1015.785,-1,-0.375, -0.015625, -0.8857422, 0.03375006, -0.1946874, 0.1040626,147.3087,5,4,True,True,122
50305,-3.116953,-2.942482,1015.681,-1,-0.3754883, -0.01611328, -0.8857422, 0.01812506, -0.1946874, 0.07281256,147.3087,5,4,True,True,122
50379,-2.024633,-0.932312,1015.608,-1,-0.3759766, -0.01708984, -0.8867188, -0.02874994, -0.1634374, 0.07281256,147.3087,5,4,True,True,122
50455,-1.209872,-0.3951111,1015.588,-1,-0.375, -0.01513672, -0.8842773, 0.002500057, -0.2103124, 0.08843756,147.3087,5,4,True,True,122
50533,-1.365686,-1.5215,1015.63,38.60165,-0.3754883, -0.01660156, -0.8862305, 0.01812506, -0.2103124, 0.1040626,147.3087,5,4,True,True,122
50609,-1.469586,-1.573486,1015.631,-1,-0.3745117, -0.015625, -0.8852539, -0.02874994, -0.1946874, 0.07281256,147.3087,5,4,True,True,122
50685,-1.928766,-2.387947,1015.661,-1,-0.375, -0.015625, -0.8857422, 0.03375006, -0.2103124, 0.1040626,147.3087,5,4,True,True,122
50761,-1.88976,-1.850754,1015.641,-1,-0.375, -0.01464844, -0.8857422, -0.02874994, -0.1634374, 0.04156256,147.3087,5,4,True,True,122
50840,-2.164847,-2.439934,1015.663,-1,-0.375, -0.01660156, -0.8852539, 0.06500006, -0.1321874, 0.08843756,147.3087,5,4,True,True,122
50920,-1.591903,-1.018959,1015.611,-1,-0.375, -0.01416016, -0.8857422, 0.002500057, -0.1634374, 0.05718756,147.3087,5,4,True,True,122
51000,-2.171882,-2.751862,1015.675,-1,-0.375, -0.01660156, -0.8852539, -0.01312494, -0.06968737, 0.07281256,147.3087,5,4,True,True,122
51082,-1.318155,-0.4644279,1015.591,-1,-0.3759766, -0.01464844, -0.8862305, -0.02874994, -0.1946874, 0.1040626,147.3087,5,4,True,True,122
51165,-0.6226911,0.07277298,1015.571,38.56971,-0.375, -0.01611328, -0.8852539, 0.01812506, -0.2259374, 0.07281256,147.3087,5,4,True,True,122
51357,-0.5955462,-0.5684013,1015.595,-1,-0.3745117, -0.01513672, -0.8847656, 0.002500057, -0.1321874, 0.08843756,147.3087,5,4,True,True,122
51438,-1.448427,-2.301308,1015.658,-1,-0.3740234, -0.01611328, -0.8867188, 0.01812506, -0.1946874, 0.08843756,147.3087,5,4,True,True,122
51572,-1.5976,-1.746773,1015.638,38.52864,-0.3759766, -0.015625, -0.8886719, 0.04937506, -0.2103124, 0.04156256,147.3087,5,4,True,True,122
51634,-2.244048,-2.890495,1015.68,-1,-0.3754883, -0.01806641, -0.8867188, 0.002500057, -0.1009374, 0.07281256,147.3087,5,4,True,True,122
51707,-2.428638,-2.613228,1015.67,38.51952,-0.3754883, -0.01464844, -0.8862305, -0.01312494, -0.2103124, 0.05718756,147.3087,5,4,True,True,122
51774,-0.5454231,1.337791,1015.524,-1,-0.3745117, -0.01660156, -0.8881836, 0.01812506, -0.1478124, 0.05718756,147.3087,5,4,True,True,122
51839,-0.6002338,-0.6550446,1015.598,-1,-0.375, -0.01660156, -0.887207, 0.04937506, -0.1478124, 0.07281256,147.3087,5,4,True,True,122
51907,-1.49409,-2.387947,1015.661,-1,-0.3759766, -0.01611328, -0.8862305, -0.02874994, -0.1790624, 0.02593756,147.3087,5,4,True,True,122
51974,-0.5287034,0.4366837,1015.558,-1,-0.3740234, -0.01464844, -0.8881836, 0.01812506, -0.1165624, 0.05718756,147.3087,5,4,True,True,122
52042,-0.6438607,-0.7590179,1015.601,-1,-0.3754883, -0.01660156, -0.8911133, 0.002500057, -0.1946874, 0.07281256,147.3087,5,4,True,True,122
52114,0.4422756,1.528412,1015.518,-1,-0.3759766, -0.01464844, -0.8881836, -0.01312494, -0.2259374, 0.1353126,147.3087,5,4,True,True,122
52183,-2.151211,-4.744698,1015.748,-1,-0.3754883, -0.01953125, -0.890625, 0.03375006, -0.1478124, 0.1353126,147.3087,5,4,True,True,122
52365,-2.356226,-2.561241,1015.668,-1,-0.3759766, -0.015625, -0.8886719, -0.02874994, -0.1946874, 0.1196876,147.3087,5,4,True,True,122
52435,-1.323682,-0.2911377,1015.584,-1,-0.375, -0.01757813, -0.8876953, -0.05999994, -0.1634374, 0.05718756,147.3087,5,4,True,True,122
52505,-2.514319,-3.704956,1015.71,-1,-0.3745117, -0.01611328, -0.8881836, 0.002500057, -0.1321874, 0.07281256,147.3087,5,4,True,True,122
52579,-1.679992,-0.845665,1015.605,38.42369,-0.3754883, -0.01611328, -0.8891602, -0.04437494, -0.1946874, 0.08843756,147.3087,5,4,True,True,122
52655,-2.39788,-3.115768,1015.688,38.41457,-0.3745117, -0.01660156, -0.887207, 0.04937506, -0.1321874, 0.04156256,147.3087,5,4,True,True,122
52730,-2.21096,-2.02404,1015.648,-1,-0.3745117, -0.01513672, -0.8876953, 0.03375006, -0.1321874, 0.05718756,147.3087,5,4,True,True,122
52805,-0.9737834,0.2633934,1015.564,-1,-0.375, -0.01660156, -0.8886719, -0.01312494, -0.1321874, 0.1196876,147.3087,5,4,True,True,122
52882,-1.360278,-1.746773,1015.638,-1,-0.3745117, -0.01513672, -0.887207, -0.01312494, -0.1634374, 0.1196876,147.3087,5,4,True,True,122
52957,-1.414896,-1.469513,1015.628,-1,-0.375, -0.01513672, -0.8881836, -0.04437494, -0.1478124, 0.1196876,147.3087,5,4,True,True,122
53032,-2.308656,-3.202415,1015.691,-1,-0.3745117, -0.01708984, -0.8862305, 0.01812506, -0.08531237, 0.02593756,147.3087,5,4,True,True,122
53108,-1.343218,-0.3777809,1015.588,-1,-0.3745117, -0.01464844, -0.8857422, 0.002500057, -0.1165624, 0.08843756,147.3087,5,4,True,True,122
53187,-1.709623,-2.076027,1015.65,38.38263,-0.3759766, -0.01269531, -0.8867188, -0.01312494, -0.1321874, 0.04156256,147.3087,5,4,True,True,122
53377,-1.615561,-1.5215,1015.629,38.38263,-0.375, -0.01660156, -0.8862305, -0.02874994, -0.1321874, 0.08843756,147.3087,5,4,True,True,122
53458,-0.996671,-0.3777809,1015.588,-1,-0.3745117, -0.01513672, -0.8876953, 0.06500006, -0.1946874, 0.05718756,147.3087,5,4,True,True,122
53538,-1.259085,-1.5215,1015.629,-1,-0.3740234, -0.01513672, -0.8862305, 0.002500057, -0.2103124, 0.08843756,147.3087,5,4,True,True,122
53618,-1.684886,-2.110687,1015.651,-1,-0.3745117, -0.015625, -0.8876953, -0.02874994, -0.1790624, 0.05718756,147.3087,5,4,True,True,122
53718,-2.764238,-3.84359,1015.714,38.36894,-0.3745117, -0.01660156, -0.8886719, 0.002500057, -0.1009374, 0.1040626,147.3087,5,4,True,True,122
53802,-2.004235,-1.244232,1015.619,38.38719,-0.3754883, -0.01611328, -0.8881836, 0.03375006, -0.1321874, 0.07281256,147.3087,5,4,True,True,122
53885,-2.057461,-2.110687,1015.651,-1,-0.3759766, -0.01611328, -0.887207, 0.01812506, -0.1165624, 0.02593756,147.3087,5,4,True,True,122
53968,-1.806811,-1.55616,1015.631,-1,-0.3745117, -0.01464844, -0.8867188, 0.04937506, -0.1321874, 0.1040626,147.3087,5,4,True,True,122
54105,-2.547936,-3.289063,1015.695,38.35526,-0.3745117, -0.01611328, -0.8857422, -0.01312494, -0.1634374, 0.05718756,147.3087,5,4,True,True,122
54170,-1.506182,-0.4644279,1015.591,-1,-0.3754883, -0.01513672, -0.887207, -0.01312494, -0.1634374, 0.1040626,147.3087,5,4,True,True,122
54236,-2.692216,-3.87825,1015.716,-1,-0.3745117, -0.01708984, -0.887207, -0.02874994, -0.1790624, 0.1196876,147.3087,5,4,True,True,122
54299,-2.037541,-1.382866,1015.624,-1,-0.3745117, -0.01660156, -0.887207, 0.03375006, -0.2259374, 0.07281256,147.3087,5,4,True,True,122
54481,-0.7484419,0.540657,1015.554,38.28225,-0.3745117, -0.01464844, -0.8876953, 0.03375006, -0.1946874, 0.1353126,147.3087,5,4,True,True,122
54550,0.02607429,0.8005905,1015.544,38.29137,-0.3754883, -0.015625, -0.8886719, 0.01812506, -0.1321874, 0.05718756,147.3087,5,4,True,True,122
54618,-0.01989323,-0.06586075,1015.576,-1,-0.3759766, -0.01660156, -0.887207, 0.01812506, -0.1478124, 0.1040626,147.3087,5,4,True,True,122
54687,-0.4674395,-0.9149857,1015.607,-1,-0.3730469, -0.01611328, -0.8896484, 0.002500057, -0.1634374, 0.1040626,147.3087,5,4,True,True,122
54759,-0.2839783,-0.1005173,1015.578,-1,-0.3754883, -0.01806641, -0.8896484, -0.02874994, -0.1321874, 0.05718756,147.3087,5,4,True,True,122
54837,1.220068,2.724113,1015.474,38.25486,-0.3759766, -0.01660156, -0.8867188, 0.04937506, -0.2415624, 0.05718756,147.3087,5,4,True,True,122
54909,0.2651813,-0.6897049,1015.599,-1,-0.3745117, -0.01611328, -0.8847656, 0.03375006, -0.1321874, 0.07281256,147.3087,5,4,True,True,122
54981,-1.780541,-3.826263,1015.714,38.25486,-0.3745117, -0.01513672, -0.8867188, -0.02874994, -0.1946874, 0.07281256,147.3087,5,4,True,True,122
55053,-1.96294,-2.14534,1015.653,-1,-0.3740234, -0.01464844, -0.8881836, 0.01812506, -0.1165624, 0.1040626,147.3087,5,4,True,True,122
55125,-0.9450837,0.07277298,1015.571,-1,-0.3745117, -0.01757813, -0.887207, 0.002500057, -0.1478124, 0.05718756,147.3087,5,4,True,True,122
55198,-0.7307492,-0.5164146,1015.592,-1,-0.3740234, -0.01513672, -0.8901367, 0.002500057, -0.1165624, 0.04156256,147.3087,5,4,True,True,122
55273,-3.604175,-6.4776,1015.811,38.20924,-0.375, -0.01660156, -0.887207, -0.01312494, -0.1478124, 0.1040626,147.3087,5,4,True,True,122
55459,-2.346223,-1.088272,1015.614,-1,-0.3759766, -0.01757813, -0.8857422, -0.01312494, -0.1634374, 0.05718756,147.3087,5,4,True,True,122
55534,-1.717248,-1.088272,1015.614,-1,-0.375, -0.01513672, -0.8886719, -0.01312494, -0.1634374, 0.1196876,147.3087,5,4,True,True,122
55610,-1.567387,-1.417526,1015.626,-1,-0.3745117, -0.01660156, -0.8901367, -0.05999994, -0.1009374, 0.08843756,147.3087,5,4,True,True,122
55687,-0.9205973,-0.2738075,1015.584,-1,-0.3754883, -0.01464844, -0.8876953, 0.03375006, -0.1321874, 0.07281256,147.3087,5,4,True,True,122
55762,-2.598707,-4.276817,1015.731,-1,-0.3754883, -0.01660156, -0.8876953, 0.002500057, -0.1165624, 0.1040626,147.3087,5,4,True,True,122
55840,-2.302711,-2.006714,1015.647,38.18185,-0.3774414, -0.01611328, -0.8867188, -0.02874994, -0.1165624, 0.07281256,147.3087,5,4,True,True,122
55920,-1.019659,0.2633934,1015.564,38.17273,-0.3745117, -0.01611328, -0.8886719, 0.08062506, -0.1478124, 0.1040626,147.3087,5,4,True,True,122
56000,-1.244586,-1.469513,1015.627,38.17729,-0.3745117, -0.01660156, -0.8896484, -0.04437494, -0.1790624, 0.04156256,147.3087,5,4,True,True,122
56080,-2.058874,-2.873161,1015.679,-1,-0.3740234, -0.01757813, -0.8862305, 0.08062506, -0.08531237, 0.05718756,147.3087,5,4,True,True,122
56163,-1.48693,-0.9149857,1015.607,-1,-0.3754883, -0.015625, -0.8876953, -0.01312494, -0.1634374, 0.05718756,147.3087,5,4,True,True,122
56246,-2.474639,-3.462349,1015.701,-1,-0.3759766, -0.01513672, -0.8881836, -0.01312494, -0.1790624, 0.08843756,147.3087,5,4,True,True,122
56326,-3.107128,-3.739616,1015.711,-1,-0.3754883, -0.015625, -0.8876953, -0.01312494, -0.1009374, 0.05718756,147.3087,5,4,True,True,122
56522,-2.574247,-2.041367,1015.649,-1,-0.3745117, -0.01611328, -0.8862305, 0.002500057, -0.1634374, 0.08843756,147.3087,5,4,True,True,122
56608,-1.450021,-0.3257942,1015.586,38.17273,-0.375, -0.01708984, -0.8867188, 0.01812506, -0.1321874, 0.08843756,147.3087,5,4,True,True,122
56739,-0.1774182,1.095184,1015.534,-1,-0.3745117, -0.01708984, -0.8852539, 0.04937506, -0.1321874, 0.08843756,147.3087,5,4,True,True,122
56807,-0.5462019,-0.9149857,1015.607,38.16817,-0.375, -0.01611328, -0.887207, 0.03375006, -0.1478124, 0.07281256,147.3087,5,4,True,True,122
56873,-0.4533282,-0.3604546,1015.587,38.15448,-0.3735352, -0.01708984, -0.8857422, 0.04937506, -0.1321874, 0.07281256,147.3087,5,4,True,True,122
56938,-1.541941,-2.630554,1015.67,-1,-0.3745117, -0.015625, -0.8876953, 0.04937506, -0.1634374, 0.08843756,147.3087,5,4,True,True,122
57005,-0.9511978,-0.3604546,1015.587,-1,-0.3740234, -0.01708984, -0.8857422, -0.01312494, -0.1009374, 0.1040626,147.3087,5,4,True,True,122
57070,-1.790876,-2.630554,1015.67,-1,-0.3745117, -0.01708984, -0.8842773, 0.002500057, -0.1478124, 0.07281256,147.3087,5,4,True,True,122
57139,-2.782573,-3.774269,1015.712,38.14535,-0.3745117, -0.015625, -0.887207, 0.06500006, -0.1634374, 0.07281256,147.3087,5,4,True,True,122
57209,-2.437963,-2.093353,1015.65,-1,-0.375, -0.01660156, -0.887207, 0.03375006, -0.1321874, 0.1353126,147.3087,5,4,True,True,122
57279,-2.265658,-2.093353,1015.65,38.14535,-0.3745117, -0.01464844, -0.8833008, 0.01812506, -0.1478124, 0.08843756,147.3087,5,4,True,True,122
57349,-2.4741,-2.682541,1015.672,-1,-0.3745117, -0.01367188, -0.887207, 0.01812506, -0.1946874, 0.1040626,147.3087,5,4,True,True,122
57534,-0.3082187,1.857662,1015.505,38.14079,-0.375, -0.01660156, -0.8852539, 0.03375006, -0.1634374, 0.07281256,147.3087,5,4,True,True,122
57606,-0.9321894,-1.55616,1015.63,-1,-0.375, -0.015625, -0.8842773, 0.03375006, -0.1165624, 0.1040626,147.3087,5,4,True,True,122
57677,-2.379226,-3.826263,1015.714,-1,-0.3740234, -0.01660156, -0.8857422, 0.03375006, -0.1321874, 0.08843756,147.3087,5,4,True,True,122
57751,-2.825478,-3.271729,1015.694,-1,-0.3740234, -0.01660156, -0.8862305, 0.08062506, -0.1478124, 0.02593756,147.3087,5,4,True,True,122
57822,-2.754009,-2.682541,1015.672,-1,-0.375, -0.01660156, -0.8876953, 0.002500057, -0.1634374, 0.1040626,147.3087,5,4,True,True,122
57897,-3.584726,-4.415443,1015.736,-1,-0.3754883, -0.01513672, -0.8852539, 0.03375006, -0.1321874, 0.05718756,147.3087,5,4,True,True,122
57983,-2.015912,-0.4470978,1015.59,-1,-0.3745117, -0.01611328, -0.8862305, 0.002500057, -0.1634374, 0.07281256,147.3087,5,4,True,True,122
58057,-1.231505,-0.4470978,1015.59,38.11797,-0.3735352, -0.01611328, -0.8847656, 0.03375006, -0.1478124, 0.02593756,147.3087,5,4,True,True,122
58156,-1.428489,-1.625473,1015.634,38.10884,-0.375, -0.01708984, -0.8837891, 0.002500057, -0.1790624, 0.07281256,147.3087,5,4,True,True,122
58233,-1.830238,-2.231987,1015.655,-1,-0.3745117, -0.01660156, -0.8857422, 0.03375006, -0.1946874, 0.1196876,147.3087,5,4,True,True,122
58313,-2.87157,-3.912903,1015.717,38.09059,-0.375, -0.01806641, -0.8857422, -0.02874994, -0.1009374, 0.08843756,147.3087,5,4,True,True,122
58389,-1.841288,-0.8110046,1015.604,-1,-0.3754883, -0.01708984, -0.887207, 0.01812506, -0.1790624, 0.1196876,147.3087,5,4,True,True,122
58583,-0.9189157,0.003456116,1015.573,38.09059,-0.375, -0.01367188, -0.8867188, -0.02874994, -0.1321874, 0.04156256,147.3087,5,4,True,True,122
58664,-2.433239,-3.947563,1015.719,-1,-0.375, -0.01660156, -0.8852539, 0.01812506, -0.05406237, 0.08843756,147.3087,5,4,True,True,122
58745,-2.349943,-2.266647,1015.657,-1,-0.3754883, -0.01660156, -0.8837891, 0.03375006, -0.1478124, 0.07281256,147.3087,5,4,True,True,122
58826,-2.031032,-1.71212,1015.637,-1,-0.3754883, -0.01611328, -0.8852539, 0.04937506, -0.1009374, 0.08843756,147.3087,5,4,True,True,122
58905,-3.006628,-3.982224,1015.72,-1,-0.3730469, -0.01464844, -0.8862305, 0.01812506, -0.1321874, 0.1040626,147.3087,5,4,True,True,122
58986,-2.229403,-1.452179,1015.627,-1,-0.3759766, -0.01708984, -0.8842773, 0.03375006, -0.1946874, 0.07281256,147.3087,5,4,True,True,122
59072,-1.702161,-1.174919,1015.617,-1,-0.3769531, -0.01464844, -0.8833008, 0.01812506, -0.1634374, 0.07281256,147.3087,5,4,True,True,122
59206,-1.871764,-2.041367,1015.648,-1,-0.375, -0.01611328, -0.8837891, -0.02874994, -0.1478124, 0.1040626,147.3087,5,4,True,True,122
59273,-2.251159,-2.630554,1015.67,-1,-0.3745117, -0.01611328, -0.8852539, 0.002500057, -0.1321874, 0.1040626,147.3087,5,4,True,True,122
59335,-1.868999,-1.486839,1015.628,-1,-0.3754883, -0.01660156, -0.8881836, -0.01312494, -0.1165624, 0.1040626,147.3087,5,4,True,True,122
59401,-0.96743,-0.06586075,1015.576,-1,-0.375, -0.01464844, -0.8852539, -0.02874994, -0.1165624, 0.1040626,147.3087,5,4,True,True,122
59468,0.02055556,1.008541,1015.536,-1,-0.375, -0.01708984, -0.8847656, -0.02874994, -0.1478124, 0.1353126,147.3087,5,4,True,True,122
59647,-0.6205053,-1.261566,1015.62,38.01758,-0.375, -0.015625, -0.8867188, 0.002500057, -0.1165624, 0.1196876,147.3087,5,4,True,True,122
59713,-1.23563,-1.850754,1015.641,-1,-0.3754883, -0.01464844, -0.8847656, 0.01812506, -0.1165624, 0.08843756,147.3087,5,4,True,True,122
59782,-1.109964,-0.9842987,1015.61,-1,-0.3740234, -0.01708984, -0.8852539, 0.03375006, -0.05406237, 0.1040626,147.3087,5,4,True,True,122
59852,-1.185765,-1.261566,1015.62,38.02671,-0.3740234, -0.01660156, -0.8852539, 0.01812506, -0.1165624, 0.05718756,147.3087,5,4,True,True,122
59922,-3.788359,-6.390953,1015.808,-1,-0.3740234, -0.01611328, -0.8857422, 0.002500057, -0.2415624, 0.1665626,147.3087,5,4,True,True,122
59993,-2.386329,-0.9842987,1015.61,-1,-0.3759766, -0.01513672, -0.8842773, -0.01312494, -0.1634374, 0.07281256,147.3087,5,4,True,True,122
60063,-3.253589,-4.12085,1015.725,-1,-0.3754883, -0.01708984, -0.8857422, 0.01812506, -0.1321874, 0.08843756,147.3087,5,4,True,True,122
60133,-2.552171,-1.850754,1015.641,37.99476,-0.3754883, -0.01611328, -0.8847656, -0.01312494, -0.1478124, 0.1196876,147.3087,5,4,True,True,122
60205,-1.222371,0.1074295,1015.57,-1,-0.3745117, -0.015625, -0.8837891, -0.02874994, -0.1634374, 0.08843756,147.3087,5,4,True,True,122
60279,-1.831152,-2.439934,1015.663,37.99933,-0.3745117, -0.01708984, -0.8862305, 0.01812506, -0.1790624, 0.05718756,147.3087,5,4,True,True,122
60353,-2.993331,-4.15551,1015.726,-1,-0.375, -0.015625, -0.8852539, -0.02874994, -0.1946874, 0.02593756,147.3087,5,4,True,True,122
60429,-2.439369,-1.885406,1015.643,-1,-0.3745117, -0.01611328, -0.8842773, 0.06500006, -0.1790624, 0.05718756,147.3087,5,4,True,True,122
60616,-2.474312,-2.509254,1015.666,-1,-0.3754883, -0.01660156, -0.8886719, 0.002500057, -0.1165624, 0.05718756,147.3087,5,4,True,True,122
60691,-1.651325,-0.8283386,1015.604,-1,-0.3745117, -0.01513672, -0.8886719, -0.02874994, -0.1165624, 0.05718756,147.3087,5,4,True,True,122
60770,-0.9712314,-0.2911377,1015.585,-1,-0.3759766, -0.015625, -0.8876953, 0.002500057, -0.1321874, 0.05718756,147.3087,5,4,True,True,122
60846,-1.514966,-2.058701,1015.649,-1,-0.3759766, -0.015625, -0.8886719, -0.04437494, -0.08531237, 0.05718756,147.3087,5,4,True,True,122
60926,-2.220057,-2.925148,1015.681,37.91719,-0.3735352, -0.01660156, -0.8881836, 0.01812506, -0.1165624, 0.05718756,147.3087,5,4,True,True,122
61005,-4.279511,-6.338966,1015.806,37.91719,-0.3740234, -0.01611328, -0.887207, 0.01812506, -0.1321874, 0.07281256,147.3087,5,4,True,True,122
61094,-3.195099,-2.110687,1015.651,-1,-0.3745117, -0.01708984, -0.8867188, -0.01312494, -0.1946874, 0.1353126,147.3087,5,4,True,True,122
61173,-2.081036,-0.9669724,1015.609,-1,-0.3735352, -0.01708984, -0.887207, -0.01312494, -0.1321874, 0.07281256,147.3087,5,4,True,True,122
61257,-2.251822,-2.422607,1015.662,37.8898,-0.3745117, -0.01757813, -0.8876953, 0.04937506, -0.1790624, 0.1040626,147.3087,5,4,True,True,122
61341,-1.626723,-1.001625,1015.611,37.8898,-0.3759766, -0.015625, -0.8867188, -0.02874994, -0.1165624, 0.08843756,147.3087,5,4,True,True,122
61422,-2.024665,-2.422607,1015.662,-1,-0.3745117, -0.01464844, -0.8867188, 0.01812506, -0.1634374, 0.07281256,147.3087,5,4,True,True,122
61508,-2.085003,-2.14534,1015.652,37.8898,-0.375, -0.01513672, -0.8886719, -0.02874994, -0.1478124, 0.05718756,147.3087,5,4,True,True,122
61704,-3.250223,-4.415443,1015.736,-1,-0.3745117, -0.01660156, -0.8881836, -0.01312494, -0.1946874, 0.07281256,147.3087,5,4,True,True,122
61839,-3.564237,-3.87825,1015.716,-1,-0.3759766, -0.01708984, -0.8862305, 0.01812506, -0.1790624, 0.08843756,147.3087,5,4,True,True,122
61904,-3.443976,-3.323715,1015.696,37.86242,-0.3735352, -0.015625, -0.8876953, 0.01812506, -0.1478124, 0.04156256,147.3087,5,4,True,True,122
61969,-3.955703,-4.46743,1015.737,-1,-0.3745117, -0.015625, -0.887207, 0.04937506, -0.1634374, 0.07281256,147.3087,5,4,True,True,122
62036,-3.639709,-3.323715,1015.696,-1,-0.3745117, -0.01660156, -0.8857422, 0.01812506, -0.1634374, 0.08843756,147.3087,5,4,True,True,122
62102,-3.481712,-3.323715,1015.696,-1,-0.3759766, -0.01513672, -0.8862305, 0.04937506, -0.2103124, 0.1353126,147.3087,5,4,True,True,122
62170,-4.269165,-5.056618,1015.759,37.8533,-0.3754883, -0.01513672, -0.8857422, 0.03375006, -0.1478124, 0.1353126,147.3087,5,4,True,True,122
62240,-3.52784,-2.786514,1015.676,-1,-0.3745117, -0.01611328, -0.8867188, 0.002500057, -0.1321874, 0.08843756,147.3087,5,4,True,True,122
62310,-3.018547,-2.509254,1015.666,-1,-0.3730469, -0.01660156, -0.8862305, 0.03375006, -0.1478124, 0.1040626,147.3087,5,4,True,True,122
62380,-2.902531,-2.786514,1015.676,-1,-0.3754883, -0.01513672, -0.887207, 0.03375006, -0.2103124, 0.07281256,147.3087,5,4,True,True,122
62451,-2.844522,-2.786514,1015.676,-1,-0.3759766, -0.01708984, -0.8857422, 0.002500057, -0.1165624, 0.05718756,147.3087,5,4,True,True,122
62521,-3.81194,-4.779358,1015.749,-1,-0.3745117, -0.015625, -0.887207, 0.04937506, -0.1634374, 0.08843756,147.3087,5,4,True,True,122
62706,-3.879752,-3.947563,1015.719,37.83504,-0.3745117, -0.01855469, -0.887207, 0.03375006, -0.1009374, 0.1196876,147.3087,5,4,True,True,122
62777,-4.052291,-4.224831,1015.729,37.83504,-0.3720703, -0.01416016, -0.8852539, 0.002500057, -0.1009374, 0.05718756,147.3087,5,4,True,True,122
62852,-3.999927,-3.947563,1015.719,37.82592,-0.3740234, -0.01611328, -0.8857422, 0.04937506, -0.1634374, 0.04156256,147.3087,5,4,True,True,122
62943,-3.705145,-3.410362,1015.699,-1,-0.375, -0.01611328, -0.8867188, 0.03375006, -0.1165624, 0.1040626,147.3087,5,4,True,True,122
63019,-3.289153,-2.873161,1015.679,-1,-0.3740234, -0.01464844, -0.8862305, -0.04437494, -0.1634374, 0.04156256,147.3087,5,4,True,True,122
63093,-3.237121,-3.185089,1015.69,-1,-0.3740234, -0.01611328, -0.887207, 0.1118751, -0.1478124, 0.05718756,147.3087,5,4,True,True,122
63168,-2.500614,-1.764107,1015.638,-1,-0.3745117, -0.01513672, -0.8852539, 0.002500057, -0.2728124, 0.08843756,147.3087,5,4,True,True,122
63248,-2.704218,-2.907822,1015.68,37.79853,-0.3745117, -0.01611328, -0.8847656, -0.02874994, -0.1946874, 0.1040626,147.3087,5,4,True,True,122
63326,-3.507844,-4.31147,1015.732,-1,-0.375, -0.01611328, -0.8862305, 0.002500057, -0.2259374, 0.05718756,147.3087,5,4,True,True,122
63405,-3.771027,-4.03421,1015.722,-1,-0.375, -0.015625, -0.8867188, 0.03375006, -0.2259374, 0.1040626,147.3087,5,4,True,True,122
63480,-4.041248,-4.31147,1015.732,-1,-0.3745117, -0.01367188, -0.8867188, 0.03375006, -0.2415624, 0.1196876,147.3087,5,4,True,True,122
63560,-3.474535,-2.907822,1015.68,37.8031,-0.3759766, -0.01611328, -0.8862305, 0.04937506, -0.1009374, 0.05718756,147.3087,5,4,True,True,122
63751,-3.624402,-3.774269,1015.712,-1,-0.3745117, -0.01660156, -0.8876953, 0.03375006, -0.1478124, 0.07281256,147.3087,5,4,True,True,122
63831,-3.829306,-4.03421,1015.722,-1,-0.375, -0.01513672, -0.8833008, 0.03375006, -0.05406237, 0.1040626,147.3087,5,4,True,True,122
63911,-3.663158,-3.497009,1015.702,-1,-0.3730469, -0.01660156, -0.8847656, 0.06500006, -0.2415624, 0.08843756,147.3087,5,4,True,True,122
63995,-3.580083,-3.497009,1015.702,37.78941,-0.3774414, -0.01660156, -0.8881836, 0.01812506, -0.1946874, 0.1040626,147.3087,5,4,True,True,122
64078,-3.538546,-3.497009,1015.702,-1,-0.3759766, -0.01464844, -0.8896484, -0.02874994, -0.2259374, 0.05718756,147.3087,5,4,True,True,122
64161,-2.807287,-2.076027,1015.65,37.78941,-0.3754883, -0.01611328, -0.887207, 0.06500006, -0.1790624, 0.07281256,147.3087,5,4,True,True,122
64243,-2.31169,-1.816093,1015.64,-1,-0.3735352, -0.01513672, -0.8867188, 0.01812506, -0.1478124, 0.1196876,147.3087,5,4,True,True,122
64387,-3.21627,-4.12085,1015.725,37.75747,-0.3754883, -0.015625, -0.8867188, 0.03375006, -0.2259374, 0.07281256,147.3087,5,4,True,True,122
64451,-2.394878,-1.573486,1015.632,-1,-0.3745117, -0.01464844, -0.887207, 0.01812506, -0.1634374, 0.05718756,147.3087,5,4,True,True,122
64517,-1.984182,-1.573486,1015.632,37.7529,-0.3754883, -0.01611328, -0.887207, -0.01312494, -0.1946874, 0.08843756,147.3087,5,4,True,True,122
64584,-1.077008,-0.1698341,1015.58,-1,-0.3754883, -0.01708984, -0.887207, 0.002500057, -0.1946874, 0.1040626,147.3087,5,4,True,True,122
64652,-3.465384,-5.85376,1015.788,37.7529,-0.3740234, -0.01513672, -0.8847656, 0.01812506, -0.1478124, 0.1040626,147.3087,5,4,True,True,122
64830,-3.52452,-3.583656,1015.705,-1,-0.3754883, -0.01757813, -0.8857422, -0.05999994, -0.1165624, 0.07281256,147.3087,5,4,True,True,122
64899,-2.843597,-2.162674,1015.653,-1,-0.3754883, -0.015625, -0.8842773, 0.04937506, -0.1946874, 0.08843756,147.3087,5,4,True,True,122
64965,-2.641765,-2.439934,1015.663,-1,-0.3735352, -0.01611328, -0.8842773, 0.03375006, -0.1946874, 0.05718756,147.3087,5,4,True,True,122
65033,-2.835443,-3.029121,1015.685,-1,-0.3754883, -0.01513672, -0.8862305, 0.01812506, -0.1165624, 0.02593756,147.3087,5,4,True,True,122
65101,-2.932282,-3.029121,1015.685,-1,-0.3740234, -0.01611328, -0.8852539, -0.01312494, -0.1321874, 0.05718756,147.3087,5,4,True,True,122
65171,-1.568387,-0.2044907,1015.581,-1,-0.3735352, -0.01660156, -0.8847656, 0.03375006, -0.1790624, 0.05718756,147.3087,5,4,True,True,122
65244,-3.7284,-5.888412,1015.79,-1,-0.3745117, -0.01513672, -0.8867188, 0.08062506, -0.2259374, 0.1040626,147.3087,5,4,True,True,122
65316,-2.832896,-1.937393,1015.645,-1,-0.3754883, -0.01708984, -0.887207, 0.08062506, -0.1634374, 0.08843756,147.3087,5,4,True,True,122
65392,-4.092054,-5.351212,1015.77,-1,-0.375, -0.01611328, -0.8867188, -0.01312494, -0.2259374, 0.1040626,147.3087,5,4,True,True,122
65466,-2.763453,-1.434853,1015.626,-1,-0.375, -0.01416016, -0.887207, -0.02874994, -0.1790624, 0.1353126,147.3087,5,4,True,True,122
65541,-3.528799,-4.294144,1015.731,-1,-0.3730469, -0.01513672, -0.887207, 0.002500057, -0.1478124, 0.07281256,147.3087,5,4,True,True,122
65617,-3.365607,-3.202415,1015.691,-1,-0.3754883, -0.01611328, -0.8862305, -0.01312494, -0.1321874, 0.05718756,147.3087,5,4,True,True,122
65803,-1.59443,0.1767464,1015.567,-1,-0.3754883, -0.01464844, -0.8876953, 0.002500057, -0.2415624, 0.04156256,147.3087,5,4,True,True,122
65877,-3.394841,-5.195251,1015.764,-1,-0.3745117, -0.01513672, -0.887207, -0.01312494, -0.1634374, 0.07281256,147.3087,5,4,True,True,122
65952,-4.017783,-4.640724,1015.744,-1,-0.3745117, -0.01660156, -0.8876953, 0.01812506, -0.1790624, 0.07281256,147.3087,5,4,True,True,122
66032,-4.467887,-4.917992,1015.754,-1,-0.375, -0.01660156, -0.8867188, 0.002500057, -0.1946874, 0.1040626,147.3087,5,4,True,True,122
66112,-4.692939,-4.917992,1015.754,37.66163,-0.3745117, -0.01318359, -0.8886719, 0.03375006, -0.1321874, 0.05718756,147.3087,5,4,True,True,122
66192,-3.68774,-2.682541,1015.672,-1,-0.3754883, -0.01513672, -0.8886719, 0.002500057, -0.1634374, 0.07281256,147.3087,5,4,True,True,122
66273,-3.185141,-2.682541,1015.672,-1,-0.3759766, -0.015625, -0.887207, -0.01312494, -0.06968737, 0.1040626,147.3087,5,4,True,True,122
66354,-2.52661,-1.86808,1015.642,-1,-0.375, -0.01513672, -0.8852539, 0.04937506, -0.1321874, 0.05718756,147.3087,5,4,True,True,122
66435,-2.621906,-2.717201,1015.674,-1,-0.3745117, -0.01660156, -0.8852539, -0.02874994, -0.05406237, 0.07281256,147.3087,5,4,True,True,122
66517,-2.808187,-2.994469,1015.684,37.62512,-0.3759766, -0.01416016, -0.8862305, 0.01812506, -0.2103124, 0.07281256,147.3087,5,4,True,True,122
66603,-2.632728,-2.457268,1015.664,37.62968,-0.3745117, -0.01611328, -0.8857422, -0.02874994, -0.1165624, 0.07281256,147.3087,5,4,True,True,122
66684,-2.544998,-2.457268,1015.664,-1,-0.3745117, -0.01611328, -0.8857422, -0.01312494, -0.2728124, 0.08843756,147.3087,5,4,True,True,122
66881,-2.908363,-3.271729,1015.694,-1,-0.375, -0.015625, -0.8862305, 0.03375006, -0.1321874, 0.1196876,147.3087,5,4,True,True,122
67015,-3.38464,-3.860916,1015.715,37.62055,-0.3764648, -0.01660156, -0.8847656, -0.01312494, -0.1946874, 0.07281256,147.3087,5,4,True,True,122
67080,-3.917372,-4.450104,1015.737,-1,-0.3759766, -0.01611328, -0.8867188, 0.002500057, -0.1946874, 0.07281256,147.3087,5,4,True,True,122
67146,-2.771422,-1.625473,1015.634,37.6023,-0.3735352, -0.01660156, -0.8876953, 0.01812506, -0.1478124, 0.07281256,147.3087,5,4,True,True,122
67210,-4.199951,-5.628479,1015.78,-1,-0.375, -0.01708984, -0.8852539, 0.01812506, -0.1165624, 0.07281256,147.3087,5,4,True,True,122
67296,-3.501899,-2.803848,1015.677,-1,-0.3735352, -0.015625, -0.8867188, 0.06500006, -0.1321874, 0.04156256,147.3087,5,4,True,True,122
67365,-4.019325,-4.536751,1015.74,37.57948,-0.3745117, -0.01464844, -0.8867188, 0.06500006, -0.1634374, 0.04156256,147.3087,5,4,True,True,122
67441,-4.546638,-5.073952,1015.76,37.58404,-0.3754883, -0.01464844, -0.8847656, 0.002500057, -0.1946874, 0.05718756,147.3087,5,4,True,True,122
67512,-4.541695,-4.536751,1015.74,-1,-0.3730469, -0.01660156, -0.887207, -0.02874994, -0.1165624, 0.05718756,147.3087,5,4,True,True,122
67581,-3.698765,-2.855835,1015.678,37.56123,-0.3740234, -0.01660156, -0.8852539, 0.04937506, -0.1165624, 0.08843756,147.3087,5,4,True,True,122
67651,-4.698278,-5.697792,1015.783,37.55666,-0.3745117, -0.01611328, -0.8867188, 0.01812506, -0.1321874, 0.1040626,147.3087,5,4,True,True,122
67722,-3.092559,-1.486839,1015.628,-1,-0.375, -0.015625, -0.8857422, 0.03375006, -0.1478124, 0.08843756,147.3087,5,4,True,True,122
67907,-3.580711,-4.068863,1015.723,-1,-0.3740234, -0.01464844, -0.8857422, 0.01812506, -0.1946874, 0.1196876,147.3087,5,4,True,True,122
67978,-3.824787,-4.068863,1015.723,-1,-0.3774414, -0.01513672, -0.8862305, 0.04937506, -0.1478124, 0.05718756,147.3087,5,4,True,True,122
68050,-3.539595,-3.254402,1015.693,-1,-0.3740234, -0.01660156, -0.8876953, 0.01812506, -0.1165624, 0.07281256,147.3087,5,4,True,True,122
68123,-3.821559,-4.103523,1015.724,37.52471,-0.3759766, -0.01757813, -0.8867188, -0.01312494, -0.1165624, 0.07281256,147.3087,5,4,True,True,122
68199,-2.827489,-1.83342,1015.641,37.53384,-0.375, -0.01513672, -0.8852539, -0.01312494, -0.1790624, 0.08843756,147.3087,5,4,True,True,122
68275,-2.174495,-1.5215,1015.63,-1,-0.375, -0.01660156, -0.8862305, 0.002500057, -0.1321874, 0.05718756,147.3087,5,4,True,True,122
68355,-1.440763,-0.7070313,1015.599,37.52471,-0.3745117, -0.01708984, -0.8867188, 0.002500057, -0.1165624, 0.08843756,147.3087,5,4,True,True,122
68434,-2.347583,-3.254402,1015.693,37.52928,-0.3745117, -0.01757813, -0.8881836, 0.01812506, -0.2103124, 0.07281256,147.3087,5,4,True,True,122
68512,-1.527307,-0.7070313,1015.599,-1,-0.3745117, -0.015625, -0.887207, -0.05999994, -0.1009374, 0.1196876,147.3087,5,4,True,True,122
68589,-1.680363,-1.83342,1015.641,-1,-0.3740234, -0.01611328, -0.8891602, -0.02874994, -0.08531237, 0.05718756,147.3087,5,4,True,True,122
68668,-2.59735,-3.514336,1015.703,-1,-0.375, -0.01611328, -0.8847656, 0.04937506, -0.1478124, 0.05718756,147.3087,5,4,True,True,122
68750,-2.787242,-2.977135,1015.683,37.51102,-0.3745117, -0.01513672, -0.8857422, 0.01812506, -0.1634374, 0.07281256,147.3087,5,4,True,True,122
68942,-2.760885,-2.734528,1015.674,-1,-0.3745117, -0.01708984, -0.887207, -0.02874994, -0.1321874, 0.08843756,147.3087,5,4,True,True,122
69022,-2.340476,-1.920067,1015.644,-1,-0.375, -0.015625, -0.8867188, 0.01812506, -0.1946874, 0.1040626,147.3087,5,4,True,True,122
69102,-1.558414,-0.7763519,1015.602,-1,-0.3759766, -0.01757813, -0.8847656, -0.01312494, -0.1478124, 0.04156256,147.3087,5,4,True,True,122
69184,-1.73924,-1.920067,1015.644,-1,-0.3745117, -0.01464844, -0.8852539, 0.03375006, -0.1634374, 0.02593756,147.3087,5,4,True,True,122
69268,-1.829654,-1.920067,1015.644,37.46995,-0.3745117, -0.015625, -0.8857422, 0.01812506, -0.1790624, 0.07281256,147.3087,5,4,True,True,122
69349,-2.299421,-2.769188,1015.676,-1,-0.375, -0.01660156, -0.8842773, -0.01312494, -0.1634374, 0.07281256,147.3087,5,4,True,True,122
69485,-2.404338,-2.509254,1015.666,-1,-0.3740234, -0.015625, -0.8857422, 0.01812506, -0.1478124, 0.1509376,147.3087,5,4,True,True,122
69549,-3.860448,-5.316559,1015.769,-1,-0.375, -0.01416016, -0.8881836, 0.01812506, -0.2415624, 0.08843756,147.3087,5,4,True,True,122
69613,-4.588504,-5.316559,1015.769,-1,-0.375, -0.015625, -0.8857422, -0.01312494, -0.1790624, 0.1040626,147.3087,5,4,True,True,122
69676,-3.95611,-3.323715,1015.696,-1,-0.3754883, -0.01464844, -0.8857422, -0.02874994, -0.2103124, 0.08843756,147.3087,5,4,True,True,122
69743,-2.366231,-0.7763519,1015.602,37.47451,-0.3740234, -0.015625, -0.8847656, 0.06500006, -0.1634374, 0.1196876,147.3087,5,4,True,True,122
69810,-3.000937,-3.635643,1015.707,-1,-0.3735352, -0.01611328, -0.8867188, 0.002500057, -0.1634374, 0.05718756,147.3087,5,4,True,True,122
69990,-3.041023,-3.081108,1015.687,37.45169,-0.3725586, -0.015625, -0.8876953, -0.01312494, -0.1009374, 0.1040626,147.3087,5,4,True,True,122
70059,-2.931098,-2.821175,1015.677,37.45626,-0.3745117, -0.01660156, -0.8876953, -0.02874994, -0.1321874, 0.04156256,147.3087,5,4,True,True,122
70130,-3.309364,-3.68763,1015.709,37.45169,-0.3740234, -0.01367188, -0.8833008, 0.03375006, -0.2415624, 0.1040626,147.3087,5,4,True,True,122
70197,-2.363445,-1.417526,1015.625,-1,-0.375, -0.01513672, -0.8867188, 0.01812506, -0.2103124, 0.07281256,147.3087,5,4,True,True,122
70270,-1.890486,-1.417526,1015.625,37.44713,-0.3730469, -0.01416016, -0.8867188, 0.002500057, -0.1321874, 0.1040626,147.3087,5,4,True,True,122
70341,-2.650424,-3.410362,1015.699,37.44713,-0.3735352, -0.01513672, -0.8847656, 0.01812506, -0.1634374, 0.07281256,147.3087,5,4,True,True,122
70413,-2.328569,-2.006714,1015.647,-1,-0.3745117, -0.01513672, -0.8852539, -0.01312494, -0.1946874, 0.1040626,147.3087,5,4,True,True,122
70492,-2.323601,-2.318634,1015.659,-1,-0.3735352, -0.01611328, -0.8852539, 0.002500057, -0.1009374, 0.07281256,147.3087,5,4,True,True,122
70566,-1.047434,0.2287331,1015.565,37.41975,-0.375, -0.01708984, -0.8842773, 0.04937506, -0.1478124, 0.05718756,147.3087,5,4,True,True,122
70642,-2.402189,-3.756943,1015.712,37.41518,-0.375, -0.01611328, -0.8857422, 0.03375006, -0.1321874, 0.07281256,147.3087,5,4,True,True,122
70717,-1.234025,-0.06586075,1015.576,-1,-0.3745117, -0.01611328, -0.887207, -0.02874994, -0.2259374, 0.08843756,147.3087,5,4,True,True,122
70793,-0.519974,0.1940765,1015.567,-1,-0.3745117, -0.015625, -0.887207, 0.002500057, -0.08531237, 0.07281256,147.3087,5,4,True,True,122
70978,-1.592594,-2.665215,1015.672,-1,-0.3740234, -0.01660156, -0.8847656, -0.02874994, -0.1634374, 0.05718756,147.3087,5,4,True,True,122
71054,-1.851641,-2.110687,1015.651,-1,-0.375, -0.015625, -0.8857422, 0.01812506, -0.1009374, 0.05718756,147.3087,5,4,True,True,122
71134,-1.57393,-1.296219,1015.621,37.36497,-0.3735352, -0.01464844, -0.8847656, 0.01812506, -0.1478124, 0.02593756,147.3087,5,4,True,True,122
71213,-2.431496,-3.289063,1015.694,37.36954,-0.3745117, -0.015625, -0.8867188, 0.01812506, -0.1321874, 0.04156256,147.3087,5,4,True,True,122
71291,-2.019821,-1.608147,1015.633,-1,-0.3745117, -0.015625, -0.8867188, 0.01812506, -0.08531237, 0.1040626,147.3087,5,4,True,True,122
71371,-1.380756,-0.7416916,1015.601,-1,-0.3730469, -0.01464844, -0.8862305, 0.01812506, -0.1634374, 0.1196876,147.3087,5,4,True,True,122
71451,-0.9225923,-0.4644279,1015.591,-1,-0.3745117, -0.015625, -0.8881836, 0.01812506, -0.1165624, 0.07281256,147.3087,5,4,True,True,122
71535,-0.147646,0.6273003,1015.551,37.34672,-0.3735352, -0.01611328, -0.8886719, -0.01312494, -0.1321874, 0.1040626,147.3087,5,4,True,True,122
71637,-0.921216,-1.694786,1015.636,-1,-0.3735352, -0.01513672, -0.8857422, 0.04937506, -0.1165624, 0.05718756,147.3087,5,4,True,True,122
71720,-2.737647,-4.554077,1015.741,-1,-0.3730469, -0.01660156, -0.8852539, 0.002500057, -0.08531237, 0.07281256,147.3087,5,4,True,True,122
71805,-2.51081,-2.283974,1015.657,37.30108,-0.3735352, -0.01513672, -0.887207, -0.01312494, -0.08531237, 0.07281256,147.3087,5,4,True,True,122
71890,-3.67974,-4.848671,1015.752,37.30564,-0.3759766, -0.01611328, -0.8886719, 0.01812506, -0.1946874, 0.07281256,147.3087,5,4,True,True,122
72136,-4.40284,-5.125938,1015.762,37.30108,-0.3730469, -0.015625, -0.8876953, 0.03375006, -0.1790624, 0.07281256,147.3087,5,4,True,True,122
72201,-3.066143,-1.729446,1015.637,37.31934,-0.3754883, -0.01660156, -0.887207, -0.01312494, -0.08531237, 0.1040626,147.3087,5,4,True,True,122
72266,-3.67148,-4.276817,1015.731,37.31477,-0.375, -0.01464844, -0.8881836, -0.01312494, -0.1321874, 0.08843756,147.3087,5,4,True,True,122
72329,-3.974149,-4.276817,1015.731,-1,-0.375, -0.01660156, -0.8881836, -0.02874994, -0.1946874, 0.07281256,147.3087,5,4,True,True,122
72397,-5.529131,-7.084114,1015.834,37.31934,-0.3740234, -0.01660156, -0.8886719, -0.01312494, -0.1634374, 0.1196876,147.3087,5,4,True,True,122
72464,-3.473329,-1.417526,1015.626,-1,-0.3745117, -0.01513672, -0.8852539, 0.03375006, -0.1790624, 0.07281256,147.3087,5,4,True,True,122
72533,-2.150834,-0.8283386,1015.604,37.3239,-0.3745117, -0.01611328, -0.8862305, 0.03375006, -0.1478124, 0.02593756,147.3087,5,4,True,True,122
72603,-2.05278,-1.954727,1015.646,-1,-0.3745117, -0.01660156, -0.8876953, 0.002500057, -0.1165624, 0.08843756,147.3087,5,4,True,True,122
72673,-1.024662,0.003456116,1015.574,-1,-0.375, -0.01513672, -0.887207, 0.002500057, -0.1478124, 0.07281256,147.3087,5,4,True,True,122
72743,-1.922918,-2.821175,1015.677,-1,-0.3745117, -0.01660156, -0.8823242, -0.01312494, -0.08531237, 0.05718756,147.3087,5,4,True,True,122
72818,-1.531589,-1.140259,1015.616,37.3239,-0.3730469, -0.01757813, -0.8833008, -0.01312494, -0.1634374, 0.1196876,147.3087,5,4,True,True,122
72890,-2.176382,-2.821175,1015.677,-1,-0.3745117, -0.01513672, -0.8842773, -0.05999994, -0.1790624, 0.07281256,147.3087,5,4,True,True,122
73076,-2.654738,-3.133095,1015.689,-1,-0.3754883, -0.01464844, -0.8842773, 0.04937506, -0.1009374, 0.07281256,147.3087,5,4,True,True,122
73149,-4.184932,-5.715126,1015.784,-1,-0.3740234, -0.01611328, -0.8886719, 0.03375006, -0.1790624, 0.07281256,147.3087,5,4,True,True,122
73225,-2.97452,-1.764107,1015.638,37.28739,-0.3745117, -0.01416016, -0.8857422, 0.04937506, -0.1634374, 0.07281256,147.3087,5,4,True,True,122
73300,-2.369313,-1.764107,1015.638,37.29195,-0.3745117, -0.015625, -0.8862305, -0.01312494, -0.08531237, 0.05718756,147.3087,5,4,True,True,122
73373,-3.764956,-5.160599,1015.763,-1,-0.3735352, -0.01464844, -0.8886719, -0.02874994, -0.1165624, 0.1353126,147.3087,5,4,True,True,122
73447,-1.924072,-0.0831871,1015.577,-1,-0.3740234, -0.015625, -0.8857422, -0.01312494, -0.1321874, 0.02593756,147.3087,5,4,True,True,122
73525,-3.542335,-5.160599,1015.763,37.29652,-0.3735352, -0.01660156, -0.8862305, 0.04937506, -0.1165624, 0.1040626,147.3087,5,4,True,True,122
73611,-2.653221,-1.764107,1015.638,-1,-0.3745117, -0.015625, -0.8847656, 0.03375006, -0.1321874, 0.08843756,147.3087,5,4,True,True,122
73691,-1.212244,0.2287331,1015.565,37.29195,-0.3740234, -0.015625, -0.8852539, -0.01312494, -0.1165624, 0.07281256,147.3087,5,4,True,True,122
73771,-0.9163159,-0.620388,1015.597,37.29652,-0.375, -0.01611328, -0.8847656, -0.02874994, -0.1165624, 0.07281256,147.3087,5,4,True,True,122
73852,-0.768352,-0.620388,1015.597,37.28739,-0.3745117, -0.01464844, -0.8862305, 0.03375006, -0.1165624, 0.07281256,147.3087,5,4,True,True,122
73936,-0.69437,-0.620388,1015.597,37.28739,-0.375, -0.01464844, -0.8842773, -0.01312494, -0.1634374, 0.08843756,147.3087,5,4,True,True,122
74128,-2.797514,-4.900658,1015.753,-1,-0.3740234, -0.01513672, -0.8852539, -0.02874994, -0.1321874, 0.1196876,147.3087,5,4,True,True,122
74210,-1.440351,-0.0831871,1015.577,-1,-0.3745117, -0.01611328, -0.8847656, -0.01312494, -0.1478124, 0.05718756,147.3087,5,4,True,True,122
74293,-1.628222,-1.816093,1015.64,-1,-0.375, -0.01513672, -0.8847656, -0.01312494, -0.1009374, 0.05718756,147.3087,5,4,True,True,122
74378,-0.2925122,1.043198,1015.535,37.28739,-0.3735352, -0.01611328, -0.8837891, 0.01812506, -0.1478124, 0.1040626,147.3087,5,4,True,True,122
74463,-1.322903,-2.353294,1015.66,37.2737,-0.3735352, -0.01464844, -0.8862305, 0.09625006, -0.1946874, 0.07281256,147.3087,5,4,True,True,122
74596,-3.839602,-6.3563,1015.807,-1,-0.3759766, -0.01660156, -0.887207, 0.04937506, -0.1321874, 0.1353126,147.3087,5,4,True,True,122
74659,-3.962899,-4.086197,1015.723,-1,-0.3740234, -0.01660156, -0.8857422, 0.04937506, -0.1321874, 0.07281256,147.3087,5,4,True,True,122
74725,-2.889496,-1.816093,1015.64,37.2737,-0.3740234, -0.01611328, -0.8833008, 0.03375006, -0.1321874, 0.07281256,147.3087,5,4,True,True,122
74790,-3.487847,-4.086197,1015.723,-1,-0.3735352, -0.01660156, -0.887207, 0.002500057, -0.06968737, 0.05718756,147.3087,5,4,True,True,122
74856,-2.080112,-0.6723785,1015.598,-1,-0.3740234, -0.015625, -0.8842773, -0.05999994, -0.1165624, 0.07281256,147.3087,5,4,True,True,122
74925,-2.511297,-2.942482,1015.682,37.26457,-0.3745117, -0.01464844, -0.8833008, 0.002500057, -0.1009374, 0.07281256,147.3087,5,4,True,True,122
74993,-2.163695,-1.816093,1015.64,-1,-0.3735352, -0.01611328, -0.8842773, 0.002500057, -0.1478124, 0.07281256,147.3087,5,4,True,True,122
75173,-2.847682,-3.53167,1015.703,-1,-0.3735352, -0.01611328, -0.8867188, -0.01312494, -0.1478124, 0.07281256,147.3087,5,4,True,True,122
75243,-4.324728,-5.801773,1015.787,-1,-0.375, -0.015625, -0.8847656, -0.01312494, -0.1634374, 0.08843756,147.3087,5,4,True,True,122
75313,-3.650931,-2.977135,1015.683,-1,-0.3730469, -0.01416016, -0.8857422, 0.01812506, -0.08531237, 0.1040626,147.3087,5,4,True,True,122
75384,-2.750843,-1.850754,1015.641,-1,-0.3745117, -0.01660156, -0.8881836, -0.01312494, -0.1165624, 0.05718756,147.3087,5,4,True,True,122
75453,-3.427183,-4.103523,1015.725,-1,-0.3754883, -0.01757813, -0.8857422, 0.04937506, -0.08531237, 0.1040626,147.3087,5,4,True,True,122
75523,-3.765353,-4.103523,1015.725,-1,-0.3735352, -0.01611328, -0.887207, -0.05999994, -0.1634374, 0.07281256,147.3087,5,4,True,True,122
75597,-3.665838,-3.566322,1015.705,37.24174,-0.3754883, -0.015625, -0.8867188, 0.03375006, -0.1946874, 0.1509376,147.3087,5,4,True,True,122
75669,-4.049308,-4.432777,1015.736,-1,-0.3735352, -0.01660156, -0.8867188, -0.02874994, -0.1321874, 0.05718756,147.3087,5,4,True,True,122
75744,-1.832307,0.3846931,1015.56,-1,-0.3745117, -0.01660156, -0.8867188, 0.01812506, -0.1478124, 0.08843756,147.3087,5,4,True,True,122
75819,-2.716645,-3.600983,1015.706,-1,-0.3740234, -0.01464844, -0.8837891, -0.04437494, -0.1634374, 0.1040626,147.3087,5,4,True,True,122
75915,-2.162396,-1.608147,1015.633,-1,-0.3740234, -0.015625, -0.8867188, -0.01312494, -0.1165624, 0.1040626,147.3087,5,4,True,True,122
75991,-2.881689,-3.600983,1015.706,-1,-0.3740234, -0.015625, -0.8862305, 0.04937506, -0.1634374, 0.08843756,147.3087,5,4,True,True,122
76180,-2.678142,-2.474594,1015.665,-1,-0.3740234, -0.01611328, -0.8867188, 0.04937506, -0.1165624, 0.07281256,147.3087,5,4,True,True,122
76256,-3.139562,-3.600983,1015.706,-1,-0.3735352, -0.01757813, -0.8857422, -0.01312494, -0.1165624, 0.08843756,147.3087,5,4,True,True,122
76335,-3.803496,-4.46743,1015.738,37.21893,-0.3730469, -0.01660156, -0.8862305, -0.01312494, -0.1009374, 0.1353126,147.3087,5,4,True,True,122
76415,-3.563606,-3.323715,1015.696,37.2098,-0.3735352, -0.01660156, -0.8833008, 0.03375006, -0.1634374, 0.04156256,147.3087,5,4,True,True,122
76495,-4.015518,-4.46743,1015.738,37.21436,-0.3745117, -0.01660156, -0.887207, 0.03375006, -0.06968737, 0.08843756,147.3087,5,4,True,True,122
76575,-2.265966,-0.5164146,1015.593,-1,-0.3725586, -0.01611328, -0.8862305, 0.01812506, -0.1009374, 0.01031256,147.3087,5,4,True,True,122
76656,-1.954383,-1.642799,1015.634,-1,-0.3745117, -0.015625, -0.8857422, 0.06500006, -0.1321874, 0.04156256,147.3087,5,4,True,True,122
76741,-0.9581351,0.03811264,1015.572,-1,-0.3725586, -0.01611328, -0.8857422, -0.05999994, -0.1321874, 0.1040626,147.3087,5,4,True,True,122
76831,-2.600146,-4.242157,1015.729,-1,-0.3735352, -0.01660156, -0.8842773, 0.01812506, -0.1009374, 0.05718756,147.3087,5,4,True,True,122
76916,-3.421152,-4.242157,1015.729,-1,-0.3740234, -0.01611328, -0.8847656, -0.01312494, -0.05406237, 0.07281256,147.3087,5,4,True,True,122
77001,-3.121163,-2.821175,1015.677,37.20067,-0.3740234, -0.01660156, -0.887207, -0.05999994, -0.1009374, 0.1040626,147.3087,5,4,True,True,122
77134,-3.421723,-3.722282,1015.71,-1,-0.3735352, -0.015625, -0.887207, -0.02874994, -0.1634374, 0.07281256,147.3087,5,4,True,True,122
77312,-2.870178,-2.318634,1015.659,37.15503,-0.3745117, -0.01660156, -0.887207, 0.01812506, -0.06968737, 0.04156256,147.3087,5,4,True,True,122
77378,-3.452194,-4.03421,1015.722,-1,-0.3735352, -0.01318359, -0.8867188, -0.04437494, -0.1165624, 0.07281256,147.3087,5,4,True,True,122
77443,-2.192253,-0.932312,1015.608,-1,-0.3740234, -0.01513672, -0.8862305, -0.04437494, -0.1634374, 0.04156256,147.3087,5,4,True,True,122
77510,-2.974598,-3.756943,1015.712,-1,-0.3740234, -0.01660156, -0.8852539, 0.01812506, -0.1165624, 0.07281256,147.3087,5,4,True,True,122
77579,-2.230719,-1.486839,1015.628,37.13677,-0.3745117, -0.01660156, -0.8857422, 0.002500057, -0.08531237, 0.05718756,147.3087,5,4,True,True,122
77648,-1.858779,-1.486839,1015.628,37.15503,-0.3740234, -0.01513672, -0.8847656, 0.04937506, -0.1478124, 0.07281256,147.3087,5,4,True,True,122
77718,-2.946495,-4.03421,1015.722,37.15046,-0.3740234, -0.01513672, -0.8867188, -0.02874994, -0.1634374, 0.01031256,147.3087,5,4,True,True,122
77790,-3.628982,-4.31147,1015.732,-1,-0.3745117, -0.01464844, -0.8847656, 0.002500057, -0.1634374, 0.08843756,147.3087,5,4,True,True,122
77861,-2.557911,-1.486839,1015.628,-1,-0.3740234, -0.01611328, -0.8867188, -0.01312494, -0.1165624, 0.07281256,147.3087,5,4,True,True,122
77934,-3.296061,-4.03421,1015.722,37.15503,-0.375, -0.01611328, -0.8852539, 0.04937506, -0.1478124, 0.05718756,147.3087,5,4,True,True,122
78004,-3.665135,-4.03421,1015.722,-1,-0.3730469, -0.01611328, -0.8862305, 0.01812506, -0.1946874, 0.05718756,147.3087,5,4,True,True,122
78077,-3.277815,-2.890495,1015.68,-1,-0.3730469, -0.01513672, -0.887207, -0.02874994, -0.1634374, 0.05718756,147.3087,5,4,True,True,122
78260,-2.971515,-2.665215,1015.671,-1,-0.3745117, -0.01464844, -0.8833008, -0.02874994, -0.1478124, 0.05718756,147.3087,5,4,True,True,122
78332,-2.09921,-1.226906,1015.619,-1,-0.3735352, -0.01464844, -0.8857422, 0.002500057, -0.1321874, 0.07281256,147.3087,5,4,True,True,122
78407,-2.650813,-3.202415,1015.691,-1,-0.3740234, -0.015625, -0.8876953, -0.01312494, -0.08531237, 0.05718756,147.3087,5,4,True,True,122
78482,-2.658014,-2.665215,1015.671,37.12764,-0.3730469, -0.01660156, -0.8852539, 0.002500057, -0.1321874, 0.08843756,147.3087,5,4,True,True,122
78557,-1.95979,-1.261566,1015.62,-1,-0.3725586, -0.01464844, -0.8857422, 0.03375006, -0.1478124, 0.08843756,147.3087,5,4,True,True,122
78637,-2.607096,-3.254402,1015.693,37.12308,-0.3740234, -0.01513672, -0.8857422, 0.03375006, -0.1478124, 0.02593756,147.3087,5,4,True,True,122
78713,-3.493943,-4.380791,1015.735,-1,-0.3740234, -0.015625, -0.8837891, -0.02874994, -0.1478124, 0.08843756,147.3087,5,4,True,True,122
78791,-2.802315,-2.110687,1015.651,37.12308,-0.3740234, -0.01757813, -0.8857422, -0.01312494, -0.1478124, 0.1040626,147.3087,5,4,True,True,122
78872,-3.591553,-4.380791,1015.735,37.12308,-0.3740234, -0.015625, -0.8842773, 0.01812506, -0.1165624, 0.05718756,147.3087,5,4,True,True,122
78953,-3.986172,-4.380791,1015.735,-1,-0.3745117, -0.01660156, -0.8867188, 0.03375006, -0.1321874, 0.07281256,147.3087,5,4,True,True,122
79034,-3.914881,-3.84359,1015.715,-1,-0.3745117, -0.01660156, -0.887207, 0.01812506, -0.1321874, 0.02593756,147.3087,5,4,True,True,122
79113,-3.740602,-3.566322,1015.704,-1,-0.3735352, -0.01318359, -0.8862305, 0.03375006, -0.1009374, 0.07281256,147.3087,5,4,True,True,122
79306,-6.062199,-8.383797,1015.881,-1,-0.3754883, -0.01464844, -0.8823242, -0.02874994, -0.1634374, 0.04156256,147.3087,5,4,True,True,122
79389,-4.381037,-2.699875,1015.673,37.11395,-0.3735352, -0.01513672, -0.8862305, 0.03375006, -0.08531237, 0.02593756,147.3087,5,4,True,True,122
79471,-2.699998,-1.018959,1015.611,-1,-0.3730469, -0.01660156, -0.8867188, -0.01312494, -0.1634374, 0.04156256,147.3087,5,4,True,True,122
79555,-2.266709,-1.83342,1015.641,-1,-0.3730469, -0.01708984, -0.8852539, 0.03375006, -0.1321874, 0.07281256,147.3087,5,4,True,True,122
79691,-1.920098,-1.573486,1015.631,37.10482,-0.3730469, -0.015625, -0.8828125, -0.01312494, -0.1634374, 0.07281256,147.3087,5,4,True,True,122
79755,-1.746792,-1.573486,1015.631,37.11852,-0.3730469, -0.01757813, -0.8837891, -0.01312494, -0.1478124, 0.04156256,147.3087,5,4,True,True,122
79817,-3.358385,-4.969978,1015.756,-1,-0.3740234, -0.015625, -0.8833008, 0.04937506, -0.1321874, 0.04156256,147.3087,5,4,True,True,122
79885,-2.465936,-1.573486,1015.631,37.10938,-0.3745117, -0.01611328, -0.8847656, -0.01312494, -0.1009374, 0.1040626,147.3087,5,4,True,True,122
79981,-4.445775,-6.425613,1015.809,37.10482,-0.3740234, -0.01660156, -0.887207, 0.01812506, -0.1946874, 0.1040626,147.3087,5,4,True,True,122
80049,-2.593733,-0.7416916,1015.601,-1,-0.3735352, -0.01708984, -0.8857422, 0.01812506, -0.1165624, 0.01031256,147.3087,5,4,True,True,122
80117,-2.66413,-2.734528,1015.674,-1,-0.3730469, -0.01660156, -0.8867188, -0.04437494, -0.1009374, 0.1353126,147.3087,5,4,True,True,122
80188,-2.699329,-2.734528,1015.674,37.09569,-0.3735352, -0.01464844, -0.8862305, -0.02874994, -0.08531237, 0.08843756,147.3087,5,4,True,True,122
80369,-4.718431,-6.737534,1015.821,-1,-0.3725586, -0.01611328, -0.8862305, 0.04937506, -0.1009374, 0.07281256,147.3087,5,4,True,True,122
80439,-3.180615,-1.642799,1015.634,-1,-0.3730469, -0.01464844, -0.8852539, 0.04937506, -0.1165624, 0.05718756,147.3087,5,4,True,True,122
80509,-3.408129,-3.635643,1015.707,-1,-0.3745117, -0.015625, -0.8896484, -0.02874994, -0.1321874, 0.1353126,147.3087,5,4,True,True,122
80581,-1.416408,0.5753136,1015.552,-1,-0.3730469, -0.015625, -0.8857422, 0.03375006, -0.1946874, 0.07281256,147.3087,5,4,True,True,122
80653,-2.976579,-4.536751,1015.74,-1,-0.3740234, -0.01513672, -0.8876953, 0.002500057, -0.1165624, 0.07281256,147.3087,5,4,True,True,122
80726,-3.618031,-4.259483,1015.73,-1,-0.3740234, -0.01708984, -0.8867188, 0.002500057, -0.1946874, 0.05718756,147.3087,5,4,True,True,122
80796,-4.371985,-5.125938,1015.762,-1,-0.3725586, -0.01611328, -0.8847656, -0.04437494, -0.2103124, 0.1040626,147.3087,5,4,True,True,122
80870,-5.312156,-6.252327,1015.803,-1,-0.3759766, -0.01611328, -0.8867188, 0.01812506, -0.1634374, 0.07281256,147.3087,5,4,True,True,122
80945,-4.378589,-3.445023,1015.7,37.03635,-0.3720703, -0.01318359, -0.8852539, 0.01812506, -0.1165624, 0.07281256,147.3087,5,4,True,True,122
81020,-3.634542,-2.890495,1015.68,-1,-0.3735352, -0.015625, -0.8881836, 0.01812506, -0.1321874, 0.07281256,147.3087,5,4,True,True,122
81095,-3.262519,-2.890495,1015.68,37.02266,-0.375, -0.01611328, -0.8862305, -0.01312494, -0.08531237, 0.05718756,147.3087,5,4,True,True,122
81171,-2.807907,-2.353294,1015.66,37.00897,-0.3735352, -0.01660156, -0.8881836, 0.01812506, -0.1946874, 0.04156256,147.3087,5,4,True,True,122
81361,-2.303333,-1.798759,1015.64,37.01353,-0.3735352, -0.01611328, -0.8857422, 0.01812506, -0.06968737, 0.1040626,147.3087,5,4,True,True,122
81439,-2.051046,-1.798759,1015.64,-1,-0.3725586, -0.01611328, -0.8867188, -0.02874994, -0.1321874, 0.05718756,147.3087,5,4,True,True,122
81516,-3.198588,-4.34613,1015.733,37.00897,-0.3735352, -0.01611328, -0.8867188, -0.01312494, -0.1165624, 0.08843756,147.3087,5,4,True,True,122
81597,-2.775941,-2.353294,1015.66,37.0181,-0.3740234, -0.01660156, -0.8886719, 0.06500006, -0.1634374, 0.07281256,147.3087,5,4,True,True,122
81678,-3.69967,-4.623398,1015.743,37.00897,-0.3745117, -0.01611328, -0.8862305, -0.04437494, -0.1321874, 0.08843756,147.3087,5,4,True,True,122
81759,-4.0229,-4.34613,1015.733,-1,-0.3730469, -0.01464844, -0.8842773, -0.01312494, -0.1009374, 0.07281256,147.3087,5,4,True,True,122
81843,-1.914412,0.1940765,1015.566,-1,-0.375, -0.01660156, -0.8881836, 0.08062506, -0.1478124, 0.07281256,147.3087,5,4,True,True,122
81923,-2.991637,-4.068863,1015.723,-1,-0.3730469, -0.01806641, -0.8867188, -0.04437494, -0.1009374, 0.04156256,147.3087,5,4,True,True,122
82008,-3.53025,-4.068863,1015.723,37.00441,-0.3740234, -0.01660156, -0.8901367, 0.04937506, -0.1946874, 0.02593756,147.3087,5,4,True,True,122
82094,-1.962681,-0.3951111,1015.588,36.99984,-0.375, -0.01611328, -0.8862305, -0.01312494, -0.1009374, 0.1040626,147.3087,5,4,True,True,122
82230,-2.738508,-3.514336,1015.703,36.99528,-0.375, -0.01660156, -0.8862305, -0.01312494, -0.1946874, 0.05718756,147.3087,5,4,True,True,122
82294,-2.857821,-2.977135,1015.683,-1,-0.375, -0.01611328, -0.8862305, 0.01812506, -0.1946874, 0.07281256,147.3087,5,4,True,True,122
82472,-3.463342,-4.068863,1015.723,-1,-0.3740234, -0.01611328, -0.8837891, -0.01312494, -0.1790624, 0.08843756,147.3087,5,4,True,True,122
82540,-3.766103,-4.068863,1015.723,36.99984,-0.3745117, -0.01611328, -0.8847656, 0.03375006, -0.1321874, 0.05718756,147.3087,5,4,True,True,122
82605,-2.643801,-1.5215,1015.63,-1,-0.3725586, -0.01757813, -0.8867188, 0.002500057, -0.08531237, 0.04156256,147.3087,5,4,True,True,122
82672,-3.919526,-5.195251,1015.765,-1,-0.3735352, -0.01708984, -0.8862305, 0.01812506, -0.1321874, 0.05718756,147.3087,5,4,True,True,122
82742,-4.288788,-4.658051,1015.744,-1,-0.3735352, -0.01513672, -0.8847656, -0.01312494, -0.1478124, 0.08843756,147.3087,5,4,True,True,122
82812,-5.036613,-5.784439,1015.786,-1,-0.3745117, -0.01513672, -0.8847656, 0.002500057, -0.1321874, 0.05718756,147.3087,5,4,True,True,122
82882,-3.71228,-2.387947,1015.661,-1,-0.3735352, -0.01660156, -0.8837891, 0.03375006, -0.1009374, 0.05718756,147.3087,5,4,True,True,122
82953,-3.630638,-3.548996,1015.704,-1,-0.3745117, -0.01660156, -0.887207, -0.05999994, -0.2259374, 0.08843756,147.3087,5,4,True,True,122
83032,-3.026623,-2.422607,1015.662,36.97245,-0.3740234, -0.015625, -0.8857422, 0.002500057, -0.1634374, 0.05718756,147.3087,5,4,True,True,122
83103,-2.724615,-2.422607,1015.662,-1,-0.3745117, -0.01464844, -0.887207, 0.01812506, -0.1009374, 0.1040626,147.3087,5,4,True,True,122
83177,-2.573611,-2.422607,1015.662,36.97702,-0.3730469, -0.01708984, -0.8886719, -0.02874994, -0.08531237, 0.05718756,147.3087,5,4,True,True,122
83247,-3.199937,-3.826263,1015.714,-1,-0.3740234, -0.01660156, -0.8881836, -0.01312494, -0.1321874, 0.07281256,147.3087,5,4,True,True,122
83438,-3.374467,-3.548996,1015.704,36.98615,-0.3725586, -0.01660156, -0.8876953, -0.01312494, -0.1321874, 0.07281256,147.3087,5,4,True,True,122
83511,-2.898537,-2.422607,1015.662,-1,-0.3735352, -0.01611328, -0.8842773, -0.01312494, -0.06968737, 0.08843756,147.3087,5,4,True,True,122
83589,-2.383309,-1.86808,1015.642,36.97702,-0.375, -0.01464844, -0.887207, 0.01812506, -0.1634374, 0.08843756,147.3087,5,4,True,True,122
83665,-1.5625,-0.7416916,1015.601,36.96789,-0.3725586, -0.01660156, -0.8857422, -0.01312494, -0.1165624, 0.1040626,147.3087,5,4,True,True,122
83744,-3.985394,-6.408287,1015.809,36.96333,-0.3735352, -0.01318359, -0.8862305, 0.06500006, -0.1321874, 0.05718756,147.3087,5,4,True,True,122
83820,-3.221331,-2.457268,1015.664,36.96333,-0.375, -0.01611328, -0.8867188, -0.04437494, -0.1321874, 0.07281256,147.3087,5,4,True,True,122
83899,-3.272523,-3.323715,1015.696,36.95876,-0.375, -0.01464844, -0.8847656, 0.04937506, -0.1321874, 0.05718756,147.3087,5,4,True,True,122
83998,-1.868475,-0.4644279,1015.591,-1,-0.375, -0.01757813, -0.8847656, -0.01312494, -0.08531237, 0.08843756,147.3087,5,4,True,True,122
84077,-1.591014,-1.313553,1015.622,-1,-0.3735352, -0.01513672, -0.8862305, 0.01812506, -0.1946874, 0.07281256,147.3087,5,4,True,True,122
84156,-2.734632,-3.87825,1015.716,-1,-0.3730469, -0.01464844, -0.8852539, -0.01312494, -0.2259374, 0.1196876,147.3087,5,4,True,True,122
84241,-4.294196,-5.85376,1015.789,36.96333,-0.3735352, -0.01513672, -0.8881836, 0.03375006, 0.008437634, 0.05718756,147.3087,5,4,True,True,122
84324,-3.808956,-3.323715,1015.696,-1,-0.3730469, -0.01513672, -0.8852539, 0.04937506, -0.1165624, 0.04156256,147.3087,5,4,True,True,122
84517,-4.268164,-4.727371,1015.747,36.96333,-0.3740234, -0.015625, -0.8847656, 0.01812506, -0.06968737, 0.07281256,147.3087,5,4,True,True,122
84599,-4.497767,-4.727371,1015.747,-1,-0.3735352, -0.015625, -0.8881836, -0.04437494, -0.08531237, 0.07281256,147.3087,5,4,True,True,122
84683,-3.208917,-1.920067,1015.644,36.9542,-0.3735352, -0.01416016, -0.887207, 0.03375006, -0.1165624, 0.1196876,147.3087,5,4,True,True,122
84814,-2.564492,-1.920067,1015.644,-1,-0.3735352, -0.01611328, -0.887207, 0.01812506, -0.1321874, 0.1040626,147.3087,5,4,True,True,122
84879,-3.940526,-5.316559,1015.769,36.9405,-0.3740234, -0.01513672, -0.8852539, -0.02874994, -0.05406237, 0.02593756,147.3087,5,4,True,True,122
84945,-3.49349,-3.046455,1015.686,36.93594,-0.3735352, -0.01464844, -0.8847656, 0.08062506, -0.1321874, 0.07281256,147.3087,5,4,True,True,122
85010,-3.131339,-2.769188,1015.676,-1,-0.3740234, -0.01513672, -0.8857422, -0.01312494, -0.1478124, 0.08843756,147.3087,5,4,True,True,122
85076,-2.543033,-1.954727,1015.645,-1,-0.3725586, -0.01708984, -0.8857422, 0.03375006, -0.08531237, 0.08843756,147.3087,5,4,True,True,122
85145,-3.245298,-3.947563,1015.718,36.93138,-0.3730469, -0.01611328, -0.8881836, 0.002500057, -0.02281237, 0.07281256,147.3087,5,4,True,True,122
85211,-4.592849,-5.940399,1015.792,-1,-0.3745117, -0.01416016, -0.8852539, -0.02874994, -0.1165624, 0.02593756,147.3087,5,4,True,True,122
85278,-2.727924,-0.862999,1015.605,-1,-0.3735352, -0.015625, -0.8867188, 0.04937506, -0.1634374, 0.1040626,147.3087,5,4,True,True,122
85348,-2.358652,-1.98938,1015.647,-1,-0.3754883, -0.01611328, -0.8867188, 0.04937506, -0.1165624, 0.05718756,147.3087,5,4,True,True,122
85532,-3.170438,-3.982224,1015.72,-1,-0.371582, -0.01660156, -0.8842773, 0.01812506, -0.02281237, -0.005312443,147.3087,5,4,True,True,122
85603,-1.462187,0.2460632,1015.565,-1,-0.3725586, -0.01757813, -0.887207, 0.04937506, -0.1321874, 0.07281256,147.3087,5,4,True,True,122
85676,-2.878165,-4.294144,1015.731,36.90399,-0.3735352, -0.01660156, -0.8862305, -0.01312494, -0.1165624, 0.08843756,147.3087,5,4,True,True,122
85747,-3.724788,-4.571411,1015.741,-1,-0.3740234, -0.01513672, -0.8862305, -0.05999994, -0.1790624, 0.1040626,147.3087,5,4,True,True,122
85819,-2.016628,-0.3084679,1015.585,-1,-0.3740234, -0.01513672, -0.8852539, 0.04937506, -0.08531237, 0.07281256,147.3087,5,4,True,True,122
85889,-2.583529,-3.150429,1015.69,-1,-0.3735352, -0.01464844, -0.8867188, -0.09124994, -0.1321874, 0.05718756,147.3087,5,4,True,True,122
85963,-1.168733,0.2460632,1015.565,36.89943,-0.3740234, -0.01464844, -0.8876953, 0.002500057, -0.08531237, 0.08843756,147.3087,5,4,True,True,122
86039,-2.298211,-3.427689,1015.7,-1,-0.3720703, -0.01757813, -0.8852539, -0.01312494, -0.1165624, 0.07281256,147.3087,5,4,True,True,122
86123,-2.161125,-2.02404,1015.648,-1,-0.3740234, -0.01660156, -0.8847656, -0.01312494, -0.1321874, 0.05718756,147.3087,5,4,True,True,122
86204,-1.234797,-0.3084679,1015.585,36.89486,-0.3754883, -0.015625, -0.8852539, 0.04937506, -0.08531237, 0.05718756,147.3087,5,4,True,True,122
86280,-2.192613,-3.150429,1015.69,-1,-0.3735352, -0.01660156, -0.8857422, 0.01812506, -0.1321874, 0.02593756,147.3087,5,4,True,True,122
86359,-2.966115,-3.739616,1015.711,-1,-0.375, -0.015625, -0.8833008, -0.01312494, -0.1009374, 0.07281256,147.3087,5,4,True,True,122
86549,-3.352865,-3.739616,1015.711,36.88573,-0.3735352, -0.01513672, -0.8847656, 0.03375006, -0.1321874, 0.1040626,147.3087,5,4,True,True,122
86628,-3.139007,-2.925148,1015.681,-1,-0.3735352, -0.015625, -0.8842773, 0.04937506, -0.1009374, 0.02593756,147.3087,5,4,True,True,122
86707,-3.577941,-4.016876,1015.721,-1,-0.3730469, -0.015625, -0.8837891, 0.03375006, -0.1165624, 0.05718756,147.3087,5,4,True,True,122
86786,-3.520145,-3.462349,1015.701,-1,-0.3745117, -0.01611328, -0.8867188, -0.02874994, -0.1634374, 0.07281256,147.3087,5,4,True,True,122
86867,-4.063105,-4.606064,1015.743,-1,-0.3725586, -0.01660156, -0.8862305, 0.002500057, -0.08531237, 0.07281256,147.3087,5,4,True,True,122
86948,-2.489045,-0.9149857,1015.608,-1,-0.3745117, -0.01611328, -0.8857422, -0.04437494, -0.1478124, 0.1040626,147.3087,5,4,True,True,122
87028,-3.547554,-4.606064,1015.743,-1,-0.3730469, -0.01708984, -0.8857422, 0.002500057, -0.1321874, 0.07281256,147.3087,5,4,True,True,122
87112,-3.643585,-3.739616,1015.711,36.88573,-0.3725586, -0.01757813, -0.8833008, -0.01312494, -0.1946874, 0.08843756,147.3087,5,4,True,True,122
87197,-2.851143,-2.058701,1015.649,36.8766,-0.3725586, -0.01611328, -0.8837891, -0.04437494, -0.1165624, 0.05718756,147.3087,5,4,True,True,122
87333,-1.883064,-0.9149857,1015.608,-1,-0.3730469, -0.015625, -0.8862305, -0.02874994, -0.1165624, 0.1040626,147.3087,5,4,True,True,122
87398,-3.105934,-4.328804,1015.732,-1,-0.371582, -0.01660156, -0.8852539, 0.002500057, -0.1165624, 0.1509376,147.3087,5,4,True,True,122
87464,-4.150593,-5.195251,1015.764,-1,-0.3720703, -0.015625, -0.8847656, -0.02874994, -0.1946874, 0.08843756,147.3087,5,4,True,True,122
87639,-2.827383,-1.504173,1015.629,-1,-0.3730469, -0.01611328, -0.8857422, -0.01312494, -0.1478124, 0.1040626,147.3087,5,4,True,True,122
87704,-2.737636,-2.647888,1015.671,-1,-0.3740234, -0.015625, -0.887207, 0.01812506, -0.1478124, 0.08843756,147.3087,5,4,True,True,122
87771,-2.554128,-2.370621,1015.661,-1,-0.3745117, -0.015625, -0.887207, -0.01312494, -0.1634374, 0.08843756,147.3087,5,4,True,True,122
87841,-3.172866,-3.791603,1015.713,-1,-0.3740234, -0.01513672, -0.8837891, 0.03375006, -0.1009374, 0.1353126,147.3087,5,4,True,True,122
87910,-2.771743,-2.370621,1015.661,36.85835,-0.3745117, -0.01513672, -0.8847656, -0.02874994, -0.1321874, 0.07281256,147.3087,5,4,True,True,122
87997,-2.025318,-1.278893,1015.62,-1,-0.3730469, -0.01806641, -0.8842773, -0.01312494, -0.1165624, 0.1040626,147.3087,5,4,True,True,122
88067,-2.631197,-3.237076,1015.692,-1,-0.3730469, -0.01611328, -0.8852539, -0.01312494, -0.08531237, 0.1040626,147.3087,5,4,True,True,122
88141,-3.514657,-4.398117,1015.735,36.85835,-0.3740234, -0.01611328, -0.8867188, -0.02874994, -0.1321874, -0.005312443,147.3087,5,4,True,True,122
88215,-2.821335,-2.128014,1015.652,36.83552,-0.3740234, -0.01708984, -0.8862305, 0.04937506, -0.1478124, 0.07281256,147.3087,5,4,True,True,122
88292,-3.046532,-3.271729,1015.694,36.83552,-0.3745117, -0.01611328, -0.8862305, 0.002500057, -0.1165624, 0.07281256,147.3087,5,4,True,True,122
88366,-3.15913,-3.271729,1015.694,36.84009,-0.375, -0.01611328, -0.8862305, -0.01312494, -0.1478124, 0.05718756,147.3087,5,4,True,True,122
88439,-1.803114,-0.4470978,1015.59,-1,-0.3740234, -0.015625, -0.8847656, -0.01312494, -0.1790624, 0.1040626,147.3087,5,4,True,True,122
88627,-1.125106,-0.4470978,1015.59,36.84009,-0.3735352, -0.01660156, -0.8833008, 0.002500057, -0.1478124, 0.07281256,147.3087,5,4,True,True,122
88704,-0.6561351,-0.1871643,1015.58,-1,-0.3730469, -0.01513672, -0.8852539, -0.01312494, -0.1321874, 0.08843756,147.3087,5,4,True,True,122
88779,-1.123474,-1.590813,1015.632,36.83096,-0.3735352, -0.01611328, -0.8837891, -0.02874994, -0.1321874, 0.1196876,147.3087,5,4,True,True,122
88855,-2.353565,-3.583656,1015.705,-1,-0.3735352, -0.01660156, -0.8842773, -0.02874994, -0.1321874, 0.1040626,147.3087,5,4,True,True,122
88929,-3.393171,-4.432777,1015.737,-1,-0.3759766, -0.01660156, -0.8867188, -0.01312494, -0.08531237, 0.1040626,147.3087,5,4,True,True,122
89006,-2.509322,-1.625473,1015.633,-1,-0.3730469, -0.01611328, -0.8862305, 0.002500057, -0.06968737, 0.07281256,147.3087,5,4,True,True,122
89085,-2.925186,-3.341049,1015.696,36.80357,-0.3730469, -0.01513672, -0.8867188, -0.02874994, -0.1009374, 0.08843756,147.3087,5,4,True,True,122
89165,-1.590832,-0.2564774,1015.583,36.78988,-0.3720703, -0.01611328, -0.8876953, 0.01812506, -0.08531237, 0.05718756,147.3087,5,4,True,True,122
89255,-1.920076,-2.249321,1015.656,36.78531,-0.3745117, -0.015625, -0.8876953, 0.01812506, -0.1165624, 0.05718756,147.3087,5,4,True,True,122
89337,-2.084699,-2.249321,1015.656,-1,-0.3745117, -0.01660156, -0.8852539, 0.002500057, -0.1478124, 0.1040626,147.3087,5,4,True,True,122
89420,-1.595149,-1.105598,1015.614,-1,-0.3720703, -0.01513672, -0.8862305, 0.01812506, -0.1321874, 0.04156256,147.3087,5,4,True,True,122
89506,-2.199498,-2.803848,1015.676,36.78988,-0.3735352, -0.01513672, -0.8862305, -0.04437494, -0.1165624, 0.05718756,147.3087,5,4,True,True,122
89703,-2.085776,-1.972054,1015.646,-1,-0.3735352, -0.01660156, -0.8837891, 0.002500057, -0.06968737, 0.08843756,147.3087,5,4,True,True,122
89787,-2.184875,-2.283974,1015.657,-1,-0.3745117, -0.01513672, -0.887207, -0.01312494, -0.1165624, 0.07281256,147.3087,5,4,True,True,122
89922,-2.953578,-3.722282,1015.71,36.75793,-0.375, -0.01513672, -0.887207, 0.04937506, -0.1165624, 0.04156256,147.3087,5,4,True,True,122
89988,-3.615198,-4.276817,1015.731,36.75336,-0.3730469, -0.01660156, -0.887207, -0.05999994, -0.1009374, 0.05718756,147.3087,5,4,True,True,122
90054,-2.672322,-1.729446,1015.637,-1,-0.3720703, -0.015625, -0.8852539, -0.02874994, -0.1009374, 0.04156256,147.3087,5,4,True,True,122
90119,-2.495478,-2.318634,1015.659,36.76249,-0.3730469, -0.01513672, -0.8842773, -0.01312494, -0.05406237, 0.07281256,147.3087,5,4,True,True,122
90184,-3.247514,-3.99955,1015.721,36.75793,-0.3710938, -0.015625, -0.8833008, -0.02874994, -0.1478124, 0.02593756,147.3087,5,4,True,True,122
90251,-3.346268,-3.445023,1015.7,-1,-0.3745117, -0.01660156, -0.8881836, 0.002500057, -0.1478124, 0.05718756,147.3087,5,4,True,True,122
90319,-2.269257,-1.192245,1015.617,36.7488,-0.3725586, -0.01660156, -0.8862305, -0.01312494, -0.1321874, 0.08843756,147.3087,5,4,True,True,122
90389,-2.579876,-2.890495,1015.68,-1,-0.3706055, -0.01660156, -0.887207, 0.01812506, -0.1165624, 0.08843756,147.3087,5,4,True,True,122
90459,-2.449255,-2.318634,1015.659,36.7488,-0.3720703, -0.01660156, -0.887207, 0.04937506, -0.1165624, 0.07281256,147.3087,5,4,True,True,122
90532,-2.106681,-1.764107,1015.638,-1,-0.3735352, -0.01513672, -0.8852539, 0.01812506, -0.1790624, 0.07281256,147.3087,5,4,True,True,122
90712,-2.074024,-2.041367,1015.649,-1,-0.3735352, -0.015625, -0.8857422, 0.002500057, -0.1321874, 0.07281256,147.3087,5,4,True,True,122
90781,-3.192747,-4.31147,1015.732,-1,-0.3720703, -0.01611328, -0.8852539, 0.06500006, -0.1009374, 0.1196876,147.3087,5,4,True,True,122
90853,-2.053866,-0.9149857,1015.607,-1,-0.3740234, -0.01464844, -0.8862305, 0.03375006, -0.1634374, 0.08843756,147.3087,5,4,True,True,122
90926,-2.775438,-3.497009,1015.702,-1,-0.3730469, -0.01513672, -0.8852539, 0.03375006, -0.1946874, 0.07281256,147.3087,5,4,True,True,122
90998,-3.404824,-4.03421,1015.722,-1,-0.3735352, -0.01757813, -0.8837891, -0.01312494, -0.1634374, 0.05718756,147.3087,5,4,True,True,122
91072,-3.450917,-3.497009,1015.702,-1,-0.3740234, -0.01367188, -0.8862305, 0.002500057, -0.1321874, 0.05718756,147.3087,5,4,True,True,122
91148,-3.742563,-4.03421,1015.722,36.7351,-0.3725586, -0.01611328, -0.8862305, 0.03375006, -0.1009374, 0.07281256,147.3087,5,4,True,True,122
91225,-1.912875,-0.0831871,1015.577,-1,-0.3745117, -0.015625, -0.8857422, 0.01812506, -0.06968737, 0.05718756,147.3087,5,4,True,True,122
91303,-1.708524,-1.504173,1015.629,36.72597,-0.3735352, -0.01660156, -0.8842773, -0.04437494, -0.1321874, 0.07281256,147.3087,5,4,True,True,122
91384,-2.871367,-4.03421,1015.722,36.73967,-0.3730469, -0.01660156, -0.8886719, 0.002500057, -0.2259374, 0.08843756,147.3087,5,4,True,True,122
91464,-2.317737,-1.764107,1015.638,36.73967,-0.3730469, -0.01611328, -0.8837891, 0.03375006, -0.1634374, 0.07281256,147.3087,5,4,True,True,122
91545,-3.175974,-4.03421,1015.722,36.73054,-0.3735352, -0.01513672, -0.8852539, 0.03375006, -0.1165624, 0.08843756,147.3087,5,4,True,True,122
91736,-3.605092,-4.03421,1015.722,-1,-0.3730469, -0.01660156, -0.8847656, -0.01312494, -0.1321874, 0.02593756,147.3087,5,4,True,True,122
91816,-3.247794,-2.890495,1015.68,-1,-0.3740234, -0.015625, -0.8828125, 0.03375006, -0.1946874, 0.08843756,147.3087,5,4,True,True,122
91895,-3.918266,-4.588737,1015.742,-1,-0.3745117, -0.01660156, -0.8867188, 0.01812506, -0.1790624, 0.07281256,147.3087,5,4,True,True,122
91977,-3.820274,-3.722282,1015.71,-1,-0.3745117, -0.015625, -0.8837891, 0.04937506, -0.06968737, 0.07281256,147.3087,5,4,True,True,122
92076,-2.93082,-2.041367,1015.649,-1,-0.3754883, -0.01757813, -0.8852539, 0.01812506, -0.1634374, 0.08843756,147.3087,5,4,True,True,122
92157,-3.057955,-3.185089,1015.69,36.7351,-0.3735352, -0.01464844, -0.8862305, -0.02874994, -0.1790624, 0.08843756,147.3087,5,4,True,True,122
92242,-2.974225,-2.890495,1015.68,36.7351,-0.3740234, -0.01708984, -0.8852539, 0.01812506, -0.1321874, 0.05718756,147.3087,5,4,True,True,122
92375,-0.9655137,1.043198,1015.535,-1,-0.375, -0.01611328, -0.8862305, 0.03375006, -0.1790624, 0.07281256,147.3087,5,4,True,True,122
92448,-2.499862,-4.03421,1015.722,36.7351,-0.3735352, -0.01660156, -0.8867188, 0.002500057, -0.1946874, 0.1353126,147.3087,5,4,True,True,122
92513,-2.695179,-2.890495,1015.68,-1,-0.3730469, -0.015625, -0.8862305, 0.04937506, -0.1165624, 0.1040626,147.3087,5,4,True,True,122
92583,-2.662866,-2.630554,1015.67,36.7351,-0.3745117, -0.01660156, -0.8842773, -0.01312494, -0.2103124, 0.01031256,147.3087,5,4,True,True,122
92648,-1.51166,-0.3604546,1015.587,-1,-0.3740234, -0.01660156, -0.8862305, 0.03375006, -0.1634374, 0.05718756,147.3087,5,4,True,True,122
92824,-2.244398,-2.977135,1015.683,-1,-0.375, -0.015625, -0.8857422, 0.01812506, -0.1478124, 0.07281256,147.3087,5,4,True,True,122
92890,-3.468554,-4.692711,1015.746,36.70315,-0.3735352, -0.015625, -0.8881836, 0.01812506, -0.03843737, 0.02593756,147.3087,5,4,True,True,122
92959,-2.954244,-2.439934,1015.663,36.69402,-0.3745117, -0.01708984, -0.8852539, 0.002500057, -0.1790624, 0.1509376,147.3087,5,4,True,True,122
93029,-1.986602,-1.018959,1015.611,36.68489,-0.3740234, -0.01611328, -0.887207, 0.01812506, -0.1478124, 0.07281256,147.3087,5,4,True,True,122
93101,-1.936004,-1.885406,1015.643,-1,-0.3740234, -0.01660156, -0.8837891, -0.01312494, -0.1321874, 0.1040626,147.3087,5,4,True,True,122
93172,-1.200216,-0.4644279,1015.591,-1,-0.375, -0.01513672, -0.8857422, -0.02874994, -0.1634374, 0.07281256,147.3087,5,4,True,True,122
93242,-1.404181,-1.608147,1015.633,-1,-0.3740234, -0.015625, -0.887207, 0.01812506, -0.1321874, 0.07281256,147.3087,5,4,True,True,122
93313,-3.906234,-6.408287,1015.809,-1,-0.3735352, -0.01855469, -0.8852539, 0.002500057, -0.1634374, 0.08843756,147.3087,5,4,True,True,122
93386,-2.75719,-1.608147,1015.633,-1,-0.3720703, -0.01416016, -0.8862305, 0.002500057, -0.1165624, 0.07281256,147.3087,5,4,True,True,122
93458,-4.019545,-5.281898,1015.768,-1,-0.3735352, -0.015625, -0.8862305, -0.01312494, -0.1321874, 0.08843756,147.3087,5,4,True,True,122
93532,-3.377036,-2.734528,1015.674,-1,-0.3735352, -0.01513672, -0.8852539, -0.02874994, -0.1321874, 0.05718756,147.3087,5,4,True,True,122
93608,-2.215324,-1.053612,1015.612,-1,-0.3730469, -0.015625, -0.8847656, 0.01812506, -0.1009374, 0.1040626,147.3087,5,4,True,True,122
93797,-3.471348,-4.727371,1015.747,-1,-0.3725586, -0.01660156, -0.8867188, -0.01312494, -0.1478124, 0.08843756,147.3087,5,4,True,True,122
93873,-2.539747,-1.608147,1015.633,36.68032,-0.3740234, -0.01660156, -0.8842773, -0.01312494, -0.1165624, 0.07281256,147.3087,5,4,True,True,122
93949,-3.208999,-3.87825,1015.716,-1,-0.3725586, -0.01708984, -0.887207, -0.05999994, -0.1165624, 0.1196876,147.3087,5,4,True,True,122
94027,-3.396327,-3.583656,1015.706,36.68489,-0.3740234, -0.01660156, -0.8837891, -0.01312494, -0.1478124, 0.07281256,147.3087,5,4,True,True,122
94108,-1.791746,-0.1871643,1015.581,-1,-0.3730469, -0.01660156, -0.8876953, 0.03375006, -0.1165624, 0.1040626,147.3087,5,4,True,True,122
94184,-3.120925,-4.450104,1015.737,36.67576,-0.3735352, -0.01611328, -0.8847656, 0.002500057, -0.08531237, 0.02593756,147.3087,5,4,True,True,122
94265,-3.22232,-3.323715,1015.696,-1,-0.3735352, -0.01708984, -0.8837891, 0.01812506, -0.1634374, 0.1040626,147.3087,5,4,True,True,122
94344,-3.706245,-4.19017,1015.727,36.66663,-0.3740234, -0.01660156, -0.8876953, -0.04437494, -0.06968737, 0.1040626,147.3087,5,4,True,True,122
94424,-3.809574,-3.912903,1015.717,-1,-0.3740234, -0.01611328, -0.8852539, 0.002500057, -0.1009374, 0.01031256,147.3087,5,4,True,True,122
94506,-3.583975,-3.358376,1015.697,-1,-0.3735352, -0.015625, -0.8862305, 0.03375006, -0.1165624, 0.04156256,147.3087,5,4,True,True,122
94590,-3.609809,-3.635643,1015.707,-1,-0.3730469, -0.01416016, -0.8852539, -0.04437494, -0.1009374, 0.02593756,147.3087,5,4,True,True,122
94675,-3.076862,-2.543915,1015.667,36.63924,-0.3725586, -0.01757813, -0.887207, -0.01312494, -0.1321874, 0.05718756,147.3087,5,4,True,True,122
94872,-3.685503,-4.294144,1015.731,-1,-0.3725586, -0.01660156, -0.8881836, 0.04937506, -0.1009374, 0.02593756,147.3087,5,4,True,True,122
95011,-4.145783,-4.606064,1015.743,36.60273,-0.3740234, -0.01660156, -0.8867188, -0.05999994, -0.1321874, 0.05718756,147.3087,5,4,True,True,122
95076,-2.946278,-1.746773,1015.638,36.60273,-0.3735352, -0.015625, -0.8852539, -0.01312494, -0.08531237, 0.08843756,147.3087,5,4,True,True,122
95141,-2.779753,-2.613228,1015.669,-1,-0.371582, -0.015625, -0.8852539, 0.01812506, -0.1321874, 0.1040626,147.3087,5,4,True,True,122
95207,-4.100142,-5.420532,1015.773,-1,-0.3730469, -0.01708984, -0.8891602, -0.01312494, -0.1634374, 0.08843756,147.3087,5,4,True,True,122
95273,-3.495319,-2.890495,1015.68,-1,-0.3730469, -0.015625, -0.8847656, -0.04437494, -0.1321874, 0.07281256,147.3087,5,4,True,True,122
95343,-4.327959,-5.160599,1015.763,36.61186,-0.371582, -0.015625, -0.8852539, 0.03375006, -0.08531237, 0.1040626,147.3087,5,4,True,True,122
95409,-3.470593,-2.613228,1015.669,-1,-0.3735352, -0.015625, -0.8857422, -0.02874994, -0.1321874, 0.1040626,147.3087,5,4,True,True,122
95488,-3.882369,-4.294144,1015.731,36.61186,-0.3735352, -0.01611328, -0.8847656, -0.02874994, -0.1009374, 0.07281256,147.3087,5,4,True,True,122
95560,-3.949622,-4.016876,1015.721,-1,-0.3730469, -0.015625, -0.887207, 0.002500057, -0.05406237, 0.08843756,147.3087,5,4,True,True,122
95650,-3.827289,-3.704956,1015.71,-1,-0.3735352, -0.01513672, -0.8852539, 0.002500057, -0.1165624, 0.04156256,147.3087,5,4,True,True,122
95721,-2.925665,-2.02404,1015.648,-1,-0.3745117, -0.01660156, -0.8886719, 0.01812506, -0.1478124, 0.1040626,147.3087,5,4,True,True,122
95904,-4.450362,-5.97506,1015.793,-1,-0.3735352, -0.01611328, -0.8837891, 0.01812506, -0.1634374, 0.1040626,147.3087,5,4,True,True,122
95975,-3.809059,-3.167755,1015.69,-1,-0.3735352, -0.01416016, -0.8852539, -0.02874994, -0.1478124, 0.05718756,147.3087,5,4,True,True,122
96050,-2.491989,-1.174919,1015.617,36.62098,-0.3725586, -0.01660156, -0.8867188, -0.01312494, -0.1009374, 0.1353126,147.3087,5,4,True,True,122
96125,-3.098473,-3.704956,1015.71,36.61642,-0.3740234, -0.015625, -0.8847656, -0.02874994, -0.1321874, 0.1196876,147.3087,5,4,True,True,122
96200,-3.401714,-3.704956,1015.71,-1,-0.3735352, -0.015625, -0.8847656, 0.01812506, -0.1790624, 0.05718756,147.3087,5,4,True,True,122
96275,-2.712877,-2.02404,1015.648,36.60729,-0.3745117, -0.01513672, -0.887207, 0.002500057, -0.06968737, 0.05718756,147.3087,5,4,True,True,122
96351,-2.940316,-3.167755,1015.69,-1,-0.3730469, -0.01611328, -0.887207, -0.02874994, -0.08531237, 0.05718756,147.3087,5,4,True,True,122
96428,-4.050457,-5.160599,1015.763,-1,-0.375, -0.01611328, -0.8867188, 0.01812506, -0.03843737, 0.08843756,147.3087,5,4,True,True,122
96506,-4.033667,-4.016876,1015.721,36.61186,-0.3720703, -0.01464844, -0.8847656, -0.04437494, -0.1165624, 0.07281256,147.3087,5,4,True,True,122
96582,-3.028853,-2.02404,1015.648,-1,-0.3735352, -0.015625, -0.8818359, 0.04937506, -0.1790624, 0.07281256,147.3087,5,4,True,True,122
96662,-2.821041,-2.613228,1015.669,36.60273,-0.3740234, -0.01611328, -0.887207, -0.01312494, -0.1009374, 0.1196876,147.3087,5,4,True,True,122
96744,-3.418958,-4.016876,1015.721,-1,-0.3745117, -0.015625, -0.8862305, -0.01312494, -0.1009374, 0.07281256,147.3087,5,4,True,True,122
96934,-2.87746,-2.33596,1015.659,-1,-0.3745117, -0.01416016, -0.8857422, 0.01812506, -0.1321874, 0.07281256,147.3087,5,4,True,True,122
97014,-3.022607,-3.167755,1015.69,-1,-0.3730469, -0.01611328, -0.8857422, 0.01812506, -0.06968737, 0.07281256,147.3087,5,4,True,True,122
97094,-2.956551,-2.890495,1015.68,36.60729,-0.3725586, -0.01611328, -0.8833008, -0.05999994, -0.1009374, 0.07281256,147.3087,5,4,True,True,122
97178,-2.78489,-2.613228,1015.669,36.60729,-0.3735352, -0.01611328, -0.8837891, 0.04937506, -0.1790624, 0.1196876,147.3087,5,4,True,True,122
97260,-4.102711,-5.420532,1015.773,36.60273,-0.3730469, -0.01416016, -0.8857422, 0.01812506, -0.1946874, 0.02593756,147.3087,5,4,True,True,122
97344,-3.063375,-2.02404,1015.648,36.61186,-0.375, -0.01611328, -0.8847656, -0.01312494, -0.1165624, 0.1040626,147.3087,5,4,True,True,122
97427,-3.115565,-3.167755,1015.69,-1,-0.3725586, -0.01708984, -0.8857422, 0.01812506, -0.08531237, 0.07281256,147.3087,5,4,True,True,122
97561,-3.999448,-4.883331,1015.753,-1,-0.3730469, -0.01660156, -0.8862305, -0.04437494, -0.1165624, 0.07281256,147.3087,5,4,True,True,122
97627,-2.734481,-1.469513,1015.628,-1,-0.3740234, -0.01708984, -0.8857422, -0.01312494, -0.1634374, 0.07281256,147.3087,5,4,True,True,122
97696,-2.101997,-1.469513,1015.628,36.59816,-0.3725586, -0.01708984, -0.8886719, -0.01312494, -0.06968737, 0.05718756,147.3087,5,4,True,True,122
97763,-3.492664,-4.883331,1015.753,-1,-0.3740234, -0.015625, -0.8852539, 0.002500057, -0.08531237, 0.07281256,147.3087,5,4,True,True,122
97831,-4.187998,-4.883331,1015.753,36.60273,-0.3725586, -0.01660156, -0.8862305, 0.01812506, -0.1165624, 0.04156256,147.3087,5,4,True,True,122
98008,-4.258401,-4.328804,1015.733,-1,-0.3730469, -0.015625, -0.8862305, 0.04937506, -0.08531237, 0.1040626,147.3087,5,4,True,True,122
98077,-4.718163,-5.177925,1015.764,36.58447,-0.3740234, -0.01513672, -0.8857422, -0.02874994, -0.1165624, 0.02593756,147.3087,5,4,True,True,122
98147,-5.242638,-5.767113,1015.785,36.5799,-0.3730469, -0.01708984, -0.8901367, -0.01312494, -0.08531237, 0.07281256,147.3087,5,4,True,True,122
98218,-3.962589,-2.682541,1015.672,-1,-0.371582, -0.01513672, -0.8876953, 0.01812506, -0.1321874, 0.05718756,147.3087,5,4,True,True,122
98289,-3.885759,-3.808929,1015.714,-1,-0.3735352, -0.01611328, -0.8837891, 0.01812506, -0.1321874, 0.07281256,147.3087,5,4,True,True,122
98359,-2.850926,-1.816093,1015.641,-1,-0.3730469, -0.015625, -0.8852539, -0.05999994, -0.1165624, 0.04156256,147.3087,5,4,True,True,122
98431,-2.766734,-2.682541,1015.672,-1,-0.3740234, -0.01757813, -0.887207, -0.01312494, -0.08531237, 0.07281256,147.3087,5,4,True,True,122
98506,-3.98966,-5.212585,1015.765,-1,-0.3740234, -0.01513672, -0.8847656, -0.02874994, -0.1165624, 0.05718756,147.3087,5,4,True,True,122
98589,-3.899294,-3.808929,1015.714,36.57077,-0.3725586, -0.01464844, -0.8847656, -0.01312494, -0.1634374, 0.1040626,147.3087,5,4,True,True,122
98664,-4.148705,-4.398117,1015.735,-1,-0.3735352, -0.01660156, -0.8857422, 0.03375006, -0.08531237, 0.07281256,147.3087,5,4,True,True,122
98741,-4.550675,-4.952644,1015.755,-1,-0.3730469, -0.01611328, -0.8857422, 0.01812506, -0.1321874, 0.1040626,147.3087,5,4,True,True,122
98820,-3.477978,-2.405281,1015.662,36.55708,-0.3725586, -0.01611328, -0.8852539, -0.01312494, -0.03843737, 0.07281256,147.3087,5,4,True,True,122
99007,-2.958956,-2.439934,1015.663,36.54795,-0.371582, -0.01367188, -0.887207, -0.01312494, -0.1009374, 0.08843756,147.3087,5,4,True,True,122
99083,-2.430848,-1.90274,1015.643,-1,-0.3720703, -0.015625, -0.8867188, -0.01312494, -0.05406237, 0.08843756,147.3087,5,4,True,True,122
99161,-3.154549,-3.87825,1015.716,-1,-0.3720703, -0.01660156, -0.8857422, -0.01312494, -0.1165624, 0.1040626,147.3087,5,4,True,True,122
99242,-3.386429,-3.618309,1015.706,-1,-0.3735352, -0.01611328, -0.8847656, -0.05999994, -0.06968737, 0.04156256,147.3087,5,4,True,True,122
99321,-3.363739,-3.341049,1015.696,36.516,-0.3740234, -0.01416016, -0.8867188, 0.03375006, -0.1790624, 0.07281256,147.3087,5,4,True,True,122
99403,-2.503269,-1.642799,1015.634,36.51143,-0.3730469, -0.01660156, -0.8881836, 0.002500057, -0.08531237, 0.07281256,147.3087,5,4,True,True,122
99503,-2.800856,-3.098442,1015.687,36.50687,-0.3730469, -0.01367188, -0.887207, -0.01312494, -0.1165624, 0.08843756,147.3087,5,4,True,True,122
99585,-1.3987,0.003456116,1015.574,-1,-0.3725586, -0.01660156, -0.8876953, -0.01312494, -0.1321874, 0.07281256,147.3087,5,4,True,True,122
99669,-1.564073,-1.729446,1015.637,36.47034,-0.3725586, -0.01464844, -0.8876953, -0.01312494, -0.08531237, -0.02093744,147.3087,5,4,True,True,122
99754,-1.369496,-1.174919,1015.617,36.47034,-0.3720703, -0.01660156, -0.8867188, 0.06500006, -0.1165624, 0.05718756,147.3087,5,4,True,True,122
99838,-3.247717,-5.125938,1015.762,36.4886,-0.3730469, -0.01611328, -0.8867188, 0.04937506, -0.05406237, 0.1040626,147.3087,5,4,True,True,122
99925,-3.892234,-4.536751,1015.74,36.47491,-0.3745117, -0.01513672, -0.8886719, -0.01312494, -0.1478124, 0.07281256,147.3087,5,4,True,True,122
100172,-3.252731,-2.613228,1015.67,-1,-0.3735352, -0.015625, -0.887207, -0.01312494, -0.1634374, 0.1196876,147.3087,5,4,True,True,122
100233,-2.803013,-2.353294,1015.66,-1,-0.3735352, -0.01611328, -0.8896484, -0.05999994, -0.08531237, 0.05718756,147.3087,5,4,True,True,122
100300,-3.860502,-4.917992,1015.754,36.43839,-0.3730469, -0.01708984, -0.887207, 0.03375006, -0.1790624, 0.07281256,147.3087,5,4,True,True,122
100367,-2.552367,-1.244232,1015.619,36.42469,-0.375, -0.01757813, -0.8881836, -0.01312494, -0.05406237, 0.08843756,147.3087,5,4,True,True,122
100432,-2.756088,-2.959808,1015.682,-1,-0.3745117, -0.015625, -0.8891602, 0.002500057, -0.1009374, 0.05718756,147.3087,5,4,True,True,122
100497,-3.698406,-4.640724,1015.744,-1,-0.3740234, -0.01367188, -0.8876953, -0.02874994, -0.1165624, 0.04156256,147.3087,5,4,True,True,122
100564,-4.602793,-5.507179,1015.776,-1,-0.3735352, -0.015625, -0.887207, -0.02874994, -0.03843737, 0.08843756,147.3087,5,4,True,True,122
100632,-3.781301,-2.959808,1015.682,-1,-0.3735352, -0.01464844, -0.8901367, -0.02874994, -0.1321874, 0.07281256,147.3087,5,4,True,True,122
100702,-4.211012,-4.640724,1015.744,-1,-0.3735352, -0.01660156, -0.8862305, -0.01312494, -0.1634374, 0.02593756,147.3087,5,4,True,True,122
100774,-2.588992,-0.9669724,1015.609,-1,-0.375, -0.01660156, -0.8896484, -0.01312494, -0.08531237, 0.07281256,147.3087,5,4,True,True,122
100845,-2.211206,-1.83342,1015.641,-1,-0.3730469, -0.01416016, -0.8896484, 0.002500057, 0.03968763, 0.1196876,147.3087,5,4,True,True,122
100914,-2.429547,-2.647888,1015.671,-1,-0.3745117, -0.015625, -0.8876953, -0.01312494, -0.1321874, 0.05718756,147.3087,5,4,True,True,122
101098,-4.687518,-6.945488,1015.829,36.40644,-0.3730469, -0.015625, -0.890625, -0.01312494, -0.03843737, 0.08843756,147.3087,5,4,True,True,122
101170,-3.433759,-2.18,1015.654,-1,-0.3740234, -0.01708984, -0.8881836, -0.01312494, -0.08531237, 0.01031256,147.3087,5,4,True,True,122
101244,-3.664668,-3.895576,1015.717,-1,-0.3740234, -0.01611328, -0.8886719, -0.01312494, -0.1478124, 0.1040626,147.3087,5,4,True,True,122
101319,-3.641488,-3.618309,1015.707,-1,-0.3735352, -0.01513672, -0.8886719, -0.02874994, -0.02281237, 0.05718756,147.3087,5,4,True,True,122
101396,-3.066708,-2.491928,1015.665,36.37904,-0.3720703, -0.01660156, -0.8881836, 0.01812506, -0.1009374, 0.07281256,147.3087,5,4,True,True,122
101472,-1.644264,-0.2218208,1015.582,-1,-0.3720703, -0.01611328, -0.8911133, -0.04437494, -0.08531237, 0.07281256,147.3087,5,4,True,True,122
101550,-3.203144,-4.762024,1015.748,36.37448,-0.3730469, -0.01757813, -0.8886719, -0.01312494, -0.08531237, 0.05718756,147.3087,5,4,True,True,122
101630,-2.847536,-2.491928,1015.665,36.38361,-0.3745117, -0.015625, -0.890625, -0.01312494, -0.1790624, 0.1040626,147.3087,5,4,True,True,122
101717,-3.371556,-3.895576,1015.717,-1,-0.3730469, -0.015625, -0.887207, -0.02874994, -0.05406237, 0.04156256,147.3087,5,4,True,True,122
101801,-2.065287,-0.7590179,1015.602,36.38361,-0.371582, -0.01464844, -0.8862305, -0.09124994, -0.1634374, 0.05718756,147.3087,5,4,True,True,122
101878,-2.547204,-3.029121,1015.685,-1,-0.3735352, -0.01611328, -0.8876953, -0.01312494, -0.007187366, 0.04156256,147.3087,5,4,True,True,122
101958,-1.523144,-0.4990845,1015.592,-1,-0.3735352, -0.01611328, -0.887207, -0.01312494, -0.1790624, 0.08843756,147.3087,5,4,True,True,122
102149,-2.570727,-3.618309,1015.707,-1,-0.3725586, -0.015625, -0.890625, -0.01312494, -0.05406237, 0.05718756,147.3087,5,4,True,True,122
102230,-2.955888,-3.341049,1015.696,-1,-0.3730469, -0.01708984, -0.8891602, 0.03375006, -0.1634374, 0.07281256,147.3087,5,4,True,True,122
102311,-2.44664,-1.937393,1015.645,-1,-0.3735352, -0.01513672, -0.8901367, -0.04437494, -0.02281237, 0.05718756,147.3087,5,4,True,True,122
102391,-2.347981,-2.249321,1015.656,-1,-0.3745117, -0.01416016, -0.8901367, -0.07562494, -0.1321874, 0.08843756,147.3087,5,4,True,True,122
102475,-2.723211,-3.098442,1015.687,-1,-0.3745117, -0.01513672, -0.8876953, 0.03375006, -0.05406237, 0.02593756,147.3087,5,4,True,True,122
102610,-2.503592,-2.283974,1015.657,36.34709,-0.371582, -0.01513672, -0.8891602, -0.01312494, -0.1321874, 0.07281256,147.3087,5,4,True,True,122
102676,-2.532417,-2.561241,1015.667,-1,-0.3735352, -0.01464844, -0.8862305, -0.04437494, -0.06968737, 0.08843756,147.3087,5,4,True,True,122
102742,-2.546829,-2.561241,1015.667,-1,-0.3730469, -0.01660156, -0.8886719, -0.02874994, 0.008437634, 0.08843756,147.3087,5,4,True,True,122
102827,-2.822636,-3.098442,1015.687,-1,-0.3740234, -0.01660156, -0.8891602, -0.02874994, -0.1478124, 0.1040626,147.3087,5,4,True,True,122
102893,-3.523733,-4.224831,1015.729,-1,-0.3725586, -0.01611328, -0.8881836, -0.01312494, -0.1165624, 0.07281256,147.3087,5,4,True,True,122
102959,-2.903853,-2.283974,1015.657,-1,-0.3740234, -0.01513672, -0.887207, 0.03375006, -0.1321874, 0.07281256,147.3087,5,4,True,True,122
103028,-2.732547,-2.561241,1015.667,36.33796,-0.371582, -0.01416016, -0.8886719, -0.05999994, -0.08531237, 0.08843756,147.3087,5,4,True,True,122
103209,-2.369631,-2.006714,1015.647,-1,-0.3730469, -0.01660156, -0.8891602, 0.04937506, -0.1634374, 0.02593756,147.3087,5,4,True,True,122
103278,-2.465436,-2.561241,1015.667,-1,-0.3745117, -0.015625, -0.8886719, -0.01312494, -0.06968737, 0.07281256,147.3087,5,4,True,True,122
103349,-2.374705,-2.283974,1015.657,36.3334,-0.3735352, -0.01757813, -0.8901367, -0.02874994, -0.2259374, 0.1040626,147.3087,5,4,True,True,122
103421,-2.190709,-2.006714,1015.647,-1,-0.3730469, -0.015625, -0.8896484, 0.002500057, -0.1946874, 0.05718756,147.3087,5,4,True,True,122
103494,-4.230181,-6.269653,1015.804,36.3334,-0.3725586, -0.01416016, -0.8876953, 0.01812506, -0.1478124, 0.1040626,147.3087,5,4,True,True,122
103565,-4.114865,-3.99955,1015.72,-1,-0.3730469, -0.01708984, -0.890625, -0.02874994, -0.1321874, 0.05718756,147.3087,5,4,True,True,122
103640,-3.078116,-2.041367,1015.648,-1,-0.3740234, -0.01464844, -0.8876953, -0.01312494, -0.2415624, 0.04156256,147.3087,5,4,True,True,122
103712,-1.719285,-0.3604546,1015.587,-1,-0.371582, -0.015625, -0.8901367, -0.02874994, -0.1478124, 0.08843756,147.3087,5,4,True,True,122
103788,-1.897656,-2.076027,1015.65,-1,-0.3735352, -0.01513672, -0.8862305, 0.04937506, -0.05406237, 0.05718756,147.3087,5,4,True,True,122
103865,-1.986841,-2.076027,1015.65,36.28775,-0.3754883, -0.01513672, -0.8896484, -0.02874994, -0.1634374, 0.1196876,147.3087,5,4,True,True,122
103941,-3.027852,-4.068863,1015.723,-1,-0.3745117, -0.01416016, -0.8891602, 0.01812506, -0.02281237, 0.07281256,147.3087,5,4,True,True,122
104018,-1.434218,0.1594162,1015.568,-1,-0.375, -0.01708984, -0.8876953, 0.03375006, -0.2415624, 0.07281256,147.3087,5,4,True,True,122
104210,-2.508937,-3.583656,1015.705,-1,-0.3730469, -0.01416016, -0.890625, -0.01312494, -0.2415624, 0.07281256,147.3087,5,4,True,True,122
104284,-3.063623,-3.618309,1015.706,-1,-0.375, -0.01611328, -0.887207, 0.03375006, -0.1634374, 0.05718756,147.3087,5,4,True,True,122
104361,-2.067284,-1.070946,1015.613,-1,-0.3720703, -0.01660156, -0.8896484, 0.03375006, 0.03968763, 0.05718756,147.3087,5,4,True,True,122
104439,-1.707745,-1.348206,1015.623,36.21927,-0.3730469, -0.01464844, -0.8886719, -0.01312494, -0.1321874, 0.04156256,147.3087,5,4,True,True,122
104519,-1.545305,-1.382866,1015.625,36.2147,-0.3730469, -0.01513672, -0.8911133, -0.04437494, -0.08531237, 0.07281256,147.3087,5,4,True,True,122
104600,-1.897313,-2.249321,1015.656,-1,-0.3740234, -0.01660156, -0.8891602, 0.002500057, -0.1946874, 0.07281256,147.3087,5,4,True,True,122
104680,-1.778723,-1.660133,1015.635,-1,-0.3759766, -0.01611328, -0.8886719, -0.01312494, -0.08531237, 0.01031256,147.3087,5,4,True,True,122
104765,-0.8789684,0.02078629,1015.573,36.21014,-0.3725586, -0.01513672, -0.8881836, 0.002500057, -0.06968737, 0.1040626,147.3087,5,4,True,True,122
104850,-1.546815,-2.214661,1015.655,-1,-0.371582, -0.01708984, -0.8896484, -0.02874994, -0.05406237, 0.07281256,147.3087,5,4,True,True,122
104941,-1.880737,-2.214661,1015.655,-1,-0.3730469, -0.01416016, -0.887207, -0.01312494, -0.1009374, 0.02593756,147.3087,5,4,True,True,122
105076,-2.593563,-3.306389,1015.695,-1,-0.3754883, -0.01513672, -0.8891602, -0.01312494, -0.1009374, 0.08843756,147.3087,5,4,True,True,122
105142,-1.814924,-1.036285,1015.612,36.23753,-0.3745117, -0.01611328, -0.8886719, 0.01812506, -0.1321874, 0.07281256,147.3087,5,4,True,True,122
105318,-0.7411089,0.3327065,1015.562,-1,-0.3730469, -0.01660156, -0.8876953, 0.01812506, -0.1165624, 0.1040626,147.3087,5,4,True,True,122
105383,-2.881537,-5.021965,1015.758,-1,-0.375, -0.01611328, -0.8881836, -0.01312494, -0.1009374, 0.08843756,147.3087,5,4,True,True,122
105450,-2.270835,-1.660133,1015.635,-1,-0.3735352, -0.01513672, -0.8891602, 0.03375006, -0.08531237, 0.05718756,147.3087,5,4,True,True,122
105519,-2.961902,-3.652969,1015.708,36.21927,-0.3745117, -0.015625, -0.8862305, -0.01312494, -0.1321874, 0.1040626,147.3087,5,4,True,True,122
105586,-2.874208,-2.786514,1015.676,-1,-0.3745117, -0.01416016, -0.8862305, -0.02874994, -0.1009374, 0.08843756,147.3087,5,4,True,True,122
105656,-0.5689248,1.736359,1015.51,-1,-0.3725586, -0.015625, -0.8896484, -0.05999994, -0.1165624, 0.07281256,147.3087,5,4,True,True,122
105724,-0.8372616,-1.105598,1015.614,36.21014,-0.3725586, -0.01611328, -0.8886719, -0.01312494, -0.08531237, 0.1353126,147.3087,5,4,True,True,122
105795,-1.248698,-1.660133,1015.635,-1,-0.3745117, -0.01611328, -0.8862305, 0.01812506, 0.008437634, 0.02593756,147.3087,5,4,True,True,122
105866,-2.5808,-3.912903,1015.718,-1,-0.3740234, -0.01611328, -0.887207, -0.01312494, -0.007187366, 0.08843756,147.3087,5,4,True,True,122
105940,-2.120467,-1.660133,1015.635,-1,-0.375, -0.01611328, -0.887207, 0.01812506, -0.1321874, 0.07281256,147.3087,5,4,True,True,122
106013,-2.02893,-1.937393,1015.645,-1,-0.3735352, -0.01660156, -0.8857422, -0.02874994, -0.1321874, 0.1040626,147.3087,5,4,True,True,122
106086,-0.9867435,0.05544281,1015.572,36.2147,-0.3735352, -0.01660156, -0.8862305, -0.02874994, -0.08531237, 0.05718756,147.3087,5,4,True,True,122
106271,-1.869303,-2.751862,1015.675,36.2284,-0.3745117, -0.01708984, -0.8833008, -0.01312494, -0.1946874, 0.07281256,147.3087,5,4,True,True,122
106344,-2.310582,-2.751862,1015.675,-1,-0.3735352, -0.01757813, -0.8842773, -0.01312494, -0.08531237, 0.05718756,147.3087,5,4,True,True,122
106418,-1.968028,-1.625473,1015.633,-1,-0.3745117, -0.01513672, -0.8847656, -0.05999994, -0.1321874, 0.07281256,147.3087,5,4,True,True,122
106492,-1.224893,-0.4817581,1015.592,-1,-0.3735352, -0.01611328, -0.8867188, -0.01312494, -0.06968737, 0.07281256,147.3087,5,4,True,True,122
106588,-1.286549,-1.348206,1015.623,36.2284,-0.3740234, -0.01611328, -0.8857422, -0.01312494, -0.06968737, 0.07281256,147.3087,5,4,True,True,122
106669,-2.296469,-3.306389,1015.695,36.2284,-0.3735352, -0.01611328, -0.8862305, -0.04437494, -0.1321874, 0.1040626,147.3087,5,4,True,True,122
106746,-1.960971,-1.625473,1015.633,-1,-0.3745117, -0.01806641, -0.8867188, 0.04937506, -0.08531237, 0.07281256,147.3087,5,4,True,True,122
106823,-2.356416,-2.751862,1015.675,-1,-0.3735352, -0.01464844, -0.887207, -0.01312494, -0.1478124, 0.05718756,147.3087,5,4,True,True,122
106904,-2.554139,-2.751862,1015.675,-1,-0.3730469, -0.015625, -0.8867188, -0.02874994, -0.1478124, 0.07281256,147.3087,5,4,True,True,122
106981,-3.216195,-3.87825,1015.716,-1,-0.375, -0.01513672, -0.8876953, -0.05999994, -0.1321874, 0.07281256,147.3087,5,4,True,True,122
107061,-2.420834,-1.625473,1015.633,-1,-0.3735352, -0.01611328, -0.8857422, 0.04937506, -0.08531237, 0.08843756,147.3087,5,4,True,True,122
107141,-1.74589,-1.070946,1015.613,-1,-0.3745117, -0.01611328, -0.887207, -0.01312494, -0.1165624, 0.08843756,147.3087,5,4,True,True,122
107332,-2.248876,-2.751862,1015.675,-1,-0.3735352, -0.01513672, -0.8876953, 0.002500057, -0.1478124, 0.08843756,147.3087,5,4,True,True,122
107416,-2.794962,-3.341049,1015.696,36.22383,-0.3730469, -0.01611328, -0.8867188, -0.01312494, 0.008437634, 0.07281256,147.3087,5,4,True,True,122
107502,-3.50123,-4.207497,1015.728,-1,-0.3740234, -0.01367188, -0.8862305, -0.01312494, -0.2728124, 0.05718756,147.3087,5,4,True,True,122
107588,-1.878853,-0.2564774,1015.583,36.2147,-0.371582, -0.01660156, -0.8876953, 0.06500006, -0.05406237, 0.05718756,147.3087,5,4,True,True,122
107720,-1.769493,-1.660133,1015.635,-1,-0.3735352, -0.01660156, -0.8876953, 0.01812506, -0.1009374, 0.02593756,147.3087,5,4,True,True,122
107787,-2.295334,-2.821175,1015.677,36.20101,-0.3725586, -0.01660156, -0.8876953, -0.01312494, -0.08531237, 0.1040626,147.3087,5,4,True,True,122
107854,-1.431868,-0.5684013,1015.594,-1,-0.3740234, -0.01513672, -0.887207, -0.01312494, -0.02281237, 0.02593756,147.3087,5,4,True,True,122
107921,-1.987891,-2.543915,1015.667,-1,-0.3725586, -0.015625, -0.8867188, 0.03375006, -0.1634374, 0.1040626,147.3087,5,4,True,True,122
107988,-1.858669,-1.729446,1015.637,36.16449,-0.3740234, -0.01611328, -0.8852539, 0.002500057, -0.1790624, 0.05718756,147.3087,5,4,True,True,122
108061,-1.516794,-1.174919,1015.617,-1,-0.3725586, -0.01464844, -0.8847656, -0.05999994, -0.05406237, 0.07281256,147.3087,5,4,True,True,122
108129,-1.345857,-1.174919,1015.617,-1,-0.3735352, -0.01660156, -0.8852539, 0.06500006, -0.1165624, 0.05718756,147.3087,5,4,True,True,122
108197,-1.554982,-1.764107,1015.638,-1,-0.3740234, -0.015625, -0.8847656, 0.002500057, -0.02281237, 0.05718756,147.3087,5,4,True,True,122
108377,-1.520911,-1.486839,1015.628,-1,-0.3740234, -0.01660156, -0.8876953, -0.01312494, -0.1165624, 0.08843756,147.3087,5,4,True,True,122
108451,-2.205703,-2.890495,1015.68,36.15536,-0.3735352, -0.01660156, -0.8847656, -0.05999994, -0.1321874, 0.1353126,147.3087,5,4,True,True,122
108523,-2.279499,-2.353294,1015.66,-1,-0.3735352, -0.01513672, -0.887207, 0.01812506, -0.08531237, 0.08843756,147.3087,5,4,True,True,122
108596,-2.584997,-2.890495,1015.68,36.15079,-0.3745117, -0.01660156, -0.887207, -0.02874994, -0.1634374, 0.05718756,147.3087,5,4,True,True,122
108671,-2.737746,-2.890495,1015.68,36.16449,-0.3730469, -0.01513672, -0.8862305, -0.05999994, -0.1165624, 0.07281256,147.3087,5,4,True,True,122
108742,-2.814121,-2.890495,1015.68,-1,-0.3720703, -0.01464844, -0.8896484, 0.01812506, -0.06968737, 0.05718756,147.3087,5,4,True,True,122
108814,-3.718759,-4.623398,1015.743,-1,-0.3745117, -0.015625, -0.8876953, -0.01312494, -0.08531237, 0.05718756,147.3087,5,4,True,True,122
108893,-1.762341,0.1940765,1015.567,36.14622,-0.3735352, -0.015625, -0.8896484, -0.04437494, -0.1790624, 0.07281256,147.3087,5,4,True,True,122
108969,-2.057818,-2.353294,1015.66,-1,-0.3740234, -0.015625, -0.8867188, 0.06500006, -0.03843737, 0.07281256,147.3087,5,4,True,True,122
109047,-1.087833,-0.1178474,1015.578,-1,-0.3740234, -0.01416016, -0.887207, -0.02874994, -0.05406237, 0.04156256,147.3087,5,4,True,True,122
109123,-1.304666,-1.5215,1015.63,-1,-0.3740234, -0.015625, -0.8867188, 0.08062506, -0.08531237, 0.1509376,147.3087,5,4,True,True,122
109199,-1.976277,-2.647888,1015.671,-1,-0.3740234, -0.01708984, -0.887207, 0.002500057, -0.1009374, 0.05718756,147.3087,5,4,True,True,122
109389,-2.173449,-2.370621,1015.661,36.13709,-0.3735352, -0.015625, -0.8867188, -0.02874994, -0.1165624, 0.1353126,147.3087,5,4,True,True,122
109467,-2.982526,-3.791603,1015.713,-1,-0.375, -0.01513672, -0.8891602, 0.04937506, -0.1165624, 0.05718756,147.3087,5,4,True,True,122
109547,-2.676573,-2.370621,1015.661,-1,-0.3725586, -0.01513672, -0.8881836, -0.01312494, 0.008437634, 0.07281256,147.3087,5,4,True,True,122
109628,-3.095454,-3.514336,1015.703,-1,-0.3730469, -0.01611328, -0.8881836, 0.01812506, -0.2259374, 0.08843756,147.3087,5,4,True,True,122
109711,-2.169843,-1.244232,1015.619,36.12796,-0.3735352, -0.015625, -0.8891602, -0.01312494, -0.007187366, 0.07281256,147.3087,5,4,True,True,122
109812,-1.438437,-0.7070313,1015.599,-1,-0.3735352, -0.01513672, -0.8891602, 0.04937506, -0.1165624, 0.07281256,147.3087,5,4,True,True,122
109894,-2.493717,-3.548996,1015.704,-1,-0.3730469, -0.01464844, -0.8867188, -0.02874994, -0.08531237, 0.1040626,147.3087,5,4,True,True,122
109978,-1.886305,-1.278893,1015.621,-1,-0.3745117, -0.01513672, -0.8842773, 0.01812506, -0.1790624, 0.1040626,147.3087,5,4,True,True,122
110063,-1.877192,-1.86808,1015.642,36.10057,-0.371582, -0.01660156, -0.8862305, -0.01312494, -0.05406237, 0.05718756,147.3087,5,4,True,True,122
110198,-3.276289,-4.675385,1015.745,36.11884,-0.3735352, -0.01660156, -0.8862305, -0.01312494, -0.1946874, 0.02593756,147.3087,5,4,True,True,122
110264,-2.710814,-2.14534,1015.652,36.1097,-0.3745117, -0.01611328, -0.8901367, 0.002500057, -0.007187366, 0.05718756,147.3087,5,4,True,True,122
110333,-2.289447,-1.86808,1015.642,36.12796,-0.371582, -0.01416016, -0.8886719, 0.002500057, -0.03843737, 0.1040626,147.3087,5,4,True,True,122
110511,-3.205148,-4.12085,1015.725,-1,-0.3740234, -0.01660156, -0.8867188, 0.01812506, -0.1321874, 0.07281256,147.3087,5,4,True,True,122
110577,-1.964757,-0.7243652,1015.6,-1,-0.3735352, -0.01611328, -0.8867188, -0.01312494, -0.05406237, 0.02593756,147.3087,5,4,True,True,122
110645,-3.042803,-4.12085,1015.725,-1,-0.3725586, -0.01464844, -0.8857422, -0.04437494, -0.1009374, 0.1196876,147.3087,5,4,True,True,122
110714,-3.581826,-4.12085,1015.725,36.10057,-0.3725586, -0.015625, -0.8867188, 0.01812506, -0.1321874, 0.02593756,147.3087,5,4,True,True,122
110785,-3.851338,-4.12085,1015.725,36.09601,-0.3725586, -0.01660156, -0.8876953, -0.01312494, -0.1478124, 0.07281256,147.3087,5,4,True,True,122
110856,-2.582445,-1.313553,1015.622,-1,-0.3735352, -0.01708984, -0.8881836, -0.02874994, -0.08531237, 0.07281256,147.3087,5,4,True,True,122
110925,-3.083051,-3.583656,1015.705,-1,-0.3735352, -0.01660156, -0.8852539, -0.02874994, -0.06968737, 0.05718756,147.3087,5,4,True,True,122
110997,-3.333354,-3.583656,1015.705,-1,-0.3745117, -0.01660156, -0.8867188, -0.04437494, -0.1165624, 0.02593756,147.3087,5,4,True,True,122
111069,-3.319871,-3.306389,1015.695,-1,-0.3740234, -0.01660156, -0.8876953, -0.01312494, -0.1165624, 0.02593756,147.3087,5,4,True,True,122
111152,-3.72036,-4.12085,1015.725,36.09601,-0.3730469, -0.01513672, -0.8852539, -0.01312494, -0.05406237, 0.1040626,147.3087,5,4,True,True,122
111227,-2.239689,-0.7590179,1015.602,36.09601,-0.3730469, -0.01464844, -0.8862305, 0.002500057, -0.1165624, 0.07281256,147.3087,5,4,True,True,122
111303,-1.776621,-1.313553,1015.622,-1,-0.3730469, -0.015625, -0.8867188, 0.04937506, -0.1790624, 0.05718756,147.3087,5,4,True,True,122
111488,-2.264241,-2.751862,1015.675,-1,-0.3735352, -0.01513672, -0.887207, 0.03375006, -0.08531237, 0.07281256,147.3087,5,4,True,True,122
111565,-3.643103,-5.021965,1015.758,-1,-0.375, -0.01416016, -0.8857422, 0.002500057, -0.1009374, 0.07281256,147.3087,5,4,True,True,122
111639,-3.058849,-2.474594,1015.665,-1,-0.3745117, -0.015625, -0.8847656, -0.01312494, -0.08531237, 0.1040626,147.3087,5,4,True,True,122
111715,-1.224437,0.6099739,1015.551,-1,-0.3725586, -0.01660156, -0.8862305, -0.01312494, -0.1478124, 0.04156256,147.3087,5,4,True,True,122
111789,-3.417795,-5.611153,1015.779,-1,-0.3725586, -0.01708984, -0.887207, 0.01812506, -0.1321874, 0.05718756,147.3087,5,4,True,True,122
111866,-1.811143,-0.2044907,1015.581,-1,-0.3740234, -0.015625, -0.8847656, 0.002500057, -0.02281237, 0.1353126,147.3087,5,4,True,True,122
111946,-1.735638,-1.660133,1015.634,-1,-0.3720703, -0.01513672, -0.8857422, -0.01312494, -0.05406237, 0.1040626,147.3087,5,4,True,True,122
112026,-2.39971,-3.063782,1015.686,-1,-0.3730469, -0.01660156, -0.8867188, -0.02874994, -0.1634374, 0.02593756,147.3087,5,4,True,True,122
112108,-1.596694,-0.7936783,1015.603,-1,-0.375, -0.015625, -0.8852539, 0.03375006, -0.1165624, 0.05718756,147.3087,5,4,True,True,122
112188,-1.47245,-1.348206,1015.623,-1,-0.3725586, -0.01513672, -0.8886719, -0.01312494, -0.1165624, 0.07281256,147.3087,5,4,True,True,122
112269,-1.133064,-0.7936783,1015.603,-1,-0.3740234, -0.01611328, -0.8862305, -0.04437494, -0.05406237, 0.08843756,147.3087,5,4,True,True,122
112352,-1.803829,-2.474594,1015.665,36.07318,-0.3730469, -0.01757813, -0.887207, -0.02874994, -0.1321874, 0.05718756,147.3087,5,4,True,True,122
112544,-1.151457,-0.4990845,1015.592,-1,-0.3735352, -0.01660156, -0.8862305, 0.03375006, -0.1165624, 0.05718756,147.3087,5,4,True,True,122
112626,-1.813025,-2.474594,1015.665,-1,-0.3740234, -0.01513672, -0.8857422, -0.02874994, -0.1009374, 0.1040626,147.3087,5,4,True,True,122
112759,-1.736579,-1.660133,1015.634,36.06861,-0.3740234, -0.015625, -0.8857422, 0.002500057, -0.08531237, 0.08843756,147.3087,5,4,True,True,122
112824,-1.403763,-1.070946,1015.613,-1,-0.3754883, -0.01513672, -0.8842773, -0.01312494, -0.1009374, 0.07281256,147.3087,5,4,True,True,122
112891,-2.935596,-4.46743,1015.738,-1,-0.3730469, -0.015625, -0.8847656, 0.03375006, -0.06968737, 0.04156256,147.3087,5,4,True,True,122
112957,-3.978781,-5.021965,1015.758,-1,-0.3730469, -0.015625, -0.8862305, -0.02874994, -0.1009374, 0.05718756,147.3087,5,4,True,True,122
113026,-2.368899,-0.7590179,1015.602,-1,-0.3740234, -0.01708984, -0.8867188, 0.01812506, -0.1946874, 0.01031256,147.3087,5,4,True,True,122
113095,-1.858552,-1.348206,1015.623,36.08231,-0.3745117, -0.01660156, -0.8867188, 0.01812506, -0.1321874, 0.01031256,147.3087,5,4,True,True,122
113183,-2.166573,-2.474594,1015.665,-1,-0.3745117, -0.01367188, -0.8852539, 0.01812506, -0.1165624, 0.1040626,147.3087,5,4,True,True,122
113252,-2.883778,-3.600983,1015.706,36.07318,-0.3735352, -0.01660156, -0.8847656, -0.02874994, -0.1321874, 0.05718756,147.3087,5,4,True,True,122
113321,-1.691431,-0.4990845,1015.592,36.07318,-0.3735352, -0.01611328, -0.8847656, -0.02874994, -0.1009374, 0.1040626,147.3087,5,4,True,True,122
113392,-3.218064,-4.744698,1015.748,36.07318,-0.3735352, -0.01757813, -0.8867188, 0.002500057, -0.1321874, 0.07281256,147.3087,5,4,True,True,122
113575,-3.704117,-4.19017,1015.728,-1,-0.3730469, -0.01757813, -0.8867188, 0.01812506, -0.1165624, 0.07281256,147.3087,5,4,True,True,122
113644,-2.526161,-1.348206,1015.623,-1,-0.3725586, -0.01708984, -0.8837891, 0.03375006, -0.1165624, 0.07281256,147.3087,5,4,True,True,122
113718,-3.496796,-4.46743,1015.738,36.08231,-0.3730469, -0.01708984, -0.8833008, 0.002500057, -0.1009374, 0.1040626,147.3087,5,4,True,True,122
113790,-4.120747,-4.744698,1015.748,-1,-0.3735352, -0.01416016, -0.8852539, -0.02874994, -0.1165624, 0.02593756,147.3087,5,4,True,True,122
113865,-2.734476,-1.348206,1015.623,36.05949,-0.3740234, -0.01757813, -0.8867188, -0.01312494, -0.08531237, 0.07281256,147.3087,5,4,True,True,122
113939,-2.335935,-1.937393,1015.645,-1,-0.3725586, -0.01318359, -0.8881836, -0.02874994, -0.06968737, 0.05718756,147.3087,5,4,True,True,122
114016,-3.124419,-3.912903,1015.718,-1,-0.3740234, -0.01513672, -0.8852539, 0.002500057, -0.08531237, 0.07281256,147.3087,5,4,True,True,122
114091,-3.11143,-3.098442,1015.687,-1,-0.3730469, -0.015625, -0.887207, 0.01812506, -0.1165624, 0.07281256,147.3087,5,4,True,True,122
114171,-2.827672,-2.543915,1015.667,36.04579,-0.3720703, -0.01660156, -0.8852539, -0.02874994, -0.1165624, 0.05718756,147.3087,5,4,True,True,122
114256,-4.089442,-5.351212,1015.77,36.04579,-0.3754883, -0.01611328, -0.8847656, 0.01812506, -0.1165624, 0.08843756,147.3087,5,4,True,True,122
114337,-3.316679,-2.543915,1015.667,36.04123,-0.3725586, -0.01464844, -0.8862305, 0.01812506, -0.08531237, 0.07281256,147.3087,5,4,True,True,122
114417,-3.493487,-3.670296,1015.709,36.03666,-0.3745117, -0.01318359, -0.887207, 0.03375006, -0.08531237, 0.04156256,147.3087,5,4,True,True,122
114612,-3.174661,-2.855835,1015.679,36.02753,-0.3735352, -0.015625, -0.8862305, 0.04937506, -0.05406237, 0.07281256,147.3087,5,4,True,True,122
114693,-2.31342,-1.452179,1015.627,36.0184,-0.3735352, -0.01513672, -0.8852539, -0.04437494, -0.1634374, 0.08843756,147.3087,5,4,True,True,122
114775,-1.8828,-1.452179,1015.627,-1,-0.3730469, -0.01513672, -0.8876953, -0.01312494, -0.05406237, 0.04156256,147.3087,5,4,True,True,122
114858,-2.369317,-2.855835,1015.679,36.0184,-0.3745117, -0.01513672, -0.8867188, -0.01312494, -0.1321874, 0.07281256,147.3087,5,4,True,True,122
114941,-2.612576,-2.855835,1015.679,-1,-0.3735352, -0.015625, -0.887207, 0.01812506, -0.1009374, 0.07281256,147.3087,5,4,True,True,122
115025,-2.595572,-2.578568,1015.668,36.0184,-0.3740234, -0.01611328, -0.8862305, 0.01812506, -0.1165624, 0.07281256,147.3087,5,4,True,True,122
115110,-2.58707,-2.578568,1015.668,-1,-0.371582, -0.01513672, -0.887207, -0.04437494, 0.02406263, 0.07281256,147.3087,5,4,True,True,122
115243,-1.742361,-0.8976517,1015.607,-1,-0.3740234, -0.01660156, -0.8852539, 0.002500057, -0.1165624, 0.1040626,147.3087,5,4,True,True,122
115305,-0.9041107,-0.06586075,1015.576,-1,-0.3735352, -0.01611328, -0.8886719, 0.01812506, -0.08531237, 0.02593756,147.3087,5,4,True,True,122
115372,-2.477824,-4.051537,1015.722,-1,-0.375, -0.01611328, -0.8886719, -0.01312494, -0.1009374, 0.08843756,147.3087,5,4,True,True,122
115437,-2.848783,-3.219742,1015.692,-1,-0.3745117, -0.01464844, -0.8867188, -0.01312494, -0.08531237, 0.07281256,147.3087,5,4,True,True,122
115506,-4.169314,-5.489845,1015.775,35.96818,-0.3725586, -0.01464844, -0.8886719, -0.01312494, -0.1321874, 0.05718756,147.3087,5,4,True,True,122
115684,-3.443258,-2.717201,1015.673,-1,-0.371582, -0.01611328, -0.887207, -0.04437494, -0.1165624, 0.07281256,147.3087,5,4,True,True,122
115753,-2.785635,-2.128014,1015.652,35.96361,-0.3745117, -0.015625, -0.8896484, 0.04937506, -0.06968737, 0.08843756,147.3087,5,4,True,True,122
115821,-1.755,-0.7243652,1015.6,-1,-0.3735352, -0.01660156, -0.8867188, -0.02874994, -0.05406237, 0.08843756,147.3087,5,4,True,True,122
115893,-2.236101,-2.717201,1015.673,35.94535,-0.3745117, -0.01708984, -0.8886719, 0.04937506, -0.1165624, 0.08843756,147.3087,5,4,True,True,122
115964,-2.043427,-1.850754,1015.642,35.94992,-0.3735352, -0.01513672, -0.8881836, -0.01312494, -0.03843737, 0.04156256,147.3087,5,4,True,True,122
116033,-2.085721,-2.128014,1015.652,-1,-0.3720703, -0.01611328, -0.8886719, 0.01812506, -0.1009374, 0.05718756,147.3087,5,4,True,True,122
116105,-2.106867,-2.128014,1015.652,-1,-0.3725586, -0.01611328, -0.8876953, -0.01312494, -0.1165624, 0.1040626,147.3087,5,4,True,True,122
116175,-1.259654,-0.4124413,1015.589,-1,-0.3745117, -0.015625, -0.8886719, -0.01312494, -0.1009374, 0.07281256,147.3087,5,4,True,True,122
116247,-1.407907,-1.55616,1015.631,-1,-0.3725586, -0.01855469, -0.8876953, 0.002500057, -0.1478124, 0.08843756,147.3087,5,4,True,True,122
116321,-2.045224,-2.682541,1015.672,-1,-0.3735352, -0.01660156, -0.8881836, -0.01312494, -0.1165624, 0.04156256,147.3087,5,4,True,True,122
116395,-2.363883,-2.682541,1015.672,35.96361,-0.3740234, -0.01513672, -0.8842773, 0.03375006, -0.1009374, 0.05718756,147.3087,5,4,True,True,122
116491,-2.653182,-2.942482,1015.682,35.96361,-0.3720703, -0.01513672, -0.8867188, -0.01312494, -0.06968737, 0.02593756,147.3087,5,4,True,True,122
116676,-2.667861,-2.682541,1015.672,35.96818,-0.3730469, -0.01464844, -0.8852539, -0.05999994, -0.1009374, 0.1196876,147.3087,5,4,True,True,122
116754,-1.540151,-0.4124413,1015.589,-1,-0.3740234, -0.01611328, -0.887207, -0.01312494, -0.1009374, 0.07281256,147.3087,5,4,True,True,122
116827,-2.414607,-3.289063,1015.695,-1,-0.3740234, -0.01513672, -0.8842773, 0.002500057, -0.1165624, 0.07281256,147.3087,5,4,True,True,122
116908,-2.565904,-2.717201,1015.673,35.94535,-0.3735352, -0.01611328, -0.8862305, 0.01812506, -0.03843737, 0.05718756,147.3087,5,4,True,True,122
116986,-3.066113,-3.566322,1015.704,-1,-0.3735352, -0.01513672, -0.8867188, -0.01312494, -0.08531237, 0.04156256,147.3087,5,4,True,True,122
117068,-2.051199,-1.036285,1015.612,35.94078,-0.3725586, -0.015625, -0.8833008, 0.002500057, -0.1321874, 0.05718756,147.3087,5,4,True,True,122
117149,-1.543742,-1.036285,1015.612,-1,-0.3735352, -0.01367188, -0.8886719, -0.05999994, -0.1321874, 0.02593756,147.3087,5,4,True,True,122
117230,-1.714574,-1.885406,1015.643,-1,-0.3735352, -0.01416016, -0.8867188, 0.03375006, -0.1165624, 0.07281256,147.3087,5,4,True,True,122
117316,-2.224551,-2.734528,1015.674,35.94535,-0.3710938, -0.01611328, -0.8867188, -0.02874994, -0.007187366, 0.1196876,147.3087,5,4,True,True,122
117407,-2.618173,-3.011795,1015.685,-1,-0.3735352, -0.01660156, -0.887207, -0.01312494, -0.1165624, 0.08843756,147.3087,5,4,True,True,122
117493,-2.529053,-2.439934,1015.663,-1,-0.3745117, -0.01660156, -0.887207, 0.002500057, -0.1165624, 0.07281256,147.3087,5,4,True,True,122
117578,-1.782669,-1.036285,1015.612,-1,-0.371582, -0.01708984, -0.8881836, 0.002500057, -0.06968737, 0.05718756,147.3087,5,4,True,True,122
117823,-0.9762518,-0.1698341,1015.58,-1,-0.3735352, -0.01708984, -0.8876953, 0.002500057, -0.1165624, 0.02593756,147.3087,5,4,True,True,122
117887,-1.708093,-2.439934,1015.663,35.94535,-0.3735352, -0.01611328, -0.8867188, 0.002500057, -0.1009374, 0.04156256,147.3087,5,4,True,True,122
117953,-1.372189,-1.036285,1015.612,35.93166,-0.3720703, -0.01660156, -0.8876953, -0.01312494, -0.007187366, 0.05718756,147.3087,5,4,True,True,122
118019,-2.62522,-3.87825,1015.716,-1,-0.3735352, -0.01611328, -0.8896484, -0.05999994, -0.08531237, 0.07281256,147.3087,5,4,True,True,122
118084,-2.974467,-3.323715,1015.696,35.92252,-0.371582, -0.01757813, -0.8896484, -0.01312494, -0.08531237, 0.05718756,147.3087,5,4,True,True,122
118155,-2.585901,-2.197334,1015.654,35.91339,-0.3740234, -0.01416016, -0.8911133, -0.02874994, -0.06968737, 0.02593756,147.3087,5,4,True,True,122
118220,-2.538914,-2.491928,1015.665,-1,-0.3735352, -0.01611328, -0.8901367, 0.03375006, -0.1634374, 0.1040626,147.3087,5,4,True,True,122
118287,-3.225909,-3.912903,1015.717,-1,-0.3735352, -0.01513672, -0.8881836, 0.08062506, -0.1321874, 0.04156256,147.3087,5,4,True,True,122
118356,-1.749858,-0.2738075,1015.583,-1,-0.375, -0.01611328, -0.887207, -0.01312494, -0.1790624, 0.05718756,147.3087,5,4,True,True,122
118426,-0.7345692,0.2807198,1015.563,-1,-0.3730469, -0.01806641, -0.8876953, 0.002500057, -0.08531237, 0.08843756,147.3087,5,4,True,True,122
118498,-3.06022,-5.385872,1015.771,-1,-0.3745117, -0.01513672, -0.8862305, 0.04937506, -0.08531237, 0.04156256,147.3087,5,4,True,True,122
118572,-2.38617,-1.71212,1015.636,35.87687,-0.3725586, -0.01611328, -0.8891602, 0.01812506, -0.03843737, 0.02593756,147.3087,5,4,True,True,122
118757,-2.750969,-3.115768,1015.688,35.8723,-0.3735352, -0.01660156, -0.8891602, -0.01312494, -0.1165624, 0.04156256,147.3087,5,4,True,True,122
118832,-3.089329,-3.427689,1015.699,-1,-0.3735352, -0.01660156, -0.8881836, 0.01812506, -0.06968737, 0.04156256,147.3087,5,4,True,True,122
118902,-3.821703,-4.554077,1015.741,-1,-0.3730469, -0.01513672, -0.8896484, 0.01812506, -0.06968737, 0.07281256,147.3087,5,4,True,True,122
118975,-2.489644,-1.157585,1015.616,-1,-0.3740234, -0.01464844, -0.8876953, -0.01312494, -0.1165624, 0.07281256,147.3087,5,4,True,True,122
119048,-1.12179,0.2460632,1015.565,-1,-0.3720703, -0.01513672, -0.8901367, 0.03375006, -0.08531237, 0.07281256,147.3087,5,4,True,True,122
119125,-3.132528,-5.143265,1015.762,-1,-0.3730469, -0.01708984, -0.8886719, -0.01312494, -0.08531237, 0.05718756,147.3087,5,4,True,True,122
119200,-3.002844,-2.873161,1015.679,-1,-0.3735352, -0.015625, -0.8876953, 0.002500057, -0.1009374, 0.02593756,147.3087,5,4,True,True,122
119279,-1.941585,-0.8803253,1015.606,35.86774,-0.371582, -0.01416016, -0.8881836, 0.01812506, -0.02281237, 0.07281256,147.3087,5,4,True,True,122
119356,-2.546007,-3.150429,1015.689,-1,-0.3745117, -0.01757813, -0.8876953, 0.002500057, -0.05406237, 0.01031256,147.3087,5,4,True,True,122
119435,-2.41499,-2.283974,1015.658,-1,-0.371582, -0.01269531, -0.8881836, -0.01312494, -0.02281237, 0.02593756,147.3087,5,4,True,True,122
119537,-1.647658,-0.8803253,1015.606,-1,-0.371582, -0.01513672, -0.8876953, -0.01312494, -0.03843737, 0.07281256,147.3087,5,4,True,True,122
119616,-1.541255,-1.434853,1015.626,-1,-0.3725586, -0.01611328, -0.8867188, -0.01312494, -0.06968737, 0.07281256,147.3087,5,4,True,True,122
119808,-3.480894,-5.420532,1015.772,-1,-0.3735352, -0.01513672, -0.8886719, -0.02874994, -0.1165624, 0.1040626,147.3087,5,4,True,True,122
119888,-3.177027,-2.873161,1015.679,-1,-0.3740234, -0.01611328, -0.8862305, -0.02874994, -0.05406237, 0.02593756,147.3087,5,4,True,True,122
119973,-3.726923,-4.276817,1015.731,35.84034,-0.3735352, -0.01611328, -0.8896484, -0.04437494, -0.02281237, 0.04156256,147.3087,5,4,True,True,122
120055,-4.435094,-5.143265,1015.762,-1,-0.3720703, -0.015625, -0.8886719, 0.01812506, -0.02281237, 0.1040626,147.3087,5,4,True,True,122
120140,-3.931391,-3.427689,1015.699,-1,-0.3740234, -0.01660156, -0.8857422, -0.01312494, -0.06968737, 0.05718756,147.3087,5,4,True,True,122
120275,-4.12143,-4.31147,1015.732,35.84491,-0.3745117, -0.01660156, -0.8891602, -0.01312494, -0.08531237, 0.07281256,147.3087,5,4,True,True,122
120339,-1.955014,0.2114029,1015.566,35.84491,-0.3720703, -0.01611328, -0.8886719, -0.05999994, -0.06968737, 0.07281256,147.3087,5,4,True,True,122
120402,-3.133242,-4.31147,1015.732,-1,-0.3735352, -0.015625, -0.8876953, -0.04437494, -0.05406237, 0.1196876,147.3087,5,4,True,True,122
120470,-3.020532,-2.907822,1015.68,35.83578,-0.3725586, -0.01513672, -0.8886719, 0.01812506, -0.1009374, 0.08843756,147.3087,5,4,True,True,122
120541,-3.821965,-4.623398,1015.743,-1,-0.3720703, -0.01660156, -0.8896484, -0.05999994, -0.05406237, 0.04156256,147.3087,5,4,True,True,122
120608,-2.385802,-0.9496384,1015.609,-1,-0.3735352, -0.01416016, -0.8876953, 0.04937506, -0.1165624, 0.04156256,147.3087,5,4,True,True,122
120676,-3.521926,-4.658051,1015.744,35.80839,-0.3745117, -0.01464844, -0.8862305, 0.002500057, -0.1321874, 0.08843756,147.3087,5,4,True,True,122
120864,-4.219959,-4.917992,1015.754,-1,-0.3720703, -0.01708984, -0.8891602, 0.002500057, -0.1634374, 0.08843756,147.3087,5,4,True,True,122
120932,-3.442587,-2.665215,1015.671,-1,-0.3745117, -0.01513672, -0.8862305, 0.01812506, -0.1321874, 0.1196876,147.3087,5,4,True,True,122
121003,-3.617095,-3.791603,1015.713,35.81752,-0.3730469, -0.01464844, -0.887207, -0.01312494, -0.05406237, 0.08843756,147.3087,5,4,True,True,122
121074,-3.279788,-2.942482,1015.682,-1,-0.3735352, -0.01513672, -0.8857422, -0.04437494, -0.1321874, 0.07281256,147.3087,5,4,True,True,122
121146,-3.111135,-2.942482,1015.682,-1,-0.3725586, -0.01513672, -0.887207, -0.04437494, -0.05406237, 0.1196876,147.3087,5,4,True,True,122
121219,-2.463614,-1.816093,1015.64,35.82665,-0.3735352, -0.01660156, -0.8867188, -0.01312494, -0.1478124, 0.05718756,147.3087,5,4,True,True,122
121294,-4.106697,-5.749779,1015.785,35.81752,-0.3745117, -0.01660156, -0.8852539, 0.01812506, -0.1165624, 0.05718756,147.3087,5,4,True,True,122
121370,-4.512344,-4.917992,1015.754,35.80382,-0.3745117, -0.01464844, -0.887207, -0.01312494, -0.08531237, 0.07281256,147.3087,5,4,True,True,122
121445,-3.450146,-2.387947,1015.661,35.81295,-0.3725586, -0.015625, -0.8876953, -0.01312494, -0.1321874, 0.05718756,147.3087,5,4,True,True,122
121521,-3.352274,-3.254402,1015.693,-1,-0.3740234, -0.015625, -0.887207, -0.02874994, -0.05406237, 0.05718756,147.3087,5,4,True,True,122
121597,-3.727899,-4.103523,1015.724,35.79926,-0.3725586, -0.01757813, -0.8867188, 0.03375006, -0.06968737, 0.1040626,147.3087,5,4,True,True,122
121676,-2.512059,-1.296219,1015.621,-1,-0.375, -0.01464844, -0.887207, 0.01812506, -0.1165624, 0.08843756,147.3087,5,4,True,True,122
121867,-2.623293,-2.734528,1015.674,35.79012,-0.3725586, -0.01513672, -0.8886719, 0.01812506, -0.02281237, 0.07281256,147.3087,5,4,True,True,122
121943,-2.52295,-2.422607,1015.662,-1,-0.3735352, -0.01611328, -0.8876953, 0.01812506, -0.1634374, 0.08843756,147.3087,5,4,True,True,122
122019,-3.755127,-4.987305,1015.757,-1,-0.3745117, -0.015625, -0.8896484, -0.02874994, -0.1946874, 0.05718756,147.3087,5,4,True,True,122
122100,-4.648479,-5.541832,1015.777,-1,-0.3720703, -0.01513672, -0.8867188, 0.06500006, -0.1165624, 0.04156256,147.3087,5,4,True,True,122
122184,-4.384665,-4.12085,1015.725,35.79012,-0.3735352, -0.015625, -0.8857422, 0.01812506, -0.05406237, 0.07281256,147.3087,5,4,True,True,122
122264,-5.101882,-5.819099,1015.787,-1,-0.3735352, -0.015625, -0.8886719, -0.02874994, -0.05406237, 0.1040626,147.3087,5,4,True,True,122
122346,-4.758663,-4.415443,1015.735,-1,-0.3730469, -0.01611328, -0.8886719, 0.002500057, -0.08531237, 0.02593756,147.3087,5,4,True,True,122
122429,-2.750177,-0.7416916,1015.601,35.78099,-0.3720703, -0.01513672, -0.8901367, 0.01812506, -0.05406237, 0.08843756,147.3087,5,4,True,True,122
122511,-3.305547,-3.860916,1015.715,-1,-0.3730469, -0.01464844, -0.8881836, -0.01312494, -0.08531237, 0.05718756,147.3087,5,4,True,True,122
122596,-3.167334,-3.029121,1015.685,-1,-0.3730469, -0.01660156, -0.8886719, -0.02874994, -0.03843737, 0.02593756,147.3087,5,4,True,True,122
122751,-2.959598,-2.751862,1015.675,35.7673,-0.3706055, -0.015625, -0.8876953, 0.03375006, -0.1165624, 0.05718756,147.3087,5,4,True,True,122
122816,-3.990781,-5.021965,1015.758,35.76273,-0.3745117, -0.01464844, -0.8876953, -0.01312494, -0.05406237, 0.1353126,147.3087,5,4,True,True,122
122992,-4.081813,-4.172844,1015.727,35.75816,-0.3740234, -0.01708984, -0.887207, 0.01812506, -0.08531237, 0.07281256,147.3087,5,4,True,True,122
123058,-3.850061,-3.618309,1015.706,35.7536,-0.3735352, -0.015625, -0.8876953, 0.002500057, -0.1165624, 0.05718756,147.3087,5,4,True,True,122
123123,-2.599133,-1.348206,1015.623,35.74446,-0.3725586, -0.01513672, -0.8881836, 0.01812506, -0.05406237, 0.07281256,147.3087,5,4,True,True,122
123188,-2.398234,-2.197334,1015.655,-1,-0.3725586, -0.015625, -0.887207, -0.01312494, -0.1165624, 0.07281256,147.3087,5,4,True,True,122
123258,-3.138242,-3.87825,1015.716,35.76273,-0.3730469, -0.01464844, -0.8881836, 0.01812506, -0.1321874, 0.07281256,147.3087,5,4,True,True,122
123329,-3.083682,-3.029121,1015.685,35.77186,-0.3745117, -0.01513672, -0.8867188, -0.02874994, -0.06968737, 0.05718756,147.3087,5,4,True,True,122
123398,-2.917772,-2.751862,1015.675,-1,-0.3730469, -0.01660156, -0.887207, 0.01812506, -0.08531237, 0.07281256,147.3087,5,4,True,True,122
123471,-4.108498,-5.299225,1015.768,-1,-0.3740234, -0.01708984, -0.8837891, -0.02874994, -0.1634374, 0.08843756,147.3087,5,4,True,True,122
123549,-5.544319,-6.980141,1015.83,35.76273,-0.3720703, -0.015625, -0.8857422, 0.002500057, -0.06968737, 0.04156256,147.3087,5,4,True,True,122
123620,-4.28672,-3.029121,1015.685,-1,-0.371582, -0.015625, -0.8881836, -0.01312494, 0.02406263, 0.07281256,147.3087,5,4,True,True,122
123691,-4.637012,-4.987305,1015.757,-1,-0.3745117, -0.01513672, -0.8881836, 0.04937506, -0.1009374, 0.08843756,147.3087,5,4,True,True,122
123763,-4.248964,-3.860916,1015.715,-1,-0.3754883, -0.01660156, -0.8876953, -0.02874994, -0.1321874, 0.05718756,147.3087,5,4,True,True,122
123951,-4.184907,-4.12085,1015.725,35.7673,-0.3735352, -0.015625, -0.8876953, 0.002500057, -0.08531237, 0.05718756,147.3087,5,4,True,True,122
124027,-3.321087,-2.457268,1015.664,35.78099,-0.3740234, -0.01611328, -0.8847656, -0.01312494, -0.1478124, 0.02593756,147.3087,5,4,True,True,122
124102,-4.154196,-4.987305,1015.757,-1,-0.3740234, -0.01464844, -0.887207, -0.01312494, -0.1790624, 0.05718756,147.3087,5,4,True,True,122
124178,-3.574332,-2.994469,1015.684,-1,-0.3735352, -0.01660156, -0.8862305, 0.03375006, -0.02281237, 0.05718756,147.3087,5,4,True,True,122
124254,-3.440361,-3.306389,1015.695,-1,-0.3735352, -0.01611328, -0.887207, -0.01312494, -0.08531237, 0.07281256,147.3087,5,4,True,True,122
124333,-3.087444,-2.734528,1015.674,-1,-0.3720703, -0.01416016, -0.8862305, -0.01312494, -0.1321874, 0.07281256,147.3087,5,4,True,True,122
124410,-2.191832,-1.296219,1015.621,-1,-0.3740234, -0.015625, -0.8847656, -0.01312494, -0.1165624, 0.05718756,147.3087,5,4,True,True,122
124489,-3.433608,-4.675385,1015.746,35.79012,-0.3740234, -0.01416016, -0.8847656, -0.04437494, -0.06968737, 0.04156256,147.3087,5,4,True,True,122
124570,-4.34909,-5.264572,1015.767,-1,-0.371582, -0.01611328, -0.8842773, 0.01812506, -0.1165624, 0.05718756,147.3087,5,4,True,True,122
124649,-4.512238,-4.675385,1015.746,-1,-0.3735352, -0.01660156, -0.8852539, 0.01812506, -0.1165624, 0.07281256,147.3087,5,4,True,True,122
124730,-5.165668,-5.819099,1015.787,-1,-0.3725586, -0.01464844, -0.8857422, 0.01812506, -0.03843737, 0.07281256,147.3087,5,4,True,True,122
124812,-4.920527,-4.675385,1015.746,-1,-0.371582, -0.01367188, -0.887207, -0.02874994, -0.1478124, 0.1040626,147.3087,5,4,True,True,122
125006,-5.811704,-6.702881,1015.82,-1,-0.3710938, -0.015625, -0.8876953, 0.03375006, -0.1478124, 0.07281256,147.3087,5,4,True,True,122
125090,-4.844977,-3.87825,1015.716,35.7673,-0.371582, -0.01708984, -0.8842773, 0.03375006, -0.1165624, 0.08843756,147.3087,5,4,True,True,122
125175,-3.651122,-2.457268,1015.664,35.7536,-0.3725586, -0.01513672, -0.887207, 0.01812506, -0.06968737, 0.07281256,147.3087,5,4,True,True,122
125309,-5.332962,-7.014801,1015.831,-1,-0.3720703, -0.015625, -0.8857422, -0.01312494, -0.1009374, 0.1040626,147.3087,5,4,True,True,122
125372,-4.059738,-2.786514,1015.676,-1,-0.3730469, -0.01660156, -0.887207, 0.04937506, -0.03843737, 0.05718756,147.3087,5,4,True,True,122
125439,-4.124954,-4.19017,1015.728,-1,-0.3720703, -0.01660156, -0.8896484, 0.002500057, -0.05406237, 0.08843756,147.3087,5,4,True,True,122
125523,-3.888962,-3.652969,1015.708,-1,-0.3720703, -0.01708984, -0.8876953, -0.04437494, -0.02281237, 0.07281256,147.3087,5,4,True,True,122
125588,-2.921844,-1.954727,1015.646,-1,-0.3720703, -0.015625, -0.8852539, -0.01312494, -0.06968737, 0.1040626,147.3087,5,4,True,True,122
125655,-1.025969,0.8699074,1015.542,-1,-0.3735352, -0.01660156, -0.8876953, -0.01312494, -0.03843737, 0.05718756,147.3087,5,4,True,True,122
125725,-2.339469,-3.652969,1015.708,-1,-0.3730469, -0.01611328, -0.8847656, -0.02874994, -0.1165624, 0.07281256,147.3087,5,4,True,True,122
125793,-2.294395,-2.249321,1015.656,-1,-0.3740234, -0.01464844, -0.8886719, 0.002500057, -0.1009374, 0.05718756,147.3087,5,4,True,True,122
125864,-1.699997,-1.105598,1015.614,35.73077,-0.3720703, -0.01708984, -0.8876953, -0.02874994, -0.08531237, 0.1040626,147.3087,5,4,True,True,122
126046,-2.685146,-3.670296,1015.709,-1,-0.3720703, -0.01464844, -0.8876953, -0.02874994, -0.03843737, 0.08843756,147.3087,5,4,True,True,122
126119,-2.891794,-3.098442,1015.687,35.7262,-0.3725586, -0.01464844, -0.8852539, 0.04937506, -0.06968737, 0.05718756,147.3087,5,4,True,True,122
126191,-3.012444,-3.133095,1015.688,35.71707,-0.3720703, -0.015625, -0.8867188, 0.01812506, -0.05406237, 0.08843756,147.3087,5,4,True,True,122
126260,-4.199158,-5.385872,1015.771,-1,-0.3710938, -0.01513672, -0.8852539, 0.01812506, -0.08531237, 0.1196876,147.3087,5,4,True,True,122
126336,-4.515251,-4.831345,1015.751,35.69881,-0.3720703, -0.01708984, -0.8862305, 0.03375006, -0.08531237, 0.04156256,147.3087,5,4,True,True,122
126410,-4.673298,-4.831345,1015.751,35.69881,-0.3740234, -0.01513672, -0.8891602, -0.01312494, -0.1321874, 0.07281256,147.3087,5,4,True,True,122
126487,-4.189127,-3.704956,1015.71,35.68055,-0.3735352, -0.01660156, -0.887207, 0.03375006, -0.02281237, 0.05718756,147.3087,5,4,True,True,122
126561,-3.687108,-3.185089,1015.691,-1,-0.3725586, -0.01367188, -0.887207, -0.01312494, -0.1321874, 0.02593756,147.3087,5,4,True,True,122
126637,-2.872904,-2.058701,1015.649,35.69424,-0.3725586, -0.015625, -0.887207, 0.01812506, -0.06968737, 0.05718756,147.3087,5,4,True,True,122
126723,-1.902608,-0.932312,1015.608,35.67141,-0.3730469, -0.015625, -0.8886719, -0.01312494, -0.1165624, 0.07281256,147.3087,5,4,True,True,122
126800,-2.543849,-3.185089,1015.691,-1,-0.3735352, -0.01611328, -0.8876953, 0.04937506, -0.03843737, 0.1040626,147.3087,5,4,True,True,122
126878,-2.864469,-3.185089,1015.691,35.69424,-0.3725586, -0.01611328, -0.887207, 0.03375006, -0.1478124, 0.08843756,147.3087,5,4,True,True,122
127070,-4.003867,-5.143265,1015.762,-1,-0.3730469, -0.01660156, -0.8876953, -0.02874994, -0.1009374, 0.07281256,147.3087,5,4,True,True,122
127149,-4.850829,-5.697792,1015.783,35.68968,-0.3725586, -0.015625, -0.887207, 0.002500057, -0.05406237, 0.1040626,147.3087,5,4,True,True,122
127230,-3.454765,-2.058701,1015.649,35.67141,-0.3710938, -0.015625, -0.8886719, -0.01312494, -0.02281237, 0.05718756,147.3087,5,4,True,True,122
127310,-3.874454,-4.294144,1015.731,-1,-0.3740234, -0.01611328, -0.8886719, -0.02874994, -0.06968737, 0.07281256,147.3087,5,4,True,True,122
127391,-3.243841,-2.613228,1015.67,-1,-0.371582, -0.01464844, -0.8857422, -0.05999994, -0.1009374, 0.04156256,147.3087,5,4,True,True,122
127475,-3.214465,-3.185089,1015.691,35.67141,-0.3735352, -0.01367188, -0.8847656, -0.02874994, -0.1165624, 0.08843756,147.3087,5,4,True,True,122
127558,-1.934755,-0.6550446,1015.598,-1,-0.3725586, -0.01513672, -0.887207, -0.04437494, -0.08531237, 0.07281256,147.3087,5,4,True,True,122
127643,-2.429951,-2.925148,1015.681,-1,-0.371582, -0.01660156, -0.8881836, -0.04437494, 0.03968763, 0.1040626,147.3087,5,4,True,True,122
127727,-3.240744,-4.051537,1015.722,-1,-0.3740234, -0.01611328, -0.8876953, -0.02874994, -0.007187366, 0.04156256,147.3087,5,4,True,True,122
127863,-3.47285,-3.704956,1015.71,-1,-0.3735352, -0.015625, -0.8862305, -0.04437494, 0.008437634, 0.07281256,147.3087,5,4,True,True,122
127928,-3.450269,-3.427689,1015.7,-1,-0.3730469, -0.01416016, -0.8857422, 0.002500057, -0.1478124, 0.08843756,147.3087,5,4,True,True,122
127993,-4.279437,-5.108604,1015.761,-1,-0.3720703, -0.015625, -0.8886719, -0.01312494, -0.05406237, 0.04156256,147.3087,5,4,True,True,122
128173,-3.290372,-2.301308,1015.658,35.68968,-0.3730469, -0.01464844, -0.8852539, 0.03375006, 0.008437634, 0.04156256,147.3087,5,4,True,True,122
128240,-3.792258,-4.294144,1015.731,-1,-0.3725586, -0.01611328, -0.8842773, 0.03375006, -0.08531237, 0.05718756,147.3087,5,4,True,True,122
128309,-3.471344,-3.150429,1015.69,-1,-0.3706055, -0.01611328, -0.8862305, 0.04937506, -0.06968737, 0.07281256,147.3087,5,4,True,True,122
128376,-5.009132,-6.546921,1015.814,-1,-0.371582, -0.01513672, -0.8857422, -0.01312494, -0.08531237, 0.05718756,147.3087,5,4,True,True,122
128449,-4.235741,-3.462349,1015.701,-1,-0.3725586, -0.01416016, -0.8847656, 0.03375006, -0.06968737, 0.04156256,147.3087,5,4,True,True,122
128519,-3.710415,-3.185089,1015.691,35.67598,-0.3725586, -0.01660156, -0.8876953, 0.03375006, 0.008437634, 0.08843756,147.3087,5,4,True,True,122
128590,-3.586382,-3.462349,1015.701,35.67141,-0.3725586, -0.01464844, -0.8857422, 0.002500057, -0.03843737, 0.07281256,147.3087,5,4,True,True,122
128660,-5.066651,-6.546921,1015.814,-1,-0.3725586, -0.01513672, -0.887207, -0.01312494, -0.1009374, 0.1040626,147.3087,5,4,True,True,122
128735,-4.2645,-3.462349,1015.701,35.68511,-0.3720703, -0.01367188, -0.8837891, 0.06500006, -0.02281237, 0.07281256,147.3087,5,4,True,True,122
128827,-3.724795,-3.185089,1015.691,-1,-0.3720703, -0.01708984, -0.8876953, -0.01312494, -0.1321874, 0.05718756,147.3087,5,4,True,True,122
128901,-3.749532,-3.774269,1015.712,-1,-0.3735352, -0.01513672, -0.887207, -0.02874994, -0.05406237, 0.07281256,147.3087,5,4,True,True,122
128976,-4.030501,-4.31147,1015.732,35.67141,-0.3706055, -0.01464844, -0.8876953, -0.02874994, -0.08531237, 0.05718756,147.3087,5,4,True,True,122
129166,-3.061927,-2.093353,1015.65,35.66228,-0.3730469, -0.01611328, -0.8857422, 0.03375006, -0.1009374, 0.1353126,147.3087,5,4,True,True,122
129242,-2.854908,-2.647888,1015.671,-1,-0.3740234, -0.01708984, -0.8867188, 0.01812506, -0.1321874, 0.1040626,147.3087,5,4,True,True,122
129319,-2.47413,-2.093353,1015.65,-1,-0.3720703, -0.01611328, -0.8842773, -0.01312494, -0.05406237, 0.07281256,147.3087,5,4,True,True,122
129393,-1.989152,-1.504173,1015.629,-1,-0.3730469, -0.01757813, -0.8837891, -0.01312494, -0.1165624, 0.1040626,147.3087,5,4,True,True,122
129473,-2.881711,-3.774269,1015.712,35.67141,-0.3735352, -0.015625, -0.8833008, -0.02874994, -0.02281237, 0.08843756,147.3087,5,4,True,True,122
129549,-4.168447,-5.455185,1015.774,-1,-0.3725586, -0.01611328, -0.887207, -0.01312494, -0.03843737, 0.05718756,147.3087,5,4,True,True,122
129627,-4.239959,-4.31147,1015.732,35.68968,-0.3725586, -0.01660156, -0.8847656, -0.01312494, -0.08531237, 0.07281256,147.3087,5,4,True,True,122
129705,-4.405685,-4.571411,1015.741,-1,-0.3725586, -0.01464844, -0.8837891, 0.01812506, -0.1165624, 0.1040626,147.3087,5,4,True,True,122
129786,-4.913109,-5.420532,1015.773,-1,-0.3720703, -0.015625, -0.8867188, -0.01312494, -0.1165624, 0.1040626,147.3087,5,4,True,True,122
129878,-4.74226,-4.571411,1015.741,35.68968,-0.3706055, -0.015625, -0.887207, 0.01812506, -0.1634374, 0.08843756,147.3087,5,4,True,True,122
129965,-3.40048,-2.058701,1015.649,35.68511,-0.3730469, -0.01660156, -0.8857422, -0.01312494, -0.1009374, 0.05718756,147.3087,5,4,True,True,122
130050,-3.847312,-4.294144,1015.731,35.69424,-0.3725586, -0.015625, -0.8876953, 0.002500057, -0.02281237, 0.04156256,147.3087,5,4,True,True,122
130247,-3.2476,-2.647888,1015.671,-1,-0.3740234, -0.015625, -0.8876953, -0.01312494, -0.05406237, 0.07281256,147.3087,5,4,True,True,122
130332,-3.251001,-3.254402,1015.693,-1,-0.3735352, -0.01660156, -0.8881836, 0.01812506, -0.06968737, 0.02593756,147.3087,5,4,True,True,122
130468,-3.833222,-4.415443,1015.736,-1,-0.3725586, -0.01513672, -0.8881836, 0.002500057, -0.05406237, -0.005312443,147.3087,5,4,True,True,122
130532,-3.569806,-3.306389,1015.695,-1,-0.3725586, -0.015625, -0.8881836, 0.002500057, -0.1165624, 0.05718756,147.3087,5,4,True,True,122
130598,-3.732691,-3.895576,1015.717,-1,-0.3710938, -0.015625, -0.8886719, 0.002500057, -0.1009374, 0.05718756,147.3087,5,4,True,True,122
130663,-4.108727,-4.484764,1015.738,-1,-0.3730469, -0.01660156, -0.8876953, -0.02874994, -0.03843737, 0.04156256,147.3087,5,4,True,True,122
130730,-3.724888,-3.341049,1015.696,-1,-0.3725586, -0.01660156, -0.8857422, -0.01312494, -0.1009374, 0.08843756,147.3087,5,4,True,True,122
130795,-3.966192,-4.207497,1015.728,-1,-0.3730469, -0.01464844, -0.8881836, -0.07562494, -0.1009374, 0.08843756,147.3087,5,4,True,True,122
130864,-3.948215,-3.930237,1015.718,-1,-0.3710938, -0.01708984, -0.887207, -0.01312494, -0.08531237, 0.07281256,147.3087,5,4,True,True,122
130933,-3.098768,-2.249321,1015.656,-1,-0.3740234, -0.01660156, -0.8876953, 0.002500057, -0.05406237, 0.07281256,147.3087,5,4,True,True,122
131003,-3.237235,-3.375702,1015.698,35.5801,-0.3710938, -0.01806641, -0.8876953, 0.01812506, 0.05531263, 0.08843756,147.3087,5,4,True,True,122
131074,-2.31005,-1.382866,1015.625,35.57097,-0.3735352, -0.01660156, -0.887207, -0.04437494, -0.03843737, 0.07281256,147.3087,5,4,True,True,122
131255,-2.123722,-1.937393,1015.645,-1,-0.3725586, -0.01464844, -0.8876953, -0.01312494, -0.03843737, 0.04156256,147.3087,5,4,True,True,122
131326,-1.874597,-1.625473,1015.634,-1,-0.3720703, -0.01611328, -0.887207, -0.02874994, -0.05406237, 0.1196876,147.3087,5,4,True,True,122
131399,-1.611402,-1.348206,1015.623,35.58467,-0.371582, -0.01513672, -0.8876953, 0.002500057, -0.06968737, 0.07281256,147.3087,5,4,True,True,122
131471,-1.644431,-1.67746,1015.635,-1,-0.3725586, -0.01513672, -0.8857422, 0.04937506, -0.08531237, 0.1040626,147.3087,5,4,True,True,122
131563,-2.206809,-2.769188,1015.675,-1,-0.3725586, -0.01464844, -0.887207, -0.01312494, -0.08531237, 0.05718756,147.3087,5,4,True,True,122
131637,-2.487998,-2.769188,1015.675,-1,-0.3725586, -0.01660156, -0.8857422, 0.002500057, -0.1009374, 0.08843756,147.3087,5,4,True,True,122
131712,-2.897194,-3.306389,1015.695,-1,-0.3735352, -0.01660156, -0.8857422, -0.05999994, -0.08531237, 0.08843756,147.3087,5,4,True,True,122
131791,-3.101791,-3.306389,1015.695,35.59836,-0.3710938, -0.01708984, -0.8867188, 0.01812506, -0.06968737, 0.05718756,147.3087,5,4,True,True,122
131868,-2.93549,-2.769188,1015.675,-1,-0.3725586, -0.01660156, -0.8847656, -0.01312494, -0.06968737, 0.04156256,147.3087,5,4,True,True,122
131946,-3.398203,-3.860916,1015.715,35.59836,-0.3730469, -0.01708984, -0.8852539, -0.05999994, -0.05406237, 0.07281256,147.3087,5,4,True,True,122
132027,-2.225907,-1.053612,1015.612,35.61206,-0.371582, -0.015625, -0.8847656, 0.01812506, -0.08531237, 0.07281256,147.3087,5,4,True,True,122
132105,-1.778393,-1.330879,1015.622,-1,-0.3706055, -0.01611328, -0.887207, 0.03375006, -0.1009374, 0.1040626,147.3087,5,4,True,True,122
132296,-1.823237,-1.86808,1015.643,-1,-0.3710938, -0.01660156, -0.8847656, -0.02874994, -0.08531237, 0.1040626,147.3087,5,4,True,True,122
132378,-1.715692,-1.608147,1015.632,35.61206,-0.3735352, -0.01464844, -0.887207, 0.01812506, -0.06968737, 0.05718756,147.3087,5,4,True,True,122
132459,-3.351498,-4.987305,1015.757,-1,-0.3710938, -0.01611328, -0.8862305, -0.01312494, -0.08531237, 0.05718756,147.3087,5,4,True,True,122
132539,-1.907963,-0.4644279,1015.591,35.61663,-0.3720703, -0.015625, -0.8867188, -0.02874994, -0.05406237, 0.05718756,147.3087,5,4,True,True,122
132624,-2.459879,-3.011795,1015.684,35.60749,-0.371582, -0.01660156, -0.8867188, -0.01312494, -0.1009374, 0.07281256,147.3087,5,4,True,True,122
132706,-2.16398,-1.86808,1015.643,-1,-0.3725586, -0.01513672, -0.8842773, 0.002500057, -0.08531237, 0.05718756,147.3087,5,4,True,True,122
132790,-2.01603,-1.86808,1015.643,-1,-0.3710938, -0.01708984, -0.887207, -0.01312494, -0.05406237, 0.1353126,147.3087,5,4,True,True,122
132922,-2.375279,-2.734528,1015.674,-1,-0.3720703, -0.015625, -0.887207, 0.03375006, -0.1009374, 0.07281256,147.3087,5,4,True,True,122
132987,-1.419853,-0.4644279,1015.591,35.60749,-0.3706055, -0.01464844, -0.8852539, 0.03375006, -0.06968737, 0.05718756,147.3087,5,4,True,True,122
133061,-2.215824,-3.011795,1015.684,35.61206,-0.3730469, -0.01660156, -0.8842773, -0.04437494, -0.05406237, 0.07281256,147.3087,5,4,True,True,122
133127,-3.03837,-3.860916,1015.715,-1,-0.371582, -0.01611328, -0.8847656, -0.01312494, -0.1009374, 0.07281256,147.3087,5,4,True,True,122
133195,-2.184625,-1.330879,1015.622,-1,-0.3710938, -0.01416016, -0.8842773, -0.02874994, -0.06968737, 0.05718756,147.3087,5,4,True,True,122
133374,-2.182312,-2.18,1015.654,-1,-0.371582, -0.01367188, -0.8852539, 0.08062506, -0.05406237, 0.04156256,147.3087,5,4,True,True,122
133444,-2.744351,-3.306389,1015.695,-1,-0.3720703, -0.01513672, -0.8833008, -0.02874994, -0.05406237, 0.1196876,147.3087,5,4,True,True,122
133513,-3.164003,-3.583656,1015.705,35.59836,-0.3725586, -0.01660156, -0.8842773, -0.01312494, -0.06968737, 0.1040626,147.3087,5,4,True,True,122
133584,-2.247441,-1.330879,1015.622,-1,-0.3720703, -0.01318359, -0.8837891, 0.04937506, -0.03843737, 0.05718756,147.3087,5,4,True,True,122
133655,-3.054179,-3.860916,1015.715,-1,-0.3710938, -0.01464844, -0.887207, 0.002500057, -0.06968737, 0.05718756,147.3087,5,4,True,True,122
133727,-3.318918,-3.583656,1015.705,-1,-0.3725586, -0.01464844, -0.8857422, -0.01312494, -0.08531237, 0.05718756,147.3087,5,4,True,True,122
133799,-4.291745,-5.264572,1015.767,35.59836,-0.3710938, -0.01708984, -0.8847656, 0.04937506, -0.08531237, 0.04156256,147.3087,5,4,True,True,122
133875,-4.214964,-4.138184,1015.726,35.60749,-0.371582, -0.015625, -0.8828125, -0.05999994, -0.05406237, 0.07281256,147.3087,5,4,True,True,122
133947,-4.176574,-4.138184,1015.726,-1,-0.3720703, -0.015625, -0.8833008, -0.05999994, -0.05406237, 0.08843756,147.3087,5,4,True,True,122
134020,-2.89236,-1.608147,1015.632,-1,-0.371582, -0.015625, -0.887207, -0.04437494, -0.1165624, 0.05718756,147.3087,5,4,True,True,122
134093,-2.250253,-1.608147,1015.632,-1,-0.3725586, -0.01708984, -0.887207, -0.02874994, -0.007187366, 0.07281256,147.3087,5,4,True,True,122
134172,-0.7941464,0.6619606,1015.549,-1,-0.371582, -0.01513672, -0.8862305, 0.01812506, -0.06968737, 0.04156256,147.3087,5,4,True,True,122
134359,-1.331113,-1.86808,1015.643,-1,-0.3725586, -0.01513672, -0.8852539, 0.002500057, -0.02281237, 0.05718756,147.3087,5,4,True,True,122
134437,-2.310088,-3.289063,1015.694,-1,-0.3710938, -0.015625, -0.887207, 0.01812506, -0.05406237, 0.01031256,147.3087,5,4,True,True,122
134530,-2.799575,-3.289063,1015.694,-1,-0.3706055, -0.01660156, -0.8852539, 0.01812506, -0.1634374, 0.05718756,147.3087,5,4,True,True,122
134608,-2.333828,-1.86808,1015.643,-1,-0.3735352, -0.01708984, -0.8847656, -0.02874994, -0.05406237, 0.08843756,147.3087,5,4,True,True,122
134688,-3.374636,-4.415443,1015.736,35.61663,-0.371582, -0.01660156, -0.8842773, 0.002500057, -0.1321874, 0.08843756,147.3087,5,4,True,True,122
134769,-1.633603,0.1074295,1015.57,35.62119,-0.3720703, -0.01464844, -0.8842773, -0.05999994, -0.06968737, 0.05718756,147.3087,5,4,True,True,122
134849,-3.024523,-4.415443,1015.736,-1,-0.3720703, -0.01464844, -0.8842773, 0.03375006, -0.03843737, 0.05718756,147.3087,5,4,True,True,122
134931,-2.160371,-1.296219,1015.621,-1,-0.371582, -0.01367188, -0.8862305, -0.02874994, -0.02281237, 0.08843756,147.3087,5,4,True,True,122
135014,-3.00198,-3.84359,1015.715,-1,-0.3720703, -0.015625, -0.8842773, -0.01312494, -0.06968737, 0.1040626,147.3087,5,4,True,True,122
135097,-2.850928,-2.699875,1015.673,-1,-0.3720703, -0.01660156, -0.8857422, 0.08062506, -0.1009374, 0.05718756,147.3087,5,4,True,True,122
135182,-2.48947,-2.128014,1015.651,-1,-0.3745117, -0.01660156, -0.8828125, -0.01312494, -0.06968737, 0.08843756,147.3087,5,4,True,True,122
135265,-2.871936,-3.254402,1015.693,-1,-0.3720703, -0.01660156, -0.8852539, 0.002500057, -0.08531237, 0.08843756,147.3087,5,4,True,True,122
135511,-2.785906,-2.699875,1015.673,-1,-0.3725586, -0.01660156, -0.8867188, 0.04937506, -0.03843737, 0.05718756,147.3087,5,4,True,True,122
135577,-1.885102,-0.9842987,1015.61,35.62576,-0.3710938, -0.01464844, -0.8862305, 0.01812506, -0.06968737, 0.04156256,147.3087,5,4,True,True,122
135642,-1.1661,-0.4470978,1015.59,-1,-0.371582, -0.01660156, -0.8842773, 0.01812506, -0.05406237, 0.07281256,147.3087,5,4,True,True,122
135708,-1.231159,-1.296219,1015.621,-1,-0.3720703, -0.01611328, -0.8852539, -0.04437494, -0.1009374, 0.07281256,147.3087,5,4,True,True,122
135777,-1.965517,-2.699875,1015.673,35.62119,-0.3730469, -0.01708984, -0.8857422, -0.01312494, -0.03843737, 0.07281256,147.3087,5,4,True,True,122
135845,-3.753675,-5.541832,1015.777,-1,-0.3730469, -0.015625, -0.8833008, -0.05999994, -0.06968737, 0.05718756,147.3087,5,4,True,True,122
135914,-2.810877,-1.86808,1015.643,35.60749,-0.371582, -0.01660156, -0.887207, 0.002500057, -0.05406237, 0.02593756,147.3087,5,4,True,True,122
135983,-1.074458,0.6619606,1015.549,35.60749,-0.3720703, -0.01611328, -0.8876953, -0.01312494, -0.1634374, 0.05718756,147.3087,5,4,True,True,122
136054,-1.064035,-1.053612,1015.612,-1,-0.3710938, -0.01416016, -0.8867188, -0.01312494, -0.08531237, 0.07281256,147.3087,5,4,True,True,122
136133,-1.058823,-1.053612,1015.612,35.5801,-0.371582, -0.015625, -0.887207, -0.02874994, -0.06968737, 0.05718756,147.3087,5,4,True,True,122
136206,-1.931336,-2.803848,1015.676,-1,-0.3725586, -0.01464844, -0.8876953, 0.01812506, -0.1321874, 0.04156256,147.3087,5,4,True,True,122
136275,-2.090328,-2.249321,1015.656,-1,-0.3710938, -0.01660156, -0.887207, 0.002500057, -0.02281237, 0.07281256,147.3087,5,4,True,True,122
136456,-2.455751,-2.821175,1015.677,-1,-0.371582, -0.01416016, -0.8857422, -0.02874994, -0.05406237, 0.04156256,147.3087,5,4,True,True,122
136531,-3.773515,-5.091278,1015.76,35.5527,-0.371582, -0.015625, -0.8881836, -0.02874994, -0.1009374, 0.07281256,147.3087,5,4,True,True,122
136601,-3.297345,-2.821175,1015.677,-1,-0.3720703, -0.01611328, -0.8867188, -0.02874994, -0.1165624, 0.1040626,147.3087,5,4,True,True,122
136673,-2.496065,-1.694786,1015.636,-1,-0.3720703, -0.01806641, -0.8862305, 0.002500057, -0.1321874, 0.05718756,147.3087,5,4,True,True,122
136747,-3.230477,-3.96489,1015.719,-1,-0.371582, -0.01611328, -0.8847656, 0.03375006, -0.1009374, 0.07281256,147.3087,5,4,True,True,122
136827,-3.025826,-2.821175,1015.677,35.5527,-0.3720703, -0.015625, -0.887207, 0.002500057, -0.1165624, 0.08843756,147.3087,5,4,True,True,122
136902,-1.658482,-0.2911377,1015.584,-1,-0.3706055, -0.01513672, -0.8867188, 0.002500057, -0.06968737, 0.05718756,147.3087,5,4,True,True,122
136998,-1.252073,-0.845665,1015.604,35.54358,-0.3706055, -0.01513672, -0.8862305, -0.02874994, -0.08531237, 0.1040626,147.3087,5,4,True,True,122
137078,-0.6329737,-0.01387405,1015.574,-1,-0.3720703, -0.01611328, -0.887207, 0.01812506, -0.08531237, 0.05718756,147.3087,5,4,True,True,122
137159,-0.4620557,-0.2911377,1015.584,-1,-0.3720703, -0.01660156, -0.8833008, 0.06500006, -0.06968737, 0.07281256,147.3087,5,4,True,True,122
137239,-1.078421,-1.694786,1015.636,35.5527,-0.3725586, -0.015625, -0.8881836, -0.01312494, -0.1790624, 0.07281256,147.3087,5,4,True,True,122
137321,-1.949798,-2.821175,1015.677,-1,-0.371582, -0.015625, -0.8857422, -0.02874994, -0.03843737, 0.07281256,147.3087,5,4,True,True,122
137515,-3.381908,-4.814018,1015.75,-1,-0.3735352, -0.01513672, -0.8862305, 0.04937506, -0.03843737, 0.02593756,147.3087,5,4,True,True,122
137595,-3.101541,-2.821175,1015.677,-1,-0.3725586, -0.01513672, -0.8852539, 0.002500057, -0.1165624, 0.07281256,147.3087,5,4,True,True,122
137676,-2.398164,-1.694786,1015.636,-1,-0.3710938, -0.01513672, -0.8881836, -0.02874994, -0.08531237, 0.05718756,147.3087,5,4,True,True,122
137761,-1.621914,-0.845665,1015.604,35.56184,-0.3710938, -0.01464844, -0.8852539, -0.01312494, -0.08531237, 0.02593756,147.3087,5,4,True,True,122
137844,-1.51972,-1.417526,1015.626,-1,-0.3710938, -0.01611328, -0.8857422, -0.01312494, -0.03843737, 0.05718756,147.3087,5,4,True,True,122
137977,-2.170447,-2.821175,1015.677,35.5527,-0.3696289, -0.01660156, -0.8852539, 0.002500057, -0.02281237, 0.07281256,147.3087,5,4,True,True,122
138046,-2.209884,-2.249321,1015.656,35.55727,-0.3710938, -0.01416016, -0.8891602, -0.05999994, -0.1478124, 0.1040626,147.3087,5,4,True,True,122
138110,-1.389143,-0.5684013,1015.594,-1,-0.3710938, -0.015625, -0.887207, 0.002500057, -0.06968737, 0.08843756,147.3087,5,4,True,True,122
138178,-2.243793,-3.098442,1015.688,35.56184,-0.371582, -0.01464844, -0.887207, 0.01812506, -0.1165624, 0.08843756,147.3087,5,4,True,True,122
138243,-2.948381,-3.652969,1015.708,-1,-0.3725586, -0.01660156, -0.8852539, 0.04937506, -0.1321874, 0.02593756,147.3087,5,4,True,True,122
138312,-1.897023,-0.845665,1015.604,35.56184,-0.371582, -0.01757813, -0.8867188, 0.01812506, -0.1321874, 0.05718756,147.3087,5,4,True,True,122
138379,-1.509978,-1.122932,1015.615,-1,-0.3730469, -0.01513672, -0.8876953, -0.01312494, -0.02281237, 0.1040626,147.3087,5,4,True,True,122
138559,-1.879649,-2.249321,1015.656,-1,-0.3735352, -0.01318359, -0.8867188, 0.03375006, -0.08531237, 0.05718756,147.3087,5,4,True,True,122
138629,-3.19087,-4.50209,1015.739,35.5527,-0.371582, -0.015625, -0.8862305, -0.05999994, -0.1790624, 0.05718756,147.3087,5,4,True,True,122
138699,-1.879636,-0.5684013,1015.594,35.56641,-0.3735352, -0.01757813, -0.8862305, 0.002500057, -0.08531237, 0.07281256,147.3087,5,4,True,True,122
138770,-1.501284,-1.122932,1015.615,35.55727,-0.3710938, -0.01513672, -0.8857422, -0.05999994, -0.08531237, 0.02593756,147.3087,5,4,True,True,122
138843,-1.736669,-1.972054,1015.646,-1,-0.3720703, -0.01611328, -0.8862305, -0.02874994, -0.06968737, 0.08843756,147.3087,5,4,True,True,122
138915,-1.438464,-1.140259,1015.616,35.55727,-0.3710938, -0.015625, -0.8876953, 0.01812506, -0.1165624, 0.05718756,147.3087,5,4,True,True,122
138988,-0.4315751,0.5753136,1015.553,-1,-0.371582, -0.01708984, -0.887207, 0.03375006, -0.06968737, 0.1196876,147.3087,5,4,True,True,122
139062,0.4964317,1.424438,1015.521,35.54814,-0.3710938, -0.01513672, -0.8847656, 0.002500057, -0.05406237, 0.07281256,147.3087,5,4,True,True,122
139142,0.9604351,1.424438,1015.521,35.55727,-0.371582, -0.01513672, -0.8876953, -0.1068749, -0.1165624, 0.04156256,147.3087,5,4,True,True,122
139227,-0.6444429,-2.249321,1015.656,-1,-0.3720703, -0.01806641, -0.8837891, 0.01812506, -0.03843737, 0.1196876,147.3087,5,4,True,True,122
139304,-0.6064221,-0.5684013,1015.594,-1,-0.3725586, -0.01660156, -0.8852539, 0.03375006, -0.06968737, 0.05718756,147.3087,5,4,True,True,122
139383,-0.8646773,-1.122932,1015.615,35.56184,-0.3730469, -0.01513672, -0.8862305, 0.002500057, -0.06968737, 0.08843756,147.3087,5,4,True,True,122
139570,-0.9938048,-1.122932,1015.615,-1,-0.3710938, -0.01513672, -0.8842773, 0.03375006, 0.02406263, 0.05718756,147.3087,5,4,True,True,122
139649,-1.898827,-2.803848,1015.676,-1,-0.371582, -0.01611328, -0.8842773, -0.01312494, -0.06968737, 0.02593756,147.3087,5,4,True,True,122
139729,-1.51088,-1.122932,1015.615,35.57553,-0.3720703, -0.01464844, -0.8876953, -0.04437494, -0.02281237, 0.07281256,147.3087,5,4,True,True,122
139810,-1.59417,-1.67746,1015.635,35.57097,-0.3720703, -0.015625, -0.8837891, -0.01312494, -0.1321874, 0.08843756,147.3087,5,4,True,True,122
139890,-1.635815,-1.67746,1015.635,35.5801,-0.3701172, -0.01611328, -0.8847656, 0.01812506, -0.05406237, 0.07281256,147.3087,5,4,True,True,122
139992,-1.362043,-1.088272,1015.613,-1,-0.3740234, -0.01660156, -0.8857422, 0.03375006, -0.08531237, 0.07281256,147.3087,5,4,True,True,122
140072,-0.6533003,0.05544281,1015.572,-1,-0.3710938, -0.015625, -0.8857422, -0.05999994, -0.08531237, 0.05718756,147.3087,5,4,True,True,122
140156,-0.1689601,0.3153801,1015.562,-1,-0.3735352, -0.01464844, -0.8867188, -0.01312494, -0.1165624, 0.1509376,147.3087,5,4,True,True,122
140238,-1.616371,-3.063782,1015.686,-1,-0.371582, -0.01708984, -0.8876953, 0.01812506, -0.06968737, 0.04156256,147.3087,5,4,True,True,122
140322,-1.915516,-2.214661,1015.655,-1,-0.3710938, -0.015625, -0.8867188, 0.002500057, -0.1478124, 0.05718756,147.3087,5,4,True,True,122
140457,-2.905546,-3.895576,1015.717,-1,-0.3720703, -0.01757813, -0.8867188, 0.01812506, -0.1009374, 0.1040626,147.3087,5,4,True,True,122
140522,-2.560103,-2.214661,1015.655,-1,-0.3720703, -0.015625, -0.8842773, -0.02874994, -0.1478124, 0.04156256,147.3087,5,4,True,True,122
140697,-2.664646,-2.769188,1015.675,35.58923,-0.371582, -0.01660156, -0.8837891, 0.002500057, -0.08531237, 0.02593756,147.3087,5,4,True,True,122
140764,-2.439653,-2.214661,1015.655,-1,-0.3710938, -0.01513672, -0.8842773, -0.05999994, -0.08531237, 0.08843756,147.3087,5,4,True,True,122
140829,-1.763963,-1.088272,1015.613,35.5801,-0.3725586, -0.01416016, -0.8867188, 0.04937506, -0.08531237, 0.07281256,147.3087,5,4,True,True,122
140895,-2.127945,-2.491928,1015.665,-1,-0.3720703, -0.01464844, -0.8862305, 0.01812506, -0.1009374, 0.1040626,147.3087,5,4,True,True,122
140961,-2.032669,-1.937393,1015.645,-1,-0.3710938, -0.015625, -0.8867188, 0.002500057, -0.08531237, 0.05718756,147.3087,5,4,True,True,122
141031,-1.985031,-1.937393,1015.645,-1,-0.3696289, -0.01611328, -0.8867188, 0.01812506, -0.03843737, 0.05718756,147.3087,5,4,True,True,122
141100,-2.80167,-3.618309,1015.706,-1,-0.3706055, -0.015625, -0.8862305, 0.06500006, -0.1165624, 0.07281256,147.3087,5,4,True,True,122
141172,-2.239565,-1.67746,1015.635,-1,-0.3706055, -0.01611328, -0.8862305, -0.02874994, -0.08531237, 0.07281256,147.3087,5,4,True,True,122
141245,-1.663918,-1.088272,1015.613,35.57553,-0.3696289, -0.01611328, -0.8867188, 0.002500057, -0.1321874, 0.07281256,147.3087,5,4,True,True,122
141317,-0.5356374,0.5926437,1015.552,-1,-0.3696289, -0.01611328, -0.8867188, 0.04937506, -0.02281237, 0.1040626,147.3087,5,4,True,True,122
141390,-1.236515,-1.937393,1015.645,35.57097,-0.3710938, -0.01611328, -0.8862305, -0.04437494, -0.02281237, 0.05718756,147.3087,5,4,True,True,122
141463,-2.444742,-3.652969,1015.708,-1,-0.3710938, -0.01416016, -0.8862305, -0.05999994, -0.1634374, 0.05718756,147.3087,5,4,True,True,122
141649,-2.061101,-1.67746,1015.635,-1,-0.371582, -0.01464844, -0.8876953, 0.03375006, -0.1165624, 0.1040626,147.3087,5,4,True,True,122
141719,-1.297423,-0.5337448,1015.593,-1,-0.371582, -0.01611328, -0.8886719, -0.05999994, -0.08531237, 0.07281256,147.3087,5,4,True,True,122
141792,-1.487441,-1.67746,1015.635,-1,-0.3735352, -0.015625, -0.8876953, 0.002500057, -0.08531237, 0.04156256,147.3087,5,4,True,True,122
141868,-1.998348,-2.509254,1015.666,35.56184,-0.3720703, -0.01660156, -0.8886719, 0.01812506, -0.08531237, 0.07281256,147.3087,5,4,True,True,122
141945,-0.5642202,0.8699074,1015.542,-1,-0.3691406, -0.01757813, -0.887207, 0.01812506, -0.06968737, 0.02593756,147.3087,5,4,True,True,122
142023,-0.9735431,-1.382866,1015.625,35.57553,-0.3725586, -0.015625, -0.8867188, -0.01312494, -0.1634374, 0.05718756,147.3087,5,4,True,True,122
142104,-0.6150102,-0.2564774,1015.583,35.57097,-0.3720703, -0.01513672, -0.8862305, 0.01812506, -0.05406237, 0.1040626,147.3087,5,4,True,True,122
142183,-0.8689713,-1.122932,1015.615,35.57097,-0.3710938, -0.01611328, -0.8881836, -0.04437494, -0.02281237, 0.01031256,147.3087,5,4,True,True,122
142264,-1.273216,-1.67746,1015.635,-1,-0.3706055, -0.01416016, -0.887207, 0.002500057, -0.1165624, 0.07281256,147.3087,5,4,True,True,122
142371,-1.475338,-1.67746,1015.635,-1,-0.3706055, -0.01513672, -0.8847656, -0.02874994, -0.1634374, 0.07281256,147.3087,5,4,True,True,122
142452,-2.26956,-3.063782,1015.686,-1,-0.3710938, -0.01416016, -0.8857422, -0.04437494, -0.05406237, 0.07281256,147.3087,5,4,True,True,122
142536,-2.536704,-2.803848,1015.676,35.57097,-0.3710938, -0.01367188, -0.8847656, 0.01812506, -0.08531237, 0.07281256,147.3087,5,4,True,True,122
142727,-2.107082,-1.67746,1015.635,-1,-0.3706055, -0.015625, -0.8891602, -0.01312494, -0.05406237, 0.07281256,147.3087,5,4,True,True,122
142811,-0.7572191,0.5926437,1015.552,35.57097,-0.3725586, -0.015625, -0.8847656, -0.02874994, -0.007187366, 0.02593756,147.3087,5,4,True,True,122
142897,-1.217339,-1.67746,1015.635,-1,-0.371582, -0.01367188, -0.887207, 0.002500057, -0.1478124, 0.05718756,147.3087,5,4,True,True,122
143028,-1.4474,-1.67746,1015.635,-1,-0.3696289, -0.01660156, -0.8857422, 0.01812506, -0.06968737, 0.05718756,147.3087,5,4,True,True,122
143093,-0.4273779,0.5926437,1015.552,-1,-0.3720703, -0.01708984, -0.8852539, -0.05999994, -0.08531237, 0.04156256,147.3087,5,4,True,True,122
143159,-1.052419,-1.67746,1015.635,-1,-0.3706055, -0.01611328, -0.8867188, -0.01312494, -0.1009374, 0.05718756,147.3087,5,4,True,True,122
143223,-1.65087,-2.249321,1015.656,-1,-0.3706055, -0.01464844, -0.8852539, 0.002500057, -0.05406237, -0.03656244,147.3087,5,4,True,True,122
143291,-1.516868,-1.382866,1015.625,-1,-0.3725586, -0.01660156, -0.8862305, 0.01812506, -0.1478124, 0.07281256,147.3087,5,4,True,True,122
143359,-2.013061,-2.509254,1015.666,35.57097,-0.3706055, -0.01464844, -0.8857422, -0.04437494, -0.06968737, 0.05718756,147.3087,5,4,True,True,122
143429,-1.697963,-1.382866,1015.625,35.56641,-0.3706055, -0.015625, -0.8857422, -0.02874994, -0.08531237, 0.08843756,147.3087,5,4,True,True,122
143499,-1.973642,-2.249321,1015.656,-1,-0.3725586, -0.015625, -0.8852539, -0.01312494, -0.1009374, 0.08843756,147.3087,5,4,True,True,122
143569,-0.9764279,0.02078629,1015.573,35.56641,-0.3696289, -0.015625, -0.8852539, -0.04437494, -0.08531237, 0.08843756,147.3087,5,4,True,True,122
143751,-1.326944,-1.67746,1015.635,35.56641,-0.3696289, -0.01708984, -0.8867188, 0.002500057, -0.06968737, 0.02593756,147.3087,5,4,True,True,122
143820,-0.9476727,-0.5684013,1015.594,-1,-0.3720703, -0.01464844, -0.8862305, 0.002500057, -0.1321874, 0.07281256,147.3087,5,4,True,True,122
143891,-0.03888261,0.8699074,1015.542,-1,-0.3710938, -0.01611328, -0.8852539, -0.05999994, -0.03843737, 0.02593756,147.3087,5,4,True,True,122
143962,-0.5809075,-1.122932,1015.615,-1,-0.3701172, -0.01611328, -0.8857422, -0.02874994, -0.08531237, 0.07281256,147.3087,5,4,True,True,122
144037,-0.7132863,-0.845665,1015.604,35.56184,-0.3701172, -0.015625, -0.8847656, -0.01312494, -0.05406237, 0.02593756,147.3087,5,4,True,True,122
144109,0.2169424,1.147171,1015.532,-1,-0.3706055, -0.01416016, -0.8876953, -0.01312494, -0.1009374, 0.07281256,147.3087,5,4,True,True,122
144184,-1.016189,-2.249321,1015.656,-1,-0.3710938, -0.015625, -0.8852539, -0.01312494, -0.1009374, 0.05718756,147.3087,5,4,True,True,122
144259,-1.632755,-2.249321,1015.656,-1,-0.3706055, -0.01416016, -0.8867188, -0.01312494, -0.1009374, 0.05718756,147.3087,5,4,True,True,122
144334,-1.377844,-1.122932,1015.615,-1,-0.3725586, -0.01708984, -0.887207, -0.01312494, -0.1321874, 0.07281256,147.3087,5,4,True,True,122
144413,-0.9731226,-0.5684013,1015.594,35.56184,-0.3710938, -0.01708984, -0.8833008, 0.002500057, -0.06968737, 0.05718756,147.3087,5,4,True,True,122
144490,-1.048028,-1.122932,1015.615,-1,-0.371582, -0.01611328, -0.8857422, -0.02874994, -0.1165624, 0.1040626,147.3087,5,4,True,True,122
144569,-0.5136206,0.02078629,1015.573,-1,-0.3710938, -0.01611328, -0.8867188, 0.002500057, -0.06968737, 0.1196876,147.3087,5,4,True,True,122
144759,-0.9482432,-1.382866,1015.625,35.5801,-0.3691406, -0.01416016, -0.8867188, 0.01812506, -0.08531237, 0.05718756,147.3087,5,4,True,True,122
144840,-2.144646,-3.341049,1015.696,35.57553,-0.3706055, -0.01660156, -0.8857422, -0.05999994, -0.05406237, 0.1040626,147.3087,5,4,True,True,122
144921,-2.760174,-3.375702,1015.698,-1,-0.3725586, -0.015625, -0.8842773, -0.01312494, -0.06968737, 0.08843756,147.3087,5,4,True,True,122
145006,-0.8065015,1.147171,1015.532,35.56184,-0.3696289, -0.01464844, -0.8852539, -0.07562494, -0.05406237, 0.08843756,147.3087,5,4,True,True,122
145105,-1.241981,-1.67746,1015.635,-1,-0.3706055, -0.01513672, -0.8862305, -0.01312494, -0.05406237, 0.1196876,147.3087,5,4,True,True,122
145191,-0.8878627,-0.5337448,1015.593,35.5801,-0.371582, -0.01513672, -0.8862305, 0.04937506, -0.05406237, 0.1196876,147.3087,5,4,True,True,122
145273,-1.282661,-1.67746,1015.635,-1,-0.3710938, -0.015625, -0.887207, 0.002500057, -0.06968737, 0.04156256,147.3087,5,4,True,True,122
145359,-1.748661,-2.214661,1015.655,-1,-0.3701172, -0.015625, -0.8867188, -0.01312494, -0.02281237, 0.1040626,147.3087,5,4,True,True,122
145494,-1.71306,-1.67746,1015.635,-1,-0.3720703, -0.01513672, -0.8862305, 0.002500057, -0.1634374, 0.1040626,147.3087,5,4,True,True,122
145567,-1.69526,-1.67746,1015.635,35.57553,-0.3720703, -0.01513672, -0.8881836, 0.002500057, -0.1165624, 0.05718756,147.3087,5,4,True,True,122
145634,-2.518155,-3.341049,1015.696,-1,-0.3710938, -0.01513672, -0.8842773, -0.02874994, -0.08531237, 0.08843756,147.3087,5,4,True,True,122
145699,-2.661001,-2.803848,1015.676,-1,-0.371582, -0.015625, -0.8852539, 0.04937506, -0.08531237, 0.1040626,147.3087,5,4,True,True,122
145878,-2.437831,-2.214661,1015.655,35.58467,-0.3706055, -0.015625, -0.8837891, 0.01812506, -0.08531237, 0.1040626,147.3087,5,4,True,True,122
145945,-2.88944,-3.341049,1015.696,35.58923,-0.3710938, -0.01464844, -0.8847656, 0.01812506, -0.06968737, 0.08843756,147.3087,5,4,True,True,122
146010,-2.690684,-2.491928,1015.665,-1,-0.3710938, -0.015625, -0.8867188, -0.04437494, -0.02281237, 0.07281256,147.3087,5,4,True,True,122
146080,-2.591306,-2.491928,1015.665,35.5801,-0.3706055, -0.01464844, -0.8852539, -0.05999994, -0.06968737, 0.08843756,147.3087,5,4,True,True,122
146150,-2.402983,-2.214661,1015.655,35.58923,-0.3706055, -0.01513672, -0.8862305, 0.002500057, -0.03843737, 0.1196876,147.3087,5,4,True,True,122
146217,-2.170188,-1.937393,1015.645,-1,-0.371582, -0.01464844, -0.887207, -0.01312494, -0.02281237, 0.04156256,147.3087,5,4,True,True,122
146291,-1.923824,-1.67746,1015.635,35.58467,-0.3710938, -0.01708984, -0.8862305, 0.002500057, -0.08531237, 0.08843756,147.3087,5,4,True,True,122
146363,-2.069242,-2.214661,1015.655,-1,-0.3735352, -0.01660156, -0.8852539, 0.01812506, -0.1634374, 0.1353126,147.3087,5,4,True,True,122
146437,-2.566512,-3.063782,1015.686,35.57097,-0.371582, -0.01660156, -0.8847656, -0.01312494, -0.1321874, 0.04156256,147.3087,5,4,True,True,122
146509,-4.383426,-6.20034,1015.801,-1,-0.3691406, -0.015625, -0.8891602, 0.03375006, -0.007187366, 0.07281256,147.3087,5,4,True,True,122
146582,-2.163992,0.05544281,1015.572,-1,-0.3710938, -0.015625, -0.887207, 0.01812506, -0.1165624, 0.05718756,147.3087,5,4,True,True,122
146656,-1.643462,-1.122932,1015.615,35.56641,-0.3710938, -0.01611328, -0.8852539, -0.02874994, -0.1165624, 0.1040626,147.3087,5,4,True,True,122
146842,-1.105932,-0.5684013,1015.594,-1,-0.371582, -0.01660156, -0.887207, 0.01812506, -0.05406237, 0.1040626,147.3087,5,4,True,True,122
146915,-1.279055,-1.452179,1015.627,-1,-0.371582, -0.01513672, -0.8857422, -0.04437494, -0.06968737, 0.02593756,147.3087,5,4,True,True,122
146995,-1.504251,-1.729446,1015.637,-1,-0.3706055, -0.01416016, -0.8881836, 0.002500057, -0.08531237, 0.07281256,147.3087,5,4,True,True,122
147074,-1.764146,-2.02404,1015.648,35.51618,-0.3706055, -0.01708984, -0.887207, 0.01812506, -0.06968737, 0.05718756,147.3087,5,4,True,True,122
147154,-2.188687,-2.613228,1015.669,35.51618,-0.3706055, -0.01464844, -0.8876953, -0.05999994, 0.008437634, 0.04156256,147.3087,5,4,True,True,122
147231,-3.397375,-4.606064,1015.743,-1,-0.3706055, -0.01611328, -0.8881836, -0.01312494, -0.1009374, 0.08843756,147.3087,5,4,True,True,122
147312,-2.883998,-2.370621,1015.66,-1,-0.3706055, -0.015625, -0.8881836, -0.01312494, -0.05406237, 0.07281256,147.3087,5,4,True,True,122
147394,-2.904573,-2.925148,1015.681,35.50248,-0.3720703, -0.01416016, -0.8862305, 0.03375006, -0.05406237, 0.02593756,147.3087,5,4,True,True,122
147496,-0.9393528,1.025867,1015.536,35.48878,-0.371582, -0.015625, -0.8886719, -0.05999994, -0.1165624, 0.08843756,147.3087,5,4,True,True,122
147575,-1.654987,-2.370621,1015.66,-1,-0.3701172, -0.015625, -0.887207, 0.04937506, -0.08531237, 0.07281256,147.3087,5,4,True,True,122
147657,-2.151438,-2.647888,1015.671,-1,-0.371582, -0.01464844, -0.8901367, -0.01312494, -0.08531237, 0.08843756,147.3087,5,4,True,True,122
147741,-1.264609,-0.3777809,1015.588,35.50248,-0.3701172, -0.015625, -0.8857422, 0.01812506, 0.008437634, 0.02593756,147.3087,5,4,True,True,122
147934,-1.245758,-1.226906,1015.619,-1,-0.3720703, -0.01660156, -0.8852539, 0.002500057, -0.06968737, 0.01031256,147.3087,5,4,True,True,122
148067,-1.236332,-1.226906,1015.619,-1,-0.3706055, -0.01708984, -0.887207, -0.02874994, -0.02281237, 0.1040626,147.3087,5,4,True,True,122
148130,-1.508882,-1.781433,1015.639,-1,-0.3720703, -0.01660156, -0.8886719, 0.002500057, -0.06968737, 0.05718756,147.3087,5,4,True,True,122
148195,-3.057473,-4.606064,1015.743,-1,-0.3706055, -0.01660156, -0.8876953, 0.002500057, -0.1009374, -0.005312443,147.3087,5,4,True,True,122
148263,-2.696717,-2.33596,1015.66,35.50248,-0.3706055, -0.01708984, -0.8876953, -0.02874994, -0.1321874, 0.05718756,147.3087,5,4,True,True,122
148329,-1.814514,-0.932312,1015.608,35.50248,-0.3706055, -0.015625, -0.887207, 0.002500057, -0.1321874, 0.05718756,147.3087,5,4,True,True,122
148400,-3.34026,-4.866005,1015.753,35.50705,-0.3701172, -0.01220703, -0.8876953, 0.03375006, -0.1009374, 0.08843756,147.3087,5,4,True,True,122
148469,-2.422216,-1.504173,1015.629,35.47965,-0.3710938, -0.01318359, -0.8886719, -0.02874994, -0.1321874, 0.08843756,147.3087,5,4,True,True,122
148548,-1.555961,-0.6897049,1015.599,35.47509,-0.3706055, -0.01611328, -0.8857422, -0.01312494, -0.06968737, 0.04156256,147.3087,5,4,True,True,122
148616,-1.140163,-0.7243652,1015.6,-1,-0.3706055, -0.015625, -0.8867188, -0.01312494, -0.1321874, 0.02593756,147.3087,5,4,True,True,122
148686,-0.3604047,0.4193535,1015.559,-1,-0.3725586, -0.01660156, -0.8857422, 0.01812506, -0.1478124, 0.07281256,147.3087,5,4,True,True,122
148761,-1.963364,-3.566322,1015.704,35.45683,-0.3710938, -0.01464844, -0.8881836, -0.02874994, -0.05406237, 0.05718756,147.3087,5,4,True,True,122
148941,-0.772005,0.4193535,1015.559,-1,-0.3706055, -0.015625, -0.8857422, -0.01312494, -0.08531237, 0.04156256,147.3087,5,4,True,True,122
149014,-2.715028,-4.658051,1015.744,-1,-0.3706055, -0.01416016, -0.8862305, 0.01812506, -0.05406237, 0.07281256,147.3087,5,4,True,True,122
149088,-2.568818,-2.422607,1015.663,-1,-0.3710938, -0.015625, -0.8862305, -0.05999994, -0.03843737, 0.05718756,147.3087,5,4,True,True,122
149160,-2.772976,-2.977135,1015.683,-1,-0.371582, -0.01660156, -0.887207, 0.01812506, -0.1321874, 0.07281256,147.3087,5,4,True,True,122
149235,-2.597792,-2.422607,1015.663,-1,-0.3691406, -0.01708984, -0.8886719, 0.002500057, -0.02281237, 0.07281256,147.3087,5,4,True,True,122
149309,-2.943427,-3.289063,1015.694,-1,-0.371582, -0.01464844, -0.8862305, 0.04937506, -0.1165624, 0.05718756,147.3087,5,4,True,True,122
149386,-1.981193,-1.018959,1015.611,-1,-0.3701172, -0.01513672, -0.8881836, -0.01312494, -0.08531237, 0.07281256,147.3087,5,4,True,True,122
149463,-2.496494,-3.011795,1015.684,35.43399,-0.371582, -0.01464844, -0.8862305, 0.01812506, -0.08531237, 0.07281256,147.3087,5,4,True,True,122
149540,-2.754145,-3.011795,1015.684,-1,-0.3730469, -0.01416016, -0.8867188, -0.02874994, -0.08531237, 0.05718756,147.3087,5,4,True,True,122
149620,-2.311112,-1.86808,1015.643,35.44313,-0.3710938, -0.01416016, -0.8881836, -0.04437494, -0.06968737, 0.1040626,147.3087,5,4,True,True,122
149721,-2.947384,-3.583656,1015.705,-1,-0.3710938, -0.01708984, -0.8867188, -0.01312494, -0.08531237, 0.04156256,147.3087,5,4,True,True,122
149804,-1.142712,0.6619606,1015.55,35.43399,-0.371582, -0.01611328, -0.887207, 0.03375006, -0.06968737, 0.08843756,147.3087,5,4,True,True,122
149996,-1.79999,-2.457268,1015.664,-1,-0.3720703, -0.015625, -0.8857422, -0.01312494, -0.05406237, 0.04156256,147.3087,5,4,True,True,122
150077,-2.128629,-2.457268,1015.664,-1,-0.3701172, -0.01611328, -0.887207, 0.03375006, -0.1165624, 0.07281256,147.3087,5,4,True,True,122
150161,-1.868388,-1.608147,1015.633,35.44313,-0.371582, -0.01708984, -0.8862305, 0.01812506, -0.08531237, 0.07281256,147.3087,5,4,True,True,122
150242,-2.301458,-2.734528,1015.674,35.43399,-0.3706055, -0.01464844, -0.8857422, -0.04437494, -0.05406237, 0.08843756,147.3087,5,4,True,True,122
150323,-0.8197485,0.6619606,1015.55,-1,-0.3696289, -0.01660156, -0.8876953, 0.03375006, -0.1321874, 0.07281256,147.3087,5,4,True,True,122
150408,-1.915772,-3.011795,1015.684,35.43399,-0.3720703, -0.01416016, -0.8896484, 0.002500057, -0.1165624, 0.04156256,147.3087,5,4,True,True,122
150540,-1.909256,-1.90274,1015.644,-1,-0.3706055, -0.01660156, -0.8881836, 0.03375006, -0.1009374, 0.04156256,147.3087,5,4,True,True,122
150604,-1.905998,-1.90274,1015.644,35.42942,-0.3710938, -0.015625, -0.8886719, -0.02874994, -0.1165624, 0.1040626,147.3087,5,4,True,True,122
150668,-2.042999,-2.18,1015.654,-1,-0.3720703, -0.01464844, -0.8886719, 0.002500057, -0.1165624, 0.08843756,147.3087,5,4,True,True,122
150734,-1.409676,-0.7763519,1015.602,-1,-0.3710938, -0.01464844, -0.8867188, 0.03375006, -0.1009374, 0.04156256,147.3087,5,4,True,True,122
150801,-2.375362,-3.341049,1015.697,-1,-0.3720703, -0.01660156, -0.8881836, 0.01812506, -0.1321874, 0.04156256,147.3087,5,4,True,True,122
150870,-2.450972,-2.526581,1015.666,35.41573,-0.3706055, -0.01660156, -0.8862305, 0.002500057, -0.05406237, 0.07281256,147.3087,5,4,True,True,122
151045,-1.353724,-0.2564774,1015.583,35.40203,-0.371582, -0.01708984, -0.887207, 0.01812506, -0.1009374, 0.05718756,147.3087,5,4,True,True,122
151112,-1.368295,-1.382866,1015.625,-1,-0.3720703, -0.01513672, -0.887207, 0.04937506, -0.1165624, 0.04156256,147.3087,5,4,True,True,122
151185,-3.212456,-5.056618,1015.759,35.40659,-0.3710938, -0.01416016, -0.8881836, 0.01812506, -0.1634374, 0.05718756,147.3087,5,4,True,True,122
151256,-2.999485,-2.786514,1015.676,35.41116,-0.3710938, -0.01513672, -0.8857422, 0.04937506, -0.08531237, 0.07281256,147.3087,5,4,True,True,122
151327,-1.905245,-0.8110046,1015.603,35.40659,-0.3725586, -0.01367188, -0.8857422, -0.01312494, -0.03843737, 0.01031256,147.3087,5,4,True,True,122
151399,-2.484513,-3.063782,1015.686,-1,-0.3710938, -0.01513672, -0.8852539, -0.04437494, -0.08531237, -0.005312443,147.3087,5,4,True,True,122
151471,-3.051411,-3.618309,1015.706,-1,-0.3706055, -0.01318359, -0.8867188, -0.01312494, -0.1009374, 0.08843756,147.3087,5,4,True,True,122
151548,-3.19623,-3.341049,1015.697,-1,-0.3706055, -0.015625, -0.8862305, 0.01812506, -0.06968737, 0.04156256,147.3087,5,4,True,True,122
151633,-3.26864,-3.341049,1015.697,35.41573,-0.3710938, -0.01611328, -0.8876953, 0.01812506, -0.06968737, 0.1040626,147.3087,5,4,True,True,122
151707,-3.738068,-4.207497,1015.728,35.41116,-0.3710938, -0.01464844, -0.887207, 0.01812506, -0.08531237, 0.1196876,147.3087,5,4,True,True,122
151784,-4.821907,-5.905746,1015.791,-1,-0.3701172, -0.01513672, -0.8857422, -0.01312494, -0.1009374, 0.1353126,147.3087,5,4,True,True,122
151860,-4.956593,-5.091278,1015.76,-1,-0.3696289, -0.01611328, -0.8901367, 0.01812506, -0.1321874, 0.1353126,147.3087,5,4,True,True,122
152050,-4.608038,-4.259483,1015.73,-1,-0.371582, -0.01513672, -0.8896484, -0.05999994, -0.1321874, 0.04156256,147.3087,5,4,True,True,122
152126,-2.752845,-0.8976517,1015.607,-1,-0.3720703, -0.01660156, -0.8891602, 0.002500057, -0.1478124, 0.05718756,147.3087,5,4,True,True,122
152204,-2.683036,-2.613228,1015.669,35.34724,-0.3720703, -0.01513672, -0.8901367, 0.01812506, -0.1790624, 0.05718756,147.3087,5,4,True,True,122
152301,-1.66904,-0.6550446,1015.598,-1,-0.3706055, -0.01660156, -0.8881836, -0.01312494, -0.08531237, 0.07281256,147.3087,5,4,True,True,122
152381,-2.704329,-3.739616,1015.711,35.32897,-0.3706055, -0.01611328, -0.8886719, 0.01812506, -0.1009374, 0.05718756,147.3087,5,4,True,True,122
152461,-1.81832,-0.932312,1015.608,-1,-0.371582, -0.01513672, -0.8891602, -0.02874994, -0.06968737, 0.02593756,147.3087,5,4,True,True,122
152541,-1.643917,-1.469513,1015.628,35.34267,-0.3706055, -0.01464844, -0.887207, 0.01812506, -0.08531237, 0.07281256,147.3087,5,4,True,True,122
152622,-1.833978,-2.02404,1015.648,-1,-0.3696289, -0.015625, -0.8896484, 0.08062506, -0.05406237, 0.05718756,147.3087,5,4,True,True,122
152707,-2.067643,-2.301308,1015.658,35.36094,-0.3706055, -0.01611328, -0.8886719, 0.002500057, -0.08531237, 0.1040626,147.3087,5,4,True,True,122
152788,-1.621281,-1.174919,1015.617,-1,-0.3706055, -0.01513672, -0.8881836, -0.02874994, -0.05406237, 0.07281256,147.3087,5,4,True,True,122
152873,-2.099924,-2.578568,1015.668,35.3518,-0.3701172, -0.015625, -0.887207, -0.01312494, -0.1321874, 0.07281256,147.3087,5,4,True,True,122
152959,-2.061982,-2.02404,1015.648,-1,-0.3720703, -0.01464844, -0.8901367, 0.04937506, -0.08531237, 0.07281256,147.3087,5,4,True,True,122
153203,-2.043011,-2.02404,1015.648,-1,-0.3706055, -0.01757813, -0.8891602, 0.002500057, -0.007187366, 0.07281256,147.3087,5,4,True,True,122
153269,-1.608965,-1.174919,1015.617,-1,-0.3710938, -0.01660156, -0.8876953, 0.01812506, -0.1165624, 0.04156256,147.3087,5,4,True,True,122
153331,-0.8200828,-0.03120041,1015.575,-1,-0.3706055, -0.01660156, -0.8891602, -0.01312494, -0.08531237, 0.1040626,147.3087,5,4,True,True,122
153400,-0.01840931,0.7832642,1015.545,35.3518,-0.3720703, -0.015625, -0.8876953, 0.01812506, -0.1165624, 0.07281256,147.3087,5,4,True,True,122
153465,-0.4580305,-0.8976517,1015.607,35.3518,-0.371582, -0.015625, -0.8876953, -0.01312494, -0.06968737, 0.05718756,147.3087,5,4,True,True,122
153535,-0.4005774,-0.3431244,1015.586,35.34724,-0.3706055, -0.015625, -0.8886719, -0.02874994, -0.06968737, 0.08843756,147.3087,5,4,True,True,122
153605,-2.927881,-5.455185,1015.774,-1,-0.3710938, -0.015625, -0.8886719, -0.01312494, -0.1478124, 0.07281256,147.3087,5,4,True,True,122
153676,-2.493291,-2.058701,1015.649,35.32897,-0.3710938, -0.01904297, -0.8876953, -0.02874994, -0.03843737, 0.07281256,147.3087,5,4,True,True,122
153748,-2.275996,-2.058701,1015.649,-1,-0.3701172, -0.01513672, -0.8862305, -0.02874994, -0.1478124, 0.08843756,147.3087,5,4,True,True,122
153817,-1.46552,-0.6550446,1015.598,-1,-0.3701172, -0.01416016, -0.887207, 0.01812506, -0.1321874, 0.1196876,147.3087,5,4,True,True,122
153888,-3.460352,-5.455185,1015.774,-1,-0.371582, -0.01611328, -0.8867188, 0.002500057, -0.1634374, 0.05718756,147.3087,5,4,True,True,122
153962,-1.355874,0.7486038,1015.546,-1,-0.3710938, -0.01611328, -0.8876953, -0.01312494, -0.1165624, 0.07281256,147.3087,5,4,True,True,122
154148,-0.8668276,-0.3777809,1015.587,35.32441,-0.3701172, -0.015625, -0.8881836, -0.01312494, -0.08531237, 0.02593756,147.3087,5,4,True,True,122
154220,-0.908233,-0.9496384,1015.609,-1,-0.3691406, -0.01464844, -0.8886719, -0.01312494, -0.1321874, 0.05718756,147.3087,5,4,True,True,122
154293,-1.64809,-2.387947,1015.662,35.29701,-0.3696289, -0.015625, -0.887207, -0.02874994, -0.1321874, 0.08843756,147.3087,5,4,True,True,122
154368,-0.4757364,0.6966171,1015.548,-1,-0.371582, -0.01660156, -0.8901367, 0.002500057, -0.08531237, 0.1353126,147.3087,5,4,True,True,122
154463,-0.02819148,0.4193535,1015.558,-1,-0.3710938, -0.01660156, -0.8862305, -0.02874994, -0.05406237, 0.07281256,147.3087,5,4,True,True,122
154540,-0.6622052,-1.296219,1015.621,-1,-0.3710938, -0.01464844, -0.887207, 0.01812506, -0.05406237, 0.04156256,147.3087,5,4,True,True,122
154619,-0.5459883,-0.4297714,1015.59,35.28788,-0.3720703, -0.01464844, -0.8857422, -0.02874994, -0.08531237, 0.04156256,147.3087,5,4,True,True,122
154696,-0.3492461,-0.152504,1015.579,-1,-0.3696289, -0.01660156, -0.8857422, 0.002500057, -0.08531237, 0.05718756,147.3087,5,4,True,True,122
154785,-2.070425,-3.791603,1015.713,-1,-0.3720703, -0.015625, -0.8862305, 0.01812506, -0.08531237, 0.08843756,147.3087,5,4,True,True,122
154866,-3.069644,-4.068863,1015.723,-1,-0.371582, -0.01611328, -0.8876953, 0.03375006, -0.1165624, 0.05718756,147.3087,5,4,True,True,122
154946,-3.707887,-4.34613,1015.733,-1,-0.3710938, -0.015625, -0.8837891, -0.02874994, -0.06968737, 0.07281256,147.3087,5,4,True,True,122
155027,-4.027009,-4.34613,1015.733,-1,-0.3701172, -0.01660156, -0.8876953, 0.01812506, -0.08531237, 0.04156256,147.3087,5,4,True,True,122
155217,-1.925131,0.1767464,1015.567,35.31528,-0.371582, -0.015625, -0.8876953, 0.03375006, -0.1478124, 0.05718756,147.3087,5,4,True,True,122
155299,-2.277843,-2.630554,1015.67,-1,-0.3706055, -0.01611328, -0.8891602, 0.002500057, -0.02281237, 0.04156256,147.3087,5,4,True,True,122
155382,-2.887426,-3.497009,1015.702,-1,-0.3696289, -0.01416016, -0.8886719, -0.02874994, -0.05406237, 0.04156256,147.3087,5,4,True,True,122
155467,-1.35534,0.1767464,1015.567,35.31528,-0.371582, -0.01513672, -0.8876953, 0.03375006, -0.03843737, 0.05718756,147.3087,5,4,True,True,122
155554,-2.287541,-3.219742,1015.692,35.31528,-0.3710938, -0.015625, -0.8867188, 0.06500006, -0.08531237, 0.04156256,147.3087,5,4,True,True,122
155685,-1.61859,-0.9496384,1015.609,-1,-0.3696289, -0.01660156, -0.887207, -0.02874994, -0.08531237, 0.07281256,147.3087,5,4,True,True,122
155751,-0.8768836,-0.1351776,1015.578,-1,-0.3706055, -0.015625, -0.8862305, -0.09124994, -0.05406237, 0.05718756,147.3087,5,4,True,True,122
155819,-0.7832942,-0.6897049,1015.599,35.30614,-0.3706055, -0.01416016, -0.8867188, 0.01812506, -0.06968737, 0.07281256,147.3087,5,4,True,True,122
155889,-1.02243,-1.261566,1015.62,35.31071,-0.3706055, -0.01269531, -0.887207, 0.002500057, -0.06968737, 0.04156256,147.3087,5,4,True,True,122
155956,-0.8647307,-0.7070313,1015.6,-1,-0.3710938, -0.01367188, -0.8881836, -0.02874994, -0.06968737, 0.1196876,147.3087,5,4,True,True,122
156025,-0.9245147,-0.9842987,1015.61,35.29701,-0.3686523, -0.01367188, -0.8881836, -0.05999994, -0.08531237, 0.07281256,147.3087,5,4,True,True,122
156094,-1.673561,-2.422607,1015.662,35.29245,-0.3720703, -0.01757813, -0.8857422, 0.002500057, -0.08531237, 0.05718756,147.3087,5,4,True,True,122
156277,-1.900787,-2.128014,1015.651,-1,-0.3706055, -0.01513672, -0.8876953, -0.01312494, -0.08531237, 0.08843756,147.3087,5,4,True,True,122
156343,-2.438961,-2.977135,1015.683,-1,-0.3710938, -0.01660156, -0.8876953, -0.01312494, -0.1009374, 0.08843756,147.3087,5,4,True,True,122
156412,-2.846682,-3.254402,1015.693,-1,-0.3706055, -0.01367188, -0.887207, -0.02874994, -0.1165624, 0.08843756,147.3087,5,4,True,True,122
156484,-2.773278,-2.699875,1015.673,-1,-0.3701172, -0.01464844, -0.887207, 0.03375006, -0.08531237, 0.07281256,147.3087,5,4,True,True,122
156557,-2.450646,-2.128014,1015.651,-1,-0.3696289, -0.01416016, -0.8881836, -0.01312494, -0.007187366, 0.05718756,147.3087,5,4,True,True,122
156632,-3.563015,-4.675385,1015.745,35.29245,-0.3696289, -0.01611328, -0.8881836, 0.002500057, -0.1478124, 0.05718756,147.3087,5,4,True,True,122
156709,-2.854177,-2.14534,1015.652,35.27875,-0.3710938, -0.01416016, -0.8886719, -0.02874994, -0.1165624, 0.04156256,147.3087,5,4,True,True,122
156784,-2.222495,-1.590813,1015.632,35.26962,-0.3691406, -0.01513672, -0.8881836, 0.002500057, -0.05406237, 0.05718756,147.3087,5,4,True,True,122
156858,-2.183918,-2.14534,1015.652,35.27418,-0.3691406, -0.01611328, -0.8881836, -0.04437494, -0.06968737, 0.08843756,147.3087,5,4,True,True,122
156934,-1.887365,-1.590813,1015.632,35.27418,-0.3691406, -0.01464844, -0.8867188, -0.02874994, -0.1165624, 0.05718756,147.3087,5,4,True,True,122
157034,-2.865478,-3.84359,1015.715,35.26505,-0.3681641, -0.01416016, -0.8881836, -0.01312494, 0.1178126, 0.02593756,147.3087,5,4,True,True,122
157113,-2.089515,-1.313553,1015.622,35.26048,-0.371582, -0.01611328, -0.887207, 0.002500057, -0.2728124, 0.07281256,147.3087,5,4,True,True,122
157302,-3.243816,-4.398117,1015.735,-1,-0.3710938, -0.01660156, -0.8891602, -0.04437494, -0.06968737, 0.1040626,147.3087,5,4,True,True,122
157381,-1.854122,-0.4644279,1015.591,-1,-0.3710938, -0.015625, -0.8881836, -0.01312494, -0.06968737, 0.07281256,147.3087,5,4,True,True,122
157461,-1.003313,-0.152504,1015.579,35.28331,-0.371582, -0.01708984, -0.887207, 0.01812506, -0.1321874, 0.1040626,147.3087,5,4,True,True,122
157544,-1.435697,-1.86808,1015.642,-1,-0.3706055, -0.01513672, -0.8891602, 0.03375006, 0.07093763, 0.05718756,147.3087,5,4,True,True,122
157623,-3.19417,-4.952644,1015.756,-1,-0.3710938, -0.01660156, -0.8881836, -0.02874994, -0.2415624, 0.01031256,147.3087,5,4,True,True,122
157702,-2.817052,-2.439934,1015.664,-1,-0.3701172, -0.015625, -0.8881836, -0.05999994, -0.007187366, 0.05718756,147.3087,5,4,True,True,122
157787,-2.203932,-1.590813,1015.632,35.26505,-0.371582, -0.01513672, -0.8881836, -0.04437494, -0.1165624, 0.05718756,147.3087,5,4,True,True,122
157872,-1.620109,-1.036285,1015.612,35.26048,-0.3701172, -0.01318359, -0.8901367, -0.02874994, -0.05406237, 0.02593756,147.3087,5,4,True,True,122
157968,-2.463249,-3.306389,1015.695,35.26048,-0.3691406, -0.015625, -0.887207, 0.03375006, -0.03843737, 0.07281256,147.3087,5,4,True,True,122
158100,-2.468921,-2.474594,1015.665,-1,-0.3725586, -0.01220703, -0.8876953, 0.002500057, -0.1946874, 0.08843756,147.3087,5,4,True,True,122
158170,-2.627718,-2.786514,1015.676,35.24222,-0.3706055, -0.01416016, -0.8857422, -0.02874994, -0.06968737, 0.05718756,147.3087,5,4,True,True,122
158234,-2.84575,-3.063782,1015.686,-1,-0.3701172, -0.01464844, -0.8886719, -0.01312494, -0.08531237, 0.05718756,147.3087,5,4,True,True,122
158415,-1.395154,0.05544281,1015.571,35.24222,-0.3710938, -0.015625, -0.8862305, -0.02874994, -0.1165624, 0.05718756,147.3087,5,4,True,True,122
158481,-2.073508,-2.751862,1015.675,-1,-0.3701172, -0.01660156, -0.8867188, -0.01312494, 0.02406263, 0.1665626,147.3087,5,4,True,True,122
158547,-3.539069,-5.004631,1015.758,-1,-0.3706055, -0.015625, -0.8881836, 0.01812506, -0.1165624, 0.07281256,147.3087,5,4,True,True,122
158613,-2.305007,-1.070946,1015.613,-1,-0.3691406, -0.01708984, -0.8842773, -0.01312494, -0.08531237, 0.1040626,147.3087,5,4,True,True,122
158683,-2.528435,-2.751862,1015.675,-1,-0.3720703, -0.01611328, -0.887207, -0.02874994, -0.08531237, 0.07281256,147.3087,5,4,True,True,122
158751,-1.375128,-0.2218208,1015.582,-1,-0.3706055, -0.01464844, -0.887207, -0.02874994, -0.1321874, 0.1196876,147.3087,5,4,True,True,122
158822,-2.063495,-2.751862,1015.675,-1,-0.3691406, -0.01757813, -0.8857422, 0.002500057, -0.05406237, 0.01031256,147.3087,5,4,True,True,122
158893,-2.407678,-2.751862,1015.675,-1,-0.3701172, -0.01318359, -0.887207, -0.01312494, -0.06968737, -0.005312443,147.3087,5,4,True,True,122
158964,-1.860616,-1.313553,1015.622,-1,-0.3706055, -0.015625, -0.887207, -0.02874994, -0.05406237, 0.1040626,147.3087,5,4,True,True,122
159058,-2.002978,-2.14534,1015.652,35.26962,-0.3706055, -0.015625, -0.8876953, -0.02874994, -0.08531237, 0.05718756,147.3087,5,4,True,True,122
159129,-2.074159,-2.14534,1015.652,-1,-0.3701172, -0.01416016, -0.887207, -0.04437494, -0.08531237, 0.1196876,147.3087,5,4,True,True,122
159204,-3.374772,-4.675385,1015.745,35.27418,-0.3710938, -0.01757813, -0.8886719, 0.01812506, -0.1165624, 0.07281256,147.3087,5,4,True,True,122
159390,-2.760056,-2.14534,1015.652,35.28331,-0.3691406, -0.01464844, -0.8828125, 0.01812506, -0.2415624, 0.07281256,147.3087,5,4,True,True,122
159464,-2.166771,-1.573486,1015.631,-1,-0.3676758, -0.01611328, -0.8876953, 0.04937506, -0.03843737, 0.07281256,147.3087,5,4,True,True,122
159540,-2.710587,-3.254402,1015.693,35.29701,-0.3710938, -0.01660156, -0.8886719, -0.04437494, -0.1790624, 0.1509376,147.3087,5,4,True,True,122
159616,-1.847443,-0.9842987,1015.61,35.29701,-0.3706055, -0.01464844, -0.8867188, -0.02874994, -0.05406237, 0.07281256,147.3087,5,4,True,True,122
159692,-2.550922,-3.254402,1015.693,-1,-0.3686523, -0.01708984, -0.8847656, -0.04437494, -0.06968737, 0.1040626,147.3087,5,4,True,True,122
159771,-1.34305,-0.1351776,1015.578,35.30158,-0.3710938, -0.01318359, -0.8862305, 0.04937506, -0.08531237, 0.05718756,147.3087,5,4,True,True,122
159851,-1.163674,-0.9842987,1015.61,35.30614,-0.3696289, -0.015625, -0.8857422, 0.002500057, -0.06968737, 0.07281256,147.3087,5,4,True,True,122
159933,0.1910319,1.545738,1015.517,35.30614,-0.3696289, -0.01513672, -0.8896484, 0.01812506, -0.1478124, 0.07281256,147.3087,5,4,True,True,122
160012,-0.673897,-1.538826,1015.63,35.29701,-0.3710938, -0.01416016, -0.8862305, -0.05999994, -0.1946874, 0.02593756,147.3087,5,4,True,True,122
160094,-0.534504,-0.3951111,1015.589,35.29245,-0.3686523, -0.01708984, -0.8847656, -0.02874994, -0.1321874, 0.08843756,147.3087,5,4,True,True,122
160178,-0.6207676,-0.7070313,1015.6,-1,-0.3706055, -0.01611328, -0.8891602, -0.04437494, -0.1165624, 0.02593756,147.3087,5,4,True,True,122
160259,-0.2393389,0.1420898,1015.568,-1,-0.3701172, -0.01416016, -0.8852539, -0.02874994, -0.1634374, 0.1040626,147.3087,5,4,True,True,122
160455,-0.5944886,-0.9496384,1015.609,35.30158,-0.3710938, -0.01611328, -0.8867188, 0.002500057, -0.1009374, 0.05718756,147.3087,5,4,True,True,122
160536,-0.9280273,-1.261566,1015.62,-1,-0.3686523, -0.01708984, -0.8876953, -0.02874994, 0.008437634, 0.07281256,147.3087,5,4,True,True,122
160671,-2.073884,-3.219742,1015.692,-1,-0.3701172, -0.01757813, -0.8886719, 0.04937506, -0.03843737, 0.04156256,147.3087,5,4,True,True,122
160735,-1.806355,-1.538826,1015.63,-1,-0.3701172, -0.01757813, -0.8867188, -0.07562494, 0.008437634, 0.08843756,147.3087,5,4,True,True,122
160802,-1.811224,-1.816093,1015.64,-1,-0.3696289, -0.01611328, -0.8847656, -0.05999994, -0.08531237, 0.08843756,147.3087,5,4,True,True,122
160868,-1.250465,-0.6897049,1015.599,-1,-0.371582, -0.01611328, -0.8857422, 0.002500057, -0.1321874, 0.07281256,147.3087,5,4,True,True,122
160938,-0.3982273,0.45401,1015.557,-1,-0.3706055, -0.01513672, -0.887207, -0.02874994, -0.08531237, 0.1040626,147.3087,5,4,True,True,122
161013,-1.24579,-2.093353,1015.65,-1,-0.3696289, -0.01416016, -0.887207, 0.002500057, -0.08531237, 0.07281256,147.3087,5,4,True,True,122
161084,-0.9677476,-0.6897049,1015.599,-1,-0.3701172, -0.01513672, -0.8842773, -0.04437494, -0.08531237, 0.07281256,147.3087,5,4,True,True,122
161152,-1.53055,-2.093353,1015.65,-1,-0.3701172, -0.01513672, -0.8886719, 0.01812506, -0.06968737, 0.04156256,147.3087,5,4,True,True,122
161222,-2.080552,-2.630554,1015.67,-1,-0.3706055, -0.01416016, -0.8886719, 0.002500057, -0.08531237, 0.05718756,147.3087,5,4,True,True,122
161313,-2.086953,-2.093353,1015.65,-1,-0.3696289, -0.01416016, -0.8842773, -0.04437494, -0.05406237, 0.07281256,147.3087,5,4,True,True,122
161493,-2.358753,-2.630554,1015.67,-1,-0.3710938, -0.01660156, -0.8847656, -0.02874994, -0.1165624, 0.04156256,147.3087,5,4,True,True,122
161565,-2.771921,-3.185089,1015.691,-1,-0.3710938, -0.01464844, -0.887207, 0.002500057, -0.1009374, 0.04156256,147.3087,5,4,True,True,122
161636,-2.415311,-2.058701,1015.649,-1,-0.3686523, -0.01611328, -0.8847656, -0.02874994, -0.06968737, 0.04156256,147.3087,5,4,True,True,122
161709,-2.670229,-2.925148,1015.681,35.32897,-0.3691406, -0.01611328, -0.8881836, 0.01812506, -0.1165624, 0.07281256,147.3087,5,4,True,True,122
161784,-1.662637,-0.6550446,1015.598,35.33354,-0.3706055, -0.01708984, -0.8852539, 0.01812506, -0.1634374, 0.08843756,147.3087,5,4,True,True,122
161860,-1.297474,-0.932312,1015.608,-1,-0.371582, -0.01513672, -0.8837891, -0.02874994, -0.1165624, 0.1040626,147.3087,5,4,True,True,122
161935,-2.241282,-3.185089,1015.691,35.33354,-0.371582, -0.01513672, -0.8833008, 0.04937506, -0.1165624, 0.04156256,147.3087,5,4,True,True,122
162011,-3.553643,-4.866005,1015.752,-1,-0.3696289, -0.015625, -0.8842773, 0.03375006, -0.05406237, 0.02593756,147.3087,5,4,True,True,122
162091,-2.372944,-1.192245,1015.618,35.34267,-0.371582, -0.01513672, -0.8852539, 0.002500057, -0.1009374, 0.05718756,147.3087,5,4,True,True,122
162169,-1.921229,-1.469513,1015.628,-1,-0.3696289, -0.01660156, -0.8876953, -0.01312494, -0.08531237, 0.07281256,147.3087,5,4,True,True,122
162247,-2.535829,-3.150429,1015.69,35.34724,-0.3701172, -0.01708984, -0.8847656, -0.01312494, -0.1165624, 0.05718756,147.3087,5,4,True,True,122
162323,-3.276352,-4.016876,1015.721,-1,-0.3701172, -0.01611328, -0.887207, 0.03375006, -0.007187366, 0.04156256,147.3087,5,4,True,True,122
162518,-1.965698,-0.6550446,1015.598,35.32897,-0.371582, -0.01367188, -0.8876953, 0.04937506, -0.08531237, 0.04156256,147.3087,5,4,True,True,122
162598,-1.873566,-1.781433,1015.639,35.32441,-0.3725586, -0.015625, -0.8867188, -0.05999994, -0.08531237, 0.05718756,147.3087,5,4,True,True,122
162679,-1.966133,-2.058701,1015.649,-1,-0.3691406, -0.01464844, -0.887207, 0.002500057, -0.03843737, 0.1040626,147.3087,5,4,True,True,122
162763,-1.873783,-1.781433,1015.639,-1,-0.3730469, -0.01318359, -0.8847656, 0.002500057, -0.08531237, 0.07281256,147.3087,5,4,True,True,122
162845,-1.966242,-2.058701,1015.649,-1,-0.3691406, -0.01806641, -0.8886719, -0.01312494, -0.05406237, 0.02593756,147.3087,5,4,True,True,122
162929,-1.449277,-0.932312,1015.608,35.33354,-0.3720703, -0.01611328, -0.8857422, 0.04937506, -0.1321874, 0.05718756,147.3087,5,4,True,True,122
163015,-1.052161,-0.6550446,1015.598,35.32441,-0.3710938, -0.01513672, -0.8857422, 0.03375006, -0.08531237, 0.07281256,147.3087,5,4,True,True,122
163100,-0.9922363,-0.932312,1015.608,-1,-0.3696289, -0.01416016, -0.8876953, 0.002500057, -0.05406237, 0.08843756,147.3087,5,4,True,True,122
163235,-0.9622742,-0.932312,1015.608,35.33811,-0.3706055, -0.01611328, -0.887207, -0.02874994, -0.1321874, 0.08843756,147.3087,5,4,True,True,122
163320,-2.073682,-3.185089,1015.691,-1,-0.3696289, -0.01220703, -0.8876953, 0.01812506, -0.05406237, 0.1040626,147.3087,5,4,True,True,122
163385,-0.8011707,0.4713402,1015.556,35.32897,-0.3720703, -0.01367188, -0.8881836, 0.002500057, -0.1009374, 0.05718756,147.3087,5,4,True,True,122
163452,-0.5894758,-0.3777809,1015.587,-1,-0.3706055, -0.01513672, -0.8862305, -0.01312494, -0.1478124, 0.05718756,147.3087,5,4,True,True,122
163632,-0.6222602,-0.6550446,1015.598,-1,-0.3706055, -0.01513672, -0.8862305, 0.01812506, -0.08531237, 0.07281256,147.3087,5,4,True,True,122
163698,-1.063217,-1.504173,1015.629,-1,-0.371582, -0.01708984, -0.8837891, 0.01812506, -0.1165624, 0.07281256,147.3087,5,4,True,True,122
163768,-1.846885,-2.630554,1015.67,35.32441,-0.3696289, -0.01660156, -0.8876953, 0.03375006, -0.06968737, 0.1040626,147.3087,5,4,True,True,122
163839,-1.814159,-1.781433,1015.639,-1,-0.3691406, -0.01904297, -0.8867188, 0.04937506, -0.1946874, 0.08843756,147.3087,5,4,True,True,122
163908,-1.659166,-1.504173,1015.629,-1,-0.371582, -0.01611328, -0.8867188, -0.05999994, -0.1478124, 0.1040626,147.3087,5,4,True,True,122
163984,-0.8798418,-0.1005173,1015.577,35.31984,-0.3691406, -0.01708984, -0.8862305, 0.01812506, -0.06968737, 0.07281256,147.3087,5,4,True,True,122
164055,-1.192008,-1.504173,1015.629,-1,-0.371582, -0.01513672, -0.8886719, -0.01312494, -0.1009374, 0.02593756,147.3087,5,4,True,True,122
164136,-1.911281,-2.630554,1015.67,-1,-0.3691406, -0.01416016, -0.8847656, 0.002500057, -0.03843737, 0.04156256,147.3087,5,4,True,True,122
164209,-2.002317,-2.093353,1015.65,35.31528,-0.3701172, -0.01660156, -0.8862305, -0.01312494, -0.2259374, 0.1040626,147.3087,5,4,True,True,122
164285,-2.749663,-3.497009,1015.702,35.31984,-0.3696289, -0.01611328, -0.8867188, 0.04937506, -0.03843737, 0.07281256,147.3087,5,4,True,True,122
164359,-2.144245,-1.538826,1015.63,-1,-0.3706055, -0.01611328, -0.8891602, -0.01312494, -0.08531237, 0.08843756,147.3087,5,4,True,True,122
164435,-2.24877,-2.353294,1015.66,35.31071,-0.3701172, -0.01513672, -0.887207, 0.01812506, -0.1165624, 0.07281256,147.3087,5,4,True,True,122
164622,-2.032432,-1.816093,1015.64,-1,-0.3696289, -0.01464844, -0.8896484, -0.04437494, -0.1321874, 0.05718756,147.3087,5,4,True,True,122
164698,-1.491035,-0.9496384,1015.609,-1,-0.3720703, -0.01416016, -0.8857422, 0.002500057, -0.08531237, 0.1196876,147.3087,5,4,True,True,122
164776,-0.1112802,1.268475,1015.527,-1,-0.3706055, -0.01708984, -0.8896484, 0.01812506, -0.06968737, 0.07281256,147.3087,5,4,True,True,122
164852,-1.821475,-3.53167,1015.703,-1,-0.3706055, -0.01513672, -0.8891602, -0.01312494, -0.08531237, 0.05718756,147.3087,5,4,True,True,122
164931,-2.806539,-3.791603,1015.713,35.29701,-0.3696289, -0.01611328, -0.8876953, -0.04437494, -0.08531237, 0.1040626,147.3087,5,4,True,True,122
165009,-0.4917667,1.823006,1015.507,-1,-0.3710938, -0.015625, -0.8842773, 0.01812506, -0.1946874, 0.07281256,147.3087,5,4,True,True,122
165090,-0.7380327,-0.9842987,1015.61,-1,-0.3706055, -0.01611328, -0.887207, 0.002500057, -0.02281237, 0.05718756,147.3087,5,4,True,True,122
165170,-0.9997994,-1.261566,1015.62,-1,-0.3710938, -0.01660156, -0.8881836, -0.05999994, -0.1321874, 0.04156256,147.3087,5,4,True,True,122
165249,-0.004294247,0.9912109,1015.537,-1,-0.3706055, -0.01513672, -0.8891602, 0.04937506, -0.1009374, 0.07281256,147.3087,5,4,True,True,122
165334,-1.048824,-2.093353,1015.65,35.31071,-0.3701172, -0.015625, -0.8847656, -0.01312494, -0.1165624, 0.08843756,147.3087,5,4,True,True,122
165415,-1.571089,-2.093353,1015.65,-1,-0.3710938, -0.01611328, -0.8857422, 0.04937506, -0.06968737, -0.005312443,147.3087,5,4,True,True,122
165499,-1.537631,-1.504173,1015.629,35.31528,-0.3706055, -0.01611328, -0.8876953, 0.06500006, -0.1321874, 0.08843756,147.3087,5,4,True,True,122
165770,-1.815492,-2.093353,1015.65,35.31984,-0.3701172, -0.01416016, -0.8867188, -0.02874994, -0.1165624, 0.05718756,147.3087,5,4,True,True,122
165832,-0.8193729,0.1767464,1015.567,-1,-0.3706055, -0.01660156, -0.8867188, 0.01812506, -0.1009374, 0.1196876,147.3087,5,4,True,True,122
165897,-1.456363,-2.093353,1015.65,-1,-0.3686523, -0.015625, -0.8852539, -0.01312494, -0.06968737, 0.02593756,147.3087,5,4,True,True,122
165963,-2.043459,-2.630554,1015.67,-1,-0.3720703, -0.01464844, -0.8886719, 0.01812506, -0.1009374, 0.05718756,147.3087,5,4,True,True,122
166028,-1.21062,-0.3777809,1015.587,-1,-0.3710938, -0.01416016, -0.8881836, -0.02874994, -0.1009374, 0.07281256,147.3087,5,4,True,True,122
166094,-2.067884,-2.925148,1015.681,-1,-0.3706055, -0.015625, -0.887207, 0.03375006, -0.1009374, 0.05718756,147.3087,5,4,True,True,122
166163,-1.222832,-0.3777809,1015.587,35.32441,-0.3696289, -0.015625, -0.8886719, 0.002500057, -0.1165624, 0.1196876,147.3087,5,4,True,True,122
166230,-1.926693,-2.630554,1015.67,-1,-0.3706055, -0.01708984, -0.8852539, -0.01312494, -0.08531237, 0.1196876,147.3087,5,4,True,True,122
166300,-2.555891,-3.185089,1015.691,-1,-0.3701172, -0.01513672, -0.8867188, 0.01812506, -0.1634374, 0.02593756,147.3087,5,4,True,True,122
166370,-4.005538,-5.455185,1015.774,-1,-0.3696289, -0.01220703, -0.8862305, -0.01312494, -0.1165624, 0.05718756,147.3087,5,4,True,True,122
166443,-2.191659,-0.3777809,1015.587,35.32897,-0.3710938, -0.01757813, -0.887207, 0.03375006, -0.1165624, 0.02593756,147.3087,5,4,True,True,122
166519,-1.691952,-1.192245,1015.618,35.33354,-0.3666992, -0.02050781, -0.8857422, 0.01812506, -0.05406237, 0.02593756,147.3087,5,4,True,True,122
166699,-1.875327,-2.058701,1015.649,-1,-0.3706055, -0.01367188, -0.8852539, -0.01312494, -0.1165624, 0.07281256,147.3087,5,4,True,True,122
166775,-0.8319618,0.2114029,1015.566,-1,-0.3706055, -0.01611328, -0.887207, -0.01312494, -0.1321874, 0.1353126,147.3087,5,4,True,True,122
166847,-2.147155,-3.462349,1015.701,-1,-0.3710938, -0.01416016, -0.8876953, -0.02874994, -0.1321874, 0.04156256,147.3087,5,4,True,True,122
166922,-2.943386,-3.739616,1015.711,-1,-0.3691406, -0.01464844, -0.8837891, -0.01312494, -0.02281237, 0.05718756,147.3087,5,4,True,True,122
166997,-2.20645,-1.469513,1015.628,-1,-0.3696289, -0.015625, -0.8876953, 0.06500006, -0.1165624, 0.04156256,147.3087,5,4,True,True,122
167072,-2.115245,-2.02404,1015.648,-1,-0.3710938, -0.01708984, -0.8881836, -0.01312494, -0.05406237, 0.08843756,147.3087,5,4,True,True,122
167151,-1.653745,-1.192245,1015.618,35.34267,-0.371582, -0.02246094, -0.8867188, -0.02874994, -0.2728124, 0.05718756,147.3087,5,4,True,True,122
167238,-1.422995,-1.192245,1015.618,35.33811,-0.3701172, -0.01367188, -0.8891602, 0.01812506, -0.05406237, 0.01031256,147.3087,5,4,True,True,122
167337,-2.174072,-2.925148,1015.681,-1,-0.3710938, -0.01708984, -0.8891602, 0.01812506, -0.08531237, 0.07281256,147.3087,5,4,True,True,122
167418,-0.9986628,0.1767464,1015.567,35.32441,-0.3710938, -0.015625, -0.8891602, -0.02874994, -0.05406237, 0.05718756,147.3087,5,4,True,True,122
167498,-1.546008,-2.093353,1015.65,-1,-0.3691406, -0.01513672, -0.8881836, 0.03375006, -0.1634374, 0.07281256,147.3087,5,4,True,True,122
167579,-1.681051,-1.816093,1015.64,35.29701,-0.3701172, -0.01464844, -0.887207, -0.01312494, -0.08531237, 0.07281256,147.3087,5,4,True,True,122
167771,-2.60636,-3.53167,1015.703,-1,-0.3730469, -0.01660156, -0.8876953, -0.01312494, -0.1165624, 0.08843756,147.3087,5,4,True,True,122
167854,-2.930381,-3.254402,1015.693,35.29701,-0.3701172, -0.015625, -0.887207, 0.002500057, -0.08531237, 0.1040626,147.3087,5,4,True,True,122
167936,-1.255514,0.4193535,1015.558,-1,-0.3686523, -0.01416016, -0.8886719, 0.01812506, -0.08531237, 0.07281256,147.3087,5,4,True,True,122
168020,-0.9812726,-0.7070313,1015.6,-1,-0.3701172, -0.01464844, -0.8876953, 0.002500057, -0.08531237, 0.08843756,147.3087,5,4,True,True,122
168101,-1.563306,-2.14534,1015.652,-1,-0.3706055, -0.01513672, -0.8876953, 0.03375006, -0.1634374, 0.04156256,147.3087,5,4,True,True,122
168185,-2.980712,-4.398117,1015.735,-1,-0.3706055, -0.01611328, -0.8876953, 0.002500057, -0.1165624, 0.1040626,147.3087,5,4,True,True,122
168322,-3.412151,-3.84359,1015.715,-1,-0.3735352, -0.01464844, -0.8857422, 0.01812506, -0.1165624, 0.04156256,147.3087,5,4,True,True,122
168384,-1.375095,0.6619606,1015.549,-1,-0.3691406, -0.015625, -0.8847656, 0.01812506, -0.1009374, 0.02593756,147.3087,5,4,True,True,122
168451,-1.344324,-1.313553,1015.622,35.26962,-0.3706055, -0.01708984, -0.8901367, -0.02874994, -0.1165624, 0.04156256,147.3087,5,4,True,True,122
168517,-1.467568,-1.590813,1015.632,-1,-0.3710938, -0.01416016, -0.8867188, -0.01312494, -0.1321874, 0.1509376,147.3087,5,4,True,True,122
168582,-1.685154,-1.90274,1015.643,35.26962,-0.371582, -0.01367188, -0.887207, -0.01312494, -0.03843737, 0.08843756,147.3087,5,4,True,True,122
168651,-3.33623,-4.987305,1015.757,-1,-0.3686523, -0.015625, -0.8881836, 0.04937506, -0.06968737, 0.1040626,147.3087,5,4,True,True,122
168829,-3.737206,-4.138184,1015.725,35.26048,-0.3706055, -0.015625, -0.8896484, -0.02874994, -0.06968737, 0.08843756,147.3087,5,4,True,True,122
168899,-2.66401,-1.590813,1015.632,35.26962,-0.3701172, -0.015625, -0.8886719, 0.002500057, -0.06968737, 0.07281256,147.3087,5,4,True,True,122
168970,-3.123833,-3.583656,1015.705,-1,-0.3701172, -0.01611328, -0.8896484, -0.05999994, -0.08531237, 0.05718756,147.3087,5,4,True,True,122
169041,-2.357323,-1.590813,1015.632,-1,-0.3691406, -0.01513672, -0.8881836, 0.03375006, -0.1165624, 0.08843756,147.3087,5,4,True,True,122
169112,-1.991398,-1.625473,1015.633,-1,-0.3706055, -0.01611328, -0.8857422, 0.03375006, -0.05406237, 0.05718756,147.3087,5,4,True,True,122
169185,-2.51026,-3.029121,1015.685,-1,-0.3686523, -0.01708984, -0.8881836, 0.06500006, -0.1009374, 0.05718756,147.3087,5,4,True,True,122
169257,-1.496009,-0.4817581,1015.592,-1,-0.371582, -0.01611328, -0.8867188, -0.02874994, -0.06968737, 0.05718756,147.3087,5,4,True,True,122
169351,-1.560741,-1.625473,1015.633,-1,-0.3720703, -0.01464844, -0.8891602, 0.002500057, -0.1009374, 0.1040626,147.3087,5,4,True,True,122
169427,-2.156301,-2.751862,1015.675,-1,-0.3706055, -0.01416016, -0.8876953, -0.01312494, -0.1790624, 0.07281256,147.3087,5,4,True,True,122
169501,-1.45766,-0.7590179,1015.602,-1,-0.3696289, -0.01757813, -0.887207, -0.07562494, -0.1165624, 0.1040626,147.3087,5,4,True,True,122
169578,-2.520658,-3.583656,1015.705,-1,-0.3701172, -0.015625, -0.8876953, -0.01312494, -0.1478124, 0.02593756,147.3087,5,4,True,True,122
169652,-2.913523,-3.306389,1015.695,-1,-0.3696289, -0.01513672, -0.8847656, 0.01812506, -0.03843737, 0.04156256,147.3087,5,4,True,True,122
169839,-1.974904,-1.036285,1015.612,-1,-0.3701172, -0.01611328, -0.8867188, -0.01312494, 0.008437634, 0.07281256,147.3087,5,4,True,True,122
169917,-3.203841,-4.432777,1015.736,35.27418,-0.3710938, -0.015625, -0.8896484, 0.01812506, -0.05406237, 0.07281256,147.3087,5,4,True,True,122
169994,-3.255115,-3.306389,1015.695,-1,-0.371582, -0.015625, -0.887207, 0.01812506, -0.02281237, 0.07281256,147.3087,5,4,True,True,122
170074,-3.280752,-3.306389,1015.695,35.26048,-0.3725586, -0.015625, -0.8862305, -0.01312494, -0.08531237, 0.07281256,147.3087,5,4,True,True,122
170155,-1.032132,1.216488,1015.529,-1,-0.371582, -0.01660156, -0.8862305, -0.05999994, -0.02281237, 0.04156256,147.3087,5,4,True,True,122
170236,-2.732455,-4.432777,1015.736,-1,-0.3710938, -0.01513672, -0.8862305, 0.01812506, -0.05406237, 0.1040626,147.3087,5,4,True,True,122
170317,-3.305352,-3.87825,1015.716,-1,-0.3706055, -0.01660156, -0.8857422, -0.05999994, -0.02281237, 0.08843756,147.3087,5,4,True,True,122
170400,-1.893555,-0.4817581,1015.592,35.26962,-0.371582, -0.015625, -0.8852539, -0.01312494, -0.08531237, 0.05718756,147.3087,5,4,True,True,122
170495,-1.057688,-0.2218208,1015.582,35.24222,-0.3696289, -0.01513672, -0.8867188, 0.01812506, -0.05406237, 0.02593756,147.3087,5,4,True,True,122
170581,-2.190701,-3.323715,1015.696,35.25135,-0.3706055, -0.01513672, -0.8881836, -0.02874994, -0.1165624, 0.1196876,147.3087,5,4,True,True,122
170663,-2.627242,-3.063782,1015.686,-1,-0.3691406, -0.01416016, -0.8867188, -0.01312494, -0.05406237, -0.005312443,147.3087,5,4,True,True,122
170797,-1.580493,-0.5337448,1015.593,-1,-0.3706055, -0.01708984, -0.8847656, -0.01312494, -0.08531237, 0.07281256,147.3087,5,4,True,True,122
170973,-1.620313,-1.660133,1015.635,-1,-0.3681641, -0.015625, -0.8886719, 0.03375006, -0.1634374, 0.07281256,147.3087,5,4,True,True,122
171038,-1.640223,-1.660133,1015.635,-1,-0.3691406, -0.01513672, -0.8891602, 0.002500057, -0.1165624, 0.07281256,147.3087,5,4,True,True,122
171104,-1.234281,-0.8283386,1015.604,-1,-0.371582, -0.01611328, -0.8881836, 0.01812506, -0.06968737, 0.04156256,147.3087,5,4,True,True,122
171173,-2.019065,-2.803848,1015.677,-1,-0.3701172, -0.01611328, -0.8886719, 0.002500057, -0.1009374, 0.07281256,147.3087,5,4,True,True,122
171241,-1.007804,0.003456116,1015.574,-1,-0.3686523, -0.015625, -0.8881836, -0.02874994, -0.1165624, 0.07281256,147.3087,5,4,True,True,122
171325,-3.058204,-5.108604,1015.761,-1,-0.3691406, -0.01464844, -0.8881836, 0.002500057, -0.05406237, 0.08843756,147.3087,5,4,True,True,122
171395,-2.246529,-1.434853,1015.626,-1,-0.3696289, -0.01416016, -0.8876953, 0.01812506, -0.02281237, 0.07281256,147.3087,5,4,True,True,122
171466,-2.265251,-2.283974,1015.658,-1,-0.3706055, -0.015625, -0.8876953, -0.04437494, -0.08531237, 0.1040626,147.3087,5,4,True,True,122
171536,-1.711418,-1.157585,1015.616,-1,-0.3720703, -0.015625, -0.8901367, 0.01812506, -0.1165624, 0.1040626,147.3087,5,4,True,True,122
171607,-1.295872,-0.8803253,1015.606,-1,-0.3701172, -0.01513672, -0.8886719, -0.02874994, -0.08531237, 0.01031256,147.3087,5,4,True,True,122
171681,-1.503996,-1.71212,1015.636,35.19656,-0.3706055, -0.01513672, -0.8867188, -0.02874994, -0.05406237, 0.07281256,147.3087,5,4,True,True,122
171756,-1.330791,-1.157585,1015.616,35.18742,-0.3710938, -0.015625, -0.8852539, 0.03375006, -0.1790624, 0.08843756,147.3087,5,4,True,True,122
171942,-0.2651,0.8005905,1015.544,-1,-0.3701172, -0.01464844, -0.8837891, 0.002500057, -0.06968737, 0.04156256,147.3087,5,4,True,True,122
172017,-1.413171,-2.561241,1015.668,35.17829,-0.3681641, -0.015625, -0.8876953, -0.02874994, 0.008437634, 0.05718756,147.3087,5,4,True,True,122
172096,-1.848572,-2.283974,1015.658,35.19656,-0.3735352, -0.015625, -0.8857422, -0.02874994, -0.2728124, 0.04156256,147.3087,5,4,True,True,122
172169,-1.641712,-1.434853,1015.626,-1,-0.3745117, -0.01367188, -0.8862305, -0.04437494, -0.1790624, 0.1040626,147.3087,5,4,True,True,122
172243,-2.811968,-3.982224,1015.719,-1,-0.3686523, -0.01660156, -0.8876953, -0.04437494, -0.02281237, 0.05718756,147.3087,5,4,True,True,122
172324,-2.12341,-1.434853,1015.626,35.20112,-0.3710938, -0.01708984, -0.8862305, -0.02874994, -0.1478124, 0.08843756,147.3087,5,4,True,True,122
172401,-1.640498,-1.157585,1015.616,-1,-0.3710938, -0.01464844, -0.8862305, -0.04437494, -0.03843737, 0.05718756,147.3087,5,4,True,True,122
172479,-1.962236,-2.283974,1015.658,-1,-0.3706055, -0.01367188, -0.887207, -0.07562494, -0.1321874, 0.07281256,147.3087,5,4,True,True,122
172556,-1.291312,-0.620388,1015.596,-1,-0.3706055, -0.01416016, -0.8857422, 0.06500006, -0.06968737, 0.02593756,147.3087,5,4,True,True,122
172637,-0.2453607,0.8005905,1015.544,-1,-0.3706055, -0.01464844, -0.8881836, 0.08062506, -0.1321874, 0.05718756,147.3087,5,4,True,True,122
172720,-0.5628429,-0.8803253,1015.606,35.18286,-0.3696289, -0.01660156, -0.8862305, 0.002500057, -0.1009374, 0.07281256,147.3087,5,4,True,True,122
172800,-1.718002,-2.873161,1015.679,-1,-0.3706055, -0.01660156, -0.8862305, 0.03375006, -0.08531237, 0.08843756,147.3087,5,4,True,True,122
172996,-1.169195,-0.620388,1015.596,-1,-0.3706055, -0.01416016, -0.8891602, 0.002500057, -0.02281237, 0.07281256,147.3087,5,4,True,True,122
173077,-2.021178,-2.873161,1015.679,-1,-0.3681641, -0.01611328, -0.8896484, 0.01812506, -0.1321874, 0.1040626,147.3087,5,4,True,True,122
173162,-2.152576,-2.283974,1015.658,35.17373,-0.3696289, -0.01513672, -0.890625, 0.01812506, -0.05406237, 0.02593756,147.3087,5,4,True,True,122
173264,-2.096971,-2.041367,1015.649,-1,-0.3706055, -0.01464844, -0.8891602, -0.01312494, -0.1165624, 0.07281256,147.3087,5,4,True,True,122
173399,-2.346437,-2.595901,1015.669,-1,-0.3701172, -0.015625, -0.8876953, 0.002500057, -0.08531237, 0.07281256,147.3087,5,4,True,True,122
173464,-2.332535,-2.318634,1015.659,-1,-0.3701172, -0.01464844, -0.8867188, 0.01812506, -0.1009374, 0.1040626,147.3087,5,4,True,True,122
173529,-1.33783,-0.3431244,1015.586,-1,-0.3701172, -0.01660156, -0.8852539, 0.01812506, -0.05406237, 0.05718756,147.3087,5,4,True,True,122
173593,-0.7018453,-0.06586075,1015.576,-1,-0.3706055, -0.01611328, -0.8881836, -0.04437494, -0.08531237, 0.05718756,147.3087,5,4,True,True,122
173670,-0.2452212,0.2114029,1015.566,-1,-0.3701172, -0.01611328, -0.8857422, 0.01812506, -0.05406237, 0.05718756,147.3087,5,4,True,True,122
173736,-1.862452,-3.479683,1015.701,-1,-0.3706055, -0.01660156, -0.8867188, -0.04437494, -0.03843737, 0.02593756,147.3087,5,4,True,True,122
173801,-2.376474,-2.890495,1015.68,-1,-0.3710938, -0.01513672, -0.8867188, 0.01812506, -0.03843737, 0.07281256,147.3087,5,4,True,True,122
173871,-2.347554,-2.318634,1015.659,-1,-0.3706055, -0.015625, -0.8881836, -0.02874994, -0.1478124, 0.07281256,147.3087,5,4,True,True,122
174051,-2.047163,-1.746773,1015.638,-1,-0.3686523, -0.015625, -0.8867188, -0.01312494, -0.08531237, 0.07281256,147.3087,5,4,True,True,122
174122,-1.896968,-1.746773,1015.638,-1,-0.3710938, -0.015625, -0.8857422, -0.01312494, -0.1478124, 0.05718756,147.3087,5,4,True,True,122
174193,-2.090471,-2.283974,1015.658,-1,-0.3701172, -0.015625, -0.887207, 0.002500057, -0.1009374, 0.05718756,147.3087,5,4,True,True,122
174266,-1.624028,-1.157585,1015.616,35.18742,-0.371582, -0.01611328, -0.8881836, 0.01812506, -0.1165624, 0.05718756,147.3087,5,4,True,True,122
174342,-1.954001,-2.283974,1015.658,35.18286,-0.3696289, -0.01757813, -0.8852539, -0.02874994, -0.08531237, 0.04156256,147.3087,5,4,True,True,122
174416,-2.413581,-2.873161,1015.679,35.18286,-0.3701172, -0.01953125, -0.8833008, 0.04937506, -0.1946874, -0.005312443,147.3087,5,4,True,True,122
174488,-2.080177,-1.746773,1015.638,-1,-0.3710938, -0.01220703, -0.887207, 0.01812506, -0.06968737, 0.07281256,147.3087,5,4,True,True,122
174564,-0.778425,0.5233269,1015.555,-1,-0.3710938, -0.01708984, -0.887207, -0.02874994, -0.1165624, 0.05718756,147.3087,5,4,True,True,122
174638,-0.6994065,-0.620388,1015.596,-1,-0.3706055, -0.01660156, -0.8857422, 0.002500057, -0.05406237, 0.02593756,147.3087,5,4,True,True,122
174718,-1.924918,-3.150429,1015.689,35.18286,-0.3701172, -0.01464844, -0.8852539, 0.002500057, -0.1321874, 0.07281256,147.3087,5,4,True,True,122
174795,-1.272653,-0.620388,1015.596,-1,-0.3706055, -0.01464844, -0.887207, -0.09124994, -0.08531237, 0.08843756,147.3087,5,4,True,True,122
174874,-0.9465204,-0.620388,1015.596,35.18286,-0.3696289, -0.01708984, -0.8867188, 0.01812506, -0.08531237, 0.05718756,147.3087,5,4,True,True,122
175087,-2.447042,-3.947563,1015.719,-1,-0.3701172, -0.01660156, -0.8867188, 0.01812506, -0.03843737, 0.07281256,147.3087,5,4,True,True,122
175165,-2.356844,-2.266647,1015.657,35.19656,-0.3725586, -0.01660156, -0.8857422, 0.01812506, -0.1478124, 0.04156256,147.3087,5,4,True,True,122
175246,-2.311746,-2.266647,1015.657,35.21482,-0.3701172, -0.015625, -0.8862305, -0.02874994, -0.1165624, 0.1040626,147.3087,5,4,True,True,122
175325,-1.431409,-0.5510712,1015.594,-1,-0.3686523, -0.015625, -0.8891602, -0.04437494, -0.08531237, 0.05718756,147.3087,5,4,True,True,122
175406,-1.571764,-1.71212,1015.636,35.19656,-0.3671875, -0.01464844, -0.887207, -0.05999994, -0.1165624, 0.01031256,147.3087,5,4,True,True,122
175487,-1.659268,-1.746773,1015.638,-1,-0.3696289, -0.01513672, -0.8876953, 0.04937506, -0.1321874, 0.07281256,147.3087,5,4,True,True,122
175567,-1.703021,-1.746773,1015.638,-1,-0.3706055, -0.01757813, -0.8857422, -0.01312494, -0.08531237, 0.08843756,147.3087,5,4,True,True,122
175652,-1.447633,-1.192245,1015.617,-1,-0.3691406, -0.01416016, -0.8828125, -0.01312494, -0.05406237, 0.08843756,147.3087,5,4,True,True,122
175737,-1.302609,-1.157585,1015.616,-1,-0.371582, -0.01611328, -0.8847656, 0.002500057, -0.1321874, 0.05718756,147.3087,5,4,True,True,122
175870,-1.931925,-2.561241,1015.668,-1,-0.3696289, -0.01611328, -0.8862305, 0.01812506, -0.05406237, 0.07281256,147.3087,5,4,True,True,122
175935,-1.120196,-0.3084679,1015.585,-1,-0.3706055, -0.01464844, -0.8862305, -0.01312494, -0.08531237, 0.04156256,147.3087,5,4,True,True,122
176000,-1.572118,-2.02404,1015.648,-1,-0.3701172, -0.01611328, -0.8852539, -0.02874994, -0.1321874, 0.1040626,147.3087,5,4,True,True,122
176179,-1.659446,-1.746773,1015.638,35.18742,-0.371582, -0.015625, -0.8847656, 0.01812506, -0.08531237, 0.05718756,147.3087,5,4,True,True,122
176244,-0.00486505,1.649715,1015.513,-1,-0.3710938, -0.015625, -0.8876953, -0.01312494, -0.08531237, 0.05718756,147.3087,5,4,True,True,122
176311,-0.8584926,-1.71212,1015.636,-1,-0.3691406, -0.01660156, -0.8862305, 0.002500057, -0.06968737, 0.07281256,147.3087,5,4,True,True,122
176376,-1.571233,-2.283974,1015.658,-1,-0.3696289, -0.01513672, -0.8881836, -0.01312494, -0.1321874, 0.08843756,147.3087,5,4,True,True,122
176445,-1.225779,-0.8803253,1015.606,35.17829,-0.3701172, -0.01464844, -0.8891602, 0.01812506, -0.1009374, 0.05718756,147.3087,5,4,True,True,122
176535,-0.7844519,-0.3431244,1015.586,35.18286,-0.3696289, -0.01611328, -0.8833008, 0.002500057, -0.1321874, 0.07281256,147.3087,5,4,True,True,122
176606,-0.7024199,-0.620388,1015.596,35.17373,-0.3710938, -0.01513672, -0.887207, 0.04937506, -0.007187366, 0.07281256,147.3087,5,4,True,True,122
176677,-0.8087029,-0.9149857,1015.607,-1,-0.3701172, -0.01513672, -0.8867188, -0.01312494, -0.08531237, 0.05718756,147.3087,5,4,True,True,122
176758,-1.563668,-2.318634,1015.659,-1,-0.3710938, -0.01611328, -0.8886719, -0.07562494, -0.1321874, 0.1040626,147.3087,5,4,True,True,122
176832,-1.941151,-2.318634,1015.659,-1,-0.3701172, -0.01513672, -0.8867188, 0.06500006, -0.06968737, 0.05718756,147.3087,5,4,True,True,122
176906,-1.428068,-0.9149857,1015.607,35.17373,-0.3686523, -0.01416016, -0.8867188, 0.002500057, -0.1009374, 0.02593756,147.3087,5,4,True,True,122
176982,-1.171527,-0.9149857,1015.607,-1,-0.3691406, -0.01416016, -0.887207, -0.01312494, -0.03843737, 0.05718756,147.3087,5,4,True,True,122
177169,-1.467817,-1.764107,1015.638,-1,-0.3686523, -0.01464844, -0.8876953, 0.002500057, -0.02281237, 0.05718756,147.3087,5,4,True,True,122
177246,-0.628207,0.2114029,1015.566,-1,-0.3701172, -0.01660156, -0.8896484, -0.01312494, -0.08531237, 0.08843756,147.3087,5,4,True,True,122
177324,-0.4856657,-0.3431244,1015.586,35.17829,-0.3710938, -0.01269531, -0.8911133, -0.04437494, 0.008437634, 0.07281256,147.3087,5,4,True,True,122
177400,-1.116219,-1.746773,1015.638,-1,-0.3681641, -0.01660156, -0.8876953, 0.04937506, -0.05406237, 0.05718756,147.3087,5,4,True,True,122
177480,-1.83873,-2.561241,1015.668,35.18286,-0.3701172, -0.015625, -0.8881836, 0.01812506, -0.05406237, 0.02593756,147.3087,5,4,True,True,122
177560,-2.76318,-3.68763,1015.709,35.19656,-0.3710938, -0.01708984, -0.887207, -0.02874994, -0.05406237, 0.07281256,147.3087,5,4,True,True,122
177637,-3.372702,-3.982224,1015.719,-1,-0.3696289, -0.015625, -0.887207, 0.04937506, -0.06968737, 0.07281256,147.3087,5,4,True,True,122
177718,-2.403777,-1.434853,1015.626,-1,-0.3706055, -0.015625, -0.8857422, -0.05999994, -0.08531237, 0.1040626,147.3087,5,4,True,True,122
177795,-1.780681,-1.157585,1015.616,-1,-0.3706055, -0.01513672, -0.8867188, 0.06500006, -0.08531237, 0.05718756,147.3087,5,4,True,True,122
177876,-1.763727,-1.746773,1015.638,-1,-0.3710938, -0.01416016, -0.8891602, 0.08062506, -0.1009374, 0.08843756,147.3087,5,4,True,True,122
177957,-1.477986,-1.192245,1015.617,-1,-0.3706055, -0.015625, -0.8896484, -0.01312494, -0.08531237, 0.04156256,147.3087,5,4,True,True,122
178042,-1.049187,-0.620388,1015.596,-1,-0.3701172, -0.01464844, -0.8847656, -0.02874994, -0.1165624, 0.1040626,147.3087,5,4,True,True,122
178234,-1.39798,-1.746773,1015.638,-1,-0.3710938, -0.01660156, -0.8876953, -0.01312494, -0.06968737, 0.04156256,147.3087,5,4,True,True,122
178318,-1.277783,-1.157585,1015.616,-1,-0.371582, -0.01513672, -0.8886719, 0.01812506, -0.03843737, 0.05718756,147.3087,5,4,True,True,122
178453,-1.079054,-0.8803253,1015.606,-1,-0.3701172, -0.01611328, -0.887207, -0.05999994, -0.06968737, 0.04156256,147.3087,5,4,True,True,122
178519,-1.976108,-2.873161,1015.679,35.17829,-0.3696289, -0.015625, -0.8857422, -0.01312494, -0.1634374, 0.02593756,147.3087,5,4,True,True,122
178601,-2.424634,-2.873161,1015.679,-1,-0.3710938, -0.015625, -0.8886719, -0.01312494, -0.08531237, 0.02593756,147.3087,5,4,True,True,122
178668,-2.510268,-2.595901,1015.669,35.17829,-0.3696289, -0.01708984, -0.8881836, 0.002500057, -0.1321874, 0.05718756,147.3087,5,4,True,True,122
178735,-1.98989,-1.469513,1015.627,35.17373,-0.3686523, -0.015625, -0.887207, 0.01812506, -0.06968737, 0.05718756,147.3087,5,4,True,True,122
178800,-2.154262,-2.318634,1015.659,-1,-0.3696289, -0.01611328, -0.8867188, 0.01812506, -0.02281237, 0.05718756,147.3087,5,4,True,True,122
178870,-0.832796,0.4886703,1015.556,35.16003,-0.3706055, -0.01611328, -0.8876953, 0.03375006, -0.1321874, 0.1040626,147.3087,5,4,True,True,122
178941,-2.433503,-4.03421,1015.722,35.15546,-0.3701172, -0.015625, -0.8881836, 0.01812506, -0.1321874, 0.08843756,147.3087,5,4,True,True,122
179010,-2.098805,-1.764107,1015.638,35.16003,-0.3691406, -0.01708984, -0.887207, 0.04937506, -0.1321874, 0.07281256,147.3087,5,4,True,True,122
179082,-1.931456,-1.764107,1015.638,-1,-0.3686523, -0.01074219, -0.8867188, 0.01812506, -0.1165624, 0.1040626,147.3087,5,4,True,True,122
179268,-2.982833,-4.03421,1015.722,-1,-0.3696289, -0.01269531, -0.8857422, -0.01312494, -0.02281237, 0.07281256,147.3087,5,4,True,True,122
179341,-1.53301,-0.0831871,1015.577,35.16459,-0.3706055, -0.015625, -0.8886719, 0.01812506, -0.1165624, 0.08843756,147.3087,5,4,True,True,122
179417,-1.085364,-0.6377182,1015.597,-1,-0.3701172, -0.01513672, -0.890625, -0.04437494, -0.1165624, 0.04156256,147.3087,5,4,True,True,122
179489,-1.424735,-1.764107,1015.638,-1,-0.3701172, -0.01464844, -0.8881836, -0.02874994, -0.08531237, 0.02593756,147.3087,5,4,True,True,122
179564,-0.4680326,0.4886703,1015.556,-1,-0.3706055, -0.01464844, -0.8876953, 0.01812506, 0.008437634, 0.07281256,147.3087,5,4,True,True,122
179642,-2.251121,-4.03421,1015.722,35.16003,-0.3706055, -0.01513672, -0.8867188, -0.01312494, -0.05406237, 0.07281256,147.3087,5,4,True,True,122
179718,-2.007614,-1.764107,1015.638,35.16459,-0.3686523, -0.01660156, -0.8862305, -0.01312494, -0.007187366, 0.05718756,147.3087,5,4,True,True,122
179794,-1.322666,-0.6377182,1015.597,-1,-0.3691406, -0.01464844, -0.8862305, -0.01312494, -0.1009374, 0.07281256,147.3087,5,4,True,True,122
179879,-2.661108,-3.99955,1015.721,-1,-0.3701172, -0.01660156, -0.8881836, -0.01312494, -0.1165624, -0.005312443,147.3087,5,4,True,True,122
179959,-1.363484,-0.06586075,1015.576,35.17829,-0.3691406, -0.01513672, -0.887207, -0.04437494, -0.1165624, 0.01031256,147.3087,5,4,True,True,122
180039,-0.7146726,-0.06586075,1015.576,35.18286,-0.3706055, -0.01611328, -0.8852539, 0.01812506, -0.02281237, 0.1040626,147.3087,5,4,True,True,122
180120,-1.932551,-3.150429,1015.689,35.18286,-0.3696289, -0.01708984, -0.8857422, 0.06500006, -0.08531237, 0.08843756,147.3087,5,4,True,True,122
180311,-2.54149,-3.150429,1015.689,-1,-0.3686523, -0.01416016, -0.8862305, -0.04437494, -0.05406237, 0.02593756,147.3087,5,4,True,True,122
180408,-1.580939,-0.620388,1015.596,-1,-0.3701172, -0.01708984, -0.8862305, 0.002500057, -0.05406237, 0.07281256,147.3087,5,4,True,True,122
180487,-1.083335,-0.5857315,1015.595,-1,-0.3706055, -0.01464844, -0.8886719, -0.02874994, -0.1321874, 0.07281256,147.3087,5,4,True,True,122
180569,-1.813625,-2.543915,1015.667,-1,-0.3706055, -0.01513672, -0.8847656, 0.002500057, 0.02406263, 0.1196876,147.3087,5,4,True,True,122
180652,-2.040136,-2.266647,1015.657,-1,-0.3701172, -0.015625, -0.8847656, -0.05999994, -0.1321874, 0.08843756,147.3087,5,4,True,True,122
180735,-2.153392,-2.266647,1015.657,-1,-0.3701172, -0.01464844, -0.8857422, 0.04937506, -0.1009374, 0.1040626,147.3087,5,4,True,True,122
180819,-2.47862,-2.803848,1015.677,-1,-0.3686523, -0.01708984, -0.8891602, 0.01812506, -0.1634374, 0.04156256,147.3087,5,4,True,True,122
180954,-1.514846,-0.5510712,1015.594,35.20569,-0.3706055, -0.01318359, -0.8862305, 0.01812506, -0.2103124, 0.1040626,147.3087,5,4,True,True,122
181019,-2.159347,-2.803848,1015.677,-1,-0.3740234, -0.01513672, -0.8852539, -0.02874994, -0.2728124, 0.02593756,147.3087,5,4,True,True,122
181085,-1.355209,-0.5510712,1015.594,35.21482,-0.3706055, -0.01464844, -0.8862305, 0.01812506, -0.2103124, 0.05718756,147.3087,5,4,True,True,122
181152,-2.651386,-3.947563,1015.719,-1,-0.3710938, -0.015625, -0.8881836, -0.01312494, -0.1478124, 0.08843756,147.3087,5,4,True,True,122
181217,-2.441687,-2.231987,1015.656,-1,-0.3706055, -0.015625, -0.8852539, 0.06500006, -0.08531237, 0.1196876,147.3087,5,4,True,True,122
181396,-3.177295,-3.912903,1015.718,-1,-0.3676758, -0.01660156, -0.8857422, 0.01812506, -0.02281237, 0.1040626,147.3087,5,4,True,True,122
181466,-1.85552,-0.5337448,1015.593,-1,-0.3701172, -0.01513672, -0.8862305, 0.03375006, -0.1165624, 0.08843756,147.3087,5,4,True,True,122
181536,-1.887793,-1.920067,1015.644,-1,-0.3686523, -0.01660156, -0.8896484, -0.02874994, -0.05406237, 0.07281256,147.3087,5,4,True,True,122
181606,-1.210769,-0.5337448,1015.593,35.24222,-0.3676758, -0.01464844, -0.8891602, -0.02874994, -0.06968737, 0.04156256,147.3087,5,4,True,True,122
181677,-1.565418,-1.920067,1015.644,-1,-0.3706055, -0.01464844, -0.8867188, -0.02874994, -0.1634374, 0.08843756,147.3087,5,4,True,True,122
181744,-1.881376,-2.197334,1015.654,-1,-0.3696289, -0.015625, -0.8847656, 0.04937506, -0.1790624, 0.05718756,147.3087,5,4,True,True,122
181817,-3.313037,-4.744698,1015.747,35.24222,-0.3686523, -0.01708984, -0.8852539, -0.01312494, -0.1478124, 0.02593756,147.3087,5,4,True,True,122
181909,-2.755186,-2.197334,1015.654,-1,-0.3652344, -0.015625, -0.887207, 0.01812506, -0.1165624, 0.07281256,147.3087,5,4,True,True,122
181983,-2.47626,-2.197334,1015.654,35.24222,-0.371582, -0.01025391, -0.890625, 0.002500057, -0.06968737, 0.3071876,147.3087,5,4,True,True,122
182059,-2.336797,-2.197334,1015.654,35.24222,-0.3662109, -0.01611328, -0.8876953, -0.02874994, -0.08531237, 0.1665626,147.3087,5,4,True,True,122
182134,-3.540747,-4.744698,1015.747,-1,-0.3701172, -0.01660156, -0.8886719, 0.01812506, -0.08531237, 0.05718756,147.3087,5,4,True,True,122
182209,-1.881284,-0.2218208,1015.582,35.24678,-0.3793945, -0.01220703, -0.8837891, -0.01312494, -0.1165624, 0.07281256,147.3087,5,4,True,True,122
182400,-2.741133,-3.600983,1015.706,35.24222,-0.3735352, -0.01464844, -0.8891602, -0.01312494, -0.1634374, 0.01031256,147.3087,5,4,True,True,122
182475,-1.342845,0.05544281,1015.571,-1,-0.3676758, -0.01660156, -0.8891602, -0.01312494, -0.06968737, 0.05718756,147.3087,5,4,True,True,122
182551,-1.362856,-1.382866,1015.624,-1,-0.3681641, -0.01513672, -0.8896484, -0.02874994, 0.3365626, 0.07281256,147.3087,5,4,True,True,122
182628,-1.918725,-2.474594,1015.665,-1,-0.3706055, -0.01269531, -0.8857422, 0.002500057, -0.1634374, 0.02593756,147.3087,5,4,True,True,122
182707,-3.461678,-5.004631,1015.758,-1,-0.3686523, -0.01513672, -0.8876953, -0.02874994, -0.2415624, 0.04156256,147.3087,5,4,True,True,122
182787,-4.103188,-4.744698,1015.747,-1,-0.3740234, -0.01513672, -0.8857422, -0.02874994, -0.1321874, 0.05718756,147.3087,5,4,True,True,122
182867,-2.292473,-0.4817581,1015.592,35.25135,-0.3691406, -0.015625, -0.8876953, 0.04937506, -0.1321874, 0.1040626,147.3087,5,4,True,True,122
182949,-2.10627,-1.920067,1015.644,-1,-0.3720703, -0.01513672, -0.8857422, 0.002500057, 0.4303126, 0.1509376,147.3087,5,4,True,True,122
183039,-1.025414,0.05544281,1015.571,-1,-0.3696289, -0.01660156, -0.8886719, -0.01312494, -0.1321874, 0.04156256,147.3087,5,4,True,True,122
183118,-0.3463535,0.3327065,1015.561,-1,-0.3701172, -0.01513672, -0.887207, -0.04437494, -0.2259374, 0.1040626,147.3087,5,4,True,True,122
183223,-1.549108,-2.751862,1015.675,35.24222,-0.3720703, -0.01611328, -0.8842773, -0.01312494, -0.1634374, 0.07281256,147.3087,5,4,True,True,122
183308,-3.146903,-4.744698,1015.747,35.24222,-0.3686523, -0.01660156, -0.887207, 0.04937506, -0.2728124, 0.07281256,147.3087,5,4,True,True,122
183505,-2.403518,-1.660133,1015.635,-1,-0.3769531, -0.01513672, -0.8847656, 0.04937506, -0.3040624, 0.04156256,147.3087,5,4,True,True,122
183640,-0.9054371,0.5926437,1015.552,-1,-0.3740234, -0.01611328, -0.8886719, 0.002500057, -0.3040624, 0.1196876,147.3087,5,4,True,True,122
183705,-0.4249971,0.05544281,1015.571,-1,-0.3701172, -0.01416016, -0.8881836, 0.03375006, -0.02281237, 0.05718756,147.3087,5,4,True,True,122
183773,-1.042565,-1.660133,1015.635,-1,-0.3681641, -0.01416016, -0.887207, -0.04437494, 0.2115626, 0.1196876,147.3087,5,4,True,True,122
183838,-1.351349,-1.660133,1015.635,-1,-0.3710938, -0.01464844, -0.8891602, -0.04437494, -0.03843737, -0.03656244,147.3087,5,4,True,True,122
183908,-2.77076,-4.19017,1015.727,-1,-0.3671875, -0.01513672, -0.8867188, 0.01812506, -0.06968737, 0.1040626,147.3087,5,4,True,True,122
183975,-0.8031293,1.164501,1015.531,35.22395,-0.3745117, -0.01464844, -0.8857422, 0.01812506, -0.7259374, 0.1509376,147.3087,5,4,True,True,122
184044,-2.063422,-3.323715,1015.696,-1,-0.3623047, -0.01904297, -0.8891602, 0.03375006, -0.5696874, 0.02593756,147.3087,5,4,True,True,122
184113,-2.988163,-3.912903,1015.718,-1,-0.3535156, -0.01074219, -0.894043, 0.01812506, 0.1178126, -0.1928124,147.3087,5,4,True,True,122
184184,-3.311903,-3.635643,1015.707,-1,-0.3662109, -0.01855469, -0.8925781, -0.1224999, 3.008438, -0.1459374,147.3087,5,4,True,True,122
184257,-2.070121,-0.8283386,1015.604,35.21939,-0.3642578, -0.015625, -0.8901367, -0.05999994, 0.7428126, -0.005312443,147.3087,5,4,True,True,122
184327,-1.58786,-1.105598,1015.614,-1,-0.3735352, -0.01513672, -0.8896484, -0.02874994, -0.2571874, 0.08843756,147.3087,5,4,True,True,122
184512,-1.208099,-0.8283386,1015.604,35.22395,-0.3754883, -0.01708984, -0.887207, 0.06500006, -0.5540624, 0.1353126,147.3087,5,4,True,True,122
184586,-2.153271,-3.098442,1015.687,-1,-0.3686523, -0.01708984, -0.8881836, -0.02874994, -0.2415624, 0.08843756,147.3087,5,4,True,True,122
184659,-1.629435,-1.105598,1015.614,-1,-0.4023438, 0.002929688, -0.875, -0.01312494, 0.2115626, -0.2240624,147.3087,5,4,True,True,122
184734,-1.367517,-1.105598,1015.614,35.22852,-0.3618164, -0.02392578, -0.8774414, 0.2993751, 1.867813, 1.135313,147.3087,5,4,True,True,122
184810,-2.077015,-2.786514,1015.676,35.22852,-0.3681641, -0.02832031, -0.8876953, 0.002500057, 1.149063, 0.05718756,147.3087,5,4,True,True,122
184886,-2.856329,-3.635643,1015.707,-1,-0.378418, -0.01074219, -0.8803711, -0.1068749, 0.7115626, -0.06781244,147.3087,5,4,True,True,122
184962,-4.086444,-5.316559,1015.769,-1,-0.3720703, -0.01660156, -0.8891602, -0.09124994, 0.6490626, 0.04156256,147.3087,5,4,True,True,122
185040,-3.141889,-2.197334,1015.654,-1,-0.3701172, -0.01513672, -0.8886719, -0.01312494, 0.1178126, 0.1040626,147.3087,5,4,True,True,122
185138,-3.232802,-3.323715,1015.696,-1,-0.3779297, -0.015625, -0.8852539, 0.04937506, -0.6634374, 0.07281256,147.3087,5,4,True,True,122
185217,-2.992332,-2.751862,1015.675,-1,-0.3725586, -0.01464844, -0.887207, 0.002500057, 0.1490626, 0.04156256,147.3087,5,4,True,True,122
185296,-2.031639,-1.070946,1015.613,35.25135,-0.3730469, -0.01464844, -0.8857422, -0.05999994, -0.1165624, 0.05718756,147.3087,5,4,True,True,122
185377,-0.5548724,0.9218941,1015.54,35.24678,-0.3701172, -0.01367188, -0.8867188, -0.01312494, -0.2728124, 0.04156256,147.3087,5,4,True,True,122
185568,-0.6569452,-0.7590179,1015.602,-1,-0.3681641, -0.01708984, -0.8857422, 0.002500057, 0.1959376, 0.07281256,147.3087,5,4,True,True,122
185648,-2.120301,-3.583656,1015.705,-1,-0.3720703, -0.01660156, -0.8862305, -0.01312494, -0.08531237, 0.05718756,147.3087,5,4,True,True,122
185730,-1.578293,-1.036285,1015.612,-1,-0.3696289, -0.01513672, -0.8857422, -0.04437494, 0.08656263, 0.08843756,147.3087,5,4,True,True,122
185813,-1.879147,-2.18,1015.653,-1,-0.3686523, -0.01660156, -0.887207, 0.03375006, -0.1634374, 0.1040626,147.3087,5,4,True,True,122
185896,-2.731401,-3.583656,1015.705,-1,-0.3735352, -0.01611328, -0.8847656, -0.02874994, -0.7884374, 0.05718756,147.3087,5,4,True,True,122
185981,-3.443456,-4.15551,1015.726,-1,-0.3710938, -0.01513672, -0.8847656, -0.05999994, -0.1478124, 0.05718756,147.3087,5,4,True,True,122
186119,-3.374922,-3.306389,1015.695,35.26048,-0.3720703, -0.01660156, -0.8852539, -0.05999994, 0.02406263, 0.05718756,147.3087,5,4,True,True,122
186186,-3.046062,-2.717201,1015.674,-1,-0.3725586, -0.01464844, -0.8842773, 0.03375006, -0.4759374, 0.02593756,147.3087,5,4,True,True,122
186252,-3.314859,-3.583656,1015.705,-1,-0.3671875, -0.01464844, -0.887207, 0.03375006, 0.05531263, -0.005312443,147.3087,5,4,True,True,122
186326,-2.175572,-1.036285,1015.612,-1,-0.371582, -0.015625, -0.8852539, 0.01812506, -0.3821874, 0.1040626,147.3087,5,4,True,True,122
186393,-0.4795422,1.216488,1015.529,-1,-0.3696289, -0.01660156, -0.8876953, -0.01312494, 0.008437634, 0.05718756,147.3087,5,4,True,True,122
186461,-2.161566,-3.84359,1015.715,35.26962,-0.3706055, -0.01660156, -0.8862305, 0.002500057, -0.2415624, 0.05718756,147.3087,5,4,True,True,122
186662,-2.456714,-2.751862,1015.675,-1,-0.3735352, -0.01660156, -0.8862305, 0.04937506, -0.1790624, 0.05718756,147.3087,5,4,True,True,122
186728,-2.742918,-3.029121,1015.685,-1,-0.3735352, -0.01611328, -0.8862305, -0.02874994, 0.7115626, 0.1353126,147.3087,5,4,True,True,122
186797,-2.74739,-2.751862,1015.675,-1,-0.3710938, -0.01660156, -0.8857422, -0.05999994, 0.4303126, 0.02593756,147.3087,5,4,True,True,122
186867,-2.749626,-2.751862,1015.675,35.25592,-0.371582, -0.01464844, -0.8847656, -0.01312494, -0.3196874, 0.05718756,147.3087,5,4,True,True,122
186935,-2.750744,-2.751862,1015.675,-1,-0.3701172, -0.01416016, -0.8881836, 0.01812506, 0.008437634, 0.05718756,147.3087,5,4,True,True,122
187009,-2.751303,-2.751862,1015.675,-1,-0.371582, -0.01611328, -0.8857422, 0.01812506, 0.02406263, 0.04156256,147.3087,5,4,True,True,122
187080,-1.61653,-0.4817581,1015.592,-1,-0.3710938, -0.01513672, -0.8862305, 0.04937506, -0.02281237, 0.1040626,147.3087,5,4,True,True,122
187151,-2.322826,-3.029121,1015.685,-1,-0.3564453, -0.02050781, -0.8833008, -0.1224999, -2.616562, -0.6459374,147.3087,5,4,True,True,122
187225,-3.100538,-3.87825,1015.716,-1,-0.4165039, -0.001953125, -0.8813477, -0.7631249, -15.86656, -3.458437,147.3087,5,4,True,True,122
187299,-2.90887,-2.717201,1015.674,-1,-0.3398438, -0.005859375, -0.8505859, -7.71625, 0.3053126, -18.34906,147.3087,5,4,True,True,122
187371,-2.968996,-3.029121,1015.685,-1,-0.3779297, -0.08007813, -0.7890625, 0.9556251, 22.22719, 7.244688,147.3087,5,4,True,True,122
187450,-2.279904,-1.590813,1015.632,35.26048,-0.2915039, -0.05273438, -0.9321289, -0.2943749, 6.977188, -2.130312,147.3087,5,4,True,True,122
187636,-2.073992,-1.86808,1015.642,-1,-0.3671875, -0.01611328, -0.8901367, 0.002500057, -2.147812, 0.04156256,147.3087,5,4,True,True,122
187715,-2.690191,-3.306389,1015.695,35.26962,-0.362793, -0.01904297, -0.890625, 0.01812506, -0.5853124, 0.1040626,147.3087,5,4,True,True,122
187793,-3.26689,-3.84359,1015.715,-1,-0.3583984, -0.01611328, -0.8911133, -0.02874994, -0.2571874, 0.02593756,147.3087,5,4,True,True,122
187872,-3.702537,-4.138184,1015.725,-1,-0.3579102, -0.01464844, -0.8916016, -0.02874994, 0.4303126, 0.1353126,147.3087,5,4,True,True,122
187952,-1.381656,0.9392242,1015.539,-1,-0.359375, -0.01513672, -0.8911133, 0.01812506, -0.2728124, 0.1353126,147.3087,5,4,True,True,122
188053,-1.208971,-1.036285,1015.612,35.25592,-0.3603516, -0.01513672, -0.8901367, -0.07562494, 1.211563, 0.05718756,147.3087,5,4,True,True,122
188133,-1.261262,-1.313553,1015.622,35.26962,-0.3613281, -0.01513672, -0.8916016, -0.01312494, -0.2728124, 0.07281256,147.3087,5,4,True,True,122
188215,-1.426037,-1.590813,1015.632,-1,-0.3569336, -0.01757813, -0.8911133, -0.01312494, -1.772812, -0.06781244,147.3087,5,4,True,True,122
188300,-1.508425,-1.590813,1015.632,-1,-0.3666992, -0.01123047, -0.8862305, -0.1849999, 1.586563, -0.08343744,147.3087,5,4,True,True,122
188384,-2.546041,-3.583656,1015.705,35.26962,-0.3540039, -0.01611328, -0.8911133, -0.02874994, 0.03968763, -0.03656244,147.3087,5,4,True,True,122
188469,-2.068427,-1.590813,1015.632,-1,-0.3579102, -0.01611328, -0.8901367, 0.08062506, -0.2415624, 0.07281256,147.3087,5,4,True,True,122
188605,-3.103305,-4.138184,1015.725,35.27418,-0.3671875, -0.01660156, -0.8886719, -0.02874994, -0.5853124, 0.1978126,147.3087,5,4,True,True,122
188781,-3.750711,-4.398117,1015.735,-1,-0.3549805, -0.01464844, -0.8901367, -0.1224999, 0.2271876, 0.1040626,147.3087,5,4,True,True,122
188846,-2.948026,-2.14534,1015.652,-1,-0.3583984, -0.01660156, -0.8925781, -0.01312494, 0.2740626, 0.1353126,147.3087,5,4,True,True,122
188911,-2.546683,-2.14534,1015.652,-1,-0.355957, -0.01611328, -0.8916016, -0.02874994, 0.2740626, 0.1040626,147.3087,5,4,True,True,122
188977,-2.207381,-1.86808,1015.642,35.28788,-0.3505859, -0.02001953, -0.8911133, -0.05999994, -0.1478124, 0.02593756,147.3087,5,4,True,True,122
189043,-3.580013,-4.952644,1015.756,-1,-0.3500977, -0.02294922, -0.8916016, 0.08062506, -0.2259374, 0.1353126,147.3087,5,4,True,True,122
189113,-2.160852,-0.7416916,1015.601,35.26962,-0.3452148, -0.01708984, -0.8964844, 0.002500057, -0.3665624, -0.06781244,147.3087,5,4,True,True,122
189180,-2.439027,-2.717201,1015.674,-1,-0.3920898, -0.01416016, -0.8769531, 0.1275001, 0.3209376, 0.3696876,147.3087,5,4,True,True,122
189249,-2.01492,-1.590813,1015.632,-1,-0.4018555, -0.005371094, -0.8886719, 0.03375006, -6.585312, -0.3178124,147.3087,5,4,True,True,122
189323,-2.781958,-3.548996,1015.704,35.27875,-0.340332, -0.02050781, -0.8945313, 0.002500057, -0.02281237, -0.1928124,147.3087,5,4,True,True,122
189422,-3.590037,-4.398117,1015.735,35.28331,-0.347168, -0.02148438, -0.8945313, 0.04937506, 0.7428126, -0.02093744,147.3087,5,4,True,True,122
189494,-4.132711,-4.675385,1015.745,-1,-0.3623047, -0.01464844, -0.8881836, 0.03375006, -0.7571874, 0.04156256,147.3087,5,4,True,True,122
189565,-3.277659,-2.422607,1015.662,-1,-0.3540039, -0.01757813, -0.8920898, 0.01812506, -0.3353124, 0.08843756,147.3087,5,4,True,True,122
189751,-3.551961,-3.826263,1015.714,-1,-0.3608398, -0.01660156, -0.8891602, -0.02874994, 1.086563, 0.04156256,147.3087,5,4,True,True,122
189825,-3.125918,-2.699875,1015.673,-1,-0.3583984, -0.01708984, -0.890625, 0.03375006, -0.1790624, 0.08843756,147.3087,5,4,True,True,122
189899,-1.777845,-0.4297714,1015.59,35.28331,-0.3579102, -0.01708984, -0.8891602, 0.002500057, -0.1321874, 0.07281256,147.3087,5,4,True,True,122
189976,-2.23886,-2.699875,1015.673,-1,-0.3588867, -0.015625, -0.8911133, 0.002500057, -0.1946874, 0.05718756,147.3087,5,4,True,True,122
190052,-2.469368,-2.699875,1015.673,-1,-0.3710938, -0.01318359, -0.8876953, -0.05999994, -1.069687, -0.03656244,147.3087,5,4,True,True,122
190128,-2.584621,-2.699875,1015.673,-1,-0.3549805, -0.01708984, -0.8930664, -0.01312494, 0.05531263, 0.1040626,147.3087,5,4,True,True,122
190207,-3.188112,-3.791603,1015.713,-1,-0.359375, -0.015625, -0.8901367, -0.01312494, -0.2728124, 0.05718756,147.3087,5,4,True,True,122
190284,-3.628488,-4.068863,1015.723,-1,-0.3598633, -0.015625, -0.8896484, -0.02874994, -0.06968737, 0.08843756,147.3087,5,4,True,True,122
190363,-3.987309,-4.34613,1015.733,-1,-0.359375, -0.01757813, -0.8930664, 0.01812506, -0.03843737, 0.07281256,147.3087,5,4,True,True,122
190445,-3.040331,-2.093353,1015.65,-1,-0.3549805, -0.01708984, -0.894043, 0.002500057, -0.02281237, 0.1040626,147.3087,5,4,True,True,122
190525,-2.012315,-0.9842987,1015.61,-1,-0.3554688, -0.01513672, -0.8886719, 0.03375006, 0.1021876, 0.1196876,147.3087,5,4,True,True,122
190603,-2.338765,-2.665215,1015.671,-1,-0.3598633, -0.01660156, -0.8896484, -0.02874994, -0.3353124, 0.04156256,147.3087,5,4,True,True,122
190796,-4.061602,-5.784439,1015.786,-1,-0.3579102, -0.01660156, -0.8891602, -0.02874994, -0.3040624, 0.01031256,147.3087,5,4,True,True,122
190875,-5.208951,-6.3563,1015.807,-1,-0.3554688, -0.01806641, -0.894043, -0.02874994, 0.2584376, 0.05718756,147.3087,5,4,True,True,122
190955,-3.954413,-2.699875,1015.673,-1,-0.3579102, -0.01757813, -0.8911133, -0.09124994, -0.3196874, -0.02093744,147.3087,5,4,True,True,122
191041,-3.18851,-2.422607,1015.662,-1,-0.3442383, -0.01611328, -0.9213867, -0.2474999, -1.944687, -0.1615624,147.3087,5,4,True,True,122
191145,-3.663347,-4.138184,1015.725,-1,-0.371582, -0.01074219, -0.8833008, -0.01312494, -0.6634374, 0.1196876,147.3087,5,4,True,True,122
191281,-4.325326,-4.987305,1015.757,-1,-0.3740234, -0.0234375, -0.8876953, 0.2056251, 7.649063, 0.7915626,147.3087,5,4,True,True,122
191346,-3.252663,-2.18,1015.653,-1,-0.3413086, -0.01806641, -0.8945313, 0.04937506, 2.602188, -0.5209374,147.3087,5,4,True,True,122
191411,-3.704087,-4.15551,1015.726,35.25592,-0.3623047, -0.01513672, -0.890625, -0.05999994, 0.7896876, 0.07281256,147.3087,5,4,True,True,122
191478,-2.092922,-0.4817581,1015.592,-1,-0.3613281, -0.01416016, -0.8916016, 0.03375006, -0.1321874, 0.1040626,147.3087,5,4,True,True,122
191544,-1.28734,-0.4817581,1015.592,-1,-0.3623047, -0.01708984, -0.8955078, -0.01312494, 0.2896876, 0.04156256,147.3087,5,4,True,True,122
191613,-0.6159487,0.05544281,1015.571,35.23309,-0.3598633, -0.02148438, -0.9003906, -0.07562494, -1.616562, -0.1928124,147.3087,5,4,True,True,122
191682,-1.969832,-3.323715,1015.696,35.23765,-0.3432617, -0.01806641, -0.9008789, 0.4400001, 0.9303126, 0.1353126,147.3087,5,4,True,True,122
191866,-3.357265,-4.744698,1015.747,-1,-0.3481445, -0.03125, -0.8808594, -1.200625, -5.616562, 0.08843756,147.3087,5,4,True,True,122
191938,-2.214105,-1.070946,1015.613,35.24222,-0.4106445, -0.02539063, -0.769043, -2.9975, -4.366562, -1.958437,147.3087,5,4,True,True,122
192009,-2.638943,-3.063782,1015.686,-1,-0.4018555, -0.04492188, -0.8398438, -1.06, 15.46156, 1.729063,147.3087,5,4,True,True,122
192079,-1.153118,0.3327065,1015.561,-1,-0.2939453, -0.02246094, -0.9145508, 2.47125, 18.08656, -1.036562,147.3087,5,4,True,True,122
192151,-2.948908,-4.744698,1015.747,-1,-0.3647461, -0.02197266, -0.8974609, -0.1849999, -3.038437, 0.5884376,147.3087,5,4,True,True,122
192225,-3.292275,-3.635643,1015.707,35.24222,-0.3500977, -0.01953125, -0.8994141, 0.1118751, -0.1634374, 0.1665626,147.3087,5,4,True,True,122
192297,-3.307995,-3.323715,1015.696,-1,-0.3481445, -0.01416016, -0.8959961, 0.04937506, -0.3040624, 0.07281256,147.3087,5,4,True,True,122
192390,-2.752665,-2.197334,1015.654,35.24678,-0.3481445, -0.01660156, -0.8950195, 0.01812506, -0.03843737, 0.02593756,147.3087,5,4,True,True,122
192466,-2.474999,-2.197334,1015.654,-1,-0.3452148, -0.015625, -0.8974609, 0.03375006, 0.05531263, 0.1665626,147.3087,5,4,True,True,122
192542,-2.336167,-2.197334,1015.654,-1,-0.3457031, -0.01464844, -0.8984375, 0.002500057, 0.4146876, 0.08843756,147.3087,5,4,True,True,122
192627,-2.266751,-2.197334,1015.654,-1,-0.3491211, -0.01660156, -0.894043, 0.06500006, -0.1321874, 0.1040626,147.3087,5,4,True,True,122
192703,-3.089827,-3.912903,1015.718,-1,-0.3452148, -0.015625, -0.8984375, 0.002500057, 0.008437634, 0.04156256,147.3087,5,4,True,True,122
192893,-2.64358,-2.197334,1015.654,35.24678,-0.3442383, -0.01660156, -0.8979492, 0.04937506, 0.2271876, 0.07281256,147.3087,5,4,True,True,122
192970,-3.694139,-4.744698,1015.747,-1,-0.3476563, -0.01660156, -0.8969727, 0.002500057, 0.02406263, 0.07281256,147.3087,5,4,True,True,122
193049,-3.803521,-3.912903,1015.718,-1,-0.3481445, -0.01513672, -0.8979492, 0.002500057, -0.02281237, 0.1353126,147.3087,5,4,True,True,122
193129,-3.840886,-3.87825,1015.716,-1,-0.3476563, -0.01611328, -0.8964844, -0.02874994, 0.08656263, 0.07281256,147.3087,5,4,True,True,122
193211,-3.296374,-2.751862,1015.675,-1,-0.3461914, -0.01611328, -0.8969727, -0.01312494, -0.05406237, 0.07281256,147.3087,5,4,True,True,122
193294,-2.166329,-1.036285,1015.612,35.25135,-0.3461914, -0.01660156, -0.8945313, -0.01312494, -0.1165624, 0.1040626,147.3087,5,4,True,True,122
193375,-2.736359,-3.306389,1015.695,-1,-0.347168, -0.015625, -0.8945313, -0.04437494, -0.02281237, 0.05718756,147.3087,5,4,True,True,122
193456,-3.445935,-4.15551,1015.726,35.25592,-0.3457031, -0.01513672, -0.8979492, 0.01812506, -0.1165624, 0.07281256,147.3087,5,4,True,True,122
193562,-2.379744,-1.313553,1015.622,35.26962,-0.3466797, -0.01513672, -0.8974609, -0.02874994, 0.02406263, 0.1040626,147.3087,5,4,True,True,122
193646,-2.123912,-1.86808,1015.642,-1,-0.3461914, -0.01367188, -0.8959961, -0.01312494, -0.02281237, 0.05718756,147.3087,5,4,True,True,122
193783,-2.134626,-2.14534,1015.652,-1,-0.3461914, -0.01513672, -0.8979492, 0.002500057, -0.1165624, 0.04156256,147.3087,5,4,True,True,122
193848,-2.139983,-2.14534,1015.652,-1,-0.3461914, -0.01611328, -0.8955078, 0.01812506, -0.08531237, 0.07281256,147.3087,5,4,True,True,122
194025,-3.26905,-4.398117,1015.735,-1,-0.2983398, -0.03710938, -0.9111328, 0.1275001, 0.4146876, 0.4165626,147.3087,5,4,True,True,122
194094,-3.270389,-3.271729,1015.694,35.27418,-0.3442383, -0.01171875, -0.9042969, -0.01312494, -0.3353124, 0.1353126,147.3087,5,4,True,True,122
194163,-2.846498,-2.422607,1015.662,35.28331,-0.3481445, -0.01464844, -0.8969727, 0.002500057, -0.1790624, 0.08843756,147.3087,5,4,True,True,122
194229,-2.495919,-2.14534,1015.652,-1,-0.3457031, -0.015625, -0.8959961, 0.04937506, -0.06968737, 0.07281256,147.3087,5,4,True,True,122
194299,-2.459263,-2.422607,1015.662,35.27875,-0.3461914, -0.01513672, -0.8959961, -0.04437494, -0.06968737, 0.07281256,147.3087,5,4,True,True,122
194366,-2.579569,-2.699875,1015.673,-1,-0.3481445, -0.01464844, -0.8959961, -0.04437494, 0.02406263, 0.02593756,147.3087,5,4,True,True,122
194436,-2.639722,-2.699875,1015.673,-1,-0.3442383, -0.01367188, -0.8959961, -0.01312494, -0.03843737, 0.02593756,147.3087,5,4,True,True,122
194507,-1.534747,-0.4297714,1015.59,-1,-0.3442383, -0.01464844, -0.8974609, -0.01312494, -0.007187366, 0.08843756,147.3087,5,4,True,True,122
194578,-3.382329,-5.229912,1015.766,-1,-0.3447266, -0.01367188, -0.8979492, 0.002500057, -0.1165624, 0.1040626,147.3087,5,4,True,True,122
194650,-3.179732,-2.977135,1015.683,35.30614,-0.347168, -0.01611328, -0.8945313, -0.02874994, 0.4146876, 0.07281256,147.3087,5,4,True,True,122
194723,-3.078433,-2.977135,1015.683,-1,-0.3417969, -0.01513672, -0.8950195, -0.04437494, 0.1490626, 0.07281256,147.3087,5,4,True,True,122
194794,-3.573648,-4.068863,1015.723,-1,-0.3486328, -0.01660156, -0.8969727, -0.05999994, 0.02406263, 0.05718756,147.3087,5,4,True,True,122
194979,-2.278973,-0.9842987,1015.61,-1,-0.3603516, -0.001464844, -0.8925781, -0.01312494, -1.054062, -0.8803124,147.3087,5,4,True,True,122
195053,-2.33346,-2.387947,1015.662,35.30614,-0.3305664, -0.03173828, -0.8945313, -0.07562494, 0.2896876, 0.4478126,147.3087,5,4,True,True,122
195143,-1.797513,-1.261566,1015.62,35.31071,-0.3193359, -0.02880859, -0.8984375, -0.01312494, -0.007187366, 0.5259376,147.3087,5,4,True,True,122
195220,-0.2645193,1.268475,1015.527,-1,-0.3452148, -0.02490234, -0.8901367, 0.01812506, 0.02406263, 0.2446876,147.3087,5,4,True,True,122
195296,-1.326233,-2.387947,1015.662,-1,-0.3452148, -0.01855469, -0.8974609, -0.04437494, 0.02406263, 0.08843756,147.3087,5,4,True,True,122
195374,-2.290318,-3.254402,1015.693,35.30158,-0.3461914, -0.01269531, -0.8969727, -0.02874994, -0.08531237, 0.05718756,147.3087,5,4,True,True,122
195454,-1.775942,-1.261566,1015.62,35.29701,-0.3447266, -0.01708984, -0.8984375, 0.03375006, -0.03843737, 0.1353126,147.3087,5,4,True,True,122
195534,-3.918824,-6.061707,1015.796,35.30158,-0.3432617, -0.01464844, -0.8959961, -0.09124994, -0.02281237, 0.05718756,147.3087,5,4,True,True,122
195615,-2.312928,-0.7070313,1015.6,-1,-0.3447266, -0.01367188, -0.8950195, 0.002500057, -0.05406237, 0.04156256,147.3087,5,4,True,True,122
195695,-1.224053,-0.1351776,1015.578,35.30614,-0.3442383, -0.01611328, -0.8994141, 0.002500057, -0.06968737, 0.07281256,147.3087,5,4,True,True,122
195786,-2.377861,-3.53167,1015.703,35.30614,-0.3442383, -0.01611328, -0.8955078, 0.01812506, -0.06968737, 0.02593756,147.3087,5,4,True,True,122
195869,-2.954765,-3.53167,1015.703,-1,-0.3447266, -0.01611328, -0.8979492, -0.01312494, -0.02281237, 0.07281256,147.3087,5,4,True,True,122
196063,-2.246796,-1.538826,1015.63,-1,-0.3452148, -0.01318359, -0.8955078, 0.01812506, -0.06968737, 0.07281256,147.3087,5,4,True,True,122
196148,-2.438675,-2.630554,1015.67,35.31528,-0.3442383, -0.01660156, -0.8959961, -0.04437494, -0.1009374, 0.02593756,147.3087,5,4,True,True,122
196233,-0.2905064,1.857662,1015.505,35.31528,-0.34375, -0.01367188, -0.8984375, 0.01812506, -0.06968737, 0.02593756,147.3087,5,4,True,True,122
196369,-0.9146662,-1.538826,1015.63,35.32441,-0.3413086, -0.01464844, -0.8984375, 0.01812506, 0.1646876, 0.05718756,147.3087,5,4,True,True,122
196434,-0.5075917,-0.1005173,1015.577,35.32441,-0.3613281, 0.003417969, -0.8989258, -0.04437494, -0.8040624, -0.3178124,147.3087,5,4,True,True,122
196519,-1.430443,-2.353294,1015.66,35.32897,-0.3447266, -0.015625, -0.8959961, -0.04437494, 0.008437634, 0.02593756,147.3087,5,4,True,True,122
196584,-3.590111,-5.749779,1015.785,-1,-0.3540039, 0.0078125, -0.8999023, -0.02874994, 0.6803126, -0.08343744,147.3087,5,4,True,True,122
196651,-3.110332,-2.630554,1015.67,-1,-0.3583984, -0.0009765625, -0.894043, -0.02874994, -0.5384374, -0.1459374,147.3087,5,4,True,True,122
196720,-2.584517,-2.058701,1015.649,35.31984,-0.3554688, -0.01464844, -0.8911133, 0.01812506, -0.5071874, -0.08343744,147.3087,5,4,True,True,122
196790,-2.321609,-2.058701,1015.649,35.33354,-0.3442383, -0.007324219, -0.8999023, -0.02874994, -0.6478124, -0.3646874,147.3087,5,4,True,True,122
196857,-3.186573,-4.051537,1015.722,-1,-0.340332, -0.02050781, -0.8994141, 0.01812506, 0.008437634, -0.09906244,147.3087,5,4,True,True,122
196927,-2.761266,-2.33596,1015.659,-1,-0.3452148, -0.01757813, -0.8950195, -0.01312494, -0.1634374, 0.2134376,147.3087,5,4,True,True,122
197109,-3.389071,-4.016876,1015.721,-1,-0.3466797, -0.02050781, -0.8945313, -0.01312494, -0.3040624, 0.1040626,147.3087,5,4,True,True,122
197180,-2.160692,-0.932312,1015.608,-1,-0.3657227, -0.008789063, -0.8959961, 0.04937506, -0.8978124, -0.5209374,147.3087,5,4,True,True,122
197249,-3.106114,-4.051537,1015.722,-1,-0.359375, -0.04248047, -0.8959961, 0.5806251, 0.8365626, 1.119688,147.3087,5,4,True,True,122
197323,-3.145602,-3.185089,1015.691,-1,-0.3510742, -0.02441406, -0.8959961, 0.002500057, 0.008437634, 0.4165626,147.3087,5,4,True,True,122
197398,-3.165345,-3.185089,1015.691,35.33354,-0.3457031, -0.02734375, -0.8901367, 0.03375006, -0.3353124, 0.07281256,147.3087,5,4,True,True,122
197471,-3.591111,-4.016876,1015.721,-1,-0.340332, -0.02392578, -0.8935547, -0.1381249, -0.4446874, -0.3021874,147.3087,5,4,True,True,122
197546,-3.52673,-3.462349,1015.701,-1,-0.3452148, -0.01660156, -0.8959961, -0.04437494, 0.1959376, 0.07281256,147.3087,5,4,True,True,122
197644,-2.229521,-0.932312,1015.608,35.34267,-0.3457031, -0.01660156, -0.8950195, -0.02874994, -0.3665624, 0.07281256,147.3087,5,4,True,True,122
197720,-2.984569,-3.739616,1015.711,-1,-0.3432617, -0.02246094, -0.8955078, -0.1224999, -0.5228124, -0.1615624,147.3087,5,4,True,True,122
197796,-2.244371,-1.504173,1015.629,-1,-0.3496094, -0.01464844, -0.8935547, 0.1743751, 0.5865626, 0.4946876,147.3087,5,4,True,True,122
197875,-3.295251,-4.34613,1015.733,-1,-0.347168, -0.01269531, -0.8955078, -0.05999994, -0.3665624, 0.2446876,147.3087,5,4,True,True,122
197953,-3.274827,-3.254402,1015.693,-1,-0.3427734, -0.01464844, -0.8964844, -0.01312494, 0.1178126, 0.1353126,147.3087,5,4,True,True,122
198144,-3.975105,-4.675385,1015.745,-1,-0.347168, -0.0078125, -0.8984375, -0.07562494, -0.2728124, 0.05718756,147.3087,5,4,True,True,122
198222,-2.782959,-1.590813,1015.632,-1,-0.3413086, -0.01708984, -0.8994141, -0.09124994, 0.2740626, 0.07281256,147.3087,5,4,True,True,122
198302,-2.186886,-1.590813,1015.632,-1,-0.3447266, -0.01171875, -0.8964844, 0.002500057, 0.1646876, 0.1665626,147.3087,5,4,True,True,122
198383,-2.746637,-3.306389,1015.695,-1,-0.3496094, -0.015625, -0.8945313, 0.04937506, -0.3821874, 0.01031256,147.3087,5,4,True,True,122
198465,-1.042338,0.6619606,1015.549,-1,-0.34375, -0.01123047, -0.8964844, -0.02874994, -0.1946874, -0.2396874,147.3087,5,4,True,True,122
198546,-3.014822,-4.987305,1015.757,-1,-0.3486328, -0.006347656, -0.8955078, -0.04437494, -0.2571874, 0.05718756,147.3087,5,4,True,True,122
198629,-1.445031,0.1247597,1015.569,35.27875,-0.347168, -0.02148438, -0.8950195, 0.04937506, -0.3665624, -0.1615624,147.3087,5,4,True,True,122
198735,-1.517922,-1.590813,1015.632,35.27875,-0.3466797, -0.009277344, -0.8979492, 0.09625006, -0.4134374, 0.02593756,147.3087,5,4,True,True,122
198816,-1.831631,-2.14534,1015.652,-1,-0.3432617, -0.02587891, -0.8857422, -0.07562494, -0.4290624, 0.6196876,147.3087,5,4,True,True,122
198952,-2.265753,-2.699875,1015.673,-1,-0.3364258, -0.02294922, -0.8989258, 0.002500057, 0.5865626, 0.3071876,147.3087,5,4,True,True,122
199027,-2.482814,-2.699875,1015.673,-1,-0.3378906, -0.01904297, -0.8964844, -0.05999994, -0.2415624, -0.1615624,147.3087,5,4,True,True,122
199091,-1.594923,-0.7070313,1015.6,35.29245,-0.340332, -0.009765625, -0.9013672, -0.1224999, -0.2728124, -0.4584374,147.3087,5,4,True,True,122
199268,-1.991435,-2.387947,1015.662,35.30614,-0.3457031, -0.01708984, -0.8950195, 0.002500057, 0.2740626, 0.3384376,147.3087,5,4,True,True,122
199333,-3.168783,-4.34613,1015.733,-1,-0.3452148, -0.02099609, -0.8964844, 0.08062506, 0.1178126, 0.2134376,147.3087,5,4,True,True,122
199403,-4.892509,-6.616234,1015.816,35.30614,-0.3442383, -0.02148438, -0.894043, -0.02874994, -0.08531237, 0.1353126,147.3087,5,4,True,True,122
199470,-4.480686,-4.068863,1015.723,-1,-0.3452148, -0.01123047, -0.8930664, 0.04937506, 0.1178126, 0.1665626,147.3087,5,4,True,True,122
199539,-2.15197,0.1767464,1015.567,-1,-0.3398438, -0.02001953, -0.9033203, 0.1118751, 0.5865626, 0.3853126,147.3087,5,4,True,True,122
199609,-2.391262,-2.630554,1015.67,-1,-0.347168, -0.01904297, -0.8964844, -0.04437494, -0.6946874, -0.2396874,147.3087,5,4,True,True,122
199680,-2.944136,-3.497009,1015.702,35.32441,-0.3461914, -0.02001953, -0.8916016, -0.04437494, -1.022812, -0.05218744,147.3087,5,4,True,True,122
199750,-3.783767,-4.623398,1015.743,-1,-0.3413086, -0.0234375, -0.8969727, 0.01812506, -0.1478124, 0.1665626,147.3087,5,4,True,True,122
199822,-3.20716,-2.630554,1015.67,-1,-0.34375, -0.01318359, -0.8989258, -0.01312494, -0.08531237, -0.005312443,147.3087,5,4,True,True,122
199896,-2.918857,-2.630554,1015.67,-1,-0.3510742, -0.01855469, -0.8896484, 0.03375006, -0.4759374, 0.02593756,147.3087,5,4,True,True,122
199970,-2.922003,-2.925148,1015.681,-1,-0.3500977, -0.01904297, -0.8935547, -0.04437494, -1.085312, 0.1196876,147.3087,5,4,True,True,122
200067,-2.213088,-1.504173,1015.629,-1,-0.3413086, -0.01660156, -0.8945313, -0.1381249, -0.6946874, -0.3646874,147.3087,5,4,True,True,122
200256,-1.997261,-1.781433,1015.639,35.33354,-0.34375, -0.015625, -0.8955078, -0.01312494, 0.05531263, 0.07281256,147.3087,5,4,True,True,122
200328,-2.591175,-3.185089,1015.691,-1,-0.3442383, -0.0234375, -0.8989258, -0.05999994, -0.2884374, -0.03656244,147.3087,5,4,True,True,122
200405,-2.888132,-3.185089,1015.691,-1,-0.3632813, -0.005371094, -0.8901367, -0.05999994, -1.225937, -0.1459374,147.3087,5,4,True,True,122
200483,-2.178823,-1.469513,1015.628,35.34267,-0.3510742, -0.001953125, -0.8911133, -0.1381249, 0.1646876, 0.2446876,147.3087,5,4,True,True,122
200564,-1.685534,-1.192245,1015.618,35.34267,-0.3676758, -0.01806641, -0.8764648, 0.09625006, 0.2115626, 0.9165626,147.3087,5,4,True,True,122
200643,-1.854787,-2.02404,1015.648,-1,-0.3540039, -0.0078125, -0.8984375, -0.01312494, -0.06968737, -0.005312443,147.3087,5,4,True,True,122
200725,-1.939414,-2.02404,1015.648,35.34267,-0.3232422, -0.02539063, -0.8989258, -0.3099999, -0.4134374, -0.08343744,147.3087,5,4,True,True,122
200803,-2.700881,-3.462349,1015.701,35.3518,-0.3173828, 0.001464844, -0.9106445, 0.002500057, 1.570938, -0.4115624,147.3087,5,4,True,True,122
200885,-3.220249,-3.739616,1015.711,-1,-0.3413086, -0.01708984, -0.9013672, 0.03375006, 0.1959376, 0.3071876,147.3087,5,4,True,True,122
200969,-2.483511,-1.746773,1015.638,35.33811,-0.3369141, -0.01367188, -0.8989258, -0.07562494, -0.2259374, 0.01031256,147.3087,5,4,True,True,122
201051,-2.409736,-2.33596,1015.659,35.34267,-0.3442383, -0.006835938, -0.8994141, -0.04437494, 0.2428126, 0.08843756,147.3087,5,4,True,True,122
201136,-1.37643,-0.3431244,1015.586,35.34724,-0.3481445, -0.01611328, -0.8955078, -0.01312494, -0.1478124, 0.1821876,147.3087,5,4,True,True,122
201352,-1.856195,-2.33596,1015.659,-1,-0.3491211, -0.04150391, -0.8979492, 0.2212501, -0.8821874, 0.1040626,147.3087,5,4,True,True,122
201437,-2.676602,-3.497009,1015.702,35.32441,-0.3383789, -0.02490234, -0.9047852, 0.1587501, 0.2740626, 0.05718756,147.3087,5,4,True,True,122
201570,-3.511366,-4.34613,1015.733,-1,-0.340332, -0.007324219, -0.9033203, 0.06500006, -1.475937, 0.1978126,147.3087,5,4,True,True,122
201636,-3.928748,-4.34613,1015.733,-1,-0.3461914, -0.01416016, -0.9077148, 0.2212501, -2.600937, 1.010313,147.3087,5,4,True,True,122
201704,-3.860176,-3.791603,1015.713,35.29701,-0.2177734, -0.002441406, -1.119141, 0.9556251, -13.41344, 3.557188,147.3087,5,4,True,True,122
201770,-2.422237,-0.9842987,1015.61,-1,-0.2460938, -0.01953125, -0.9438477, 6.1275, -9.757187, 13.13531,147.3087,5,4,True,True,122
201836,-1.703268,-0.9842987,1015.61,-1,-0.609375, -0.08007813, -0.7866211, -3.34125, -3.679062, 15.82281,147.3087,5,4,True,True,122
201901,-1.915641,-2.128014,1015.651,-1,-0.3637695, 0.01220703, -0.828125, 1.09625, 26.11781, 0.3540626,147.3087,5,4,True,True,122
201970,-1.172706,-0.4297714,1015.59,-1,-0.2875977, -0.009277344, -0.9169922, 3.0025, 27.22719, -3.130312,147.3087,5,4,True,True,122
202040,-1.078502,-0.9842987,1015.61,35.30614,-0.3378906, -0.02099609, -0.9033203, -0.02874994, -4.194687, 1.213438,147.3087,5,4,True,True,122
202120,-1.585928,-2.093353,1015.65,35.30158,-0.3276367, -0.01269531, -0.9038086, -0.01312494, -0.3509374, 0.1665626,147.3087,5,4,True,True,122
202195,-1.986938,-2.387947,1015.662,35.31528,-0.3291016, -0.01220703, -0.9023438, -0.01312494, -0.1946874, 0.01031256,147.3087,5,4,True,True,122
202401,-3.166534,-4.34613,1015.733,-1,-0.3276367, -0.01123047, -0.8994141, -0.04437494, 0.2740626, -0.005312443,147.3087,5,4,True,True,122
202472,-2.629944,-2.093353,1015.65,35.31528,-0.3276367, -0.01269531, -0.9023438, -0.02874994, 0.008437634, 0.08843756,147.3087,5,4,True,True,122
202544,-2.491619,-2.353294,1015.66,-1,-0.3295898, -0.01367188, -0.8994141, -0.02874994, -0.007187366, 0.04156256,147.3087,5,4,True,True,122
202617,-2.561087,-2.630554,1015.67,-1,-0.3271484, -0.01464844, -0.8964844, -0.09124994, -0.2728124, 0.07281256,147.3087,5,4,True,True,122
202690,-3.592242,-4.623398,1015.743,-1,-0.3793945, 0.00390625, -0.9970703, -3.481875, -5.179062, -1.739687,147.3087,5,4,True,True,122
202766,-2.686838,-1.781433,1015.639,-1,-0.3129883, -0.02880859, -0.8144531, -8.544374, 0.5240626, -8.349062,147.3087,5,4,True,True,122
202839,-1.670941,-0.6550446,1015.598,-1,-0.4614258, -0.04443359, -0.8964844, 2.080625, -7.085312, -6.114687,147.3087,5,4,True,True,122
202915,-1.301627,-0.932312,1015.608,-1,-0.2919922, 0.008789063, -0.9326172, -0.6537499, 2.430313, 1.432188,147.3087,5,4,True,True,122
202991,-0.4151432,0.4713402,1015.556,-1,-0.3193359, 0.015625, -0.8847656, -0.6693749, 0.3521876, 0.4634376,147.3087,5,4,True,True,122
203070,-0.8036943,-1.192245,1015.618,-1,-0.3686523, -0.0009765625, -0.9238281, -0.01312494, -0.5853124, -0.03656244,147.3087,5,4,True,True,122
203149,-0.8680032,-0.932312,1015.608,35.33811,-0.3505859, -0.01123047, -0.918457, 0.7837501, -1.913437, -0.6771874,147.3087,5,4,True,True,122
203230,-2.30381,-3.739616,1015.711,35.34724,-0.3232422, -0.001464844, -0.9306641, 0.1431251, 0.5396876, 0.5884376,147.3087,5,4,True,True,122
203425,-1.618061,-0.932312,1015.608,35.34267,-0.3452148, -0.01708984, -0.9189453, -0.3412499, 0.5084376, 0.07281256,147.3087,5,4,True,True,122
203521,-1.543787,-1.469513,1015.628,-1,-0.2880859, 0.008789063, -0.9477539, -1.3725, -0.9446874, -0.2709374,147.3087,5,4,True,True,122
203602,-2.078507,-2.613228,1015.669,-1,-0.262207, -0.05224609, -0.9111328, -11.16937, 13.74281, -1.645937,147.3087,5,4,True,True,122
203682,-2.770428,-3.462349,1015.701,35.34267,-0.2773438, 0.02539063, -0.7685547, -5.950625, -1.819687, -13.03656,147.3087,5,4,True,True,122
203765,-2.119971,-1.469513,1015.628,-1,-0.4199219, 0.02636719, -0.934082, 1.72125, -2.194687, -16.28656,147.3087,5,4,True,True,122
203849,-1.794742,-1.469513,1015.628,-1,-0.3027344, -0.01660156, -0.8803711, -6.513125, 1.836563, -1.786562,147.3087,5,4,True,True,122
203935,-1.632127,-1.469513,1015.628,-1,-0.2685547, 0.004394531, -0.9492188, -7.06, 2.117813, -8.974062,147.3087,5,4,True,True,122
204019,-2.685872,-3.739616,1015.711,-1,-0.2685547, 0.01123047, -1.125488, -4.935, 8.742813, -17.89594,147.3087,5,4,True,True,122
204155,-1.228569,0.2287331,1015.565,35.34267,0.02001953, 0.06933594, -1.291016, 4.28375, 175.6959, -29.36469,147.3087,5,4,True,True,122
204219,-1.349041,-1.469513,1015.628,-1,0.2407227, 0.05957031, -1.062988, 24.14313, 299.7584, -29.55219,147.3087,5,4,True,True,122
204285,-1.686541,-2.02404,1015.648,-1,0.5844727, -0.0078125, -0.9018555, 30.83063, 383.1178, -24.42719,147.3087,5,4,True,True,122
204352,-1.439393,-1.192245,1015.618,-1,1.130859, 0.06689453, -0.7709961, 30.94, 491.2115, -24.63031,147.3087,5,4,True,True,122
204531,0.6510253,2.741444,1015.473,35.33354,0.7543945, 0.15625, 0.5356445, 44.09625, 336.4147, 30.38531,147.3087,5,4,True,True,122
204597,3.940345,7.229664,1015.308,-1,0.4624023, 0.1147461, 0.9106445, 14.73688, 270.3053, 53.33844,147.3087,5,4,True,True,122
204667,5.143114,6.345882,1015.341,35.29701,0.3764648, -0.1972656, 1.128418, -8.466249, 216.1959, 55.80719,147.3087,5,4,True,True,122
204754,3.760323,2.377533,1015.486,-1,-0.1953125, 0.171875, 0.8754883, 5.03375, 319.024, 53.10406,147.3087,5,4,True,True,122
204824,2.211142,0.6619606,1015.549,-1,-0.612793, -0.04980469, 0.5371094, -22.32562, 347.0397, 42.26031,147.3087,5,4,True,True,122
204892,1.852447,1.493752,1015.519,-1,-1.086914, 0.05664063, 0.5053711, -40.32563, 403.2272, 18.21344,147.3087,5,4,True,True,122
204963,2.088996,2.325546,1015.488,-1,-1.037598, 0.01416016, -0.1108398, -42.82563, 392.5865, -20.86469,147.3087,5,4,True,True,122
205035,0.8036192,-0.4817581,1015.592,-1,-0.737793, -0.001464844, -0.4272461, -21.76312, 313.8834, -49.95844,147.3087,5,4,True,True,122
205108,1.850511,2.897404,1015.467,35.25592,-0.4868164, 0.06835938, -0.512207, -4.65375, 168.6178, -56.59906,147.3087,5,4,True,True,122
205181,1.5335,1.216488,1015.529,-1,-0.300293, -0.02099609, -0.4516602, -18.13812, -26.08531, -55.41156,147.3087,5,4,True,True,122
205254,2.795974,4.058449,1015.425,-1,-0.5087891, -0.04052734, -0.7358398, -24.185, -176.1166, -60.30219,147.3087,5,4,True,True,122
205336,2.864019,2.932064,1015.466,-1,-0.8881836, -0.06005859, -0.7333984, -73.65375, -371.7572, -35.13031,147.3087,5,4,True,True,122
205522,1.76299,0.6619606,1015.549,-1,-0.8774414, -0.03808594, 0.4360352, -29.38812, -79.13219, 94.94781,147.3087,5,4,True,True,122
205598,2.208893,2.654797,1015.476,-1,-0.8286133, 0.0703125, 0.3305664, -26.6225, 146.5553, 94.69781,147.3087,5,4,True,True,122
205673,2.856407,3.503922,1015.445,-1,-0.7832031, -0.04248047, -0.06396484, -52.57563, 360.3053, 93.46344,147.3087,5,4,True,True,122
205767,2.339706,1.823006,1015.507,35.28788,-0.9731445, 0.09375, -0.6669922, -88.85687, 400.8209, 29.96344,147.3087,5,4,True,True,122
205843,1.37953,0.4193535,1015.558,-1,-0.7021484, 0.1010742, -0.8276367, -72.77875, 269.9303, -32.19281,147.3087,5,4,True,True,122
205923,2.311757,3.243984,1015.455,35.27875,-0.621582, 0.1220703, -0.800293, -63.27875, 18.50844, -59.38031,147.3087,5,4,True,True,122
206002,1.902754,1.493752,1015.519,35.25135,-0.7119141, 0.1054688, -0.5888672, -70.51312, -181.2259, -57.34906,147.3087,5,4,True,True,122
206083,1.412324,0.9218941,1015.54,-1,-0.8637695, 0.09179688, -0.3417969, -81.435, -262.2572, -34.84906,147.3087,5,4,True,True,122
206164,1.288413,1.164501,1015.531,-1,-1.013184, 0.1230469, -0.04736328, -81.07562, -216.8509, -31.63031,147.3087,5,4,True,True,122
206245,0.6459344,0.003456116,1015.574,-1,-0.4775391, 0.3818359, 1.666016, -61.16938, 38.00844, -54.45844,147.3087,5,4,True,True,122
206329,0.01277319,-0.620388,1015.596,35.17829,-1.262695, 0.08886719, -0.574707, 32.7525, 355.9147, -56.20844,147.3087,5,4,True,True,122
206412,1.385774,2.758774,1015.473,-1,-0.7739258, 0.07861328, -0.8374023, 45.01812, 333.9772, -53.59906,147.3087,5,4,True,True,122
206608,2.470841,3.555908,1015.443,-1,-0.6860352, 0.1391602, -1.138672, 41.565, -90.36656, 21.22906,147.3087,5,4,True,True,122
206691,2.29422,2.117599,1015.496,35.1235,-0.9663086, 0.1855469, -0.6982422, 23.47125, -199.6322, 14.13531,147.3087,5,4,True,True,122
206792,1.062193,-0.1698341,1015.58,35.08696,-0.9545898, -0.01171875, -0.4560547, 25.58063, -279.4916, 35.96344,147.3087,5,4,True,True,122
206927,0.6887866,0.3153801,1015.562,-1,-1.385254, -0.02685547, -0.03125, 86.09625, -158.0697, 13.18219,147.3087,5,4,True,True,122
206992,0.3547864,0.02078629,1015.573,35.03674,-0.8574219, -0.06396484, 0.0078125, 105.1588, 37.22719, 10.35406,147.3087,5,4,True,True,122
207059,1.452805,2.550823,1015.48,-1,-0.7460938, -0.05566406, -0.1591797, 106.9556, 161.4928, 24.88531,147.3087,5,4,True,True,122
207124,1.854517,2.256229,1015.491,-1,-0.8466797, 0.03857422, -0.4624023, 94.22125, 242.0397, 38.36969,147.3087,5,4,True,True,122
207193,1.622148,1.389778,1015.523,35.0276,-0.7304688, 0.03564453, -0.6767578, 73.14313, 260.1959, 43.96344,147.3087,5,4,True,True,122
207263,0.3882413,-0.845665,1015.604,35.03217,-0.5556641, 0.06689453, -0.7363281, 56.92437, 179.3053, 37.36969,147.3087,5,4,True,True,122
207333,1.469532,2.550823,1015.48,35.0276,-0.4233398, 0.03271484, -0.5854492, 44.17437, 46.21156, 24.91656,147.3087,5,4,True,True,122
207401,0.8837911,0.2980499,1015.563,-1,-0.5810547, 0.03613281, -0.6254883, 32.79937, -86.25719, 18.55719,147.3087,5,4,True,True,122
207473,0.8768493,0.8699074,1015.542,35.0413,-0.7612305, 0.06054688, -0.5639648, 26.04938, -182.0853, 25.26031,147.3087,5,4,True,True,122
207655,2.571624,4.266399,1015.417,-1,-1.089844, -0.03564453, -0.2832031, 62.3775, -11.49156, 31.60406,147.3087,5,4,True,True,122
207725,1.157573,-0.2564774,1015.583,-1,-0.8779297, 0.02050781, -0.3989258, 62.44, 115.1647, 27.72906,147.3087,5,4,True,True,122
207796,2.148792,3.140011,1015.459,-1,-0.8671875, -0.015625, -0.6357422, 49.73687, 174.3366, 23.02594,147.3087,5,4,True,True,122
207886,1.223421,0.2980499,1015.563,-1,-0.5859375, -0.01074219, -0.6054688, 22.89313, 134.0084, 23.43219,147.3087,5,4,True,True,122
207958,1.601193,1.978966,1015.501,-1,-0.5517578, -0.02685547, -0.6220703, 13.33063, 37.64906, 17.82281,147.3087,5,4,True,True,122
208032,0.6550279,-0.2911377,1015.584,35.02304,-0.5634766, 0.01171875, -0.6030273, 7.018125, -82.72594, 11.32281,147.3087,5,4,True,True,122
208106,2.296087,3.937145,1015.43,-1,-0.8632813, 0.06103516, -0.684082, 4.830625, -176.7103, 3.369688,147.3087,5,4,True,True,122
208182,1.842932,1.389778,1015.523,35.00934,-1.158203, 0.07861328, -0.5922852, 4.5025, -168.7884, 1.822813,147.3087,5,4,True,True,122
208257,0.9145291,-0.01387405,1015.574,-1,-1.041992, 0.06347656, -0.3730469, 9.393126, -61.22594, 8.025938,147.3087,5,4,True,True,122
208335,1.152154,1.389778,1015.523,-1,-0.9775391, -0.02490234, -0.3916016, 15.1275, 45.07094, 9.963438,147.3087,5,4,True,True,122
208409,1.002365,0.8525772,1015.543,-1,-0.7016602, -0.02392578, -0.4013672, 14.09625, 84.13344, 3.479063,147.3087,5,4,True,True,122
208497,1.490666,1.978966,1015.501,35.0139,-0.5737305, -0.02832031, -0.4482422, 4.315, 83.63344, 2.291563,147.3087,5,4,True,True,122
208685,4.542118,7.593571,1015.295,35.00934,-0.7602539, 0.01220703, -0.6181641, -26.79437, -39.17906, -6.770937,147.3087,5,4,True,True,122
208765,1.406336,-1.729446,1015.637,34.99564,-1.185059, 0.08251953, -0.722168, -29.435, -97.33531, -12.14594,147.3087,5,4,True,True,122
208861,1.112128,0.8179207,1015.544,-1,-0.7773438, 0.05615234, -0.2866211, -16.81, -68.97594, -17.19281,147.3087,5,4,True,True,122
208942,0.6704307,0.2287331,1015.565,-1,-1.062012, 0.07470703, -0.3891602, -10.435, 21.43031, -14.53656,147.3087,5,4,True,True,122
209026,2.572388,4.474346,1015.409,35.00477,-0.7714844, 0.02636719, -0.3696289, -1.02875, 106.8366, -12.39594,147.3087,5,4,True,True,122
209108,2.821541,3.070694,1015.461,-1,-0.6928711, -0.03613281, -0.5092773, 6.049375, 116.0241, -22.36469,147.3087,5,4,True,True,122
209192,1.819731,0.8179207,1015.544,35.00934,-0.5874023, -0.05273438, -0.5576172, -4.1225, 72.72719, -23.63031,147.3087,5,4,True,True,122
209273,2.167949,2.516167,1015.481,-1,-0.7666016, -0.03759766, -0.762207, -23.10687, 5.383438, -21.69281,147.3087,5,4,True,True,122
209357,1.934825,1.701702,1015.511,35.03217,-1.02002, -0.006347656, -0.8330078, -35.23188, -99.85094, -26.34906,147.3087,5,4,True,True,122
209440,1.956896,1.978966,1015.501,-1,-0.9731445, 0.02685547, -0.5327148, -36.66938, -155.2416, -25.58344,147.3087,5,4,True,True,122
209574,3.094317,4.231739,1015.418,-1,-0.6108398, 0.03759766, -0.2036133, -18.7475, -35.24156, -18.73969,147.3087,5,4,True,True,122
209639,2.805242,2.516167,1015.481,35.02304,-0.5415039, 0.02148438, -0.1777344, -12.01312, 21.32094, -13.88031,147.3087,5,4,True,True,122
209839,1.950213,1.095184,1015.534,35.00021,-0.7612305, 0.05859375, -0.6645508, -10.95062, 98.96156, 11.36969,147.3087,5,4,True,True,122
209902,3.645505,5.340797,1015.378,-1,-1.184082, 0.01855469, -1.172852, -16.88812, 13.82094, 5.400938,147.3087,5,4,True,True,122
209970,1.954449,0.2633934,1015.564,35.0139,-0.8999023, -0.01464844, -0.7563477, -19.27875, -104.2728, 1.432188,147.3087,5,4,True,True,122
210038,3.508992,5.063534,1015.388,-1,-0.847168, 0.05029297, -0.5126953, -19.79437, -144.2884, 10.43219,147.3087,5,4,True,True,122
210103,3.853037,4.197083,1015.419,-1,-0.8046875, 0.02880859, -0.3466797, -2.825625, -121.2728, 8.791563,147.3087,5,4,True,True,122
210172,2.898673,1.944309,1015.502,-1,-0.5708008, 0.1176758, -0.1816406, 11.53375, -57.58531, -0.5209374,147.3087,5,4,True,True,122
210243,2.135561,1.372448,1015.523,-1,-0.8974609, 0.02783203, -0.234375, 20.97125, 25.14906, -14.81781,147.3087,5,4,True,True,122
210314,0.6189544,-0.8976517,1015.607,-1,-0.7182617, 0.07617188, -0.2836914, 20.815, 140.1647, 24.96344,147.3087,5,4,True,True,122
210386,2.260722,3.902489,1015.431,34.99564,-0.9238281, -0.008789063, -0.5737305, 21.48688, 173.1178, 29.40094,147.3087,5,4,True,True,122
210458,2.371114,2.481506,1015.483,34.97737,-1.007324, 0.02636719, -0.8515625, 4.40875, 119.9459, 48.65094,147.3087,5,4,True,True,122
210528,2.131718,1.892323,1015.505,-1,-1.10498, -0.02929688, -1.006348, 1.174375, -13.86656, 40.40094,147.3087,5,4,True,True,122
210623,2.999773,3.867828,1015.432,-1,-0.5717773, 0.03710938, -0.3886719, 10.36188, -119.5072, 25.93219,147.3087,5,4,True,True,122
210810,1.605588,0.2114029,1015.566,34.96824,-0.6645508, -0.1977539, -0.15625, 11.95563, 160.7428, -28.81781,147.3087,5,4,True,True,122
210881,1.757618,1.909649,1015.503,-1,-0.8354492, 0.08105469, -0.7089844, 23.315, 200.1959, -34.56781,147.3087,5,4,True,True,122
210954,2.405493,3.053368,1015.462,-1,-0.7285156, 0.09423828, -0.9033203, 25.76813, 113.6491, -28.61469,147.3087,5,4,True,True,122
211031,3.578551,4.75161,1015.399,34.99107,-0.625, 0.1108398, -0.7822266, 20.40875, -71.52281, -27.06781,147.3087,5,4,True,True,122
211106,3.601888,3.625225,1015.441,-1,-1.296875, -0.005371094, -1.183594, 13.6275, -246.2884, -26.52094,147.3087,5,4,True,True,122
211185,2.209904,0.8179207,1015.544,35.00021,-0.8183594, 0.01220703, -0.3857422, 8.393126, -279.351, -27.75531,147.3087,5,4,True,True,122
211262,2.631636,3.053368,1015.462,-1,-0.9389648, -0.015625, -0.1508789, 6.5025, -140.9603, -28.22406,147.3087,5,4,True,True,122
211341,2.002042,1.372448,1015.523,-1,-0.6333008, 0.02294922, -0.06005859, 10.58063, 33.55531, -22.27094,147.3087,5,4,True,True,122
211419,1.531285,1.060528,1015.535,-1,-0.8300781, -0.07470703, -0.2324219, 20.69, 178.3834, -16.45844,147.3087,5,4,True,True,122
211502,2.153692,2.7761,1015.472,34.99107,-0.7680664, -0.02636719, -0.4907227, 20.72125, 238.7428, 11.05719,147.3087,5,4,True,True,122
211582,2.60353,3.053368,1015.462,-1,-0.7348633, 0.006835938, -0.7695313, 8.565001, 164.3991, 23.18219,147.3087,5,4,True,True,122
211684,2.542518,2.481506,1015.483,-1,-0.8320313, 0.04833984, -0.9873047, -23.27875, -65.42906, 30.49469,147.3087,5,4,True,True,122
211885,1.099697,-0.3431244,1015.586,-1,-0.8632813, -0.05224609, -0.2045898, -5.575625, -131.4916, 35.63531,147.3087,5,4,True,True,122
211969,1.49601,1.892323,1015.505,34.96824,-0.9121094, -0.04736328, -0.1044922, 7.205625, 41.36781, 32.74469,147.3087,5,4,True,True,122
212050,2.534624,3.573238,1015.443,-1,-0.8188477, -0.03515625, -0.2416992, 9.674376, 188.3991, 31.88531,147.3087,5,4,True,True,122
212131,3.617124,4.699623,1015.401,-1,-0.7949219, -0.01757813, -0.5019531, 3.205625, 246.3678, 28.66656,147.3087,5,4,True,True,122
212216,2.182864,0.7486038,1015.546,-1,-2.137207, -0.9121094, 0.2866211, -22.77875, 68.64906, -12.98969,147.3087,5,4,True,True,122
212351,2.739417,3.295971,1015.453,-1,-0.9248047, 0.08154297, -0.6279297, -73.2475, -111.0228, -58.45844,147.3087,5,4,True,True,122
212415,3.71952,4.699623,1015.401,34.96824,-0.9291992, 0.08691406, -0.4916992, -71.09125, -77.06969, -53.88031,147.3087,5,4,True,True,122
212481,4.495501,5.271481,1015.38,-1,-1.116699, 0.02685547, -0.4707031, -58.7475, -14.61656, -47.91156,147.3087,5,4,True,True,122
212568,3.618472,2.741444,1015.473,-1,-0.9804688, -0.07324219, -0.5283203, -34.46625, 41.85219, -53.48969,147.3087,5,4,True,True,122
212633,4.020416,4.422359,1015.411,-1,-0.6772461, -0.001464844, -0.4912109, -30.8725, 62.39906, -57.39594,147.3087,5,4,True,True,122
212699,2.40184,0.7832642,1015.545,-1,-0.6801758, 0.003417969, -0.5810547, -26.63812, 70.11781, -65.77094,147.3087,5,4,True,True,122
212768,-1.093449,-4.588737,1015.742,-1,-0.6396484, 0.01220703, -0.5776367, -30.32562, 48.38344, -70.30219,147.3087,5,4,True,True,122
212951,-0.7356148,-0.3777809,1015.588,-1,-0.8881836, -0.01220703, -0.6040039, -36.34125, -92.28844, -62.61469,147.3087,5,4,True,True,122
213019,-0.4353962,-0.1351776,1015.578,34.94084,-1.094727, 0.02441406, -0.5805664, -32.76313, -113.7572, -43.05219,147.3087,5,4,True,True,122
213089,2.669314,5.774025,1015.362,-1,-1.17041, 0.05712891, -0.5341797, -22.96625, -66.25719, -24.02094,147.3087,5,4,True,True,122
213160,1.665637,0.6619606,1015.549,34.91344,-0.921875, -0.05419922, -0.3955078, -15.57562, 6.664688, -5.692812,147.3087,5,4,True,True,122
213230,2.298851,2.932064,1015.466,34.91801,-0.8378906, -0.05322266, -0.4609375, -11.935, 61.18031, 7.369688,147.3087,5,4,True,True,122
213301,2.632786,2.966721,1015.465,34.93171,-0.5751953, -0.01611328, -0.3901367, -17.435, 76.64906, 13.19781,147.3087,5,4,True,True,122
213392,0.8155804,-1.001625,1015.61,-1,-0.5527344, -0.03955078, -0.4580078, -23.3725, 59.33656, 11.43219,147.3087,5,4,True,True,122
213467,-0.6562166,-2.128014,1015.652,-1,-0.6972656, -0.02050781, -0.5908203, -28.66937, 8.352188, 9.838438,147.3087,5,4,True,True,122
213540,0.7133613,2.082939,1015.497,-1,-0.8334961, -0.04931641, -0.6391602, -30.90375, -59.53844, 14.18219,147.3087,5,4,True,True,122
213616,1.536782,2.360203,1015.487,34.90431,-1.13916, -0.005859375, -0.7006836, -22.07562, -110.2728, 21.11969,147.3087,5,4,True,True,122
213692,2.494359,3.451935,1015.447,34.88604,-1.126953, -0.0004882813, -0.5351563, -6.27875, -83.64781, 30.15094,147.3087,5,4,True,True,122
213769,1.846758,1.199158,1015.53,-1,-0.9355469, 0.02685547, -0.3935547, 3.393125, 5.758438, 41.96344,147.3087,5,4,True,True,122
213954,2.502049,3.157341,1015.458,-1,-0.5986328, 0.008300781, -0.40625, 22.90875, 88.02406, 29.19781,147.3087,5,4,True,True,122
214034,2.673733,2.845417,1015.469,-1,-0.6274414, 0.009277344, -0.5136719, 21.20563, 47.39906, 26.94781,147.3087,5,4,True,True,122
214110,2.473646,2.27356,1015.49,-1,-0.6948242, 0.002929688, -0.5966797, 24.03375, -17.63219, 19.58844,147.3087,5,4,True,True,122
214188,2.373603,2.27356,1015.49,34.84494,-0.956543, 0.02050781, -0.7636719, 32.14312, -87.88219, 3.932188,147.3087,5,4,True,True,122
214269,2.037652,1.701702,1015.511,34.84038,-0.9951172, 0.09619141, -0.6411133, 42.95562, -107.0384, -19.64594,147.3087,5,4,True,True,122
214370,2.138278,2.238903,1015.491,34.83581,-0.8022461, 0.04931641, -0.3764648, 52.92437, -52.67906, -38.28656,147.3087,5,4,True,True,122
214450,2.483182,2.828087,1015.47,-1,-1.03125, 0.006835938, -0.4589844, 65.22125, 27.21156, -33.52094,147.3087,5,4,True,True,122
214531,3.218829,3.954475,1015.429,-1,-0.7368164, 0.0009765625, -0.4165039, 72.36188, 79.78969, -2.317812,147.3087,5,4,True,True,122
214611,4.167175,5.11552,1015.386,-1,-0.8422852, -0.04638672, -0.6083984, 73.78375, 57.89906, 16.63531,147.3087,5,4,True,True,122
214697,2.674503,1.181831,1015.531,34.86777,-0.6142578, -0.05419922, -0.4785156, 64.29938, -2.538437, 29.18219,147.3087,5,4,True,True,122
214782,3.054554,3.434605,1015.448,34.86777,-0.7973633, -0.06396484, -0.5727539, 53.28375, -45.44469, 35.21344,147.3087,5,4,True,True,122
214867,2.949986,2.845417,1015.469,-1,-1.117188, -0.06787109, -0.6635742, 42.94, -43.97594, 38.52594,147.3087,5,4,True,True,122
215113,4.032753,5.11552,1015.386,34.85865,-0.7368164, 0.04931641, -0.4707031, 33.36187, 95.47719, 40.57281,147.3087,5,4,True,True,122
215188,4.296873,4.560993,1015.406,-1,-0.671875, -0.003417969, -0.4892578, 28.19, 77.74281, 40.72906,147.3087,5,4,True,True,122
215254,4.143003,3.989132,1015.428,34.86777,-0.659668, -0.02441406, -0.5166016, 19.73688, 31.64906, 42.74469,147.3087,5,4,True,True,122
215340,4.906525,5.670048,1015.366,-1,-0.7924805, -0.06347656, -0.59375, 12.04938, -29.91344, 37.65094,147.3087,5,4,True,True,122
215406,4.005939,3.105354,1015.46,-1,-0.9682617, -0.06982422, -0.640625, 4.986875, -62.60094, 28.97906,147.3087,5,4,True,True,122
215475,3.399685,2.79343,1015.471,-1,-0.9819336, -0.04638672, -0.5620117, -3.075625, -50.64781, 20.65094,147.3087,5,4,True,True,122
215545,2.819294,2.238903,1015.491,34.83125,-0.9716797, -0.04785156, -0.5048828, -8.372499, -7.100937, 9.322813,147.3087,5,4,True,True,122
215612,2.806362,2.79343,1015.471,-1,-0.8642578, -0.004394531, -0.4453125, -12.57562, 31.99281, 1.807188,147.3087,5,4,True,True,122
215683,3.215794,3.625225,1015.441,-1,-0.7617188, -0.0078125, -0.4370117, -12.13812, 52.39906, -8.724062,147.3087,5,4,True,True,122
215752,3.697773,4.179752,1015.42,-1,-0.7910156, -0.0004882813, -0.7197266, -50.3725, 192.4459, -90.91156,147.3087,5,4,True,True,122
215826,3.522865,3.347958,1015.451,34.80384,-0.6342773, 0.04296875, -0.7841797, -18.77875, 68.72719, -99.27094,147.3087,5,4,True,True,122
215898,3.574045,3.625225,1015.441,-1,-0.5180664, 0.07714844, -0.7011719, -20.10687, -80.56969, -89.88031,147.3087,5,4,True,True,122
216104,2.143996,0.7139473,1015.547,-1,-0.9589844, -0.05615234, -0.5454102, -75.185, -188.8353, -45.70844,147.3087,5,4,True,True,122
216178,1.862197,1.580399,1015.515,34.76275,-1.187012, -0.09570313, -0.4052734, -94.09125, -20.97594, -25.89594,147.3087,5,4,True,True,122
216253,2.579084,3.295971,1015.453,34.77645,-0.9521484, -0.137207, -0.3505859, -93.65375, 125.9616, -25.17719,147.3087,5,4,True,True,122
216331,1.533877,0.4886703,1015.556,-1,-0.7788086, -0.06738281, -0.3989258, -78.91937, 163.9459, -31.36469,147.3087,5,4,True,True,122
216406,-0.669642,-2.873161,1015.679,-1,-0.7055664, -0.05273438, -0.4804688, -63.63813, 119.9616, -31.66156,147.3087,5,4,True,True,122
216480,-0.9222805,-1.174919,1015.617,-1,-0.6542969, 0.0078125, -0.5561523, -54.1225, 22.96156, -28.38031,147.3087,5,4,True,True,122
216556,0.06912363,1.060528,1015.535,-1,-0.6533203, 0.07275391, -0.5942383, -54.935, -51.67906, -22.81781,147.3087,5,4,True,True,122
216635,0.001631439,-0.06586075,1015.576,34.78558,-0.7749023, 0.09667969, -0.6245117, -60.76313, -86.89781, -13.06781,147.3087,5,4,True,True,122
216712,1.926067,3.850502,1015.432,-1,-1.036133, 0.02539063, -0.7241211, -58.07563, -85.14781, -8.739687,147.3087,5,4,True,True,122
216791,0.04632348,-1.83342,1015.641,-1,-0.9892578, -0.04248047, -0.5722656, -47.29438, -61.71031, -15.14594,147.3087,5,4,True,True,122
216892,-1.032182,-2.110687,1015.651,34.73991,-0.8896484, -0.05029297, -0.4057617, -43.63813, -43.30406, -10.14594,147.3087,5,4,True,True,122
216974,0.1094832,1.251148,1015.528,-1,-0.8393555, -0.01123047, -0.3076172, -30.23187, 4.945938, -12.13031,147.3087,5,4,True,True,122
217168,0.9575794,1.805676,1015.507,-1,-0.7451172, -0.03369141, -0.465332, -11.73187, 70.58656, -18.80219,147.3087,5,4,True,True,122
217249,0.3938726,-0.1698341,1015.58,-1,-0.7358398, 0.02148438, -0.5375977, -7.6225, 49.33656, -20.91156,147.3087,5,4,True,True,122
217329,0.5279166,0.6619606,1015.55,-1,-0.8168945, 0.05029297, -0.5991211, -9.606874, 11.41469, -12.41156,147.3087,5,4,True,True,122
217413,1.426731,2.325546,1015.488,34.69424,-0.9931641, -0.006347656, -0.6796875, -2.763125, -26.69469, -4.286562,147.3087,5,4,True,True,122
217498,0.8710558,0.3153801,1015.562,-1,-0.9848633, -0.03808594, -0.5581055, 7.2525, -42.13219, -5.536562,147.3087,5,4,True,True,122
217584,1.442339,2.013622,1015.5,34.66685,-0.8920898, -0.03564453, -0.4384766, 12.72125, -34.78844, -12.69281,147.3087,5,4,True,True,122
217716,1.433389,1.424438,1015.521,-1,-0.8461914, -0.01074219, -0.4272461, 14.19, 50.33656, -15.06781,147.3087,5,4,True,True,122
217800,0.5797906,-0.2738075,1015.584,-1,-0.8417969, -0.008300781, -0.5087891, 18.17438, 76.88344, -15.70844,147.3087,5,4,True,True,122
217865,0.1529915,-0.2738075,1015.584,34.64401,-0.7905273, 0.005371094, -0.5507813, 22.22125, 62.38344, -13.88031,147.3087,5,4,True,True,122
217930,0.3468243,0.540657,1015.554,-1,-0.8154297, 0.01904297, -0.6162109, 22.40875, 24.44594, -8.067812,147.3087,5,4,True,True,122
217995,0.7296694,1.112514,1015.533,34.62574,-0.7851563, 0.008300781, -0.5888672, 22.48688, -28.91344, 1.525938,147.3087,5,4,True,True,122
218062,1.328324,1.926979,1015.503,-1,-0.7734375, -0.01416016, -0.5541992, 20.6275, -59.06969, 12.02594,147.3087,5,4,True,True,122
218243,-0.06192738,-1.452179,1015.627,-1,-0.8579102, -0.05712891, -0.449707, 22.64313, -55.47594, 30.16656,147.3087,5,4,True,True,122
218312,0.3693316,0.8005905,1015.544,-1,-0.8647461, -0.06054688, -0.4189453, 24.565, -19.80406, 34.51031,147.3087,5,4,True,True,122
218389,0.8708898,1.372448,1015.523,-1,-0.8710938, -0.05175781, -0.4375, 24.97125, 26.71156, 41.29156,147.3087,5,4,True,True,122
218479,1.693528,2.516167,1015.482,34.63031,-0.8789063, -0.02587891, -0.5136719, 23.79938, 61.49281, 44.13531,147.3087,5,4,True,True,122
218549,-0.1479259,-1.98938,1015.647,-1,-0.847168, 0.01074219, -0.5595703, 19.51813, 57.75844, 46.07281,147.3087,5,4,True,True,122
218620,0.05773377,0.2633934,1015.564,-1,-0.7939453, 0.003417969, -0.5522461, 16.23688, 35.78969, 45.21344,147.3087,5,4,True,True,122
218693,1.295613,2.533493,1015.481,34.63945,-0.8193359, 0.02246094, -0.5795898, 15.0025, 11.44594, 43.47906,147.3087,5,4,True,True,122
218765,0.7795034,0.2633934,1015.564,34.63031,-0.8066406, 0.015625, -0.5419922, 15.48688, -7.304062, 40.82281,147.3087,5,4,True,True,122
218839,1.075976,1.372448,1015.523,-1,-0.8637695, -0.01074219, -0.5366211, 18.65875, -18.16344, 35.24469,147.3087,5,4,True,True,122
218912,1.640109,2.204243,1015.493,-1,-0.8583984, -0.02441406, -0.4882813, 22.98688, -21.67906, 27.68219,147.3087,5,4,True,True,122
218985,0.2239318,-1.192245,1015.617,34.60748,-0.8447266, -0.02978516, -0.4506836, 27.065, -12.27281, 18.05719,147.3087,5,4,True,True,122
219085,1.075455,1.926979,1015.503,34.61204,-0.8203125, -0.02783203, -0.4672852, 27.94, 19.99281, 9.041563,147.3087,5,4,True,True,122
219272,1.622521,2.169586,1015.494,34.59378,-0.8071289, -0.003417969, -0.5810547, 19.45563, 19.36781, -4.349062,147.3087,5,4,True,True,122
219349,1.757422,1.892323,1015.504,-1,-0.7875977, -0.005371094, -0.5751953, 18.73688, -14.77281, -9.286562,147.3087,5,4,True,True,122
219428,0.4125548,-0.932312,1015.608,34.57094,-0.8203125, -0.0004882813, -0.5830078, 17.20563, -45.39781, -10.91156,147.3087,5,4,True,True,122
219505,0.008721888,-0.3951111,1015.588,-1,-0.8222656, -0.01269531, -0.5322266, 15.03375, -60.60094, -11.25531,147.3087,5,4,True,True,122
219583,1.929612,3.850502,1015.432,-1,-0.8383789, -0.03125, -0.496582, 14.01813, -51.61656, -11.22406,147.3087,5,4,True,True,122
219664,0.6286167,-0.6723785,1015.598,-1,-0.8447266, -0.03662109, -0.4780273, 11.09625, -29.74156, -9.349062,147.3087,5,4,True,True,122
219745,1.537733,2.44685,1015.484,-1,-0.8452148, -0.03369141, -0.4780273, 5.955625, 4.164688, -5.536562,147.3087,5,4,True,True,122
219826,1.732356,1.926979,1015.503,-1,-0.8422852, -0.04248047, -0.4926758, 1.09625, 26.52406, -1.067812,147.3087,5,4,True,True,122
219925,1.829668,1.926979,1015.503,-1,-0.828125, -0.04589844, -0.5029297, -4.263125, 22.57094, 6.838438,147.3087,5,4,True,True,122
220006,1.878323,1.926979,1015.503,-1,-0.8173828, -0.03710938, -0.5209961, -7.96625, 10.64906, 12.54156,147.3087,5,4,True,True,122
220086,1.183497,0.4886703,1015.556,-1,-0.7709961, -0.01611328, -0.4936523, -13.13812, 8.524063, 17.18219,147.3087,5,4,True,True,122
220171,1.53791,1.892323,1015.504,-1,-0.8041992, -0.02099609, -0.5102539, -17.31, 9.789688, 19.82281,147.3087,5,4,True,True,122
220367,1.290554,1.043198,1015.535,-1,-0.8588867, -0.03369141, -0.5039063, -24.27875, 6.242813, 14.11969,147.3087,5,4,True,True,122
220502,1.010914,0.7312737,1015.547,-1,-0.8652344, -0.03222656, -0.5009766, -26.57562, 14.78969, 11.65094,147.3087,5,4,True,True,122
220566,0.8710937,0.7312737,1015.547,34.58008,-0.887207, -0.03027344, -0.5288086, -27.935, 24.53969, 9.354063,147.3087,5,4,True,True,122
220633,0.3766231,-0.1178474,1015.578,-1,-0.7988281, -0.01806641, -0.4956055, -29.27875, 28.80531, 6.744688,147.3087,5,4,True,True,122
220700,1.411736,2.44685,1015.484,-1,-0.8251953, 0.001464844, -0.5419922, -29.23187, 27.88344, 1.588438,147.3087,5,4,True,True,122
220788,-0.1935115,-1.798759,1015.64,34.58464,-0.9003906, 0.02050781, -0.6201172, -23.81, 9.227188, -12.75531,147.3087,5,4,True,True,122
220855,-0.9961355,-1.798759,1015.64,-1,-0.8007813, 0.02099609, -0.546875, -17.82562, -9.960312, -24.48969,147.3087,5,4,True,True,122
220924,-2.385202,-3.774269,1015.712,-1,-0.7856445, 0.02197266, -0.5175781, -14.1225, -32.83531, -33.84906,147.3087,5,4,True,True,122
220991,-1.953351,-1.5215,1015.629,-1,-0.8173828, 0.05175781, -0.5112305, -12.27875, -49.14781, -43.69281,147.3087,5,4,True,True,122
221060,-0.8969674,0.1594162,1015.568,-1,-0.7700195, 0.04541016, -0.4335938, -11.60687, -48.17906, -52.44281,147.3087,5,4,True,True,122
221132,-1.919725,-2.942482,1015.682,-1,-0.9482422, -0.006347656, -0.4921875, -10.435, -28.60094, -61.89594,147.3087,5,4,True,True,122
221202,-0.6028887,0.7139473,1015.547,-1,-0.9008789, 0.005859375, -0.4506836, -14.23187, 5.211563, -60.11469,147.3087,5,4,True,True,122
221406,-0.5509866,-0.4990845,1015.592,-1,-0.8457031, -0.01806641, -0.5361328, -17.57562, 21.91469, -40.16156,147.3087,5,4,True,True,122
221476,-0.958263,-1.36554,1015.624,-1,-0.8623047, 0.02050781, -0.5688477, -17.91937, -5.632187, -39.28656,147.3087,5,4,True,True,122
221552,-0.3301065,0.2980499,1015.563,-1,-0.9067383, 0.003417969, -0.5708008, -26.9975, -33.00719, -29.75531,147.3087,5,4,True,True,122
221636,-0.457919,-0.5857315,1015.595,34.42937,-0.7836914, 0.02685547, -0.4052734, -31.935, -45.21031, -22.17719,147.3087,5,4,True,True,122
221711,-0.816419,-1.174919,1015.617,34.42023,-0.6791992, -0.03710938, -0.3095703, -34.46625, -27.86656, -9.380312,147.3087,5,4,True,True,122
221788,-0.1552112,0.5059967,1015.555,34.4111,-0.7583008, -0.05078125, -0.3071289, -34.34125, -5.850937, -1.489687,147.3087,5,4,True,True,122
221863,-0.5350985,-0.9149857,1015.607,-1,-0.9160156, -0.02441406, -0.4213867, -31.66937, 37.19594, 14.22906,147.3087,5,4,True,True,122
221938,0.2367213,1.008541,1015.536,-1,-1.041992, -0.02783203, -0.5805664, -27.6225, 60.61781, 17.07281,147.3087,5,4,True,True,122
222035,0.8998948,1.563068,1015.516,-1,-1.131348, 0.02294922, -0.7631836, -24.71625, 41.78969, 17.11969,147.3087,5,4,True,True,122
222110,1.51741,2.134926,1015.495,-1,-0.7685547, 0.01025391, -0.5087891, -24.8725, 5.680313, 14.85406,147.3087,5,4,True,True,122
222189,0.6997814,-0.1178474,1015.578,-1,-0.5898438, -0.01367188, -0.3740234, -28.20062, -25.85094, 15.86969,147.3087,5,4,True,True,122
222266,1.555987,2.412193,1015.485,-1,-0.7006836, -0.01904297, -0.4057617, -34.51313, -47.91344, 23.02594,147.3087,5,4,True,True,122
222458,-0.2860131,-2.128014,1015.651,-1,-1.224121, 0.06738281, -0.6318359, -14.51312, -27.72594, 3.682188,147.3087,5,4,True,True,122
222541,2.735341,5.756695,1015.362,-1,-1.055664, 0.08642578, -0.5634766, -3.794375, -5.460312, -10.63031,147.3087,5,4,True,True,122
222622,0.1477035,-2.439934,1015.663,-1,-0.984375, -0.01025391, -0.534668, 4.28375, 4.758438, -26.16156,147.3087,5,4,True,True,122
222701,0.240205,0.3327065,1015.561,-1,-0.6445313, 0.01611328, -0.2983398, 1.7525, 4.977188, -25.47406,147.3087,5,4,True,True,122
222798,1.681443,3.122681,1015.459,-1,-0.5429688, -0.01171875, -0.2456055, -2.606875, 4.867813, -22.45844,147.3087,5,4,True,True,122
222883,-0.9944264,-3.670296,1015.708,-1,-0.9560547, 0.02099609, -0.5083008, -5.56, 4.727188, -21.45844,147.3087,5,4,True,True,122
222968,-0.7987441,-0.6030617,1015.596,34.20558,-1.123535, -0.01220703, -0.6162109, -2.685, 13.64906, -21.89594,147.3087,5,4,True,True,122
223054,-0.8568648,-0.9149857,1015.607,34.19645,-1.107422, 0.001953125, -0.6035156, -5.09125, 21.35219, -18.20844,147.3087,5,4,True,True,122
223189,-0.625988,-0.3951111,1015.588,34.16447,-0.6445313, 0.03369141, -0.3066406, 3.361875, 27.27406, -21.81781,147.3087,5,4,True,True,122
223254,0.6245022,1.874992,1015.505,-1,-0.5395508, 0.01318359, -0.2294922, 1.28375, 28.36781, -20.20844,147.3087,5,4,True,True,122
223320,0.2619925,-0.1005173,1015.578,34.15534,-0.6430664, -0.01611328, -0.2983398, 2.3775, 27.10219, -18.59906,147.3087,5,4,True,True,122
223386,0.9211955,1.580399,1015.516,-1,-0.815918, 0.02246094, -0.4277344, 2.28375, 30.21156, -16.09906,147.3087,5,4,True,True,122
223586,0.9475382,0.9738808,1015.538,34.1188,-0.9848633, -0.08740234, -0.5869141, 5.861875, -0.2571874, -17.02094,147.3087,5,4,True,True,122
223652,-0.03571045,-1.018959,1015.611,-1,-1.009766, -0.06396484, -0.6225586, -0.5131249, -43.56969, -6.755312,147.3087,5,4,True,True,122
223721,-0.2414041,-0.4470978,1015.59,34.12794,-0.6049805, -0.01318359, -0.3144531, -4.15375, -82.53844, 2.900938,147.3087,5,4,True,True,122
223789,-0.890115,-1.538826,1015.63,-1,-0.5112305, -0.03417969, -0.1958008, -5.31, -85.35094, 5.385313,147.3087,5,4,True,True,122
223857,-0.2180525,0.45401,1015.557,34.15077,-0.7861328, -0.04882813, -0.3320313, -9.481874, -67.97594, 13.13531,147.3087,5,4,True,True,122
223928,0.3865792,0.9912109,1015.537,34.13707,-1.123047, 0.007324219, -0.5498047, -11.07562, -25.71031, 18.66656,147.3087,5,4,True,True,122
223997,1.243424,2.100269,1015.497,-1,-1.209961, -0.01269531, -0.6586914, -12.9975, 38.78969, 17.35406,147.3087,5,4,True,True,122
224088,1.810479,2.377533,1015.487,-1,-0.9077148, -0.02832031, -0.5131836, -18.935, 57.30531, 22.02594,147.3087,5,4,True,True,122
224160,0.9676191,0.1247597,1015.569,-1,-0.9799805, 0.008789063, -0.6430664, -20.01312, 27.74281, 28.40094,147.3087,5,4,True,True,122
224234,0.5461894,0.1247597,1015.569,-1,-0.5732422, 0.0390625, -0.3139648, -24.38812, -11.08531, 32.16656,147.3087,5,4,True,True,122
224309,0.8986689,1.251148,1015.528,34.1188,-0.6650391, -0.05419922, -0.3388672, -16.41937, -48.50719, 22.18219,147.3087,5,4,True,True,122
224386,1.499469,2.100269,1015.497,-1,-0.7612305, 0.05322266, -0.3901367, -7.763125, -68.03844, 15.43219,147.3087,5,4,True,True,122
224571,0.3962189,-0.7070313,1015.6,-1,-0.9794922, 0.03027344, -0.387207, 3.90875, 30.55531, -34.41156,147.3087,5,4,True,True,122
224647,-0.02543944,-0.4470978,1015.59,-1,-1.196289, 0.002441406, -0.5229492, 4.90875, 82.58656, -38.52094,147.3087,5,4,True,True,122
224722,1.150053,2.325546,1015.488,-1,-0.746582, 0.01123047, -0.3188477, 10.6275, 92.88344, -37.25531,147.3087,5,4,True,True,122
224816,1.165942,1.181831,1015.531,-1,-0.5473633, -0.03857422, -0.2441406, 10.73688, 79.66469, -34.95844,147.3087,5,4,True,True,122
224902,0.6106926,0.05544281,1015.572,34.064,-0.8198242, -0.01513672, -0.5322266, -0.5756249, 48.85219, -24.33344,147.3087,5,4,True,True,122
224981,2.299912,3.989132,1015.427,34.064,-1.073242, -0.0004882813, -0.7739258, -12.34125, -13.03844, -16.97406,147.3087,5,4,True,True,122
225063,1.316309,0.3327065,1015.562,34.064,-0.8857422, -0.05273438, -0.5253906, -29.10687, -70.83531, -10.88031,147.3087,5,4,True,True,122
225145,0.677211,0.03811264,1015.573,-1,-1.158691, 0.04003906, -0.5761719, -43.27875, -65.88219, -2.552187,147.3087,5,4,True,True,122
225228,0.9035278,1.129845,1015.532,-1,-0.6835938, -0.007324219, -0.2241211, -39.65375, -36.97594, -4.520937,147.3087,5,4,True,True,122
225309,1.848479,2.79343,1015.471,-1,-0.6899414, -0.05371094, -0.2358398, -39.6225, -5.882187, -0.4896874,147.3087,5,4,True,True,122
225414,2.320955,2.79343,1015.471,34.00005,-0.8769531, -0.02294922, -0.4121094, -36.35688, 27.60219, 1.744688,147.3087,5,4,True,True,122
225499,1.15354,-0.01387405,1015.574,34.00919,-1.234863, 0.06298828, -0.8208008, -27.48187, 31.64906, -9.349062,147.3087,5,4,True,True,122
225696,0.8297686,0.5059967,1015.555,33.99092,-0.6611328, 0.004882813, -0.3525391, -13.88812, -43.22594, -26.20844,147.3087,5,4,True,True,122
225780,1.092445,1.355122,1015.524,-1,-0.5722656, -0.05664063, -0.2207031, -14.57562, -37.85094, -27.06781,147.3087,5,4,True,True,122
225916,0.1147231,-0.862999,1015.606,34.00462,-1.092285, -0.03027344, -0.5268555, -20.77875, 16.71156, -11.22406,147.3087,5,4,True,True,122
225998,0.05042452,-0.01387405,1015.574,-1,-1.151855, -0.03857422, -0.6518555, -8.466249, 58.00844, -9.911562,147.3087,5,4,True,True,122
226067,1.144664,2.238903,1015.492,34.00919,-1.192871, 0.02832031, -0.7670898, -4.700625, 51.89906, -7.786562,147.3087,5,4,True,True,122
226132,1.275886,1.407108,1015.522,-1,-0.6860352, -0.004882813, -0.4262695, 0.6275001, 31.97719, -11.38031,147.3087,5,4,True,True,122
226199,1.202865,1.129845,1015.532,-1,-0.5473633, -0.046875, -0.3041992, -5.685, 18.50844, -9.599062,147.3087,5,4,True,True,122
226267,0.03996646,-1.122932,1015.615,34.03659,-1.287109, 0.2036133, 0.440918, -5.46625, -2.429062, -4.270937,147.3087,5,4,True,True,122
226334,0.5849056,1.129845,1015.532,-1,-0.7797852, 0.07568359, -0.3642578, 27.11188, 11.19594, 47.47906,147.3087,5,4,True,True,122
226399,0.5801096,0.5753136,1015.552,-1,-0.8549805, 0.09423828, -0.6992188, 26.20563, -25.39781, 40.46344,147.3087,5,4,True,True,122
226469,0.4390798,0.2980499,1015.563,-1,-1.084473, 0.02587891, -0.7958984, 33.33062, -83.72594, 34.96344,147.3087,5,4,True,True,122
226560,0.2212679,0.003456116,1015.573,-1,-0.8999023, -0.0546875, -0.4179688, 48.69, -108.9603, 23.36969,147.3087,5,4,True,True,122
226756,-0.3381919,-0.8976517,1015.606,-1,-0.609375, -0.02978516, -0.1708984, 68.19, 30.21156, 23.52594,147.3087,5,4,True,True,122
226831,2.059412,4.457016,1015.41,33.97265,-0.7006836, -0.04052734, -0.2895508, 66.09625, 80.91469, 31.49469,147.3087,5,4,True,True,122
226902,0.1563196,-1.746773,1015.638,-1,-0.8149414, -0.004394531, -0.5258789, 55.79937, 118.6803, 42.46344,147.3087,5,4,True,True,122
226975,0.7297273,1.303135,1015.526,-1,-1.11377, 0.008789063, -0.9472656, 49.815, 102.1022, 37.08844,147.3087,5,4,True,True,122
227067,1.163728,1.597729,1015.515,-1,-0.8818359, 0.0703125, -0.7338867, 37.65875, 9.305313, 30.32281,147.3087,5,4,True,True,122
227142,1.649327,2.134926,1015.495,-1,-0.7270508, 0.007324219, -0.4916992, 35.17437, -51.92906, 28.44781,147.3087,5,4,True,True,122
227216,1.320269,0.9912109,1015.537,-1,-0.8393555, 0.02148438, -0.4716797, 37.23687, -70.28844, 28.60406,147.3087,5,4,True,True,122
227292,1.433004,1.545738,1015.517,33.89957,-0.7734375, -0.009765625, -0.3632813, 47.22125, -62.49156, 17.60406,147.3087,5,4,True,True,122
227369,2.321166,3.209328,1015.456,-1,-0.6762695, -0.01220703, -0.2866211, 54.51812, -22.02281, 9.416563,147.3087,5,4,True,True,122
227445,2.470653,2.62014,1015.477,-1,-0.9824219, -0.01660156, -0.4663086, 57.03375, 35.41469, 7.838438,147.3087,5,4,True,True,122
227523,1.696273,0.9218941,1015.54,33.86303,-0.9980469, -0.02294922, -0.6308594, 52.95562, 88.63344, 7.854063,147.3087,5,4,True,True,122
227623,2.01091,2.325546,1015.488,-1,-0.7714844, -0.03710938, -0.6669922, 42.6275, 63.33656, 3.963438,147.3087,5,4,True,True,122
227812,0.6259459,-0.7590179,1015.601,-1,-0.6098633, -0.006835938, -0.4492188, 25.23688, -101.6947, 9.338438,147.3087,5,4,True,True,122
227892,1.337114,2.048283,1015.498,-1,-0.8666992, -0.03613281, -0.4833984, 21.5025, -100.4603, 22.61969,147.3087,5,4,True,True,122
227972,0.8435755,0.3500366,1015.561,-1,-1.180176, -0.05810547, -0.5288086, 24.8775, -36.52281, 39.04156,147.3087,5,4,True,True,122
228055,1.16,1.476425,1015.519,33.86303,-1.153809, -0.02832031, -0.5429688, 27.22125, 54.05531, 44.65094,147.3087,5,4,True,True,122
228146,0.7550185,0.3500366,1015.561,33.84933,-0.7788086, -0.02978516, -0.4794922, 14.44, 120.2741, 48.55719,147.3087,5,4,True,True,122
228251,-0.8597878,-2.474594,1015.665,33.84476,-0.6386719, 0.02099609, -0.5229492, 10.39313, 87.19594, 34.54156,147.3087,5,4,True,True,122
228333,0.7242141,2.308216,1015.489,-1,-0.7241211, -0.01806641, -0.6328125, 17.26813, 22.14906, 17.51031,147.3087,5,4,True,True,122
228418,0.6757572,0.6273003,1015.551,-1,-0.8388672, -0.02197266, -0.6577148, 16.59625, -33.30406, 1.822813,147.3087,5,4,True,True,122
228502,1.353355,2.030952,1015.499,-1,-1.01123, -0.06396484, -0.6435547, 5.72125, -28.94469, 4.307188,147.3087,5,4,True,True,122
228633,-0.6905864,-2.734528,1015.674,33.88129,-0.7763672, -0.09960938, -0.4633789, 12.7525, 7.133438, -2.177187,147.3087,5,4,True,True,122
228698,-0.4475385,-0.2044907,1015.581,-1,-0.7089844, -0.02197266, -0.4667969, 13.315, 0.008437634, 5.135313,147.3087,5,4,True,True,122
228760,0.9390038,2.325546,1015.488,-1,-0.5185547, -0.05761719, -0.3686523, 16.17438, -3.850937, 0.4946876,147.3087,5,4,True,True,122
228961,1.909541,2.880077,1015.468,-1,-0.9951172, -0.1010742, -0.7568359, 8.721251, -15.22594, -3.099062,147.3087,5,4,True,True,122
229029,0.9911568,0.07277298,1015.571,33.85389,-0.9575195, -0.07373047, -0.6953125, 6.924375, -15.61656, -3.927187,147.3087,5,4,True,True,122
229095,1.372423,1.753689,1015.509,-1,-1.058594, -0.06445313, -0.6894531, 11.14313, -12.47594, -1.708437,147.3087,5,4,True,True,122
229166,0.575301,-0.2218208,1015.582,33.84933,-0.8056641, -0.01611328, -0.5629883, 14.78375, -4.960312, 10.69781,147.3087,5,4,True,True,122
229236,0.7312693,0.8872375,1015.541,33.82649,-0.6152344, 0.01269531, -0.4838867, 23.64313, -7.616562, 13.99469,147.3087,5,4,True,True,122
229323,1.918312,3.105354,1015.459,-1,-0.5791016, -0.01611328, -0.4990234, 35.36187, -15.17906, 21.22906,147.3087,5,4,True,True,122
229394,1.66271,1.407108,1015.522,-1,-0.6455078, -0.03613281, -0.5512695, 41.92437, -18.75719, 26.55719,147.3087,5,4,True,True,122
229461,0.5471544,-0.5684013,1015.594,-1,-0.84375, -0.06835938, -0.6669922, 43.61187, -11.88219, 29.19781,147.3087,5,4,True,True,122
229534,1.808924,3.070694,1015.461,-1,-1.028809, -0.0625, -0.7231445, 37.76812, 2.477188, 38.60406,147.3087,5,4,True,True,122
229607,3.141635,4.474346,1015.409,33.76254,-0.9555664, -0.09716797, -0.6523438, 36.95562, 6.414688, 43.38531,147.3087,5,4,True,True,122
229682,2.802907,2.46418,1015.483,33.74884,-0.784668, -0.01611328, -0.5888672, 36.97125, -0.3821874, 51.94781,147.3087,5,4,True,True,122
229778,3.465337,4.127766,1015.422,-1,-0.8911133, -0.1445313, -0.262207, 43.3775, 3.852188, 43.82281,147.3087,5,4,True,True,122
229964,2.10697,0.7486038,1015.546,33.70773,-0.7856445, -0.01074219, -0.7695313, 23.76813, 5.445938, 31.63531,147.3087,5,4,True,True,122
230040,1.28049,0.45401,1015.557,33.69859,-0.7841797, -0.04150391, -0.6708984, 25.67438, -58.17906, 24.88531,147.3087,5,4,True,True,122
230117,2.695463,4.110435,1015.423,-1,-0.8129883, -0.1030273, -0.6928711, 0.5806251, 71.89906, 5.463438,147.3087,5,4,True,True,122
230192,3.680215,4.664967,1015.403,-1,-0.8500977, -0.04052734, -0.871582, 5.361875, -9.288437, -3.833437,147.3087,5,4,True,True,122
230267,4.025294,4.370373,1015.414,-1,-0.6621094, -0.06103516, -0.6513672, 10.15875, -97.30406, -9.770937,147.3087,5,4,True,True,122
230365,4.483762,4.94223,1015.392,33.68032,-0.6831055, -0.01708984, -0.527832, 10.1275, -119.4447, -19.02094,147.3087,5,4,True,True,122
230443,4.288435,4.093109,1015.424,-1,-0.9272461, 0.006835938, -0.5327148, 7.03375, -60.61656, -16.42719,147.3087,5,4,True,True,122
230523,4.052138,3.815842,1015.434,-1,-0.9731445, -0.03662109, -0.5009766, 14.51813, 41.07094, -16.59906,147.3087,5,4,True,True,122
230606,3.232166,2.412193,1015.485,33.69859,-0.8520508, -0.01025391, -0.5205078, 28.70563, 92.05531, -9.036562,147.3087,5,4,True,True,122
230687,3.108108,2.984051,1015.464,33.70316,-0.8354492, -0.04394531, -0.6313477, 46.36187, 68.72719, 3.385313,147.3087,5,4,True,True,122
230769,2.47422,1.840332,1015.506,-1,-0.8017578, -0.05615234, -0.7470703, 50.1275, 7.242813, 9.822813,147.3087,5,4,True,True,122
230850,1.308155,0.1420898,1015.569,-1,-0.6289063, -0.02587891, -0.6113281, 44.11187, -38.46031, 7.213438,147.3087,5,4,True,True,122
231066,1.435612,1.563068,1015.516,-1,-0.9638672, -0.04052734, -0.5224609, 28.90875, -11.24156, 9.869688,147.3087,5,4,True,True,122
231150,0.5029202,-0.4297714,1015.589,-1,-0.8696289, -0.03271484, -0.4760742, 35.03375, 32.22719, 24.15094,147.3087,5,4,True,True,122
231235,0.8943624,1.285805,1015.527,33.68946,-0.7451172, -0.02001953, -0.4858398, 38.65875, 48.80531, 35.83844,147.3087,5,4,True,True,122
231370,0.9427867,0.9912109,1015.538,-1,-0.7963867, -0.02148438, -0.6489258, 32.1275, 27.22719, 42.77594,147.3087,5,4,True,True,122
231452,1.521528,2.100269,1015.496,-1,-0.7861328, -0.04052734, -0.6240234, 25.73688, -9.647812, 40.44781,147.3087,5,4,True,True,122
231527,2.235459,2.94939,1015.466,33.66662,-0.7548828, -0.07226563, -0.5229492, 24.97125, -39.50719, 35.15094,147.3087,5,4,True,True,122
231591,2.878354,3.521248,1015.445,-1,-0.8491211, -0.06738281, -0.5009766, 24.92438, -47.31969, 33.72906,147.3087,5,4,True,True,122
231657,1.510222,0.1420898,1015.569,-1,-0.8588867, -0.06298828, -0.4355469, 27.6275, -29.71031, 31.40094,147.3087,5,4,True,True,122
231724,1.250716,0.9912109,1015.538,-1,-0.909668, -0.02636719, -0.4433594, 28.89313, 15.47719, 31.82281,147.3087,5,4,True,True,122
231812,1.82279,2.394863,1015.486,33.67118,-0.8544922, -0.01025391, -0.472168, 25.565, 76.33656, 32.24469,147.3087,5,4,True,True,122
231882,1.545632,1.268475,1015.527,33.66662,-0.8256836, -0.008300781, -0.5356445, 20.84625, 92.33656, 30.69781,147.3087,5,4,True,True,122
231950,0.843861,0.1420898,1015.569,-1,-0.8232422, -0.01220703, -0.6025391, 16.47125, 74.74281, 28.68219,147.3087,5,4,True,True,122
232134,1.056168,1.268475,1015.527,-1,-0.7998047, -0.04394531, -0.5600586, 10.70563, -58.25719, 10.10406,147.3087,5,4,True,True,122
232204,1.872812,2.689457,1015.475,33.68032,-0.8134766, -0.04785156, -0.5009766, 8.736876, -66.63219, 1.354063,147.3087,5,4,True,True,122
232275,3.546153,5.219494,1015.382,33.68946,-0.855957, -0.03710938, -0.4628906, 5.018125, -40.74156, -4.224062,147.3087,5,4,True,True,122
232366,1.852785,0.1594162,1015.568,-1,-0.8833008, -0.02636719, -0.4643555, 0.9868751, 16.35219, -9.020937,147.3087,5,4,True,True,122
232437,1.569295,1.285805,1015.527,-1,-0.862793, -0.03027344, -0.4931641, 0.3618751, 43.32094, -12.00531,147.3087,5,4,True,True,122
232510,1.990744,2.412193,1015.485,-1,-0.8330078, -0.02490234, -0.5327148, 1.518125, 37.64906, -13.31781,147.3087,5,4,True,True,122
232602,2.626029,3.261314,1015.454,-1,-0.8037109, -0.03125, -0.5898438, 2.361875, -3.491562, -14.53656,147.3087,5,4,True,True,122
232677,2.094549,1.563068,1015.516,-1,-0.7729492, -0.02783203, -0.5776367, -0.8881249, -39.83531, -17.84906,147.3087,5,4,True,True,122
232749,2.097409,2.100269,1015.496,-1,-0.7885742, -0.04199219, -0.5551758, -6.3725, -54.24156, -20.25531,147.3087,5,4,True,True,122
232827,3.372523,4.647636,1015.403,33.67575,-0.828125, -0.05126953, -0.5214844, -12.2475, -45.41344, -22.41156,147.3087,5,4,True,True,122
232904,1.471376,-0.4297714,1015.589,-1,-0.8452148, -0.04882813, -0.4794922, -16.04437, -23.14781, -20.81781,147.3087,5,4,True,True,122
232980,2.210383,2.94939,1015.465,-1,-0.8378906, -0.05273438, -0.4545898, -15.91937, 8.039688, -16.02094,147.3087,5,4,True,True,122
233194,2.155326,2.100269,1015.496,33.68032,-0.8056641, -0.03759766, -0.5483398, -13.34125, 34.97719, -3.474062,147.3087,5,4,True,True,122
233269,3.53145,4.907574,1015.393,-1,-0.7841797, -0.03564453, -0.5698242, -16.31, 26.93031, -1.599062,147.3087,5,4,True,True,122
233346,1.533511,-0.4644279,1015.591,-1,-0.7783203, -0.04052734, -0.5844727, -20.02875, 14.41469, -0.8803124,147.3087,5,4,True,True,122
233424,2.787317,4.041122,1015.425,-1,-0.8100586, -0.04882813, -0.581543, -22.54437, -4.475937, 0.7915626,147.3087,5,4,True,True,122
233506,1.300076,-0.1871643,1015.581,-1,-0.8271484, -0.05273438, -0.5371094, -21.41937, -19.49156, 3.025938,147.3087,5,4,True,True,122
233607,-0.5699287,-2.439934,1015.663,-1,-0.8344727, -0.03955078, -0.4853516, -16.02875, -12.60094, 5.697813,147.3087,5,4,True,True,122
233688,-0.5171783,-0.4644279,1015.591,-1,-0.8300781, -0.03222656, -0.5102539, -12.48187, 8.820938, 5.354063,147.3087,5,4,True,True,122
233772,1.051481,2.62014,1015.478,-1,-0.8154297, -0.02490234, -0.5551758, -10.82562, 32.47719, 3.150938,147.3087,5,4,True,True,122
233856,0.8567207,0.6619606,1015.549,33.63464,-0.7983398, -0.02636719, -0.5742188, -8.809999, 28.91469, 0.6821876,147.3087,5,4,True,True,122
233942,0.8893074,0.9218941,1015.54,33.62551,-0.7954102, -0.03076172, -0.5834961, -5.575625, 0.2740626, -2.474062,147.3087,5,4,True,True,122
234097,1.598762,2.308216,1015.489,33.5981,-0.8144531, -0.02880859, -0.5488281, -0.9974999, -44.05406, -7.067812,147.3087,5,4,True,True,122
234163,-0.03068578,-1.660133,1015.634,-1,-0.8046875, -0.03466797, -0.512207, 0.4087501, -40.99156, -9.114687,147.3087,5,4,True,True,122
234344,0.280979,0.5926437,1015.552,33.5844,-0.8579102, -0.04248047, -0.5131836, 2.7525, 3.633438, -13.17719,147.3087,5,4,True,True,122
234409,3.252779,6.224579,1015.345,33.59353,-0.8618164, -0.04785156, -0.527832, 4.174375, 10.64906, -12.86469,147.3087,5,4,True,True,122
234491,1.654111,0.05544281,1015.572,-1,-0.8261719, -0.04980469, -0.5268555, 6.815, 8.399063, -11.83344,147.3087,5,4,True,True,122
234560,2.12846,2.60281,1015.478,33.5981,-0.8334961, -0.04003906, -0.5522461, 7.0025, 2.586563, -9.317812,147.3087,5,4,True,True,122
234627,2.504269,2.880077,1015.468,-1,-0.8149414, -0.04345703, -0.5551758, 5.799375, -2.007187, -8.099062,147.3087,5,4,True,True,122
234697,1.851713,1.199158,1015.53,-1,-0.7910156, -0.03955078, -0.5356445, 4.174375, -4.538437, -7.052187,147.3087,5,4,True,True,122
234771,1.525435,1.199158,1015.53,-1,-0.7866211, -0.04931641, -0.5141602, 3.19, -5.319687, -5.114687,147.3087,5,4,True,True,122
234861,2.202756,2.880077,1015.468,33.6118,-0.8105469, -0.05322266, -0.4970703, 2.955625, -3.850937, -0.3178124,147.3087,5,4,True,True,122
234931,2.116854,2.030952,1015.499,-1,-0.84375, -0.05615234, -0.5097656, 3.393125, 2.149063, 4.525938,147.3087,5,4,True,True,122
235001,1.658006,1.199158,1015.53,33.60723,-0.8520508, -0.05371094, -0.5185547, 4.299375, 10.33656, 8.416563,147.3087,5,4,True,True,122
235073,3.53406,5.410114,1015.375,-1,-0.8037109, -0.05419922, -0.5083008, 4.330625, 21.32094, 11.41656,147.3087,5,4,True,True,122
235167,2.921138,2.308216,1015.489,-1,-0.7978516, -0.04541016, -0.5297852, 3.53375, 30.53969, 13.07281,147.3087,5,4,True,True,122
235357,2.337414,1.753689,1015.51,33.60723,-0.8032227, -0.04394531, -0.5683594, 2.174375, 9.992813, 13.47906,147.3087,5,4,True,True,122
235430,2.608746,2.880077,1015.468,-1,-0.8129883, -0.04589844, -0.5595703, 2.674375, -7.163437, 12.72906,147.3087,5,4,True,True,122
235504,3.307604,4.006462,1015.427,-1,-0.8222656, -0.046875, -0.5581055, 3.3775, -18.06969, 12.40094,147.3087,5,4,True,True,122
235579,3.232472,3.157341,1015.458,-1,-0.8359375, -0.04589844, -0.5585938, 3.6275, -15.17906, 10.80719,147.3087,5,4,True,True,122
235675,2.770344,2.308216,1015.489,33.5981,-0.7939453, -0.05664063, -0.5092773, 4.065, -2.647812, 8.729063,147.3087,5,4,True,True,122
235751,2.262017,1.753689,1015.51,-1,-0.8432617, -0.04833984, -0.5415039, 4.72125, 3.930313, 6.697813,147.3087,5,4,True,True,122
235830,1.297361,0.3327065,1015.562,33.5981,-0.8066406, -0.04003906, -0.5463867, 4.830625, 5.524063, 4.119688,147.3087,5,4,True,True,122
235911,1.230931,1.164501,1015.531,33.57983,-0.8232422, -0.03710938, -0.5839844, 5.111875, 2.539688, 1.354063,147.3087,5,4,True,True,122
236011,0.3399301,-0.5510712,1015.594,33.57069,-0.8149414, -0.03466797, -0.578125, 5.09625, -11.92906, -1.380312,147.3087,5,4,True,True,122
236091,2.987661,5.635391,1015.367,33.57069,-0.8266602, -0.03710938, -0.5732422, 4.5025, -24.53844, -3.802187,147.3087,5,4,True,True,122
236172,3.748332,4.509003,1015.408,33.55699,-0.8144531, -0.046875, -0.5317383, 4.080625, -26.28844, -5.333437,147.3087,5,4,True,True,122
236253,1.589965,-0.5684013,1015.594,-1,-0.8217773, -0.04736328, -0.5107422, 4.1275, -18.44469, -6.083437,147.3087,5,4,True,True,122
236465,0.3634831,-0.862999,1015.605,-1,-0.8227539, -0.04833984, -0.5244141, 2.893125, 12.39906, -4.927187,147.3087,5,4,True,True,122
236548,0.5907019,0.8179207,1015.544,33.52958,-0.8041992, -0.04785156, -0.5253906, 1.393125, 13.66469, -5.192812,147.3087,5,4,True,True,122
236630,0.7043113,0.8179207,1015.544,-1,-0.8168945, -0.04443359, -0.5390625, -1.21625, 8.336563, -3.770937,147.3087,5,4,True,True,122
236714,1.185677,1.667042,1015.513,-1,-0.8061523, -0.04101563, -0.527832, -3.200625, 1.680313, -2.895937,147.3087,5,4,True,True,122
236799,1.989553,2.79343,1015.471,33.52958,-0.8139648, -0.04443359, -0.5219727, -4.52875, -0.7571874, -1.786562,147.3087,5,4,True,True,122
236956,4.081073,6.172592,1015.347,33.52958,-0.8803711, -0.04492188, -0.5507813, -5.81, 7.461563, -0.8959374,147.3087,5,4,True,True,122
237020,5.265464,6.449856,1015.337,33.53415,-0.8491211, -0.046875, -0.5336914, -6.3725, 10.85219, -0.8803124,147.3087,5,4,True,True,122
237106,3.466253,1.667042,1015.513,33.52501,-0.9072266, -0.0625, -0.5795898, -8.528749, 14.32094, -0.9896874,147.3087,5,4,True,True,122
237172,1.292964,-0.8803253,1015.606,-1,-0.921875, -0.0546875, -0.6010742, -12.23187, 12.74281, 1.182188,147.3087,5,4,True,True,122
237241,0.9081453,0.5233269,1015.555,33.52045,-0.8129883, -0.06787109, -0.5258789, -17.84125, 10.43031, 5.854063,147.3087,5,4,True,True,122
237309,1.703491,2.498837,1015.482,-1,-0.7929688, -0.06103516, -0.5048828, -22.88812, 5.555313, 11.46344,147.3087,5,4,True,True,122
237399,4.215305,6.727119,1015.327,-1,-0.8383789, -0.04882813, -0.5273438, -26.15375, 3.008438, 17.11969,147.3087,5,4,True,True,122
237580,3.218439,2.221573,1015.492,-1,-0.800293, -0.01611328, -0.5366211, -20.9975, 8.524063, 14.47906,147.3087,5,4,True,True,122
237650,3.005935,2.79343,1015.471,-1,-0.7939453, -0.01074219, -0.5566406, -15.54437, 7.680313, 8.291563,147.3087,5,4,True,True,122
237723,2.752386,2.498837,1015.482,33.52501,-0.7573242, -0.001953125, -0.5478516, -9.341249, -2.585312, 0.9946876,147.3087,5,4,True,True,122
237813,3.050172,3.347958,1015.451,33.52045,-0.7763672, -0.01123047, -0.5517578, 0.04937506, -21.21031, -10.55219,147.3087,5,4,True,True,122
237886,2.913136,2.7761,1015.472,-1,-0.7470703, -0.01660156, -0.5151367, 6.799375, -33.03844, -18.81781,147.3087,5,4,True,True,122
237959,2.272761,1.632385,1015.513,33.51588,-0.8227539, -0.002441406, -0.5390625, 12.2525, -31.53844, -24.11469,147.3087,5,4,True,True,122
238042,1.666644,1.060528,1015.535,-1,-0.8334961, 0.009277344, -0.5239258, 20.72125, -17.02281, -31.03656,147.3087,5,4,True,True,122
238135,3.053167,4.43969,1015.411,33.49304,-0.8886719, -0.006347656, -0.5712891, 29.39313, 4.508438, -34.03656,147.3087,5,4,True,True,122
238210,2.88864,2.724113,1015.474,33.47934,-0.8193359, -0.0234375, -0.5493164, 36.03375, 13.14906, -34.28656,147.3087,5,4,True,True,122
238287,3.646835,4.405029,1015.412,-1,-0.7714844, -0.04101563, -0.5239258, 38.08062, 12.50844, -27.97406,147.3087,5,4,True,True,122
238381,2.613617,1.580399,1015.516,-1,-0.8027344, -0.06689453, -0.5400391, 35.34625, 10.43031, -11.16156,147.3087,5,4,True,True,122
238458,2.651537,2.689457,1015.475,-1,-0.78125, -0.06884766, -0.5180664, 31.6275, 8.445938, 4.557188,147.3087,5,4,True,True,122
238647,0.5476885,-1.55616,1015.631,-1,-0.8442383, -0.05517578, -0.5991211, 29.40875, 13.82094, 33.08844,147.3087,5,4,True,True,122
238723,1.453946,2.360203,1015.487,-1,-0.7353516, -0.04443359, -0.5356445, 27.1275, 4.180313, 39.76031,147.3087,5,4,True,True,122
238818,1.491179,1.528412,1015.517,-1,-0.7553711, -0.05273438, -0.53125, 25.3775, -12.42906, 44.88531,147.3087,5,4,True,True,122
238896,3.909865,6.328552,1015.342,-1,-0.7592773, -0.05712891, -0.5068359, 26.90875, -20.10094, 47.19781,147.3087,5,4,True,True,122
238975,2.173275,0.4366837,1015.558,-1,-0.9707031, -0.04052734, -0.5898438, 27.90875, -11.80406, 51.97906,147.3087,5,4,True,True,122
239056,3.133192,4.093109,1015.424,-1,-0.8916016, -0.05859375, -0.5131836, 32.09625, 13.25844, 52.40094,147.3087,5,4,True,True,122
239156,2.911325,2.689457,1015.475,-1,-0.8085938, -0.05419922, -0.4912109, 33.65875, 36.75844, 51.76031,147.3087,5,4,True,True,122
239237,3.35492,3.798515,1015.435,-1,-0.8095703, -0.06494141, -0.5234375, 33.19, 39.61781, 47.63531,147.3087,5,4,True,True,122
239321,2.857561,2.360203,1015.487,33.41082,-0.8027344, -0.05957031, -0.534668, 31.28375, 27.74281, 39.47906,147.3087,5,4,True,True,122
239406,2.054355,1.251148,1015.528,33.41538,-0.8461914, -0.06835938, -0.5668945, 26.26813, 5.992813, 30.43219,147.3087,5,4,True,True,122
239511,2.207279,2.360203,1015.487,-1,-0.8222656, -0.05810547, -0.5126953, 23.26813, -1.694687, 17.27594,147.3087,5,4,True,True,122
239592,2.015142,1.823006,1015.507,-1,-0.8393555, -0.05615234, -0.5048828, 21.72125, 0.8053126, 8.354063,147.3087,5,4,True,True,122
239863,1.771777,1.528412,1015.517,33.43822,-0.8515625, -0.06396484, -0.5688477, 5.486875, -36.25719, -9.286562,147.3087,5,4,True,True,122
239929,2.646513,3.521248,1015.445,33.42452,-0.9033203, -0.04052734, -0.5888672, 1.111875, -47.92906, -16.48969,147.3087,5,4,True,True,122
239994,3.08388,3.521248,1015.445,33.42452,-0.9033203, -0.05566406, -0.5595703, -1.34125, -46.41344, -24.38031,147.3087,5,4,True,True,122
240075,3.016635,2.94939,1015.465,-1,-0.9047852, -0.05908203, -0.527832, -5.7475, -34.00719, -30.53656,147.3087,5,4,True,True,122
240140,2.575781,2.134926,1015.495,33.44279,-0.7719727, -0.04199219, -0.4355469, -7.919375, -20.72594, -33.94281,147.3087,5,4,True,True,122
240206,3.481742,4.387703,1015.413,-1,-0.9208984, -0.07421875, -0.5170898, -9.731874, -9.772812, -34.45844,147.3087,5,4,True,True,122
240295,2.669702,1.857662,1015.506,33.45649,-0.7749023, -0.07275391, -0.4453125, -15.79437, 6.805313, -27.83344,147.3087,5,4,True,True,122
240383,1.839122,1.008541,1015.537,-1,-0.6459961, -0.09228516, -0.3876953, -27.15375, 17.41469, -12.91156,147.3087,5,4,True,True,122
240451,1.70976,1.580399,1015.516,-1,-0.5834961, -0.08105469, -0.3657227, -37.27875, 20.38344, -0.6615624,147.3087,5,4,True,True,122
240522,1.645079,1.580399,1015.516,-1,-0.7255859, -0.08154297, -0.4677734, -44.48188, 25.83656, 6.369688,147.3087,5,4,True,True,122
240613,2.591829,3.538578,1015.444,-1,-1.406738, -0.1186523, -0.9213867, -60.38813, 27.27406, 24.51031,147.3087,5,4,True,True,122
240686,3.76703,4.94223,1015.392,33.45193,-0.8110352, -0.08886719, -0.5483398, -52.63813, 24.75844, 10.93219,147.3087,5,4,True,True,122
240889,3.505507,3.243984,1015.455,-1,-0.8388672, -0.03759766, -0.5332031, -45.2475, 36.38344, 14.55719,147.3087,5,4,True,True,122
240963,2.811553,2.117599,1015.496,33.42909,-0.8173828, -0.05761719, -0.5639648, -37.46625, 39.96156, 6.025938,147.3087,5,4,True,True,122
241053,1.060924,-0.6897049,1015.599,33.44279,-0.8105469, -0.02539063, -0.6542969, -27.27875, 20.10219, -7.645937,147.3087,5,4,True,True,122
241128,3.417475,5.774025,1015.362,33.44279,-0.6166992, -0.02001953, -0.5498047, -17.77875, -11.28844, -20.33344,147.3087,5,4,True,True,122
241219,4.162524,4.907574,1015.393,-1,-0.7060547, -0.02880859, -0.5927734, -5.21625, -55.35094, -36.11469,147.3087,5,4,True,True,122
241297,3.98052,3.798515,1015.435,-1,-0.6147461, -0.05273438, -0.4594727, -1.21625, -79.33531, -43.83344,147.3087,5,4,True,True,122
241375,4.591344,5.202168,1015.383,-1,-0.90625, -0.06689453, -0.5498047, 2.03375, -70.47594, -48.34906,147.3087,5,4,True,True,122
241477,4.749459,4.907574,1015.394,-1,-0.8051758, -0.06347656, -0.4248047, 11.53375, -10.99156, -42.39594,147.3087,5,4,True,True,122
241557,3.979393,3.209328,1015.456,-1,-0.934082, -0.07617188, -0.5380859, 23.42438, 39.07094, -28.38031,147.3087,5,4,True,True,122
241657,3.161135,2.342876,1015.487,-1,-0.9414063, -0.09179688, -0.7050781, 35.65875, 64.39906, -11.11469,147.3087,5,4,True,True,122
241736,3.731095,4.301056,1015.416,33.38798,-1.047852, -0.05078125, -0.8979492, 41.2525, 25.28969, -2.255312,147.3087,5,4,True,True,122
241838,4.440636,5.150177,1015.384,-1,-0.675293, -0.046875, -0.550293, 51.92437, -33.33531, -2.583437,147.3087,5,4,True,True,122
242033,4.370846,4.301056,1015.416,33.3834,-0.7563477, -0.06396484, -0.4248047, 56.95562, 0.5865626, 8.682188,147.3087,5,4,True,True,122
242130,2.64637,0.9218941,1015.54,-1,-0.8242188, -0.05273438, -0.4829102, 52.54937, 57.78969, 35.51031,147.3087,5,4,True,True,122
242214,4.322836,5.999302,1015.353,-1,-0.8764648, -0.1098633, -0.590332, 45.86187, 73.03969, 52.93219,147.3087,5,4,True,True,122
242297,2.622365,0.9218941,1015.54,-1,-1.057617, -0.06396484, -0.7978516, 34.42437, 32.86781, 68.18219,147.3087,5,4,True,True,122
242400,1.633498,0.6446304,1015.55,33.3834,-0.7509766, -0.02929688, -0.5507813, 36.23687, -21.89781, 60.60406,147.3087,5,4,True,True,122
242483,1.277696,0.9218941,1015.54,-1,-0.6181641, -0.07666016, -0.4013672, 39.03375, -33.69469, 51.54156,147.3087,5,4,True,True,122
242637,2.503447,3.729198,1015.437,33.37427,-0.8496094, -0.04150391, -0.4594727, 34.64312, 26.69594, 45.65094,147.3087,5,4,True,True,122
242722,2.553128,2.60281,1015.478,33.3697,-0.871582, -0.02539063, -0.4741211, 35.0025, 54.72719, 45.55719,147.3087,5,4,True,True,122
242787,1.86748,1.181831,1015.53,33.356,-0.8842773, -0.0546875, -0.5180664, 37.69, 58.88344, 43.32281,147.3087,5,4,True,True,122
242872,0.9614614,0.05544281,1015.572,33.356,-0.9204102, -0.05224609, -0.6083984, 39.70562, 41.28969, 38.43219,147.3087,5,4,True,True,122
242960,1.764807,2.568153,1015.48,-1,-0.8754883, -0.1157227, -0.6367188, 34.315, 6.305313, 31.26031,147.3087,5,4,True,True,122
243049,2.712344,3.659882,1015.439,-1,-0.6206055, -0.08105469, -0.4555664, 21.815, -30.35094, 22.35406,147.3087,5,4,True,True,122
243250,3.896604,5.080864,1015.387,-1,-0.9501953, -0.09960938, -0.5336914, 4.549375, -43.53844, 7.713438,147.3087,5,4,True,True,122
243315,3.362345,2.828087,1015.47,-1,-0.9589844, -0.07470703, -0.5102539, 1.549375, -33.89781, 4.697813,147.3087,5,4,True,True,122
243400,2.384727,1.407108,1015.522,-1,-1.087402, -0.07226563, -0.5966797, -2.56, -9.054062, 4.650938,147.3087,5,4,True,True,122
243468,2.745041,3.105354,1015.46,-1,-0.9023438, -0.04101563, -0.5302734, -4.200625, 2.430313, -2.317812,147.3087,5,4,True,True,122
243557,3.48839,4.231739,1015.419,-1,-0.7797852, -0.05126953, -0.484375, -11.06, 3.633438, -6.958437,147.3087,5,4,True,True,122
243629,3.860065,4.231739,1015.419,-1,-0.7548828, -0.06054688, -0.4799805, -12.77875, -4.397812, -16.50531,147.3087,5,4,True,True,122
243722,4.323167,4.78627,1015.398,33.29661,-0.6767578, -0.05664063, -0.4047852, -21.02875, -13.41344, -19.27094,147.3087,5,4,True,True,122
243792,4.260125,4.197083,1015.42,33.28291,-0.7514648, -0.03369141, -0.4311523, -22.35687, -10.61656, -24.05219,147.3087,5,4,True,True,122
243888,4.93043,5.600735,1015.368,33.28748,-0.8041992, -0.06738281, -0.4355469, -22.935, 8.524063, -31.03656,147.3087,5,4,True,True,122
243963,4.139194,3.347958,1015.451,33.29205,-1.104004, -0.1323242, -0.6040039, -27.7475, 37.49281, -26.16156,147.3087,5,4,True,True,122
244059,3.336343,2.533493,1015.481,-1,-0.7958984, -0.05322266, -0.5019531, -27.15375, 58.88344, -30.05219,147.3087,5,4,True,True,122
244132,3.91401,4.491676,1015.409,-1,-0.7021484, -0.06689453, -0.496582, -26.04437, 51.19594, -32.23969,147.3087,5,4,True,True,122
244343,2.946488,1.978966,1015.501,-1,-0.7675781, -0.0625, -0.5478516, -38.01313, -20.86656, -28.38031,147.3087,5,4,True,True,122
244436,2.73999,2.533493,1015.481,-1,-0.987793, -0.0703125, -0.6572266, -40.70063, -28.94469, -28.31781,147.3087,5,4,True,True,122
244514,1.917587,1.095184,1015.533,-1,-1.072754, -0.04101563, -0.7001953, -36.34125, -25.50719, -34.80219,147.3087,5,4,True,True,122
244608,1.783651,1.649715,1015.513,-1,-0.890625, 0.02246094, -0.5791016, -28.60687, -20.96031, -38.08344,147.3087,5,4,True,True,122
244703,1.855315,1.926979,1015.503,-1,-0.5961914, -0.03515625, -0.3833008, -19.60687, -15.14781, -42.08344,147.3087,5,4,True,True,122
244800,2.029779,2.204243,1015.493,-1,-0.5991211, -0.04443359, -0.3720703, -18.79437, -6.600937, -33.13031,147.3087,5,4,True,True,122
244899,1.839747,1.649715,1015.513,-1,-0.8745117, -0.08154297, -0.5566406, -19.91937, 8.024063, -21.20844,147.3087,5,4,True,True,122
244980,3.001085,4.162422,1015.421,33.26007,-0.9189453, -0.08740234, -0.6088867, -26.27875, 12.58656, -3.661562,147.3087,5,4,True,True,122
245090,3.295825,3.590565,1015.442,-1,-0.9545898, -0.1098633, -0.6435547, -28.40375, 3.274063, 8.510313,147.3087,5,4,True,True,122
245174,1.753614,0.2114029,1015.566,33.24179,-0.7285156, -0.05273438, -0.4912109, -33.685, -4.788437, 17.54156,147.3087,5,4,True,True,122
245276,3.087987,4.422359,1015.411,-1,-0.6245117, -0.04833984, -0.4047852, -31.1225, -1.725937, 17.94781,147.3087,5,4,True,True,122
245362,2.490155,1.892323,1015.504,33.22809,-0.7045898, -0.02685547, -0.4389648, -25.09125, 6.602188, 14.71344,147.3087,5,4,True,True,122
245580,2.901728,3.313301,1015.452,-1,-0.9394531, -0.07568359, -0.6811523, 4.799375, 12.25844, -13.58344,147.3087,5,4,True,True,122
245734,3.254811,3.607895,1015.441,-1,-0.5107422, -0.07910156, -0.3520508, 8.049376, -25.44469, -16.94281,147.3087,5,4,True,True,122
245814,2.590895,1.926979,1015.503,-1,-0.5625, -0.05517578, -0.3549805, 5.049375, -31.80406, -11.47406,147.3087,5,4,True,True,122
245915,3.662589,4.734283,1015.4,33.26464,-0.894043, -0.05810547, -0.5263672, 4.22125, -11.35094, -8.474062,147.3087,5,4,True,True,122
246015,2.933416,2.204243,1015.493,-1,-1.296387, -0.05273438, -0.8110352, 2.861875, 28.49281, -6.411562,147.3087,5,4,True,True,122
246121,4.119779,5.306141,1015.379,33.2692,-0.6938477, -0.01367188, -0.5219727, 10.26813, 19.83656, -12.67719,147.3087,5,4,True,True,122
246227,4.149765,4.179752,1015.42,-1,-0.6635742, -0.05908203, -0.4985352, 9.893126, -18.36656, -11.67719,147.3087,5,4,True,True,122
246334,3.887495,3.625225,1015.44,-1,-0.6699219, -0.05224609, -0.4326172, 3.34625, -40.13219, -2.755312,147.3087,5,4,True,True,122
246442,2.344043,0.8005905,1015.544,33.2692,-1.129395, -0.06933594, -0.6665039, -0.4818749, -16.53844, 8.807188,147.3087,5,4,True,True,122
246553,2.135511,1.926979,1015.503,-1,-0.8486328, -0.06933594, -0.5419922, -8.247499, 12.83656, 17.72906,147.3087,5,4,True,True,122
246665,2.308509,2.481506,1015.483,-1,-0.6879883, -0.01806641, -0.4501953, 1.205625, 10.64906, -0.5365624,147.3087,5,4,True,True,122
246778,2.256376,2.204243,1015.493,33.26007,-0.6328125, -0.03857422, -0.3945313, -1.044375, -3.663437, 1.791563,147.3087,5,4,True,True,122
247006,2.230309,2.204243,1015.493,-1,-1.131348, 0.02929688, -0.737793, 1.455625, 28.74281, 17.13531,147.3087,5,4,True,True,122
247110,2.641839,3.053368,1015.462,-1,-0.7045898, 0.001464844, -0.5141602, 0.8618751, 17.16469, 17.54156,147.3087,5,4,True,True,122
247218,2.847603,3.053368,1015.462,-1,-0.7026367, -0.01611328, -0.5024414, 3.40875, -16.74156, 10.32281,147.3087,5,4,True,True,122
247326,3.227749,3.607895,1015.441,33.26007,-0.8642578, -0.01464844, -0.5507813, 11.33063, -31.80406, -2.411562,147.3087,5,4,True,True,122
247437,2.144138,1.060528,1015.535,-1,-1.147461, 0.02978516, -0.6884766, 19.26813, -9.413437, -11.70844,147.3087,5,4,True,True,122
247549,1.879597,1.615055,1015.515,-1,-0.862793, 0.04980469, -0.5664063, 19.84625, 10.74281, -8.130312,147.3087,5,4,True,True,122
247664,2.31052,2.741444,1015.473,33.23266,-0.4716797, -0.03466797, -0.3168945, 24.3775, -1.335312, -12.72406,147.3087,5,4,True,True,122
247780,2.803246,3.295971,1015.453,-1,-0.737793, -0.07177734, -0.4824219, 11.04938, -21.36656, 4.541563,147.3087,5,4,True,True,122
247895,3.049608,3.295971,1015.453,-1,-1.120117, -0.04296875, -0.6733398, -2.231875, -15.25719, 19.19781,147.3087,5,4,True,True,122
248015,3.597352,4.145096,1015.422,33.23266,-0.9003906, -0.005371094, -0.5375977, -7.09125, 21.32094, 23.79156,147.3087,5,4,True,True,122
248137,2.883469,2.169586,1015.494,33.23266,-0.8388672, -0.002929688, -0.5395508, -2.6225, 32.22719, 15.26031,147.3087,5,4,True,True,122
248258,2.11063,1.337791,1015.525,-1,-0.6245117, 0.0004882813, -0.4199219, 4.09625, 29.52406, 5.182188,147.3087,5,4,True,True,122
248492,2.010139,1.909649,1015.504,33.24636,-0.9160156, -0.1245117, -0.6547852, -0.7474999, -9.569687, -0.5678124,147.3087,5,4,True,True,122
248605,2.800352,3.590565,1015.442,-1,-0.7216797, -0.02880859, -0.5166016, -2.888125, -45.28844, -13.94281,147.3087,5,4,True,True,122
248721,1.219949,-0.3604546,1015.587,-1,-0.534668, -0.05322266, -0.3349609, -5.435, -47.06969, -19.14594,147.3087,5,4,True,True,122
248837,1.833399,2.44685,1015.484,-1,-0.815918, -0.07714844, -0.4121094, -12.51312, -7.741562, -3.286562,147.3087,5,4,True,True,122
248955,2.556022,3.278645,1015.453,33.21438,-1.304199, -0.02392578, -0.7724609, -17.10687, 64.10219, 16.68219,147.3087,5,4,True,True,122
249076,2.917333,3.278645,1015.453,33.20525,-0.644043, 0.006835938, -0.5429688, -14.1225, 45.33656, 4.260313,147.3087,5,4,True,True,122
249197,1.685672,0.45401,1015.557,-1,-0.7304688, -0.02978516, -0.6328125, -14.29437, -37.55406, -9.849062,147.3087,5,4,True,True,122
