time_launch,filtered_altitude,unfiltered_altitude,pressure,temperature,acceleration_x,acceleration_y,acceleration_z,gyro_x_rate,gyro_y_rate,gyro_z_rate,max_altitude,apogee_counter,event#,error_flag 
10,-12.05956,-14.24789,996.2991,-1,0.6069336, 15.99951, -0.7006836, 50.02797, -68.89484, 66.20484,2.484259,1,1,30
24,-18.90697,-25.75439,996.715,-1,-2.304688, 15.99951, -0.3061523, -7.268906, -99.51984, -7.904531,2.484259,2,1,30
39,-28.0406,-37.17422,997.1281,-1,2.128418, 15.99951, 1.200195, -50.92516, -101.0042, 123.2361,2.484259,3,1,30
112,-53.48457,-78.92853,998.6386,-1,-0.3100586, 1.362793, 1.013672, -125.847, 75.93328, 39.0486,2.484259,4,1,30
176,-59.11896,-64.75336,998.1255,-1,-0.3930664, -0.2407227, -0.4291992, 2.340469, 65.71453, -16.59203,2.484259,5,1,30
345,-49.45493,-39.79089,997.2227,-1,0.296875, -0.2402344, -0.2436523, 23.41859, 33.63641, 14.89234,2.484259,6,2,30
411,-38.87401,-28.29309,996.8068,10.88437,0.1884766, -0.2426758, 0.1425781, 17.57484, 26.77703, 14.67359,2.484259,7,2,30
478,-28.67077,-18.46753,996.4517,-1,-0.06494141, -0.2207031, 0.2797852, -4.800156, 23.08953, -7.857656,2.484259,8,2,30
547,-20.80517,-12.93958,996.2519,10.87519,-0.1821289, -0.1523438, 0.265625, 0.2623438, 16.93328, -9.982656,2.484259,9,2,30
616,-12.20653,-3.60788,995.9149,-1,-0.2148438, -0.1425781, 0.1845703, 2.371719, 8.995781, -8.154531,2.484259,10,2,30
684,-3.938849,4.328827,995.6281,-1,-0.1860352, -0.09912109, 0.09521484, 3.574844, 6.167656, -6.888906,2.484259,11,2,30
753,4.457928,12.85471,995.3204,-1,-0.1098633, -0.09326172, 0.05224609, 2.590469, 3.808281, -5.310781,2.484259,12,2,30
823,10.83977,17.22162,995.1626,10.83846,-0.05371094, -0.08398438, 0.02734375, 0.1217188, 1.902031, -4.326406,4.457928,0,2,30
894,17.31021,23.78064,994.9257,10.83846,-0.01464844, -0.07275391, 0.06103516, -1.565781, 0.2926564, -0.7326562,10.83977,0,2,30
965,24.66542,32.02063,994.6284,-1,-0.0078125, -0.07275391, 0.06347656, -2.909531, -0.5354686, 0.7048438,17.31021,0,2,30
1143,34.10059,43.53577,994.2129,-1,0.01416016, -0.0546875, 0.05810547, -5.237656, -2.847969, 0.5954688,24.66542,0,2,30
1214,40.46009,46.81958,994.0945,-1,0.02539063, -0.0390625, 0.06835938, -5.534531, -3.285469, 1.548594,34.10059,0,2,30
1285,46.92371,53.38733,993.8577,-1,0.03417969, -0.04492188, 0.0546875, -5.050156, -4.972969, 1.798594,40.46009,0,2,30
1356,52.63788,58.35205,993.6788,-1,0.04003906, -0.03662109, 0.05371094, -4.972031, -5.691719, 2.142344,46.92371,0,2,30
1433,56.88129,61.12469,993.5789,10.81092,0.01074219, -0.02441406, 0.07226563, -4.706406, -6.519844, 1.876719,52.63788,0,2,30
1509,61.04349,65.20569,993.4316,-1,-0.005859375, -0.01416016, 0.07421875, -5.550156, -7.832344, 0.1892188,56.88129,0,2,30
1586,64.9138,68.78412,993.3027,-1,-0.006347656, -0.008789063, 0.05859375, -4.206406, -8.379219, 0.3923438,61.04349,0,2,30
1661,66.84896,68.78412,993.3027,-1,-0.007324219, -0.00390625, 0.05126953, -4.690781, -8.816719, 0.6267188,64.9138,0,2,30
1738,69.31117,71.77338,993.1948,-1,0.0009765625, 0.0004882813, 0.03613281, -4.018906, -9.410469, 1.470469,66.84896,0,2,30
1815,71.78132,74.25146,993.1054,-1,0.004882813, 0.00390625, 0.04052734, -4.503281, -9.957344, 1.704844,69.31117,0,2,30
1998,75.71973,79.65814,992.9107,-1,0.002441406, 0.009277344, 0.04980469, -5.690781, -9.926094, 2.532969,71.78132,0,2,30
2077,77.68893,79.65814,992.9107,-1,0.003417969, 0.008789063, 0.05810547, -6.378281, -10.20734, 2.892344,75.71973,0,2,30
2155,79.33202,80.9751,992.8633,-1,0.004394531, 0.01123047, 0.05957031, -6.393906, -10.26984, 3.220469,77.68893,0,2,30
2236,79.3131,79.29419,992.9236,-1,0.005859375, 0.01123047, 0.05078125, -6.331406, -10.67609, 3.642344,79.33202,0,2,30
2317,80.25241,81.19171,992.8555,-1,0.0, 0.01318359, 0.05029297, -6.550156, -11.56672, 3.970469,79.33202,1,2,30
2401,80.43181,80.61121,992.8762,10.85683,0.00390625, 0.01708984, 0.05566406, -7.487656, -12.53547, 5.126719,80.25241,0,2,30
2484,80.81176,81.19171,992.8555,10.85683,0.0078125, 0.02050781, 0.05029297, -8.503282, -13.25422, 6.751719,80.43181,0,2,30
2566,80.30859,79.80542,992.9052,-1,0.005371094, 0.02392578, 0.05273438, -9.800157, -13.55109, 8.642344,80.81176,0,2,30
2698,79.22089,78.13318,992.9657,-1,0.004882813, 0.03027344, 0.05664063, -13.67516, -13.61359, 13.64234,80.81176,1,2,30
2761,77.72827,76.23566,993.0341,-1,0.002441406, 0.03369141, 0.05859375, -16.65953, -13.76984, 17.34547,80.81176,2,2,30
2931,73.94937,70.17047,993.2526,-1,0.02001953, 0.0390625, 0.05712891, -27.17516, -14.53547, 32.4861,80.81176,3,2,30
2995,71.66136,69.37335,993.2814,10.8706,0.01660156, 0.03955078, 0.07177734, -32.95641, -17.06672, 39.89235,80.81176,4,2,30
3061,71.17587,70.69037,993.2339,10.8706,0.04931641, 0.02978516, 0.07568359, -40.98766, -22.75422, 52.26735,80.81176,5,3,30
3125,69.83705,68.49823,993.3129,-1,0.08935547, 0.01123047, 0.06591797, -48.08141, -30.81672, 66.81422,80.81176,5,3,30
3191,67.5257,65.21436,993.4313,-1,0.105957, -0.03125, 0.07177734, -60.05016, -47.59797, 88.14234,80.81176,5,3,30
3256,67.60907,67.69244,993.3419,-1,0.1757813, -0.1230469, 0.2426758, -72.84703, -59.51984, 111.5642,80.81176,5,3,30
3331,67.7634,67.91772,993.3338,-1,0.296875, -0.2504883, 0.08740234, -85.59703, -56.05109, 153.5798,80.81176,5,3,30
3398,70.57854,73.39368,993.1365,-1,0.6694336, -0.4682617, -0.05078125, -98.92516, -18.78547, 186.1267,80.81176,5,3,30
3468,69.79397,69.0094,993.2944,10.88437,0.6655273, -0.6923828, 0.2641602, -145.6439, 72.57391, 210.1111,80.81176,5,3,30
3536,67.75978,65.72559,993.4127,-1,0.3662109, -0.887207, 0.6000977, -211.9877, 182.2302, 192.6111,80.81176,5,3,30
3712,50.87794,33.99609,994.5573,-1,-0.2314453, -1.181641, 0.3066406, -315.3783, 351.0583, -48.21703,80.81176,5,3,30
3779,34.78193,18.68591,995.1097,-1,-0.1601563, -1.123047, 0.1005859, -265.5814, 345.152, -161.5139,80.81176,5,3,30
3847,25.81981,16.8577,995.1757,-1,0.009765625, -0.9560547, 0.07666016, -183.7533, 329.8552, -214.8108,80.81176,5,3,30
3918,21.48606,17.15231,995.1652,-1,0.2626953, -0.6445313, 0.1591797, -98.81578, 304.3552, -203.3108,80.81176,5,3,30
3990,22.3431,23.20013,994.947,-1,0.4394531, -0.3457031, 0.2285156, -55.94078, 243.6208, -149.7795,80.81176,5,3,30
4061,22.51602,22.68893,994.9652,-1,0.4150391, -0.1831055, 0.3959961, -49.47203, 228.3864, -91.52953,80.81176,5,3,30
4135,21.6537,20.79138,995.0337,10.83846,0.4736328, -0.230957, 0.3271484, -59.48766, 354.6052, -48.2639,80.81176,5,3,30
4211,18.34592,15.03815,995.2414,-1,0.08837891, -0.3310547, 0.5205078, -93.48766, 494.8708, -71.04516,80.81176,5,3,30
4285,13.45151,8.557098,995.4756,-1,-0.03662109, -0.3994141, 0.4375, -83.14391, 495.7927, -94.24828,80.81176,5,3,30
4357,4.592561,-4.266388,995.9386,-1,-0.1972656, -0.3779297, 0.262207, -45.00328, 440.6677, -129.8108,80.81176,5,3,30
4538,-9.627807,-23.84818,996.6462,-1,-0.2680664, -0.3764648, 0.1254883, 80.91859, 412.7927, -115.9827,80.81176,5,4,30
4614,-18.52289,-27.41797,996.7751,10.79715,-0.2255859, -0.3212891, 0.2353516, 98.37172, 373.1208, -74.98266,80.81176,5,4,30
4690,-26.34959,-34.1763,997.0196,10.78337,-0.2021484, -0.2871094, 0.2856445, 79.93422, 328.7458, -45.27953,80.81176,5,4,30
4767,-32.30344,-38.25729,997.1672,10.79255,-0.4575195, -0.2133789, 0.02636719, 64.55922, 305.0427, -38.60765,80.81176,5,4,30
4847,-14.82344,2.656555,995.6886,10.79255,-3.844727, -5.931641, 0.3164063, 510.403, -495.2855, 509.4392,80.81176,5,4,30
4925,-8.487848,-2.152252,995.8622,-1,-0.8188477, 3.879395, 1.864258, 25.69984, -295.9261, -83.82641,80.81176,5,4,30
5005,-2.699033,3.089783,995.6729,10.75124,0.5297852, -3.221191, -1.591797, -191.9408, -444.1605, -52.8264,80.81176,5,4,30
5086,-1.55052,-0.4020081,995.7991,10.74664,0.03613281, -0.07763672, 0.006347656, -122.3783, -505.1761, 54.6111,80.81176,5,4,30
5169,-1.266532,-0.9825439,995.8201,10.74664,0.4379883, 0.53125, -0.8920898, -10.23766, -91.58234, 44.72047,80.81176,5,4,30
5250,-1.670391,-2.074249,995.8596,10.74664,0.8461914, 1.129883, -1.080078, 13.87172, 134.3239, 48.9236,80.81176,5,4,30
5437,-1.075186,-0.4799805,995.8017,-1,0.2587891, -0.07519531, 0.2197266, 106.2623, 96.90203, -1.326406,80.81176,5,4,30
5520,-1.470744,-1.866302,995.8519,10.76501,0.1103516, 0.07421875, 0.3476563, -10.87828, -35.09797, 26.64234,80.81176,5,4,30
5602,-1.811498,-2.152252,995.8622,-1,0.8881836, -0.05859375, 1.009277, 9.934218, -196.1292, -0.2326562,80.81176,5,4,30
5733,-2.129168,-2.446838,995.8728,-1,0.7470703, -0.1171875, 0.5209961, 19.77797, 60.21453, -15.24828,80.81176,5,4,30
5797,-1.633829,-1.138489,995.8256,10.78337,0.652832, -0.09082031, 0.7797852, 5.652969, 25.63641, -3.638906,80.81176,5,4,30
5860,-0.9485976,-0.2633667,995.7939,-1,0.7827148, -0.1435547, 0.5795898, -2.815781, -12.62922, 2.126719,80.81176,5,4,30
5926,-1.186503,-1.424408,995.8359,-1,0.762207, -0.128418, 0.6982422, 0.6217188, 2.167656, -0.1389062,80.81176,5,4,30
5992,-1.305455,-1.424408,995.8359,10.79255,0.769043, -0.1289063, 0.6850586, 0.3248438, 0.3395314, 0.04859376,80.81176,5,4,30
6058,-2.201067,-3.09668,995.8964,10.80174,0.7719727, -0.1289063, 0.675293, 0.2154688, -0.2698436, 0.03296876,80.81176,5,4,30
6124,-0.8639767,0.473114,995.7675,-1,0.7749023, -0.1298828, 0.6743164, 0.2310938, -0.4417186, 0.06421876,80.81176,5,4,30
6297,-0.3427397,0.1784973,995.7781,10.80174,0.7739258, -0.1308594, 0.675293, 0.2623438, -0.2542186, 0.04859376,80.81176,5,4,30
6362,-1.030882,-1.719025,995.8464,10.80174,0.7734375, -0.128418, 0.6743164, 0.2467188, -0.3010936, 0.06421876,80.81176,5,4,30
6429,-2.904235,-4.777588,995.957,-1,0.7734375, -0.1313477, 0.6733398, 0.2310938, -0.2698436, 0.04859376,80.81176,5,4,30
6497,-2.346282,-1.78833,995.8491,-1,0.7734375, -0.1313477, 0.6748047, 0.2154688, -0.2698436, 0.06421876,80.81176,5,4,30
6567,-1.77272,-1.199158,995.8279,10.80174,0.7739258, -0.1298828, 0.6748047, 0.1685938, -0.2229686, 0.03296876,80.81176,5,4,30
6634,-2.036125,-2.29953,995.8675,-1,0.7729492, -0.1308594, 0.6762695, 0.1685938, -0.2698436, 0.04859376,80.81176,5,4,30
6704,-2.310802,-2.58548,995.8781,-1,0.7724609, -0.1293945, 0.6777344, 0.1998438, -0.2698436, 0.07984376,80.81176,5,4,30
6776,-2.305166,-2.29953,995.8675,10.80174,0.7729492, -0.1318359, 0.675293, 0.1529688, -0.2385936, 0.09546876,80.81176,5,4,30
6856,-1.353587,-0.4020081,995.7991,-1,0.7724609, -0.128418, 0.6757813, 0.1842188, -0.2385936, 0.04859376,80.81176,5,4,30
6929,-0.8777976,-0.4020081,995.7991,-1,0.7729492, -0.1303711, 0.6733398, 0.1842188, -0.2854686, 0.04859376,80.81176,5,4,30
7111,-1.333064,-1.78833,995.8491,10.81092,0.7729492, -0.1293945, 0.6757813, 0.2623438, -0.3167186, 0.06421876,80.81176,5,4,30
7184,-1.816297,-2.29953,995.8675,-1,0.7734375, -0.1289063, 0.6743164, 0.1842188, -0.2698436, 0.04859376,80.81176,5,4,30
7258,-2.495475,-3.174652,995.8992,-1,0.7734375, -0.1293945, 0.6762695, 0.2154688, -0.2542186, 0.04859376,80.81176,5,4,30
7335,-1.448741,-0.4020081,995.7991,10.81092,0.7724609, -0.1293945, 0.6757813, 0.1685938, -0.3010936, 0.07984376,80.81176,5,4,30
7415,-2.311697,-3.174652,995.8992,10.82469,0.7729492, -0.1289063, 0.675293, 0.2154688, -0.2385936, 0.06421876,80.81176,5,4,30
7491,-2.448588,-2.58548,995.8781,10.81092,0.7744141, -0.1298828, 0.6743164, 0.2154688, -0.2229686, 0.04859376,80.81176,5,4,30
7569,-1.7199,-0.9912109,995.8203,-1,0.7734375, -0.1303711, 0.6777344, 0.2623438, -0.2542186, 0.01734376,80.81176,5,4,30
7644,-1.208247,-0.6965942,995.8096,-1,0.7724609, -0.1303711, 0.6733398, 0.2623438, -0.2385936, 0.07984376,80.81176,5,4,30
7726,-1.099729,-0.9912109,995.8203,10.81551,0.7739258, -0.1298828, 0.6748047, 0.1685938, -0.2229686, 0.00171876,80.81176,5,4,30
7804,-0.4952685,0.1091919,995.7807,-1,0.7734375, -0.1298828, 0.6748047, 0.2310938, -0.2854686, 0.04859376,80.81176,5,4,30
7991,-0.8905329,-1.285797,995.8308,-1,0.7744141, -0.1303711, 0.6767578, 0.1998438, -0.3010936, 0.06421876,80.81176,5,4,30
8072,-2.179886,-3.469238,995.9097,-1,0.7729492, -0.1289063, 0.6757813, 0.2310938, -0.3167186, 0.01734376,80.81176,5,4,30
8149,-1.732841,-1.285797,995.8308,-1,0.7734375, -0.1298828, 0.6757813, 0.2467188, -0.2698436, 0.04859376,80.81176,5,4,30
8234,-2.055187,-2.377533,995.8702,10.8201,0.7729492, -0.1289063, 0.6762695, 0.1685938, -0.2385936, 0.07984376,80.81176,5,4,30
8314,-2.069052,-2.082916,995.8596,10.8201,0.7739258, -0.1313477, 0.6743164, 0.1998438, -0.2385936, 0.09546876,80.81176,5,4,30
8398,-1.820384,-1.571716,995.8413,-1,0.7739258, -0.1313477, 0.6733398, 0.1529688, -0.3010936, 0.04859376,80.81176,5,4,30
8531,-2.79212,-3.763855,995.9203,-1,0.7724609, -0.1303711, 0.6748047, 0.2310938, -0.2385936, 0.06421876,80.81176,5,4,30
8594,-1.233157,0.3258057,995.7727,10.82928,0.7744141, -0.1303711, 0.6767578, 0.1842188, -0.2698436, 0.06421876,80.81176,5,4,30
8655,-2.351198,-3.469238,995.9097,-1,0.7734375, -0.1298828, 0.675293, 0.1998438, -0.2385936, 0.04859376,80.81176,5,4,30
8718,-1.268296,-0.1853943,995.7913,-1,0.7739258, -0.1308594, 0.6743164, 0.2310938, -0.2385936, 0.07984376,80.81176,5,4,30
8889,-0.7268452,-0.1853943,995.7913,-1,0.7724609, -0.1293945, 0.675293, 0.2623438, -0.2385936, 0.09546876,80.81176,5,4,30
8952,-1.985401,-3.243958,995.9019,-1,0.7744141, -0.1298828, 0.6743164, 0.1842188, -0.2542186, 0.01734376,80.81176,5,4,30
9016,-0.8297978,0.3258057,995.7727,-1,0.7734375, -0.1298828, 0.675293, 0.2467188, -0.2385936, 0.06421876,80.81176,5,4,30
9080,-1.495358,-2.160919,995.8624,-1,0.7724609, -0.1289063, 0.6757813, 0.1998438, -0.2698436, 0.04859376,80.81176,5,4,30
9143,-2.079405,-2.663452,995.8808,-1,0.7739258, -0.1308594, 0.6767578, 0.1998438, -0.2385936, 0.01734376,80.81176,5,4,30
9211,-1.96852,-1.857635,995.8517,-1,0.7744141, -0.1303711, 0.6748047, 0.2310938, -0.3167186, 0.09546876,80.81176,5,4,30
9281,-0.2754894,1.417542,995.7333,10.82928,0.7729492, -0.1308594, 0.6757813, 0.2310938, -0.2698436, 0.1267188,80.81176,5,4,30
9352,-1.61243,-2.949371,995.8912,10.83387,0.7724609, -0.1293945, 0.6762695, 0.1842188, -0.2698436, 0.06421876,80.81176,5,4,30
9425,-1.449114,-1.285797,995.8308,-1,0.7734375, -0.1293945, 0.675293, 0.1685938, -0.2542186, 0.09546876,80.81176,5,4,30
9495,-1.367455,-1.285797,995.8308,-1,0.7724609, -0.128418, 0.6748047, 0.1685938, -0.2542186, 0.06421876,80.81176,5,4,30
9673,-1.105679,-0.8439026,995.8151,10.84765,0.7729492, -0.1308594, 0.6733398, 0.2154688, -0.2542186, 0.1267188,80.81176,5,4,30
9743,-1.230391,-1.355103,995.8334,10.84765,0.7739258, -0.1289063, 0.6757813, 0.1998438, -0.2542186, 0.04859376,80.81176,5,4,30
9815,-1.838615,-2.446838,995.8729,10.83846,0.7744141, -0.1303711, 0.675293, 0.2310938, -0.2698436, 0.07984376,80.81176,5,4,30
9890,-2.688594,-3.538574,995.9123,10.84765,0.7724609, -0.1298828, 0.6757813, 0.1685938, -0.3010936, 0.1110938,80.81176,5,4,30
9962,-2.862303,-3.036011,995.894,10.84306,0.7734375, -0.1303711, 0.6767578, 0.1998438, -0.2385936, 0.04859376,80.81176,5,4,30
10033,-1.562835,-0.2633667,995.7939,-1,0.7724609, -0.1289063, 0.6743164, 0.2310938, -0.2542186, 0.04859376,80.81176,5,4,30
10108,-2.840957,-4.11908,995.9334,10.84765,0.7739258, -0.1303711, 0.6762695, 0.1998438, -0.2542186, 0.07984376,80.81176,5,4,30
10181,-2.500938,-2.160919,995.8624,-1,0.7753906, -0.1293945, 0.675293, 0.1842188, -0.2698436, 0.06421876,80.81176,5,4,30
10258,-1.382152,-0.2633667,995.7939,-1,0.7749023, -0.1298828, 0.6748047, 0.2310938, -0.2854686, 0.07984376,80.81176,5,4,30
10335,-1.914495,-2.446838,995.8729,-1,0.7714844, -0.1313477, 0.6748047, 0.1998438, -0.2542186, 0.09546876,80.81176,5,4,30
10528,-2.323627,-2.732758,995.8833,-1,0.7729492, -0.1303711, 0.6762695, 0.1685938, -0.2698436, 0.06421876,80.81176,5,4,30
10607,-1.696405,-1.069183,995.823,10.84765,0.7744141, -0.1298828, 0.6757813, 0.1842188, -0.2698436, 0.04859376,80.81176,5,4,30
10686,-1.77702,-1.857635,995.8517,-1,0.7739258, -0.128418, 0.6762695, 0.1685938, -0.2385936, 0.07984376,80.81176,5,4,30
10766,-3.20365,-4.63028,995.9518,-1,0.7734375, -0.1293945, 0.6748047, 0.1685938, -0.2854686, 0.09546876,80.81176,5,4,30
10844,-2.530643,-1.857635,995.8517,-1,0.7729492, -0.1318359, 0.6757813, 0.1842188, -0.1917186, 0.09546876,80.81176,5,4,30
10923,-2.345781,-2.160919,995.8624,-1,0.7739258, -0.1274414, 0.6738281, 0.1685938, -0.2073436, 0.06421876,80.81176,5,4,30
11005,-3.345071,-4.34436,995.9413,10.83846,0.7739258, -0.1313477, 0.6743164, 0.1842188, -0.2385936, 0.09546876,80.81176,5,4,30
11086,-3.844716,-4.34436,995.9413,-1,0.7744141, -0.128418, 0.675293, 0.2310938, -0.2698436, 0.09546876,80.81176,5,4,30
11168,-2.742869,-1.641022,995.8438,-1,0.7739258, -0.1318359, 0.6748047, 0.2310938, -0.2698436, 0.04859376,80.81176,5,4,30
11299,-2.594853,-2.446838,995.8729,10.83387,0.7744141, -0.1293945, 0.6762695, 0.1998438, -0.2854686, 0.04859376,80.81176,5,4,30
11467,-3.469607,-4.34436,995.9413,-1,0.7739258, -0.1293945, 0.6748047, 0.1373438, -0.2385936, 0.1267188,80.81176,5,4,30
11528,-2.412355,-1.355103,995.8334,-1,0.7724609, -0.1308594, 0.6743164, 0.2310938, -0.2698436, 0.09546876,80.81176,5,4,30
11593,-3.521317,-4.63028,995.9518,10.83846,0.7729492, -0.1289063, 0.6733398, 0.2310938, -0.2698436, 0.06421876,80.81176,5,4,30
11655,-2.984078,-2.446838,995.8729,-1,0.7724609, -0.1303711, 0.675293, 0.2310938, -0.2542186, 0.00171876,80.81176,5,4,30
11720,-2.02663,-1.069183,995.823,10.82928,0.7744141, -0.1293945, 0.6748047, 0.2310938, -0.2073436, 0.06421876,80.81176,5,4,30
11785,-2.093775,-2.160919,995.8624,10.82928,0.7729492, -0.1298828, 0.6748047, 0.1373438, -0.2229686, 0.09546876,80.81176,5,4,30
11852,-2.668866,-3.243958,995.9019,10.83846,0.7749023, -0.1289063, 0.6762695, 0.2467188, -0.2854686, 0.09546876,80.81176,5,4,30
11919,-2.557852,-2.446838,995.8729,10.82928,0.7753906, -0.1293945, 0.6767578, 0.1685938, -0.3323436, 0.03296876,80.81176,5,4,30
11986,-3.160854,-3.763855,995.9203,-1,0.7739258, -0.1298828, 0.6757813, 0.2935938, -0.3167186, 0.09546876,80.81176,5,4,30
12056,-2.223325,-1.285797,995.8308,-1,0.7734375, -0.1313477, 0.6748047, 0.1529688, -0.1760936, 0.06421876,80.81176,5,4,30
12234,-2.586348,-2.949371,995.8912,10.82928,0.7724609, -0.1308594, 0.6743164, 0.1842188, -0.2698436, 0.04859376,80.81176,5,4,30
12305,-3.313728,-4.041107,995.9305,10.82928,0.7739258, -0.1308594, 0.6762695, 0.2310938, -0.3010936, 0.06421876,80.81176,5,4,30
12375,-3.677418,-4.041107,995.9305,10.82928,0.7729492, -0.1298828, 0.6762695, 0.2467188, -0.3010936, 0.07984376,80.81176,5,4,30
12447,-2.767527,-1.857635,995.8517,10.82469,0.7734375, -0.1289063, 0.6757813, 0.1998438, -0.2698436, 0.07984376,80.81176,5,4,30
12517,-2.169621,-1.571716,995.8413,-1,0.7749023, -0.1303711, 0.6743164, 0.2310938, -0.2698436, 0.06421876,80.81176,5,4,30
12589,-2.559496,-2.949371,995.8912,-1,0.7744141, -0.1298828, 0.6743164, 0.1685938, -0.2385936, 0.07984376,80.81176,5,4,30
12660,-1.116845,0.3258057,995.7727,-1,0.7749023, -0.1303711, 0.6738281, 0.1998438, -0.2073436, 0.04859376,80.81176,5,4,30
12734,-2.578976,-4.041107,995.9305,-1,0.7739258, -0.1308594, 0.6743164, 0.2310938, -0.2698436, 0.09546876,80.81176,5,4,30
12807,-2.478255,-2.377533,995.8702,10.83387,0.7734375, -0.1333008, 0.675293, 0.2154688, -0.2385936, 0.07984376,80.81176,5,4,30
12880,-3.666907,-4.85556,995.9598,-1,0.7744141, -0.1298828, 0.6757813, 0.1998438, -0.2698436, -0.02953124,80.81176,5,4,30
13063,-3.42078,-3.174652,995.8992,-1,0.7729492, -0.1293945, 0.6767578, 0.2310938, -0.2542186, 0.09546876,80.81176,5,4,30
13139,-5.082613,-6.744446,996.0281,-1,0.7734375, -0.1303711, 0.6733398, 0.2154688, -0.2385936, 0.1110938,80.81176,5,4,30
13214,-4.275926,-3.469238,995.9097,-1,0.7744141, -0.1308594, 0.6757813, 0.1685938, -0.2854686, 0.01734376,80.81176,5,4,30
13291,-3.872582,-3.469238,995.9097,-1,0.7739258, -0.1298828, 0.6757813, 0.1529688, -0.2542186, 0.04859376,80.81176,5,4,30
13369,-2.431896,-0.9912109,995.8203,-1,0.7719727, -0.1318359, 0.6743164, 0.1842188, -0.2698436, 0.1110938,80.81176,5,4,30
13445,-3.349142,-4.266388,995.9386,-1,0.7724609, -0.1298828, 0.6748047, 0.1998438, -0.3010936, 0.04859376,80.81176,5,4,30
13525,-2.716029,-2.082916,995.8596,-1,0.7744141, -0.1303711, 0.6748047, 0.1998438, -0.2073436, 0.01734376,80.81176,5,4,30
13606,-2.945341,-3.174652,995.8992,-1,0.7724609, -0.1298828, 0.6738281, 0.1998438, -0.2385936, 0.09546876,80.81176,5,4,30
13688,-1.820967,-0.6965942,995.8096,10.81092,0.7749023, -0.1298828, 0.6762695, 0.2310938, -0.2385936, 0.07984376,80.81176,5,4,30
13770,-1.510063,-1.199158,995.8279,-1,0.7719727, -0.1298828, 0.6738281, 0.1998438, -0.2542186, 0.06421876,80.81176,5,4,30
13959,-0.8130757,-0.1160889,995.7886,-1,0.7734375, -0.1308594, 0.6767578, 0.1998438, -0.3010936, 0.07984376,80.81176,5,4,30
14041,-1.846571,-2.880066,995.8885,-1,0.7734375, -0.1313477, 0.6757813, 0.2310938, -0.3167186, 0.06421876,80.81176,5,4,30
14181,-2.363318,-2.880066,995.8885,10.80174,0.7724609, -0.1298828, 0.6757813, 0.1685938, -0.2854686, 0.06421876,80.81176,5,4,30
14242,-2.331424,-2.29953,995.8675,-1,0.7734375, -0.1289063, 0.6772461, 0.2154688, -0.2073436, 0.04859376,80.81176,5,4,30
14305,-3.151613,-3.971802,995.928,-1,0.7734375, -0.1308594, 0.6748047, 0.2467188, -0.3010936, 0.1423438,80.81176,5,4,30
14370,-3.414399,-3.677185,995.9175,10.80174,0.7734375, -0.1293945, 0.6748047, 0.1998438, -0.2385936, 0.04859376,80.81176,5,4,30
14436,-2.454072,-1.493744,995.8386,-1,0.7739258, -0.1298828, 0.6738281, 0.1685938, -0.2698436, 0.09546876,80.81176,5,4,30
14502,-3.212937,-3.971802,995.928,10.80174,0.7729492, -0.1303711, 0.675293, 0.1685938, -0.2698436, 0.04859376,80.81176,5,4,30
14567,-1.114311,0.984314,995.7491,10.80633,0.7729492, -0.1293945, 0.6757813, 0.2310938, -0.3010936, 0.06421876,80.81176,5,4,30
14629,-1.706921,-2.29953,995.8675,-1,0.7758789, -0.1313477, 0.6757813, 0.1998438, -0.2385936, 0.01734376,80.81176,5,4,30
14803,-2.003225,-2.29953,995.8675,-1,0.7714844, -0.1293945, 0.675293, 0.2467188, -0.1604686, 0.06421876,80.81176,5,4,30
14869,-2.549953,-3.09668,995.8964,10.79715,0.7749023, -0.1298828, 0.6757813, 0.1842188, -0.2698436, 0.04859376,80.81176,5,4,30
14937,-2.277448,-2.004944,995.8571,-1,0.7739258, -0.1303711, 0.6762695, 0.1685938, -0.2542186, 0.09546876,80.81176,5,4,30
15005,-1.595328,-0.913208,995.8176,10.79255,0.7714844, -0.1289063, 0.6733398, 0.1685938, -0.2698436, 0.07984376,80.81176,5,4,30
15072,-1.800136,-2.004944,995.8571,-1,0.7739258, -0.1289063, 0.6757813, 0.1685938, -0.2854686, 0.04859376,80.81176,5,4,30
15140,-1.612272,-1.424408,995.8359,-1,0.7734375, -0.1308594, 0.6757813, 0.1685938, -0.2385936, 0.06421876,80.81176,5,4,30
15209,-2.064208,-2.516144,995.8753,10.79715,0.7749023, -0.1303711, 0.6743164, 0.2310938, -0.2385936, 0.1110938,80.81176,5,4,30
15281,-1.194122,-0.3240356,995.7963,-1,0.7744141, -0.1293945, 0.6757813, 0.1998438, -0.2385936, 0.03296876,80.81176,5,4,30
15352,-2.401001,-3.60788,995.9148,-1,0.7734375, -0.1323242, 0.6748047, 0.1998438, -0.1292186, 0.04859376,80.81176,5,4,30
15428,-3.294708,-4.188416,995.9359,10.79715,0.7744141, -0.1298828, 0.6748047, 0.1842188, -0.2385936, 0.09546876,80.81176,5,4,30
15608,-3.308334,-3.32196,995.9046,-1,0.7744141, -0.1298828, 0.6767578, 0.1842188, -0.2229686, 0.06421876,80.81176,5,4,30
15679,-3.167839,-3.027344,995.8938,-1,0.7744141, -0.1303711, 0.6733398, 0.1998438, -0.2385936, 0.06421876,80.81176,5,4,30
15754,-2.153164,-1.138489,995.8256,10.78337,0.7749023, -0.121582, 0.6777344, 0.1685938, 0.05828142, 0.06421876,80.81176,5,4,30
15827,-3.42639,-4.699615,995.9542,-1,0.7866211, -0.1333008, 0.659668, 0.2935938, -0.7542186, 0.03296876,80.81176,5,4,30
15903,-2.390746,-1.355103,995.8334,-1,0.7670898, -0.128418, 0.6845703, 0.1998438, 0.08953142, 0.01734376,80.81176,5,4,30
15982,-2.566085,-2.741425,995.8834,10.77419,0.7729492, -0.1298828, 0.6713867, 0.1998438, -0.2542186, 0.09546876,80.81176,5,4,30
16061,-2.653755,-2.741425,995.8834,-1,0.7763672, -0.1264648, 0.6748047, 0.1685938, -0.4417186, 0.06421876,80.81176,5,4,30
16141,-3.789326,-4.924896,995.9623,10.77419,0.7714844, -0.1279297, 0.6757813, 0.1998438, -0.1135936, 0.04859376,80.81176,5,4,30
16219,-3.811243,-3.83316,995.9229,-1,0.7724609, -0.1308594, 0.675293, 0.2623438, -0.2385936, 0.06421876,80.81176,5,4,30
16297,-3.129041,-2.446838,995.8728,-1,0.7744141, -0.1303711, 0.6748047, 0.1998438, -0.1448436, 0.09546876,80.81176,5,4,30
16491,-1.696204,-0.2633667,995.7939,-1,0.7739258, -0.1313477, 0.6757813, 0.1998438, -0.2698436, 0.04859376,80.81176,5,4,30
16572,-2.764682,-3.83316,995.9229,-1,0.7709961, -0.1264648, 0.6733398, 0.2467188, -0.03546858, 0.00171876,80.81176,5,4,30
16654,-2.86136,-2.958038,995.8914,-1,0.7749023, -0.1313477, 0.6787109, 0.1998438, -0.1292186, 0.01734376,80.81176,5,4,30
16735,-2.363831,-1.866302,995.8519,-1,0.7749023, -0.1298828, 0.671875, 0.1998438, -0.1760936, 0.04859376,80.81176,5,4,30
16818,-3.349762,-4.335693,995.9411,-1,0.7744141, -0.1303711, 0.6748047, 0.1685938, -0.2854686, 0.01734376,80.81176,5,4,30
16949,-4.388596,-5.427429,995.9807,10.76042,0.7753906, -0.1323242, 0.6738281, 0.1998438, -0.2854686, 0.1267188,80.81176,5,4,30
17010,-2.434288,-0.4799805,995.8017,-1,0.7729492, -0.1313477, 0.6757813, 0.1998438, -0.3010936, 0.04859376,80.81176,5,4,30
17071,-1.162548,0.1091919,995.7807,-1,0.7719727, -0.1303711, 0.675293, 0.2467188, -0.2542186, 0.00171876,80.81176,5,4,30
17134,-1.514425,-1.866302,995.8519,-1,0.7729492, -0.1318359, 0.6757813, 0.2154688, -0.2229686, 0.03296876,80.81176,5,4,30
17199,-1.248485,-0.9825439,995.8201,-1,0.7739258, -0.1293945, 0.6757813, 0.2154688, -0.2542186, 0.06421876,80.81176,5,4,30
17371,-1.4101,-1.571716,995.8412,-1,0.7734375, -0.1308594, 0.6743164, 0.1998438, -0.2698436, 0.03296876,80.81176,5,4,30
17436,-2.439669,-3.469238,995.9097,-1,0.7734375, -0.1303711, 0.6762695, 0.2467188, -0.3167186, 0.09546876,80.81176,5,4,30
17503,-2.551561,-2.663452,995.8806,-1,0.7734375, -0.1303711, 0.6757813, 0.2310938, -0.2542186, 0.06421876,80.81176,5,4,30
17570,-1.368478,-0.1853943,995.7913,-1,0.7729492, -0.1298828, 0.6733398, 0.1685938, -0.3010936, 0.07984376,80.81176,5,4,30
17639,-2.271565,-3.174652,995.899,10.74664,0.7734375, -0.1308594, 0.675293, 0.1998438, -0.2542186, 0.06421876,80.81176,5,4,30
17714,-2.575815,-2.880066,995.8884,-1,0.7749023, -0.1298828, 0.675293, 0.2467188, -0.3323436, 0.04859376,80.81176,5,4,30
17783,-2.325032,-2.074249,995.8596,-1,0.7753906, -0.1308594, 0.6743164, 0.1842188, -0.3635936, 0.06421876,80.81176,5,4,30
17852,-2.455256,-2.58548,995.8781,-1,0.7744141, -0.128418, 0.6748047, 0.2310938, -0.3010936, 0.06421876,80.81176,5,4,30
17923,-1.9745,-1.493744,995.8385,10.74205,0.7744141, -0.1308594, 0.6757813, 0.2310938, -0.2542186, 0.04859376,80.81176,5,4,30
17993,-2.427283,-2.880066,995.8884,-1,0.7734375, -0.1308594, 0.6738281, 0.1685938, -0.2542186, 0.06421876,80.81176,5,4,30
18177,-2.216113,-2.004944,995.8569,10.73746,0.7714844, -0.128418, 0.6767578, 0.2310938, -0.2542186, 0.06421876,80.81176,5,4,30
18248,-2.257822,-2.29953,995.8676,-1,0.7739258, -0.1293945, 0.6748047, 0.2310938, -0.2073436, 0.03296876,80.81176,5,4,30
18320,-1.329915,-0.4020081,995.7991,-1,0.7739258, -0.1313477, 0.6728516, 0.1685938, -0.2698436, 0.07984376,80.81176,5,4,30
18395,-3.049418,-4.768921,995.9568,10.72828,0.7739258, -0.1303711, 0.6743164, 0.2154688, -0.2854686, 0.07984376,80.81176,5,4,30
18466,-2.817449,-2.58548,995.8781,-1,0.7729492, -0.1293945, 0.6748047, 0.1998438, -0.2542186, 0.01734376,80.81176,5,4,30
18543,-2.268237,-1.719025,995.8464,10.73746,0.7724609, -0.1298828, 0.6748047, 0.1685938, -0.3323436, 0.04859376,80.81176,5,4,30
18620,-1.335122,-0.4020081,995.7991,-1,0.7739258, -0.1298828, 0.6723633, 0.1842188, -0.1917186, 0.07984376,80.81176,5,4,30
18698,-1.670033,-2.004944,995.8569,10.74205,0.7758789, -0.1303711, 0.6748047, 0.2310938, -0.2854686, 0.07984376,80.81176,5,4,30
18775,-1.837488,-2.004944,995.8569,10.73746,0.7739258, -0.1308594, 0.6762695, 0.1529688, -0.3010936, 0.04859376,80.81176,5,4,30
18852,-1.921216,-2.004944,995.8569,10.72828,0.7714844, -0.1293945, 0.6762695, 0.1685938, -0.2229686, 0.04859376,80.81176,5,4,30
19037,-1.96308,-2.004944,995.8569,-1,0.7734375, -0.1264648, 0.6762695, 0.1685938, -0.1917186, 0.07984376,80.81176,5,4,30
19122,-0.6020234,0.7590332,995.7571,10.7191,0.7734375, -0.1298828, 0.675293, 0.2310938, -0.2698436, 0.06421876,80.81176,5,4,30
19203,-1.013216,-1.424408,995.836,10.71451,0.7744141, -0.1303711, 0.671875, 0.2310938, -0.2385936, -0.01390624,80.81176,5,4,30
19281,0.1631767,1.339569,995.736,-1,0.7739258, -0.1298828, 0.6743164, 0.1842188, -0.2542186, 0.07984376,80.81176,5,4,30
19358,-1.180817,-2.524811,995.8755,-1,0.7734375, -0.1303711, 0.6748047, 0.1842188, -0.3323436, 0.06421876,80.81176,5,4,30
19437,-1.59288,-2.004944,995.8569,-1,0.7739258, -0.1308594, 0.6762695, 0.1998438, -0.2229686, 0.1267188,80.81176,5,4,30
19518,-2.453087,-3.313293,995.9042,-1,0.7744141, -0.1298828, 0.6743164, 0.2154688, -0.3010936, 0.1110938,80.81176,5,4,30
19600,-1.791454,-1.129822,995.8253,10.7191,0.7734375, -0.1293945, 0.6733398, 0.1842188, -0.2542186, 0.07984376,80.81176,5,4,30
19728,-1.313345,-0.8352356,995.8148,-1,0.7695313, -0.1220703, 0.6713867, 0.1373438, -0.7229686, 0.04859376,80.81176,5,4,30
19789,-3.26208,-5.210815,995.9727,-1,0.7719727, -0.128418, 0.6767578, 0.1998438, -0.3635936, 0.06421876,80.81176,5,4,30
19964,-2.850126,-2.438171,995.8726,10.70992,0.7739258, -0.1323242, 0.6738281, 0.1529688, -0.2385936, 0.04859376,80.81176,5,4,30
20027,-2.098281,-1.346436,995.8331,-1,0.7734375, -0.1293945, 0.6738281, 0.1842188, -0.2229686, 0.07984376,80.81176,5,4,30
20091,-2.268226,-2.438171,995.8726,10.70533,0.7724609, -0.1303711, 0.675293, 0.1998438, -0.2854686, 0.09546876,80.81176,5,4,30
20154,-1.118503,0.03121948,995.7834,-1,0.7744141, -0.1298828, 0.6772461, 0.1529688, -0.2229686, 0.06421876,80.81176,5,4,30
20220,-0.9768695,-0.8352356,995.8148,-1,0.7734375, -0.1289063, 0.6743164, 0.2467188, -0.2542186, 0.06421876,80.81176,5,4,30
20286,-0.7587595,-0.5406494,995.8042,-1,0.7744141, -0.1293945, 0.675293, 0.2310938, -0.2229686, 0.06421876,80.81176,5,4,30
20356,-1.598465,-2.438171,995.8726,10.70073,0.769043, -0.1274414, 0.6757813, 0.1842188, -0.3167186, 0.04859376,80.81176,5,4,30
20423,-0.9265825,-0.2546997,995.7937,-1,0.7744141, -0.1289063, 0.6772461, 0.1998438, -0.2229686, 0.06421876,80.81176,5,4,30
20492,-0.3003885,0.3258057,995.7726,10.69614,0.7734375, -0.1289063, 0.6777344, 0.2310938, -0.2698436, 0.06421876,80.81176,5,4,30
20560,-1.772173,-3.243958,995.9017,-1,0.7744141, -0.1308594, 0.6733398, 0.2310938, -0.2542186, -0.02953124,80.81176,5,4,30
20733,-1.814904,-1.857635,995.8515,-1,0.7744141, -0.1279297, 0.6762695, 0.2310938, -0.2229686, 0.04859376,80.81176,5,4,30
20800,-1.688977,-1.563049,995.8411,-1,0.7729492, -0.1303711, 0.6743164, 0.2154688, -0.2385936, 0.07984376,80.81176,5,4,30
20870,-2.865042,-4.041107,995.9304,-1,0.7734375, -0.1293945, 0.675293, 0.1998438, -0.3010936, 0.01734376,80.81176,5,4,30
20942,-2.764247,-2.663452,995.8806,-1,0.7729492, -0.1298828, 0.6772461, 0.1998438, -0.2854686, 0.09546876,80.81176,5,4,30
21013,-0.9246192,0.9150085,995.7516,10.68237,0.7753906, -0.1308594, 0.675293, 0.1842188, -0.2385936, 0.06421876,80.81176,5,4,30
21085,-1.243834,-1.563049,995.8411,-1,0.7739258, -0.1298828, 0.6748047, 0.2154688, -0.2698436, 0.07984376,80.81176,5,4,30
21159,-0.1644129,0.9150085,995.7516,10.69155,0.7739258, -0.1298828, 0.6733398, 0.1685938, -0.2698436, 0.06421876,80.81176,5,4,30
21240,-0.716438,-1.268463,995.8304,-1,0.7719727, -0.1308594, 0.6757813, 0.1998438, -0.3167186, 0.00171876,80.81176,5,4,30
21313,-2.088505,-3.460571,995.9094,-1,0.7763672, -0.1303711, 0.6743164, 0.2154688, -0.2542186, 0.09546876,80.81176,5,4,30
21389,-1.678484,-1.268463,995.8304,-1,0.7739258, -0.1293945, 0.6767578, 0.1685938, -0.2229686, 0.1110938,80.81176,5,4,30
21576,-1.330514,-0.9825439,995.82,10.67319,0.7734375, -0.1328125, 0.6767578, 0.2623438, -0.2854686, 0.06421876,80.81176,5,4,30
21653,-3.885853,-6.441193,996.0172,-1,0.7734375, -0.1298828, 0.6733398, 0.1529688, -0.2385936, 0.07984376,80.81176,5,4,30
21728,-3.525919,-3.165985,995.8989,-1,0.7744141, -0.1318359, 0.6743164, 0.2310938, -0.3323436, 0.04859376,80.81176,5,4,30
21805,-2.106923,-0.6879272,995.8094,10.67778,0.7749023, -0.1303711, 0.6767578, 0.1998438, -0.2229686, 0.06421876,80.81176,5,4,30
21881,-2.090586,-2.074249,995.8594,-1,0.7739258, -0.1318359, 0.6738281, 0.2154688, -0.2542186, 0.03296876,80.81176,5,4,30
21958,-1.389257,-0.6879272,995.8094,-1,0.7744141, -0.1289063, 0.6757813, 0.1842188, -0.3323436, 0.07984376,80.81176,5,4,30
22039,-2.676196,-3.963135,995.9278,10.67319,0.7758789, -0.1298828, 0.6743164, 0.2623438, -0.2229686, 0.06421876,80.81176,5,4,30
22120,-2.773797,-2.871399,995.8884,10.6686,0.7739258, -0.1318359, 0.6743164, 0.2623438, -0.2698436, 0.06421876,80.81176,5,4,30
22202,-1.587903,-0.4020081,995.799,10.664,0.7734375, -0.1308594, 0.6728516, 0.1998438, -0.2229686, 0.04859376,80.81176,5,4,30
22283,-2.086691,-2.58548,995.8779,-1,0.7724609, -0.1308594, 0.6738281, 0.2467188, -0.2385936, 0.06421876,80.81176,5,4,30
22471,-2.188777,-2.290863,995.8672,10.65941,0.7724609, -0.1313477, 0.6743164, 0.1842188, -0.2229686, 0.09546876,80.81176,5,4,30
22603,-1.84126,-1.493744,995.8384,10.664,0.7734375, -0.128418, 0.675293, 0.1685938, -0.2698436, 0.04859376,80.81176,5,4,30
22665,-0.9743412,-0.1074219,995.7885,10.664,0.7744141, -0.1303711, 0.6762695, 0.1842188, -0.2698436, 0.03296876,80.81176,5,4,30
22726,-1.342349,-1.710358,995.8463,-1,0.7734375, -0.1289063, 0.6782227, 0.2310938, -0.2542186, 0.06421876,80.81176,5,4,30
22788,-1.669313,-1.996277,995.8567,-1,0.7739258, -0.1303711, 0.6743164, 0.2310938, -0.2698436, 0.09546876,80.81176,5,4,30
22851,-2.781556,-3.893799,995.9252,-1,0.7729492, -0.1293945, 0.675293, 0.1842188, -0.2385936, 0.03296876,80.81176,5,4,30
22918,-2.796158,-2.81076,995.8859,10.664,0.7739258, -0.1293945, 0.6757813, 0.1529688, -0.3010936, 0.06421876,80.81176,5,4,30
22984,-2.803459,-2.81076,995.8859,10.65482,0.7734375, -0.1303711, 0.6762695, 0.2310938, -0.3010936, 0.04859376,80.81176,5,4,30
23050,-1.563748,-0.3240356,995.7961,-1,0.7749023, -0.1313477, 0.6713867, 0.2310938, -0.2854686, 0.07984376,80.81176,5,4,30
23117,-2.035612,-2.507477,995.8751,10.65482,0.7744141, -0.1298828, 0.6728516, 0.1998438, -0.2854686, 0.06421876,80.81176,5,4,30
23295,-1.872985,-1.710358,995.8463,10.65482,0.7729492, -0.1313477, 0.675293, 0.1842188, -0.2385936, 0.09546876,80.81176,5,4,30
23365,-0.9555354,-0.03808594,995.7858,10.65482,0.7734375, -0.1298828, 0.6748047, 0.2467188, -0.2698436, 0.04859376,80.81176,5,4,30
23436,-1.987121,-3.018707,995.8935,10.64105,0.7734375, -0.128418, 0.675293, 0.2310938, -0.2542186, 0.1110938,80.81176,5,4,30
23507,-1.809753,-1.632385,995.8434,10.65023,0.7724609, -0.1308594, 0.675293, 0.2154688, -0.4104686, 0.06421876,80.81176,5,4,30
23580,-1.612762,-1.415771,995.8357,10.63646,0.7724609, -0.1279297, 0.6772461, 0.1998438, -0.1448436, 0.04859376,80.81176,5,4,30
23650,-3.151855,-4.690948,995.954,-1,0.7729492, -0.1289063, 0.6757813, 0.1998438, -0.2229686, 0.04859376,80.81176,5,4,30
23722,-1.993546,-0.8352356,995.8146,10.63646,0.7749023, -0.1313477, 0.6748047, 0.2154688, -0.2385936, 0.03296876,80.81176,5,4,30
23795,-3.342247,-4.690948,995.954,-1,0.7744141, -0.1318359, 0.6738281, 0.1842188, -0.2385936, 0.06421876,80.81176,5,4,30
23869,-3.47073,-3.599213,995.9146,10.64105,0.7763672, -0.1293945, 0.6733398, 0.1685938, -0.2385936, 0.07984376,80.81176,5,4,30
23942,-2.698851,-1.926971,995.8541,-1,0.7739258, -0.1303711, 0.6743164, 0.1217188, -0.2854686, 0.03296876,80.81176,5,4,30
24123,-2.165618,-1.632385,995.8434,10.64105,0.7739258, -0.1313477, 0.6748047, 0.1842188, -0.3479686, 0.07984376,80.81176,5,4,30
24197,-1.899002,-1.632385,995.8434,-1,0.7744141, -0.1308594, 0.6762695, 0.1998438, -0.2854686, 0.09546876,80.81176,5,4,30
24272,-1.622719,-1.346436,995.8333,-1,0.7724609, -0.1308594, 0.6757813, 0.2467188, -0.1917186, 0.09546876,80.81176,5,4,30
24347,-2.173405,-2.724091,995.8829,10.63646,0.7749023, -0.1298828, 0.6743164, 0.1998438, -0.2542186, 0.07984376,80.81176,5,4,30
24423,-2.305788,-2.438171,995.8727,-1,0.7734375, -0.1308594, 0.6767578, 0.1842188, -0.2229686, 0.03296876,80.81176,5,4,30
24500,-3.866609,-5.427429,995.9804,10.63187,0.7744141, -0.128418, 0.675293, 0.1685938, -0.3167186, 0.06421876,80.81176,5,4,30
24577,-3.550965,-3.235321,995.9015,-1,0.7724609, -0.1298828, 0.6738281, 0.1685938, -0.2698436, 0.03296876,80.81176,5,4,30
24656,-3.648743,-3.746521,995.9199,10.63187,0.7739258, -0.1303711, 0.6757813, 0.1998438, -0.2229686, 0.06421876,80.81176,5,4,30
24746,-2.640564,-1.632385,995.8434,10.62728,0.7744141, -0.1308594, 0.675293, 0.1842188, -0.2542186, 0.01734376,80.81176,5,4,30
24829,-2.937943,-3.235321,995.9015,10.62728,0.7739258, -0.1303711, 0.6738281, 0.1842188, -0.2854686, 0.09546876,80.81176,5,4,30
25020,-1.851936,-0.7659302,995.812,-1,0.7729492, -0.1298828, 0.6757813, 0.2310938, -0.2229686, 0.06421876,80.81176,5,4,30
25101,-1.707493,-1.563049,995.8409,-1,0.7744141, -0.1303711, 0.6762695, 0.2310938, -0.2385936, 0.09546876,80.81176,5,4,30
25181,-1.635271,-1.563049,995.8409,-1,0.7749023, -0.1313477, 0.6733398, 0.2154688, -0.2385936, 0.09546876,80.81176,5,4,30
25263,-1.308908,-0.9825439,995.8199,-1,0.7739258, -0.1313477, 0.6733398, 0.2154688, -0.2542186, 0.06421876,80.81176,5,4,30
25394,-2.384739,-3.460571,995.9094,-1,0.7768555, -0.1333008, 0.6723633, 0.2467188, -0.3323436, 0.06421876,80.81176,5,4,30
25459,-1.973894,-1.563049,995.8409,10.60891,0.7744141, -0.1289063, 0.6733398, 0.2310938, -0.2698436, 0.06421876,80.81176,5,4,30
25520,-2.275353,-2.576813,995.8777,-1,0.7744141, -0.1308594, 0.675293, 0.2154688, -0.3010936, 0.03296876,80.81176,5,4,30
25583,-1.078747,0.1178589,995.7804,-1,0.7724609, -0.1308594, 0.6733398, 0.1998438, -0.2542186, 0.04859376,80.81176,5,4,30
25648,-2.919501,-4.760254,995.9565,-1,0.7739258, -0.1313477, 0.6743164, 0.1998438, -0.2229686, 0.03296876,80.81176,5,4,30
25714,-3.042743,-3.165985,995.8988,-1,0.7729492, -0.1308594, 0.675293, 0.1842188, -0.2073436, 0.09546876,80.81176,5,4,30
25888,-1.172174,0.6983948,995.7594,-1,0.7744141, -0.1293945, 0.6728516, 0.2310938, -0.01984358, 0.09546876,80.81176,5,4,30
25952,-3.113507,-5.05484,995.9672,10.59973,0.7763672, -0.1318359, 0.6699219, 0.2467188, -0.3479686, 0.09546876,80.81176,5,4,30
26020,-2.299292,-1.485077,995.8383,-1,0.7734375, -0.1313477, 0.6738281, 0.1842188, -0.2229686, 0.04859376,80.81176,5,4,30
26089,-2.438052,-2.576813,995.8777,10.60891,0.7749023, -0.1303711, 0.6723633, 0.2310938, -0.3323436, 0.06421876,80.81176,5,4,30
26156,-1.56299,-0.6879272,995.8094,-1,0.7734375, -0.1298828, 0.6738281, 0.1998438, -0.3167186, 0.06421876,80.81176,5,4,30
26226,-0.9781654,-0.3933411,995.7988,10.59973,0.7724609, -0.1313477, 0.6767578, 0.2310938, -0.2542186, 0.1267188,80.81176,5,4,30
26294,-1.924782,-2.871399,995.8883,-1,0.7729492, -0.1298828, 0.6743164, 0.2467188, -0.2854686, 0.06421876,80.81176,5,4,30
26364,-3.489811,-5.05484,995.9672,-1,0.7729492, -0.1303711, 0.6762695, 0.1998438, -0.2854686, 0.07984376,80.81176,5,4,30
26436,-3.033312,-2.576813,995.8777,10.59973,0.7739258, -0.1279297, 0.6743164, 0.1842188, -0.3323436, 0.06421876,80.81176,5,4,30
26507,-3.896783,-4.760254,995.9565,10.60891,0.7729492, -0.1303711, 0.6738281, 0.1842188, -0.3167186, 0.07984376,80.81176,5,4,30
26681,-4.584118,-5.271454,995.9749,-1,0.7729492, -0.1298828, 0.675293, 0.2154688, -0.2542186, 0.07984376,80.81176,5,4,30
26751,-5.075094,-5.566071,995.9855,-1,0.7724609, -0.1303711, 0.675293, 0.1842188, -0.2385936, 0.06421876,80.81176,5,4,30
26823,-5.320582,-5.566071,995.9855,-1,0.7739258, -0.1298828, 0.6767578, 0.2310938, -0.2542186, 0.04859376,80.81176,5,4,30
26894,-2.168134,0.984314,995.7488,-1,0.7749023, -0.1318359, 0.6748047, 0.2154688, -0.2385936, 0.06421876,80.81176,5,4,30
26970,-2.775367,-3.382599,995.9066,-1,0.7739258, -0.1308594, 0.6733398, 0.2310938, -0.3167186, 0.07984376,80.81176,5,4,30
27046,-3.477558,-4.179749,995.9355,-1,0.7734375, -0.1308594, 0.6733398, 0.2310938, -0.3323436, 0.07984376,80.81176,5,4,30
27122,-3.828653,-4.179749,995.9355,10.59055,0.7753906, -0.1328125, 0.6738281, 0.1685938, -0.2542186, 0.04859376,80.81176,5,4,30
27199,-3.059758,-2.290863,995.8671,-1,0.7739258, -0.1308594, 0.6723633, 0.1998438, -0.2698436, 0.03296876,80.81176,5,4,30
27280,-4.165606,-5.271454,995.9749,10.59055,0.7734375, -0.1308594, 0.6748047, 0.1998438, -0.2229686, 0.1110938,80.81176,5,4,30
27358,-3.48385,-2.802094,995.8856,-1,0.7734375, -0.1293945, 0.6748047, 0.2154688, -0.3010936, 0.06421876,80.81176,5,4,30
27544,-1.903943,-0.3240356,995.7961,10.59055,0.7744141, -0.1313477, 0.6748047, 0.1217188, -0.2385936, 0.09546876,80.81176,5,4,30
27620,-1.508215,-1.112488,995.8248,-1,0.7734375, -0.128418, 0.6738281, 0.1998438, -0.2698436, 0.09546876,80.81176,5,4,30
27703,-3.64545,-5.782684,995.9934,10.58595,0.7739258, -0.1293945, 0.675293, 0.1998438, -0.2385936, 0.04859376,80.81176,5,4,30
27783,-2.378969,-1.112488,995.8248,10.58136,0.7734375, -0.1303711, 0.6757813, 0.2154688, -0.2385936, 0.06421876,80.81176,5,4,30
27861,-2.694504,-3.01004,995.8934,-1,0.7734375, -0.1308594, 0.6743164, 0.1998438, -0.2698436, 0.03296876,80.81176,5,4,30
27942,-4.892754,-7.091003,996.0408,-1,0.7744141, -0.1298828, 0.6748047, 0.2154688, -0.2854686, 0.03296876,80.81176,5,4,30
28022,-4.09869,-3.304626,995.9037,-1,0.7749023, -0.1308594, 0.6733398, 0.1998438, -0.2698436, 0.04859376,80.81176,5,4,30
28154,-3.701658,-3.304626,995.9037,10.58136,0.7719727, -0.1313477, 0.6787109, 0.2154688, -0.2073436, 0.09546876,80.81176,5,4,30
28216,-4.30461,-4.907562,995.9619,-1,0.7744141, -0.1303711, 0.6743164, 0.1529688, -0.2229686, 0.04859376,80.81176,5,4,30
28277,-3.804618,-3.304626,995.9037,-1,0.7744141, -0.1298828, 0.675293, 0.1842188, -0.2698436, 0.09546876,80.81176,5,4,30
28451,-2.974102,-2.143585,995.8618,-1,0.7739258, -0.1313477, 0.6748047, 0.1685938, -0.3167186, 0.06421876,80.81176,5,4,30
28526,-4.231085,-5.488068,995.9827,10.57677,0.7729492, -0.1303711, 0.6767578, 0.1842188, -0.2542186, 0.06421876,80.81176,5,4,30
28592,-2.385867,-0.5406494,995.8041,-1,0.7744141, -0.1293945, 0.675293, 0.1685938, -0.2229686, 0.06421876,80.81176,5,4,30
28658,-2.810594,-3.235321,995.9012,-1,0.7739258, -0.1293945, 0.6738281, 0.2154688, -0.2385936, 0.07984376,80.81176,5,4,30
28723,-3.165917,-3.52124,995.9117,-1,0.7734375, -0.1313477, 0.6777344, 0.1842188, -0.2542186, 0.03296876,80.81176,5,4,30
28791,-5.271435,-7.376953,996.051,-1,0.7744141, -0.1293945, 0.6713867, 0.1842188, -0.2854686, 0.06421876,80.81176,5,4,30
28860,-5.232458,-5.193481,995.9722,10.56759,0.7739258, -0.1298828, 0.6743164, 0.2467188, -0.2854686, 0.09546876,80.81176,5,4,30
28929,-5.871478,-6.510498,996.0195,-1,0.7734375, -0.1303711, 0.6748047, 0.1842188, -0.2698436, 0.04859376,80.81176,5,4,30
28997,-4.5534,-3.235321,995.9012,-1,0.7739258, -0.1293945, 0.675293, 0.1998438, -0.2229686, 0.03296876,80.81176,5,4,30
29069,-4.29292,-4.03244,995.9301,10.563,0.7744141, -0.128418, 0.671875, 0.1373438, -0.1917186, 0.06421876,80.81176,5,4,30
29247,-4.708548,-5.124176,995.9695,-1,0.7739258, -0.1303711, 0.6743164, 0.2467188, -0.3167186, 0.03296876,80.81176,5,4,30
29318,-4.370494,-4.03244,995.9301,10.54922,0.7739258, -0.1303711, 0.6777344, 0.2623438, -0.2542186, 0.03296876,80.81176,5,4,30
29389,-5.293203,-6.215912,996.009,10.55382,0.7739258, -0.1303711, 0.6743164, 0.1998438, -0.2854686, 0.07984376,80.81176,5,4,30
29460,-4.662822,-4.03244,995.9301,-1,0.7744141, -0.1289063, 0.6762695, 0.2467188, -0.3010936, 0.04859376,80.81176,5,4,30
29531,-5.292058,-5.921295,995.9984,10.54922,0.7744141, -0.1298828, 0.6723633, 0.1842188, -0.3010936, 0.04859376,80.81176,5,4,30
29604,-5.060824,-4.82959,995.959,-1,0.7749023, -0.1308594, 0.6762695, 0.1998438, -0.2698436, 0.09546876,80.81176,5,4,30
29679,-5.3481,-5.635376,995.988,-1,0.7719727, -0.1298828, 0.6757813, 0.2154688, -0.2229686, 0.1110938,80.81176,5,4,30
29752,-6.180566,-7.013031,996.038,-1,0.7739258, -0.1308594, 0.6767578, 0.2154688, -0.3010936, 0.07984376,80.81176,5,4,30
29828,-4.81625,-3.451935,995.9091,-1,0.7749023, -0.1303711, 0.6728516, 0.2467188, -0.2542186, 0.06421876,80.81176,5,4,30
29907,-3.583891,-2.351532,995.8695,10.55382,0.777832, -0.1313477, 0.6757813, 0.1529688, -0.01984358, 0.06421876,80.81176,5,4,30
30092,-3.370605,-3.157318,995.8984,-1,0.7739258, -0.1298828, 0.675293, 0.2154688, -0.3635936, 0.1110938,80.81176,5,4,30
30168,-4.50299,-5.635376,995.988,-1,0.7744141, -0.1293945, 0.6762695, 0.1842188, -0.2698436, 0.09546876,80.81176,5,4,30
30244,-4.228729,-3.954468,995.9274,-1,0.7729492, -0.1303711, 0.6748047, 0.1998438, -0.2542186, 0.06421876,80.81176,5,4,30
30322,-4.932053,-5.635376,995.988,-1,0.7724609, -0.1313477, 0.675293, 0.2154688, -0.2385936, 0.1110938,80.81176,5,4,30
30401,-4.44326,-3.954468,995.9274,10.53545,0.7758789, -0.1289063, 0.6728516, 0.1529688, -0.2542186, 0.09546876,80.81176,5,4,30
30478,-4.744732,-5.046204,995.9668,10.54004,0.7749023, -0.1308594, 0.675293, 0.1685938, -0.2698436, 0.04859376,80.81176,5,4,30
30559,-3.803732,-2.862732,995.8879,-1,0.7719727, -0.1303711, 0.6723633, 0.2310938, -0.1760936, 0.1110938,80.81176,5,4,30
30637,-3.333232,-2.862732,995.8879,-1,0.7724609, -0.1308594, 0.6728516, 0.2310938, -0.1604686, 0.07984376,80.81176,5,4,30
30716,-4.73557,-6.137909,996.0063,-1,0.7739258, -0.1333008, 0.6762695, 0.1685938, -0.2073436, 0.04859376,80.81176,5,4,30
30797,-3.799151,-2.862732,995.8879,10.54004,0.7729492, -0.1308594, 0.6743164, 0.1842188, -0.2229686, 0.06421876,80.81176,5,4,30
31032,-3.586542,-3.373932,995.9063,-1,0.7817383, -0.1381836, 0.6713867, 0.5123438, -0.1135936, 0.1267188,80.81176,5,4,30
31092,-4.026105,-4.465668,995.9458,10.53086,0.7485352, -0.1396484, 0.6831055, 0.1060938, -0.2229686, -0.04515624,80.81176,5,4,30
31154,-4.245886,-4.465668,995.9458,-1,0.7524414, -0.1474609, 0.6894531, 0.3092188, 0.8082814, -0.04515624,80.81176,5,4,30
31220,-3.407016,-2.568146,995.8773,10.52627,0.7729492, -0.1328125, 0.675293, 0.1998438, -0.3010936, 0.01734376,80.81176,5,4,30
31285,-4.334917,-5.262817,995.9746,10.52627,0.7763672, -0.1308594, 0.6728516, 0.1998438, -0.1604686, 0.09546876,80.81176,5,4,30
31352,-3.308556,-2.282196,995.8669,10.52627,0.7768555, -0.1289063, 0.6728516, 0.1998438, -0.3635936, 0.1423438,80.81176,5,4,30
31417,-3.596844,-3.885132,995.9247,-1,0.7763672, -0.1254883, 0.6713867, 0.2467188, -0.3948436, 0.09546876,80.81176,5,4,30
31484,-4.975683,-6.354523,996.014,-1,0.7724609, -0.1323242, 0.6748047, 0.1685938, -0.2385936, 0.09546876,80.81176,5,4,30
31552,-4.720675,-4.465668,995.9458,-1,0.7719727, -0.1323242, 0.6748047, 0.2310938, -0.09796858, 0.06421876,80.81176,5,4,30
31619,-4.302904,-3.885132,995.9247,-1,0.7739258, -0.1293945, 0.6757813, 0.1998438, -0.2698436, 0.06421876,80.81176,5,4,30
31797,-3.838418,-3.373932,995.9063,-1,0.7753906, -0.1298828, 0.6723633, 0.1998438, -0.3167186, 0.09546876,80.81176,5,4,30
31866,-2.770054,-1.701691,995.8459,10.51249,0.7773438, -0.128418, 0.6699219, 0.1529688, -0.2698436, 0.1267188,80.81176,5,4,30
31934,-4.419329,-6.068604,996.0036,-1,0.7783203, -0.1264648, 0.6689453, 0.2623438, -0.4885936, 0.09546876,80.81176,5,4,30
32013,-3.311776,-2.204224,995.8642,10.51249,0.7709961, -0.1323242, 0.6772461, 0.1842188, -0.1292186, 0.1110938,80.81176,5,4,30
32085,-3.849736,-4.387695,995.9431,10.51249,0.7749023, -0.1298828, 0.6733398, 0.2310938, -0.1760936, 0.09546876,80.81176,5,4,30
32157,-3.867434,-3.885132,995.9247,-1,0.7719727, -0.1318359, 0.675293, 0.1685938, -0.2229686, 0.07984376,80.81176,5,4,30
32228,-4.968019,-6.068604,996.0036,-1,0.7861328, -0.1201172, 0.6518555, 0.1998438, -1.285469, 0.06421876,80.81176,5,4,30
32299,-6.207139,-7.446259,996.0535,-1,0.7768555, -0.1352539, 0.6650391, 0.1842188, -0.9417186, 0.07984376,80.81176,5,4,30
32370,-4.751549,-3.295959,995.9037,-1,0.7705078, -0.1293945, 0.6757813, 0.2154688, -0.1604686, 0.04859376,80.81176,5,4,30
32442,-2.784725,-0.8179016,995.8141,-1,0.7763672, -0.1298828, 0.675293, 0.1373438, -0.3010936, 0.1267188,80.81176,5,4,30
32623,-2.494474,-2.204224,995.8642,-1,0.7739258, -0.1293945, 0.6738281, 0.1529688, -0.2385936, 0.07984376,80.81176,5,4,30
32697,-3.441085,-4.387695,995.9431,-1,0.7749023, -0.1313477, 0.675293, 0.2310938, -0.2698436, 0.06421876,80.81176,5,4,30
32771,-2.679695,-1.918304,995.8537,-1,0.7749023, -0.128418, 0.6762695, 0.2779688, -0.2698436, 0.06421876,80.81176,5,4,30
32845,-2.840534,-3.001373,995.8931,-1,0.7719727, -0.1279297, 0.6738281, 0.1529688, -0.3010936, 0.07984376,80.81176,5,4,30
32924,-2.777979,-2.715424,995.8824,10.50331,0.7744141, -0.1308594, 0.675293, 0.1998438, -0.2385936, 0.07984376,80.81176,5,4,30
33002,-2.348142,-1.918304,995.8537,-1,0.7749023, -0.1313477, 0.6748047, 0.2623438, -0.2854686, 0.04859376,80.81176,5,4,30
33078,-2.674757,-3.001373,995.8931,-1,0.7724609, -0.1289063, 0.675293, 0.2779688, -0.2854686, 0.09546876,80.81176,5,4,30
33158,-2.838065,-3.001373,995.8931,10.5079,0.7744141, -0.1308594, 0.671875, 0.2467188, -0.2854686, 0.09546876,80.81176,5,4,30
33234,-3.175319,-3.512573,995.9114,-1,0.7744141, -0.1293945, 0.6748047, 0.1529688, -0.2385936, 0.06421876,80.81176,5,4,30
33315,-2.945371,-2.715424,995.8824,10.49872,0.7744141, -0.1308594, 0.6748047, 0.2154688, -0.3323436, 0.06421876,80.81176,5,4,30
33503,-3.081679,-3.217987,995.9007,-1,0.7739258, -0.1313477, 0.6738281, 0.1685938, -0.2073436, 0.04859376,80.81176,5,4,30
33582,-2.751258,-2.420837,995.872,-1,0.7744141, -0.1313477, 0.6743164, 0.1998438, -0.2854686, 0.1110938,80.81176,5,4,30
33666,-2.733341,-2.715424,995.8824,10.48954,0.7749023, -0.1298828, 0.6748047, 0.1998438, -0.2229686, 0.06421876,80.81176,5,4,30
33747,-3.521517,-4.309692,995.9402,10.49413,0.7749023, -0.1293945, 0.6748047, 0.1998438, -0.2698436, 0.09546876,80.81176,5,4,30
33879,-2.971177,-2.420837,995.872,10.49413,0.7739258, -0.1293945, 0.675293, 0.2467188, -0.2385936, 0.03296876,80.81176,5,4,30
33940,-2.405755,-1.840332,995.851,-1,0.7734375, -0.1313477, 0.6748047, 0.2467188, -0.2542186, 0.03296876,80.81176,5,4,30
34006,-2.378643,-2.351532,995.8694,10.48954,0.7719727, -0.1308594, 0.675293, 0.1685938, -0.2229686, 0.07984376,80.81176,5,4,30
34072,-3.890036,-5.401428,995.9796,10.48954,0.7744141, -0.1303711, 0.675293, 0.1217188, -0.2229686, 0.04859376,80.81176,5,4,30
34139,-4.099864,-4.309692,995.9402,10.48036,0.7724609, -0.1303711, 0.6733398, 0.1998438, -0.2385936, 0.06421876,80.81176,5,4,30
34206,-3.372991,-2.646118,995.8801,-1,0.7739258, -0.1303711, 0.671875, 0.1998438, -0.2385936, 0.06421876,80.81176,5,4,30
34378,-3.408129,-3.443268,995.9088,-1,0.7744141, -0.1308594, 0.675293, 0.2467188, -0.2385936, 0.06421876,80.81176,5,4,30
34445,-3.027124,-2.646118,995.8801,-1,0.7739258, -0.1303711, 0.6738281, 0.1842188, -0.3167186, 0.09546876,80.81176,5,4,30
34512,-3.781049,-4.534973,995.9482,-1,0.7744141, -0.1289063, 0.6723633, 0.1998438, -0.2854686, 0.06421876,80.81176,5,4,30
34581,-4.305319,-4.82959,995.9589,10.48036,0.7744141, -0.1293945, 0.6738281, 0.2310938, -0.2229686, 0.06421876,80.81176,5,4,30
34649,-3.181133,-2.056946,995.8589,-1,0.7729492, -0.1308594, 0.675293, 0.1842188, -0.2542186, 0.04859376,80.81176,5,4,30
34720,-3.459493,-3.737854,995.9196,-1,0.7744141, -0.1303711, 0.6723633, 0.2623438, -0.2229686, 0.06421876,80.81176,5,4,30
34789,-3.304072,-3.148651,995.8984,-1,0.7749023, -0.1303711, 0.6748047, 0.1373438, -0.2854686, 0.07984376,80.81176,5,4,30
34862,-3.226362,-3.148651,995.8984,10.47576,0.7739258, -0.1289063, 0.675293, 0.2310938, -0.2385936, 0.06421876,80.81176,5,4,30
34937,-3.334815,-3.443268,995.9088,10.47117,0.7753906, -0.1289063, 0.6743164, 0.2310938, -0.2698436, 0.06421876,80.81176,5,4,30
35008,-3.389041,-3.443268,995.9088,-1,0.7739258, -0.1303711, 0.675293, 0.2154688, -0.2854686, 0.04859376,80.81176,5,4,30
35189,-4.360582,-5.332123,995.9772,-1,0.7734375, -0.1313477, 0.6748047, 0.1998438, -0.3010936, 0.04859376,80.81176,5,4,30
35263,-2.662896,-0.96521,995.8195,10.47117,0.7744141, -0.1298828, 0.6738281, 0.2154688, -0.2542186, 0.1267188,80.81176,5,4,30
35335,-4.253109,-5.843323,995.9955,-1,0.7744141, -0.128418, 0.6743164, 0.1842188, -0.3167186, 0.1267188,80.81176,5,4,30
35410,-3.155028,-2.056946,995.8589,-1,0.7739258, -0.1308594, 0.6762695, 0.2310938, -0.1917186, 0.04859376,80.81176,5,4,30
35483,-2.861587,-2.568146,995.8772,-1,0.7753906, -0.1303711, 0.671875, 0.1842188, -0.2854686, 0.09546876,80.81176,5,4,30
35568,-3.806587,-4.751587,995.9561,10.46658,0.7753906, -0.1308594, 0.6733398, 0.1685938, -0.3010936, 0.06421876,80.81176,5,4,30
35645,-2.242923,-0.6792603,995.809,-1,0.7744141, -0.1303711, 0.6728516, 0.1529688, -0.2698436, 0.06421876,80.81176,5,4,30
35721,-4.588991,-6.935059,996.035,-1,0.7729492, -0.1303711, 0.6743164, 0.1998438, -0.3323436, 0.03296876,80.81176,5,4,30
35800,-3.725862,-2.862732,995.8879,-1,0.7739258, -0.1308594, 0.6738281, 0.1685938, -0.2542186, 0.09546876,80.81176,5,4,30
35879,-3.39827,-3.070679,995.8954,-1,0.7739258, -0.1289063, 0.6748047, 0.1842188, -0.2229686, 0.06421876,80.81176,5,4,30
36068,-3.676369,-3.954468,995.9272,10.4574,0.7734375, -0.1298828, 0.675293, 0.1842188, -0.2229686, 0.07984376,80.81176,5,4,30
36146,-3.919392,-4.162415,995.9349,-1,0.7729492, -0.1303711, 0.675293, 0.1842188, -0.1760936, 0.04859376,80.81176,5,4,30
36226,-2.00474,-0.09008789,995.7878,-1,0.7734375, -0.1308594, 0.6743164, 0.1529688, -0.2698436, 0.06421876,80.81176,5,4,30
36308,-2.286443,-2.568146,995.8772,-1,0.7729492, -0.1328125, 0.6757813, 0.1998438, -0.2542186, 0.07984376,80.81176,5,4,30
36387,-2.825854,-3.365265,995.9061,-1,0.7724609, -0.1313477, 0.6743164, 0.2310938, -0.3010936, 0.04859376,80.81176,5,4,30
36469,-2.151132,-1.47641,995.8378,10.45281,0.7749023, -0.1318359, 0.6728516, 0.1998438, -0.3635936, 0.07984376,80.81176,5,4,30
36551,-2.610905,-3.070679,995.8954,-1,0.7753906, -0.1313477, 0.6762695, 0.2154688, -0.1604686, 0.06421876,80.81176,5,4,30
36682,-3.38666,-4.162415,995.9349,-1,0.7753906, -0.1308594, 0.675293, 0.1998438, -0.2698436, 0.04859376,80.81176,5,4,30
36744,-3.92183,-4.457001,995.9456,10.44822,0.7749023, -0.128418, 0.6743164, 0.1842188, -0.2229686, 0.09546876,80.81176,5,4,30
36806,-4.042122,-4.162415,995.9349,-1,0.7749023, -0.1298828, 0.6733398, 0.2310938, -0.3167186, 0.07984376,80.81176,5,4,30
36978,-3.266148,-2.490173,995.8745,-1,0.7734375, -0.1308594, 0.6748047, 0.1998438, -0.2854686, 0.07984376,80.81176,5,4,30
37040,-3.168413,-3.070679,995.8954,-1,0.7734375, -0.1293945, 0.675293, 0.1842188, -0.3167186, 0.06421876,80.81176,5,4,30
37105,-2.283425,-1.398438,995.8351,-1,0.7724609, -0.1342773, 0.6713867, 0.1998438, -0.03546858, 0.09546876,80.81176,5,4,30
37171,-2.131184,-1.978943,995.856,10.45281,0.7739258, -0.1264648, 0.6674805, 0.1685938, -0.5198436, 0.06421876,80.81176,5,4,30
37237,-2.055063,-1.978943,995.856,10.46199,0.7758789, -0.1313477, 0.6708984, 0.1842188, -0.2385936, 0.06421876,80.81176,5,4,30
37305,-2.818471,-3.581879,995.914,10.44822,0.7739258, -0.1303711, 0.675293, 0.1842188, -0.2542186, 0.04859376,80.81176,5,4,30
37375,-2.801615,-2.78476,995.885,10.4574,0.7749023, -0.1303711, 0.6738281, 0.1685938, -0.3010936, 0.1110938,80.81176,5,4,30
37443,-4.027883,-5.25415,995.9743,-1,0.7753906, -0.1308594, 0.675293, 0.1998438, -0.2229686, 0.04859376,80.81176,5,4,30
37513,-3.804881,-3.581879,995.914,-1,0.7739258, -0.1298828, 0.6743164, 0.2310938, -0.2698436, 0.07984376,80.81176,5,4,30
37584,-3.546087,-3.287292,995.9034,10.44822,0.7744141, -0.1293945, 0.6748047, 0.2154688, -0.2542186, 0.04859376,80.81176,5,4,30
37760,-3.563982,-3.581879,995.914,-1,0.7739258, -0.1289063, 0.6743164, 0.2310938, -0.2229686, 0.01734376,80.81176,5,4,30
37829,-3.572931,-3.581879,995.914,-1,0.7724609, -0.1323242, 0.6738281, 0.1842188, -0.3167186, 0.09546876,80.81176,5,4,30
37900,-3.031552,-2.490173,995.8745,-1,0.7734375, -0.1303711, 0.675293, 0.2310938, -0.2542186, 0.06421876,80.81176,5,4,30
37971,-3.306715,-3.581879,995.914,-1,0.7739258, -0.1298828, 0.6748047, 0.2154688, -0.2229686, 0.06421876,80.81176,5,4,30
38044,-3.444297,-3.581879,995.914,-1,0.7744141, -0.1308594, 0.6738281, 0.1842188, -0.3167186, 0.09546876,80.81176,5,4,30
38118,-3.803356,-4.162415,995.9349,10.44362,0.7729492, -0.128418, 0.6762695, 0.1998438, -0.2542186, 0.06421876,80.81176,5,4,30
38192,-3.294058,-2.78476,995.885,-1,0.7719727, -0.1298828, 0.6733398, 0.1998438, -0.2229686, 0.00171876,80.81176,5,4,30
38276,-4.529704,-5.76535,995.9929,10.44362,0.7724609, -0.1298828, 0.675293, 0.2154688, -0.2229686, 0.1110938,80.81176,5,4,30
38350,-2.673803,-0.8179016,995.814,-1,0.7753906, -0.1313477, 0.6738281, 0.2154688, -0.2229686, 0.04859376,80.81176,5,4,30
38425,-3.673709,-4.673615,995.9534,10.44362,0.7734375, -0.1298828, 0.6748047, 0.2467188, -0.2542186, 0.1110938,80.81176,5,4,30
38608,-3.883394,-4.093079,995.9323,-1,0.7749023, -0.1303711, 0.675293, 0.1998438, -0.2542186, 0.03296876,80.81176,5,4,30
38685,-3.186784,-2.490173,995.8745,-1,0.7734375, -0.1298828, 0.6748047, 0.2310938, -0.1917186, 0.03296876,80.81176,5,4,30
38765,-3.384331,-3.581879,995.914,-1,0.7734375, -0.1298828, 0.675293, 0.2467188, -0.3010936, 0.07984376,80.81176,5,4,30
38843,-4.574841,-5.76535,995.9929,-1,0.7739258, -0.1303711, 0.6757813, 0.1529688, -0.1917186, 0.06421876,80.81176,5,4,30
38923,-5.170095,-5.76535,995.9929,10.43444,0.7729492, -0.1293945, 0.675293, 0.1685938, -0.3010936, 0.09546876,80.81176,5,4,30
39002,-2.993999,-0.8179016,995.814,-1,0.7734375, -0.1298828, 0.6738281, 0.1685938, -0.2073436, 0.04859376,80.81176,5,4,30
39083,-2.599111,-2.204224,995.864,-1,0.7714844, -0.128418, 0.6748047, 0.1842188, -0.2854686, 0.09546876,80.81176,5,4,30
39168,-2.943202,-3.287292,995.9034,10.43444,0.7744141, -0.1298828, 0.6733398, 0.1842188, -0.2542186, 0.00171876,80.81176,5,4,30
39259,-4.900144,-6.857086,996.0323,-1,0.7749023, -0.1308594, 0.6733398, 0.1685938, -0.2854686, 0.06421876,80.81176,5,4,30
39341,-3.404891,-1.909637,995.8533,-1,0.7749023, -0.1293945, 0.6762695, 0.1685938, -0.2542186, 0.07984376,80.81176,5,4,30
39579,-4.294853,-5.184814,995.9716,-1,0.7753906, -0.1289063, 0.6728516, 0.2310938, -0.3479686, 0.07984376,80.81176,5,4,30
39640,-3.648113,-3.001373,995.8928,10.43444,0.7749023, -0.1313477, 0.671875, 0.2154688, -0.4104686, 0.09546876,80.81176,5,4,30
39701,-4.416464,-5.184814,995.9716,10.43444,0.7729492, -0.1298828, 0.6738281, 0.2154688, -0.2854686, 0.09546876,80.81176,5,4,30
39764,-3.310344,-2.204224,995.864,-1,0.7739258, -0.1308594, 0.6772461, 0.1842188, -0.2854686, 0.06421876,80.81176,5,4,30
39829,-3.155859,-3.001373,995.8928,-1,0.7729492, -0.1293945, 0.6762695, 0.1998438, -0.3010936, 0.09546876,80.81176,5,4,30
39894,-4.170337,-5.184814,995.9716,10.43903,0.7729492, -0.1308594, 0.6762695, 0.2154688, -0.3167186, 0.07984376,80.81176,5,4,30
39956,-4.677576,-5.184814,995.9716,-1,0.7739258, -0.1289063, 0.6757813, 0.1842188, -0.2229686, 0.03296876,80.81176,5,4,30
40023,-3.839474,-3.001373,995.8928,-1,0.7744141, -0.1289063, 0.671875, 0.1217188, -0.2385936, 0.09546876,80.81176,5,4,30
40090,-2.874556,-1.909637,995.8533,-1,0.7729492, -0.1303711, 0.6762695, 0.2310938, -0.2229686, 0.04859376,80.81176,5,4,30
40158,-4.17266,-5.470764,995.9822,-1,0.7744141, -0.1298828, 0.6767578, 0.1373438, -0.2229686, 0.1267188,80.81176,5,4,30
40335,-3.439708,-2.706757,995.8822,10.43444,0.7739258, -0.1313477, 0.6748047, 0.1842188, -0.2698436, 0.09546876,80.81176,5,4,30
40406,-4.710836,-5.981964,996.0005,10.42985,0.7744141, -0.1293945, 0.6738281, 0.1373438, -0.2698436, 0.03296876,80.81176,5,4,30
40472,-3.561503,-2.41217,995.8717,-1,0.7739258, -0.1303711, 0.6757813, 0.2154688, -0.2542186, 0.1110938,80.81176,5,4,30
40544,-2.440969,-1.320435,995.8323,10.43444,0.7724609, -0.1313477, 0.675293, 0.2623438, -0.1760936, 0.09546876,80.81176,5,4,30
40611,-2.972438,-3.503906,995.9112,-1,0.7734375, -0.1328125, 0.6748047, 0.1685938, -0.1292186, 0.06421876,80.81176,5,4,30
40682,-2.692304,-2.41217,995.8717,-1,0.7724609, -0.1298828, 0.6757813, 0.1685938, -0.1604686, 0.06421876,80.81176,5,4,30
40753,-2.552237,-2.41217,995.8717,10.42526,0.7744141, -0.1303711, 0.6791992, 0.2310938, -0.2854686, 0.06421876,80.81176,5,4,30
40825,-2.482204,-2.41217,995.8717,-1,0.7729492, -0.1308594, 0.6767578, 0.1685938, -0.2073436, 0.06421876,80.81176,5,4,30
40900,-2.156934,-1.831665,995.8506,10.42526,0.7734375, -0.1298828, 0.675293, 0.1998438, -0.2073436, 0.09546876,80.81176,5,4,30
40976,-2.540153,-2.92337,995.8901,-1,0.7729492, -0.1293945, 0.6826172, 0.2467188, -0.3167186, 0.1110938,80.81176,5,4,30
41159,-3.277629,-4.015106,995.9295,-1,0.7734375, -0.1303711, 0.6738281, 0.1529688, -0.2698436, 0.06421876,80.81176,5,4,30
41234,-3.646368,-4.015106,995.9295,10.42526,0.7739258, -0.1303711, 0.6748047, 0.2310938, -0.2229686, 0.07984376,80.81176,5,4,30
41311,-4.121005,-4.595642,995.9506,-1,0.7739258, -0.1303711, 0.6733398, 0.1685938, -0.2698436, 0.04859376,80.81176,5,4,30
41387,-4.613924,-5.106842,995.9689,-1,0.7744141, -0.1308594, 0.6748047, 0.1998438, -0.1917186, 0.1267188,80.81176,5,4,30
41465,-3.370087,-2.126251,995.8613,-1,0.7739258, -0.128418, 0.6713867, 0.1842188, -0.3323436, 0.09546876,80.81176,5,4,30
41546,-3.83989,-4.309692,995.9401,-1,0.7753906, -0.1308594, 0.6757813, 0.2467188, -0.2385936, 0.07984376,80.81176,5,4,30
41626,-3.38163,-2.92337,995.8901,10.41608,0.7744141, -0.1313477, 0.6748047, 0.1842188, -0.2542186, 0.09546876,80.81176,5,4,30
41706,-3.698368,-4.015106,995.9295,10.42526,0.7744141, -0.1308594, 0.6743164, 0.2310938, -0.2542186, 0.06421876,80.81176,5,4,30
41787,-2.91231,-2.126251,995.8613,10.42067,0.7734375, -0.1303711, 0.6748047, 0.1685938, -0.3010936, 0.03296876,80.81176,5,4,30
41869,-2.371987,-1.831665,995.8506,-1,0.7744141, -0.1289063, 0.6743164, 0.1842188, -0.3479686, 0.09546876,80.81176,5,4,30
42058,-3.739415,-5.106842,995.9689,-1,0.7739258, -0.1313477, 0.675293, 0.2154688, -0.3323436, 0.09546876,80.81176,5,4,30
42140,-4.024553,-4.309692,995.9401,-1,0.7729492, -0.1303711, 0.6743164, 0.1685938, -0.3010936, 0.06421876,80.81176,5,4,30
42223,-3.473962,-2.92337,995.8901,10.41608,0.7734375, -0.1303711, 0.6777344, 0.1685938, -0.2698436, 0.04859376,80.81176,5,4,30
42353,-3.744534,-4.015106,995.9295,-1,0.7744141, -0.1303711, 0.6772461, 0.1529688, -0.2385936, 0.09546876,80.81176,5,4,30
42417,-3.333952,-2.92337,995.8901,10.41148,0.7744141, -0.1318359, 0.6743164, 0.1842188, -0.2385936, 0.06421876,80.81176,5,4,30
42479,-3.384276,-3.434601,995.9085,-1,0.7749023, -0.1318359, 0.6748047, 0.1842188, -0.1917186, 0.06421876,80.81176,5,4,30
42544,-3.552398,-3.72052,995.9189,10.41608,0.7734375, -0.1308594, 0.6708984, 0.2154688, -0.2698436, 0.1110938,80.81176,5,4,30
42607,-1.998871,-0.445343,995.8006,-1,0.7739258, -0.1298828, 0.6743164, 0.1998438, -0.2542186, 0.04859376,80.81176,5,4,30
42671,-3.552856,-5.106842,995.9689,-1,0.7749023, -0.1303711, 0.6743164, 0.1529688, -0.1760936, 0.1110938,80.81176,5,4,30
42737,-2.401993,-1.251129,995.8296,-1,0.7739258, -0.1313477, 0.6738281, 0.1842188, -0.3323436, 0.06421876,80.81176,5,4,30
42919,-3.208549,-4.015106,995.9295,10.41608,0.7753906, -0.1293945, 0.6748047, 0.1685938, -0.3010936, 0.09546876,80.81176,5,4,30
42987,-3.867428,-4.526306,995.9479,-1,0.7724609, -0.1293945, 0.6743164, 0.1373438, -0.1917186, 0.06421876,80.81176,5,4,30
43057,-2.411985,-0.956543,995.819,10.40689,0.7744141, -0.1303711, 0.6738281, 0.1529688, -0.2698436, 0.06421876,80.81176,5,4,30
43126,-1.684264,-0.956543,995.819,-1,0.7758789, -0.1298828, 0.6748047, 0.1998438, -0.2698436, 0.06421876,80.81176,5,4,30
43196,-3.105285,-4.526306,995.9479,-1,0.7739258, -0.1293945, 0.6762695, 0.1998438, -0.2698436, 0.07984376,80.81176,5,4,30
43267,-3.269943,-3.434601,995.9085,10.40689,0.7729492, -0.1293945, 0.6748047, 0.1842188, -0.2385936, 0.06421876,80.81176,5,4,30
43334,-1.420082,0.4297791,995.7692,-1,0.7724609, -0.1293945, 0.6738281, 0.1685938, -0.2229686, 0.06421876,80.81176,5,4,30
43403,-2.973194,-4.526306,995.9479,10.39771,0.7749023, -0.1289063, 0.6762695, 0.1685938, -0.2698436, 0.07984376,80.81176,5,4,30
43476,-4.001032,-5.02887,995.9662,-1,0.7739258, -0.1293945, 0.6748047, 0.1998438, -0.2385936, 0.06421876,80.81176,5,4,30
43548,-3.128629,-2.256226,995.8661,-1,0.7749023, -0.1318359, 0.6743164, 0.2154688, -0.3010936, 0.09546876,80.81176,5,4,30
43731,-2.692427,-2.256226,995.8661,-1,0.7739258, -0.1303711, 0.6743164, 0.1998438, -0.2385936, 0.07984376,80.81176,5,4,30
43805,-3.717674,-4.74292,995.9559,10.39312,0.7729492, -0.1308594, 0.6748047, 0.2310938, -0.2385936, 0.06421876,80.81176,5,4,30
43879,-3.281536,-2.845398,995.8873,-1,0.7734375, -0.1313477, 0.6757813, 0.1685938, -0.2854686, 0.04859376,80.81176,5,4,30
43954,-2.920507,-2.559479,995.877,-1,1.077637, -0.06298828, 0.9267578, -4.097031, -10.53547, 8.157969,80.81176,5,4,30
44030,-2.739993,-2.559479,995.877,-1,0.7172852, -0.1679688, 0.6435547, 1.027969, 4.902031, -1.373281,80.81176,5,4,30
44107,-3.048295,-3.356598,995.9056,-1,0.7739258, -0.1782227, 0.6518555, 1.465469, 5.433281, -1.435781,80.81176,5,4,30
44183,-3.748315,-4.448334,995.9451,-1,0.7988281, -0.1508789, 0.5800781, 0.05921876, -7.066719, 1.204844,80.81176,5,4,30
44259,-3.552456,-3.356598,995.9056,-1,0.8491211, -0.1396484, 0.7402344, -0.3626562, -3.847969, 0.5173438,80.81176,5,4,30
44339,-3.454527,-3.356598,995.9056,-1,0.7431641, -0.1225586, 0.7011719, -0.4095312, 1.620781, -0.3264062,80.81176,5,4,30
44417,-2.565108,-1.67569,995.8452,-1,0.7709961, -0.1308594, 0.671875, -0.1595312, -1.222969, 0.5642188,80.81176,5,4,30
44603,-1.323265,-0.0814209,995.7874,10.38393,0.7285156, -0.1630859, 0.6225586, 0.7935938, -1.394844, -0.4670312,80.81176,5,4,30
44681,-1.64677,-1.970276,995.8558,-1,0.7524414, -0.1220703, 0.6635742, 0.09046877, -4.988594, 0.3454688,80.81176,5,4,30
44765,-1.808523,-1.970276,995.8558,10.38853,0.7841797, -0.1323242, 0.6425781, 0.6529688, 0.4957814, -0.3889062,80.81176,5,4,30
44847,-0.9449719,-0.0814209,995.7874,10.38853,0.7709961, -0.1186523, 0.6733398, -0.01890624, -2.222969, 0.2204688,80.81176,5,4,30
44928,-1.457624,-1.970276,995.8558,10.38853,0.7958984, -0.1191406, 0.7050781, -0.3626562, -6.582344, 0.6892188,80.81176,5,4,30
45010,-1.71395,-1.970276,995.8558,-1,0.7871094, -0.125, 0.722168, -0.05015624, 0.3551564, 0.04859376,80.81176,5,4,30
45138,-2.240688,-2.767426,995.8845,-1,0.7758789, -0.1425781, 0.6958008, -0.1282812, 1.120781, 0.1892188,80.81176,5,4,30
45198,-2.248457,-2.256226,995.8661,-1,0.7729492, -0.1274414, 0.6870117, 0.4029688, 1.730156, 0.1579688,80.81176,5,4,30
45262,-2.109366,-1.970276,995.8558,-1,0.7280273, -0.1503906, 0.7324219, -1.503281, -4.472969, 0.6267188,80.81176,5,4,30
45324,-2.039821,-1.970276,995.8558,-1,0.824707, -0.1333008, 0.6542969, -0.5189062, -2.160469, 0.2985938,80.81176,5,4,30
45492,-2.403623,-2.767426,995.8845,-1,0.7607422, -0.1293945, 0.6923828, -0.2845312, -5.519844, 0.8610937,80.81176,5,4,30
45557,-3.131392,-3.859161,995.924,-1,0.7705078, -0.1254883, 0.6787109, 0.3404688, 0.4176564, -0.07640624,80.81176,5,4,30
45623,-3.243995,-3.356598,995.9056,-1,0.7705078, -0.1264648, 0.6704102, 0.5279688, -0.5354686, -0.1389062,80.81176,5,4,30
45689,-3.153003,-3.062012,995.8951,-1,0.7709961, -0.1264648, 0.6982422, 0.01234376, 0.7926564, 0.07984376,80.81176,5,4,30
45755,-3.653376,-4.153748,995.9345,-1,0.765625, -0.1293945, 0.6782227, 0.2935938, -0.9729686, 0.1579688,80.81176,5,4,30
45822,-3.357694,-3.062012,995.8951,-1,0.7709961, -0.1274414, 0.6875, 0.1998438, 0.4645314, 0.06421876,80.81176,5,4,30
45888,-2.516692,-1.67569,995.8452,-1,0.7631836, -0.1313477, 0.6782227, 0.3248438, 0.1832814, -0.07640624,80.81176,5,4,30
45958,-2.386459,-2.256226,995.8661,10.38853,0.7739258, -0.1313477, 0.6845703, 0.1529688, -0.6448436, 0.1892188,80.81176,5,4,30
46026,-2.832542,-3.278625,995.9028,-1,0.7788086, -0.1318359, 0.6845703, 0.1529688, -0.8323436, 0.2360938,80.81176,5,4,30
46097,-3.055584,-3.278625,995.9028,-1,0.7666016, -0.1235352, 0.6865234, 0.1842188, -0.08234358, 0.00171876,80.81176,5,4,30
46274,-1.130941,0.7937012,995.7558,10.37934,0.7631836, -0.128418, 0.6845703, -0.01890624, -0.7385936, 0.1735938,80.81176,5,4,30
46346,-1.260356,-1.389771,995.8346,-1,0.7685547, -0.1318359, 0.6801758, 0.2154688, 0.1051564, 0.06421876,80.81176,5,4,30
46418,-2.013891,-2.767426,995.8845,-1,0.7900391, -0.128418, 0.6777344, 0.1373438, -1.222969, 0.1579688,80.81176,5,4,30
46497,-2.936526,-3.859161,995.924,-1,0.7680664, -0.1303711, 0.6894531, 0.1842188, 0.4020314, 0.1110938,80.81176,5,4,30
46570,-3.943696,-4.950867,995.9634,-1,0.7729492, -0.1303711, 0.6855469, 0.1685938, -0.3792186, 0.1267188,80.81176,5,4,30
46645,-4.048722,-4.153748,995.9345,-1,0.7670898, -0.1254883, 0.6674805, 0.2310938, -0.6135936, 0.1267188,80.81176,5,4,30
46721,-2.862206,-1.67569,995.8452,10.37934,0.7661133, -0.1289063, 0.6674805, 0.4654688, -0.4729686, -0.1389062,80.81176,5,4,30
46798,-3.360684,-3.859161,995.924,10.37475,0.7749023, -0.128418, 0.6850586, 0.02796876, -1.316719, 0.2204688,80.81176,5,4,30
46877,-3.466948,-3.573212,995.9135,-1,0.7700195, -0.1303711, 0.6791992, 0.02796876, -0.1760936, 0.1423438,80.81176,5,4,30
46955,-4.065948,-4.664948,995.9529,10.37475,0.7675781, -0.1293945, 0.6787109, 0.2779688, 0.3239064, -0.04515624,80.81176,5,4,30
47144,-2.580566,-1.095184,995.824,10.37934,0.7807617, -0.1303711, 0.6875, -0.01890624, -0.6760936, 0.1892188,80.81176,5,4,30
47219,-1.837875,-1.095184,995.824,-1,0.7719727, -0.1269531, 0.6835938, 0.09046877, -0.09796858, 0.1892188,80.81176,5,4,30
47297,-2.012383,-2.18689,995.8633,-1,0.7631836, -0.1274414, 0.6855469, 0.2310938, 0.1051564, 0.1110938,80.81176,5,4,30
47378,-2.792797,-3.573212,995.9135,10.37934,0.7636719, -0.1279297, 0.6977539, 0.07484376, -1.832344, 0.3298438,80.81176,5,4,30
47456,-3.183004,-3.573212,995.9135,-1,0.7250977, -0.1259766, 0.6347656, -0.3470312, -0.5042186, 0.2517188,80.81176,5,4,30
47536,-3.230815,-3.278625,995.9028,-1,0.7631836, -0.1381836, 0.7133789, -0.5189062, -0.8010936, 0.9548437,80.81176,5,4,30
47617,-3.25472,-3.278625,995.9028,10.37016,0.815918, -0.1660156, 0.5991211, 0.3092188, 3.886406, -0.6545312,80.81176,5,4,30
47699,-2.174952,-1.095184,995.824,-1,0.7353516, -0.1308594, 0.7451172, -0.9251562, -2.566719, 0.5329688,80.81176,5,4,30
47782,-3.671216,-5.16748,995.9712,-1,0.7514648, -0.1240234, 0.6708984, 0.3873438, -0.7542186, 0.06421876,80.81176,5,4,30
47866,-1.832999,0.005218506,995.7844,10.37016,0.7641602, -0.1293945, 0.6875, 0.1685938, -1.082344, 0.09546876,80.81176,5,4,30
48106,-2.408519,-2.984039,995.8923,10.37016,0.7651367, -0.1269531, 0.6723633, 0.2935938, 0.4801564, -0.09203124,80.81176,5,4,30
48171,-2.843572,-3.278625,995.9028,10.37016,0.7709961, -0.1293945, 0.6777344, 0.1529688, -0.9729686, 0.1579688,80.81176,5,4,30
48234,-2.913806,-2.984039,995.8923,-1,0.7719727, -0.1308594, 0.6831055, 0.1685938, 0.4176564, 0.06421876,80.81176,5,4,30
48299,-3.096216,-3.278625,995.9028,10.36098,0.7636719, -0.1274414, 0.6772461, 0.2779688, -0.1604686, -0.04515624,80.81176,5,4,30
48364,-3.040128,-2.984039,995.8923,10.37016,0.7695313, -0.1303711, 0.6918945, 0.05921876, -0.1917186, 0.09546876,80.81176,5,4,30
48430,-2.067656,-1.095184,995.824,10.37016,0.7641602, -0.1274414, 0.6791992, 0.1060938, -0.3323436, 0.1735938,80.81176,5,4,30
48494,-3.760543,-5.45343,995.9816,-1,0.7709961, -0.1220703, 0.6821289, 0.1217188, -0.03546858, 0.1735938,80.81176,5,4,30
48563,-2.427864,-1.095184,995.824,10.36098,0.8110352, -0.1411133, 0.6679688, 0.1998438, -1.644844, 0.2673438,80.81176,5,4,30
48630,-2.307377,-2.18689,995.8633,-1,0.7504883, -0.137207, 0.6953125, -0.8470312, -1.035469, 0.5173438,80.81176,5,4,30
48700,-2.793001,-3.278625,995.9028,10.37016,0.7797852, -0.1298828, 0.7241211, -0.4407812, -0.5042186, 0.8767187,80.81176,5,4,30
48877,-2.342652,-1.892303,995.853,-1,0.7724609, -0.1264648, 0.6669922, 0.2467188, -2.394844, 0.2673438,80.81176,5,4,30
48948,-2.264771,-2.18689,995.8633,10.36098,0.8022461, -0.137207, 0.6420898, -0.2064062, -6.176094, 0.7360938,80.81176,5,4,30
49016,-3.313233,-4.361694,995.9422,-1,0.7700195, -0.1362305, 0.671875, 0.1529688, -1.301094, 0.01734376,80.81176,5,4,30
49087,-3.148636,-2.984039,995.8923,-1,0.7573242, -0.1352539, 0.6884766, 0.09046877, 1.527031, -0.01390624,80.81176,5,4,30
49157,-2.923378,-2.69812,995.882,-1,0.7709961, -0.1308594, 0.6616211, 0.1217188, 1.152031, -0.06078124,80.81176,5,4,30
49230,-3.101002,-3.278625,995.9028,-1,0.7807617, -0.1289063, 0.6762695, 0.3092188, -1.504219, 0.06421876,80.81176,5,4,30
49303,-3.042521,-2.984039,995.8923,10.36557,0.7758789, -0.1264648, 0.6870117, 0.1685938, -2.082344, 0.1892188,80.81176,5,4,30
49376,-4.507909,-5.973297,996.0003,-1,0.7714844, -0.1401367, 0.671875, 0.09046877, 0.3082814, 0.03296876,80.81176,5,4,30
49451,-3.603014,-2.69812,995.882,10.37016,0.7714844, -0.1333008, 0.6796875, 0.1998438, -0.3792186, 0.09546876,80.81176,5,4,30
49527,-2.604699,-1.606384,995.8426,10.36557,0.7749023, -0.1328125, 0.6679688, 0.2779688, 0.5895314, -0.04515624,80.81176,5,4,30
49711,-2.65141,-2.69812,995.882,10.36098,0.7861328, -0.1279297, 0.6586914, 0.3873438, -0.8948436, -0.02953124,80.81176,5,4,30
49787,-1.981604,-1.311798,995.8318,-1,0.7631836, -0.1342773, 0.6894531, 0.1998438, -1.644844, 0.2048438,80.81176,5,4,30
49863,-2.482821,-2.984039,995.8923,10.36557,0.7646484, -0.1318359, 0.6757813, 0.2935938, 1.573906, -0.1545312,80.81176,5,4,30
49939,-2.044603,-1.606384,995.8426,-1,0.7709961, -0.1274414, 0.6831055, 0.1998438, 0.1520314, 0.1267188,80.81176,5,4,30
50022,-2.514321,-2.984039,995.8923,-1,0.7724609, -0.1318359, 0.6806641, 0.3092188, 0.3395314, 0.03296876,80.81176,5,4,30
50102,-2.74918,-2.984039,995.8923,-1,0.7841797, -0.1347656, 0.6835938, 0.1529688, -0.9417186, 0.1892188,80.81176,5,4,30
50183,-3.668078,-4.586975,995.9501,10.37016,0.7709961, -0.1337891, 0.6782227, -0.01890624, -2.566719, 0.2360938,80.81176,5,4,30
50263,-2.091363,-0.5146484,995.8031,10.36098,0.7597656, -0.1342773, 0.6875, -0.01890624, 0.6989064, 0.1110938,80.81176,5,4,30
50341,-1.445965,-0.8005676,995.8134,-1,0.7836914, -0.1259766, 0.6621094, 0.04359376, -2.082344, 0.4860938,80.81176,5,4,30
50420,-0.1398528,1.16626,995.7425,-1,0.7802734, -0.1313477, 0.6708984, 0.3560938, 1.652031, -0.01390624,80.81176,5,4,30
50613,-1.124385,-2.108917,995.8608,10.36098,0.7885742, -0.1328125, 0.6899414, -0.05015624, -1.144844, 0.1423438,80.81176,5,4,30
50694,-1.911252,-2.69812,995.882,-1,0.7719727, -0.1235352, 0.6743164, 0.2467188, 1.448906, -0.1857812,80.81176,5,4,30
50773,-2.010085,-2.108917,995.8608,-1,0.7714844, -0.1362305, 0.6782227, 0.2779688, 0.1051564, 0.04859376,80.81176,5,4,30
50903,-2.059501,-2.108917,995.8608,10.36098,0.7617188, -0.1323242, 0.6831055, 0.2154688, 0.5582814, 0.06421876,80.81176,5,4,30
50965,-2.482784,-2.906067,995.8896,-1,0.7758789, -0.1401367, 0.6645508, 0.09046877, -1.301094, 0.2204688,80.81176,5,4,30
51030,-3.387587,-4.292389,995.9396,-1,0.7729492, -0.1318359, 0.6630859, 0.2310938, 0.3551564, -0.04515624,80.81176,5,4,30
51096,-2.895545,-2.403503,995.8713,10.36098,0.7597656, -0.1347656, 0.6733398, 0.02796876, -2.144844, 0.2204688,80.81176,5,4,30
51158,-2.354938,-1.814331,995.8502,-1,0.7910156, -0.1201172, 0.6733398, 0.2154688, -1.988594, 0.5485938,80.81176,5,4,30
51225,-1.395807,-0.436676,995.8002,-1,0.7768555, -0.1328125, 0.6708984, -0.06578124, 2.073906, -0.07640624,80.81176,5,4,30
51290,-1.752362,-2.108917,995.8608,10.36098,0.7797852, -0.1342773, 0.6816406, 0.1685938, -1.254219, 0.2048438,80.81176,5,4,30
51466,-1.640387,-1.528412,995.8396,10.36098,0.7646484, -0.1323242, 0.6674805, 0.2154688, -0.6760936, -0.04515624,80.81176,5,4,30
51533,-2.67612,-3.711853,995.9185,-1,0.777832, -0.1337891, 0.6835938, 0.2310938, 2.292656, -0.1076562,80.81176,5,4,30
51603,-3.484254,-4.292389,995.9396,10.3518,0.7666016, -0.1264648, 0.6875, 0.1998438, 0.04265642, 0.04859376,80.81176,5,4,30
51672,-4.182908,-4.881561,995.9609,-1,0.7958984, -0.1264648, 0.6723633, 0.2154688, -1.426094, 0.09546876,80.81176,5,4,30
51741,-4.532235,-4.881561,995.9609,10.34261,0.7734375, -0.1328125, 0.6879883, 0.1060938, -0.5979686, 0.09546876,80.81176,5,4,30
51810,-3.320576,-2.108917,995.8608,10.35639,0.7646484, -0.128418, 0.6992188, 0.3873438, 1.886406, -0.2639062,80.81176,5,4,30
51880,-3.555201,-3.789825,995.9214,-1,0.7709961, -0.1269531, 0.6835938, 0.1685938, -2.332344, 0.1735938,80.81176,5,4,30
51953,-2.979352,-2.403503,995.8713,10.35639,0.8115234, -0.125, 0.6606445, 0.3873438, -6.176094, 0.06421876,80.81176,5,4,30
52025,-1.599707,-0.2200623,995.7924,10.3518,0.7597656, -0.1337891, 0.6845703, 0.1998438, 0.5426564, 0.01734376,80.81176,5,4,30
52101,-2.946048,-4.292389,995.9396,10.3518,0.7729492, -0.1308594, 0.6743164, 0.2467188, -0.2229686, 0.07984376,80.81176,5,4,30
52282,-3.07335,-3.200653,995.9002,-1,0.7734375, -0.1308594, 0.6772461, 0.1685938, -0.2385936, 0.07984376,80.81176,5,4,30
52354,-3.535561,-3.997772,995.929,10.35639,0.7714844, -0.1333008, 0.6762695, 0.1842188, -0.2385936, 0.04859376,80.81176,5,4,30
52429,-3.073506,-2.61145,995.879,10.36098,0.7729492, -0.1323242, 0.6767578, 0.1529688, -0.2698436, 0.06421876,80.81176,5,4,30
52508,-3.137079,-3.200653,995.9002,-1,0.7724609, -0.1318359, 0.6767578, 0.1998438, -0.2385936, 0.06421876,80.81176,5,4,30
52584,-3.424466,-3.711853,995.9185,-1,0.7724609, -0.1303711, 0.675293, 0.2310938, -0.3479686, 0.04859376,80.81176,5,4,30
52659,-3.31256,-3.200653,995.9002,-1,0.7724609, -0.1303711, 0.6738281, 0.1373438, -0.3323436, 0.06421876,80.81176,5,4,30
52734,-3.148299,-2.984039,995.8923,-1,0.7724609, -0.1323242, 0.6748047, 0.2154688, -0.3010936, 0.07984376,80.81176,5,4,30
52815,-3.174476,-3.200653,995.9002,10.35639,0.7724609, -0.1308594, 0.6777344, 0.2310938, -0.3010936, 0.09546876,80.81176,5,4,30
52893,-4.426594,-5.678711,995.9895,-1,0.7729492, -0.1318359, 0.6762695, 0.2467188, -0.2854686, 0.09546876,80.81176,5,4,30
52969,-3.562357,-2.69812,995.882,-1,0.7724609, -0.1303711, 0.6762695, 0.1685938, -0.2385936, 0.1110938,80.81176,5,4,30
53156,-2.584371,-1.606384,995.8426,-1,0.7719727, -0.1303711, 0.6772461, 0.1998438, -0.2385936, 0.06421876,80.81176,5,4,30
53237,-2.641245,-2.69812,995.882,10.36098,0.7714844, -0.1308594, 0.675293, 0.1998438, -0.2698436, 0.06421876,80.81176,5,4,30
53318,-3.319509,-3.997772,995.929,-1,0.7739258, -0.1347656, 0.6796875, 0.1998438, -0.2854686, 0.09546876,80.81176,5,4,30
53399,-3.407374,-3.495239,995.9106,10.36098,0.7724609, -0.1313477, 0.6791992, 0.2310938, -0.2698436, 0.1110938,80.81176,5,4,30
53481,-4.430402,-5.45343,995.9816,-1,0.7753906, -0.1293945, 0.6728516, 0.1998438, -0.3010936, 0.06421876,80.81176,5,4,30
53564,-4.110114,-3.789825,995.9214,-1,0.7729492, -0.1289063, 0.6772461, 0.1998438, -0.1760936, 0.01734376,80.81176,5,4,30
53706,-3.404117,-2.69812,995.882,10.36098,0.7719727, -0.1264648, 0.6748047, 0.1685938, -0.4260936, -0.01390624,80.81176,5,4,30
53771,-3.051118,-2.69812,995.882,10.36098,0.7709961, -0.1328125, 0.6777344, 0.2154688, -0.2073436, 0.07984376,80.81176,5,4,30
53835,-1.89119,-0.7312622,995.8108,-1,0.7753906, -0.1347656, 0.6743164, 0.1373438, -0.2698436, 0.1735938,80.81176,5,4,30
53899,-3.784951,-5.678711,995.9895,10.3518,0.7719727, -0.1293945, 0.6767578, 0.1373438, -0.2542186, 0.06421876,80.81176,5,4,30
54077,-4.333256,-4.881561,995.9609,10.36098,0.7705078, -0.1323242, 0.6787109, 0.1998438, -0.2385936, 0.06421876,80.81176,5,4,30
54142,-2.423952,-0.5146484,995.8031,10.36557,0.769043, -0.1337891, 0.6694336, 0.2623438, -0.2385936, 0.04859376,80.81176,5,4,30
54208,-2.812303,-3.200653,995.9002,-1,0.7700195, -0.1333008, 0.6777344, 0.1060938, -0.1604686, 0.06421876,80.81176,5,4,30
54275,-2.755211,-2.69812,995.882,-1,0.7724609, -0.1303711, 0.6748047, 0.1685938, -0.3479686, 0.06421876,80.81176,5,4,30
54345,-2.432064,-2.108917,995.8608,10.37016,0.7714844, -0.1328125, 0.6777344, 0.1373438, -0.3010936, 0.09546876,80.81176,5,4,30
54413,-2.565092,-2.69812,995.882,-1,0.7729492, -0.1313477, 0.6772461, 0.1529688, -0.2698436, 0.03296876,80.81176,5,4,30
54483,-2.882873,-3.200653,995.9002,-1,0.7719727, -0.1318359, 0.6762695, 0.1685938, -0.2229686, 0.04859376,80.81176,5,4,30
54554,-2.244628,-1.606384,995.8426,10.36557,0.7724609, -0.1303711, 0.6767578, 0.1998438, -0.2542186, 0.06421876,80.81176,5,4,30
54625,-2.324066,-2.403503,995.8713,10.36098,0.7724609, -0.1308594, 0.6772461, 0.2154688, -0.2698436, 0.09546876,80.81176,5,4,30
54696,-2.216492,-2.108917,995.8608,10.35639,0.7719727, -0.1318359, 0.6782227, 0.1998438, -0.2073436, 0.04859376,80.81176,5,4,30
54874,-1.872452,-1.528412,995.8396,10.36557,0.7734375, -0.1313477, 0.6748047, 0.1217188, -0.2229686, 0.01734376,80.81176,5,4,30
54946,-1.843391,-1.814331,995.8502,10.36557,0.7724609, -0.1308594, 0.6772461, 0.1998438, -0.3010936, 0.01734376,80.81176,5,4,30
55020,-3.06789,-4.292389,995.9396,10.37016,0.7739258, -0.1318359, 0.675293, 0.1998438, -0.2854686, 0.06421876,80.81176,5,4,30
55097,-3.428858,-3.789825,995.9214,10.36098,0.7709961, -0.1318359, 0.6767578, 0.1373438, -0.1917186, 0.06421876,80.81176,5,4,30
55170,-3.063489,-2.69812,995.882,-1,0.7705078, -0.1313477, 0.6762695, 0.1685938, -0.2542186, 0.06421876,80.81176,5,4,30
55245,-1.641776,-0.2200623,995.7924,-1,0.7714844, -0.1303711, 0.6748047, 0.1842188, -0.2385936, 0.04859376,80.81176,5,4,30
55320,-2.169948,-2.69812,995.882,10.36098,0.7719727, -0.1313477, 0.675293, 0.1529688, -0.2854686, 0.04859376,80.81176,5,4,30
55395,-1.303312,-0.436676,995.8002,-1,0.7724609, -0.1333008, 0.6777344, 0.2310938, -0.2229686, 0.06421876,80.81176,5,4,30
55470,-2.399276,-3.495239,995.9106,-1,0.7719727, -0.1323242, 0.6757813, 0.1685938, -0.2385936, 0.06421876,80.81176,5,4,30
55546,-2.106803,-1.814331,995.8502,-1,0.7714844, -0.1298828, 0.6777344, 0.1998438, -0.2229686, 0.04859376,80.81176,5,4,30
55732,-3.346889,-4.586975,995.9501,10.3518,0.7719727, -0.1328125, 0.6772461, 0.2467188, -0.2854686, 0.03296876,80.81176,5,4,30
55810,-2.727903,-2.108917,995.8608,-1,0.7719727, -0.1318359, 0.6787109, 0.1842188, -0.3010936, 0.07984376,80.81176,5,4,30
55889,-2.271117,-1.814331,995.8502,10.3518,0.7739258, -0.1303711, 0.6762695, 0.2310938, -0.3010936, 0.04859376,80.81176,5,4,30
55966,-3.827606,-5.384094,995.9791,-1,0.7719727, -0.128418, 0.6762695, 0.1998438, -0.3010936, 0.06421876,80.81176,5,4,30
56052,-3.366836,-2.906067,995.8896,-1,0.7724609, -0.1318359, 0.6777344, 0.1998438, -0.2542186, 0.04859376,80.81176,5,4,30
56133,-4.080879,-4.794922,995.9578,10.36098,0.7724609, -0.1323242, 0.6757813, 0.1685938, -0.2542186, 0.06421876,80.81176,5,4,30
56215,-4.437901,-4.794922,995.9578,10.3472,0.7724609, -0.1303711, 0.6757813, 0.1998438, -0.2698436, 0.06421876,80.81176,5,4,30
56301,-4.074877,-3.711853,995.9185,10.3518,0.7714844, -0.1298828, 0.6791992, 0.1373438, -0.2385936, 0.04859376,80.81176,5,4,30
56381,-2.801644,-1.528412,995.8396,10.34261,0.7719727, -0.1323242, 0.6777344, 0.2310938, -0.2385936, 0.1267188,80.81176,5,4,30
56511,-3.841603,-4.881561,995.9609,-1,0.7724609, -0.1328125, 0.6762695, 0.2310938, -0.2385936, 0.04859376,80.81176,5,4,30
56681,-3.919687,-3.997772,995.929,10.34261,0.7719727, -0.1323242, 0.6777344, 0.1998438, -0.2854686, 0.06421876,80.81176,5,4,30
56743,-3.56017,-3.200653,995.9002,-1,0.7729492, -0.1313477, 0.6757813, 0.1842188, -0.2385936, 0.04859376,80.81176,5,4,30
56804,-3.129145,-2.69812,995.882,-1,0.7729492, -0.1313477, 0.6757813, 0.1685938, -0.1917186, 0.1267188,80.81176,5,4,30
56867,-2.619031,-2.108917,995.8608,-1,0.7724609, -0.1308594, 0.6777344, 0.1529688, -0.2542186, 0.07984376,80.81176,5,4,30
56931,-1.129279,0.3604736,995.7714,10.34261,0.7719727, -0.1318359, 0.6787109, 0.1685938, -0.2854686, 0.07984376,80.81176,5,4,30
56997,-2.563525,-3.997772,995.929,10.36098,0.7719727, -0.1323242, 0.6777344, 0.1529688, -0.2698436, 0.1267188,80.81176,5,4,30
57061,-2.99473,-3.425934,995.9081,-1,0.7709961, -0.1298828, 0.6777344, 0.2310938, -0.2854686, 0.04859376,80.81176,5,4,30
57135,-3.244984,-3.495239,995.9106,-1,0.7724609, -0.1323242, 0.6748047, 0.1998438, -0.2542186, 0.06421876,80.81176,5,4,30
57201,-4.314539,-5.384094,995.9791,-1,0.7729492, -0.1318359, 0.6743164, 0.1373438, -0.2229686, 0.03296876,80.81176,5,4,30
57269,-3.50633,-2.69812,995.882,-1,0.7724609, -0.1308594, 0.6777344, 0.1998438, -0.2854686, 0.09546876,80.81176,5,4,30
57448,-2.409064,-1.311798,995.8318,-1,0.7714844, -0.1308594, 0.6748047, 0.1998438, -0.2854686, 0.09546876,80.81176,5,4,30
57517,-2.553592,-2.69812,995.882,-1,0.7724609, -0.1323242, 0.6762695, 0.1060938, -0.2073436, 0.03296876,80.81176,5,4,30
57588,-4.913286,-7.27298,996.0474,-1,0.7729492, -0.1313477, 0.6762695, 0.2154688, -0.2542186, 0.01734376,80.81176,5,4,30
57660,-3.658395,-2.403503,995.8713,-1,0.7709961, -0.1308594, 0.6757813, 0.1373438, -0.2698436, 0.07984376,80.81176,5,4,30
57732,-3.178257,-2.69812,995.882,-1,0.7719727, -0.1333008, 0.6762695, 0.1998438, -0.2698436, 0.04859376,80.81176,5,4,30
57807,-3.882616,-4.586975,995.9501,10.37016,0.7724609, -0.1318359, 0.6777344, 0.2310938, -0.2854686, 0.04859376,80.81176,5,4,30
57879,-4.382089,-4.881561,995.9609,-1,0.7719727, -0.1308594, 0.6767578, 0.1685938, -0.2385936, 0.04859376,80.81176,5,4,30
57956,-3.791371,-3.200653,995.9002,-1,0.7714844, -0.1318359, 0.6738281, 0.1529688, -0.3010936, 0.07984376,80.81176,5,4,30
58032,-3.348719,-2.906067,995.8896,-1,0.7724609, -0.1303711, 0.6772461, 0.2154688, -0.3010936, 0.06421876,80.81176,5,4,30
58108,-1.892697,-0.436676,995.8002,10.36098,0.7724609, -0.1313477, 0.6772461, 0.1529688, -0.2854686, 0.09546876,80.81176,5,4,30
58293,-2.000807,-2.108917,995.8608,-1,0.7729492, -0.1318359, 0.6787109, 0.1998438, -0.3010936, 0.04859376,80.81176,5,4,30
58368,-2.054862,-2.108917,995.8608,-1,0.7714844, -0.1303711, 0.6767578, 0.2154688, -0.2542186, 0.09546876,80.81176,5,4,30
58448,-3.173625,-4.292389,995.9396,10.36098,0.7739258, -0.1293945, 0.6767578, 0.1529688, -0.2542186, 0.09546876,80.81176,5,4,30
58524,-4.027594,-4.881561,995.9609,-1,0.7739258, -0.1323242, 0.6767578, 0.1998438, -0.2385936, 0.07984376,80.81176,5,4,30
58601,-2.920962,-1.814331,995.8502,-1,0.7719727, -0.1298828, 0.675293, 0.1998438, -0.2229686, 0.06421876,80.81176,5,4,30
58680,-1.969072,-1.017181,995.8214,-1,0.7729492, -0.1323242, 0.6777344, 0.1217188, -0.2698436, 0.09546876,80.81176,5,4,30
58759,-1.930688,-1.892303,995.853,-1,0.7714844, -0.1323242, 0.6772461, 0.1998438, -0.2542186, 0.09546876,80.81176,5,4,30
58838,-3.406125,-4.881561,995.9609,10.35639,0.7719727, -0.1333008, 0.6733398, 0.1842188, -0.2542186, 0.06421876,80.81176,5,4,30
58921,-3.632643,-3.859161,995.924,-1,0.7724609, -0.1323242, 0.6782227, 0.1998438, -0.2542186, 0.09546876,80.81176,5,4,30
59002,-3.711234,-3.789825,995.9214,-1,0.7724609, -0.1298828, 0.6772461, 0.1373438, -0.2385936, 0.04859376,80.81176,5,4,30
59194,-3.204677,-2.69812,995.882,-1,0.7724609, -0.1313477, 0.6777344, 0.1842188, -0.2698436, 0.09546876,80.81176,5,4,30
59276,-3.349958,-3.495239,995.9106,-1,0.7719727, -0.1293945, 0.6748047, 0.1842188, -0.2385936, 0.1267188,80.81176,5,4,30
59411,-3.166999,-2.984039,995.8923,10.37016,0.7724609, -0.1308594, 0.6757813, 0.1998438, -0.2385936, 0.04859376,80.81176,5,4,30
59474,-3.075519,-2.984039,995.8923,-1,0.7705078, -0.1303711, 0.6762695, 0.2154688, -0.2698436, 0.06421876,80.81176,5,4,30
59538,-4.264475,-5.45343,995.9816,10.36098,0.7719727, -0.1303711, 0.6782227, 0.1842188, -0.3010936, 0.04859376,80.81176,5,4,30
59603,-3.078389,-1.892303,995.853,10.36557,0.7709961, -0.1303711, 0.6743164, 0.1842188, -0.2229686, 0.1110938,80.81176,5,4,30
59669,-3.178507,-3.278625,995.9028,10.37016,0.7724609, -0.1308594, 0.6738281, 0.2310938, -0.2854686, 0.1110938,80.81176,5,4,30
59735,-3.735448,-4.292389,995.9396,-1,0.7734375, -0.1313477, 0.6777344, 0.1842188, -0.2854686, 0.1110938,80.81176,5,4,30
59802,-2.922183,-2.108917,995.8608,10.36557,0.7719727, -0.1313477, 0.6777344, 0.1529688, -0.2698436, 0.04859376,80.81176,5,4,30
59869,-3.356004,-3.789825,995.9214,-1,0.7714844, -0.1298828, 0.6748047, 0.2154688, -0.2385936, 0.06421876,80.81176,5,4,30
60046,-2.879754,-2.403503,995.8713,10.36557,0.7729492, -0.1308594, 0.6777344, 0.1998438, -0.2229686, 0.06421876,80.81176,5,4,30
60113,-2.533322,-2.18689,995.8633,-1,0.7724609, -0.1318359, 0.6777344, 0.1529688, -0.2385936, 0.06421876,80.81176,5,4,30
60178,-2.905973,-3.278625,995.9028,-1,0.7714844, -0.1313477, 0.6757813, 0.1842188, -0.2698436, 0.04859376,80.81176,5,4,30
60248,-3.092299,-3.278625,995.9028,10.37475,0.7719727, -0.1308594, 0.6772461, 0.1842188, -0.2385936, 0.07984376,80.81176,5,4,30
60315,-3.726997,-4.361694,995.9422,-1,0.7719727, -0.1318359, 0.6762695, 0.2310938, -0.1917186, 0.1110938,80.81176,5,4,30
60383,-3.104252,-2.481506,995.8741,-1,0.7705078, -0.1318359, 0.6772461, 0.1842188, -0.2698436, 0.06421876,80.81176,5,4,30
60453,-3.191439,-3.278625,995.9028,-1,0.7709961, -0.1308594, 0.6748047, 0.1685938, -0.2698436, 0.06421876,80.81176,5,4,30
60523,-2.689164,-2.18689,995.8633,10.37016,0.7709961, -0.1318359, 0.6777344, 0.1842188, -0.3323436, 0.04859376,80.81176,5,4,30
60595,-3.38247,-4.075775,995.9317,-1,0.7705078, -0.1289063, 0.6772461, 0.1842188, -0.1917186, 0.07984376,80.81176,5,4,30
60666,-2.091519,-0.8005676,995.8134,-1,0.7729492, -0.1323242, 0.6757813, 0.1685938, -0.2854686, 0.04859376,80.81176,5,4,30
60859,-2.97534,-3.859161,995.924,10.37016,0.7724609, -0.1303711, 0.6757813, 0.1998438, -0.2229686, 0.09546876,80.81176,5,4,30
60934,-2.728423,-2.481506,995.8741,10.37016,0.7714844, -0.1318359, 0.6772461, 0.1998438, -0.2698436, 0.09546876,80.81176,5,4,30
61011,-3.696685,-4.664948,995.9529,10.37475,0.7724609, -0.1298828, 0.6767578, 0.1842188, -0.2385936, 0.06421876,80.81176,5,4,30
61084,-3.232055,-2.767426,995.8845,-1,0.7724609, -0.1318359, 0.675293, 0.1529688, -0.2229686, 0.09546876,80.81176,5,4,30
61161,-3.796875,-4.361694,995.9422,-1,0.7724609, -0.1318359, 0.6791992, 0.1373438, -0.2698436, 0.04859376,80.81176,5,4,30
61237,-2.991882,-2.18689,995.8633,-1,0.7714844, -0.1308594, 0.6782227, 0.2467188, -0.2698436, 0.04859376,80.81176,5,4,30
61313,-3.282547,-3.573212,995.9135,-1,0.7714844, -0.1303711, 0.675293, 0.1998438, -0.2229686, 0.06421876,80.81176,5,4,30
61391,-3.570854,-3.859161,995.924,10.37934,0.7729492, -0.1308594, 0.6757813, 0.2154688, -0.2542186, 0.04859376,80.81176,5,4,30
61470,-3.42474,-3.278625,995.9028,-1,0.7729492, -0.1308594, 0.6777344, 0.1685938, -0.2385936, 0.06421876,80.81176,5,4,30
61550,-3.351683,-3.278625,995.9028,-1,0.7739258, -0.1318359, 0.6767578, 0.1842188, -0.2542186, 0.04859376,80.81176,5,4,30
61737,-3.462447,-3.573212,995.9135,-1,0.7709961, -0.1298828, 0.6777344, 0.1685938, -0.2385936, 0.06421876,80.81176,5,4,30
61818,-2.824668,-2.18689,995.8633,-1,0.7724609, -0.1293945, 0.6748047, 0.1842188, -0.2229686, 0.04859376,80.81176,5,4,30
61900,-2.653087,-2.481506,995.8741,10.37475,0.7724609, -0.1323242, 0.6772461, 0.1998438, -0.2229686, 0.09546876,80.81176,5,4,30
61982,-3.659018,-4.664948,995.9529,-1,0.7709961, -0.1298828, 0.6767578, 0.2310938, -0.2854686, 0.03296876,80.81176,5,4,30
62067,-3.759089,-3.859161,995.924,10.37934,0.7724609, -0.1313477, 0.6772461, 0.1685938, -0.3323436, 0.1267188,80.81176,5,4,30
62200,-3.263258,-2.767426,995.8845,10.37934,0.7729492, -0.1323242, 0.6757813, 0.1998438, -0.2698436, 0.03296876,80.81176,5,4,30
62265,-3.418235,-3.573212,995.9135,10.37475,0.7724609, -0.1303711, 0.6757813, 0.1998438, -0.3010936, 0.09546876,80.81176,5,4,30
62329,-2.404003,-1.389771,995.8346,-1,0.7719727, -0.1298828, 0.6757813, 0.1842188, -0.2698436, 0.06421876,80.81176,5,4,30
62393,-2.585714,-2.767426,995.8845,-1,0.7714844, -0.1318359, 0.6757813, 0.2154688, -0.2698436, 0.1110938,80.81176,5,4,30
62458,-3.222438,-3.859161,995.924,-1,0.7729492, -0.1298828, 0.675293, 0.1998438, -0.2698436, 0.1579688,80.81176,5,4,30
62633,-3.5408,-3.859161,995.924,-1,0.7724609, -0.1293945, 0.6762695, 0.2310938, -0.2385936, 0.06421876,80.81176,5,4,30
62699,-4.393142,-5.245483,995.9741,-1,0.7714844, -0.1318359, 0.6767578, 0.2310938, -0.2698436, 0.06421876,80.81176,5,4,30
62764,-1.79972,0.7937012,995.7558,-1,0.7729492, -0.1298828, 0.6777344, 0.1529688, -0.2229686, 0.06421876,80.81176,5,4,30
62830,-2.829441,-3.859161,995.924,-1,0.7719727, -0.1313477, 0.6767578, 0.1998438, -0.2542186, 0.07984376,80.81176,5,4,30
62895,-3.201326,-3.573212,995.9135,10.38393,0.7719727, -0.1313477, 0.675293, 0.2310938, -0.2542186, 0.1267188,80.81176,5,4,30
62962,-4.076097,-4.950867,995.9634,-1,0.7729492, -0.1328125, 0.6782227, 0.1842188, -0.3010936, 0.1110938,80.81176,5,4,30
63028,-2.875893,-1.67569,995.8452,-1,0.7724609, -0.1318359, 0.6748047, 0.1842188, -0.2542186, 0.09546876,80.81176,5,4,30
63095,-3.367527,-3.859161,995.924,-1,0.7724609, -0.1313477, 0.6772461, 0.1998438, -0.2698436, 0.09546876,80.81176,5,4,30
63164,-3.760637,-4.153748,995.9345,10.39312,0.7709961, -0.1303711, 0.6772461, 0.1685938, -0.2385936, 0.07984376,80.81176,5,4,30
63235,-3.809899,-3.859161,995.924,10.37934,0.7719727, -0.1313477, 0.675293, 0.2310938, -0.2542186, 0.07984376,80.81176,5,4,30
63414,-3.288662,-2.767426,995.8845,-1,0.7719727, -0.1293945, 0.6762695, 0.2154688, -0.3167186, 0.07984376,80.81176,5,4,30
63485,-3.721205,-4.153748,995.9345,-1,0.7714844, -0.1298828, 0.6767578, 0.1842188, -0.2385936, 0.04859376,80.81176,5,4,30
63557,-4.483344,-5.245483,995.9741,-1,0.7719727, -0.1289063, 0.675293, 0.1998438, -0.2698436, 0.09546876,80.81176,5,4,30
63632,-5.410266,-6.337189,996.0134,-1,0.7724609, -0.1333008, 0.6772461, 0.1998438, -0.2229686, 0.07984376,80.81176,5,4,30
63704,-4.383432,-3.356598,995.9056,-1,0.7724609, -0.1308594, 0.675293, 0.1373438, -0.2698436, 0.07984376,80.81176,5,4,30
63775,-3.176854,-1.970276,995.8558,-1,0.7724609, -0.1328125, 0.675293, 0.1685938, -0.2385936, 0.04859376,80.81176,5,4,30
63851,-3.414034,-3.651215,995.9163,10.39312,0.7729492, -0.1313477, 0.6772461, 0.1060938, -0.2854686, 0.04859376,80.81176,5,4,30
63927,-3.931184,-4.448334,995.9451,10.38393,0.7724609, -0.1298828, 0.675293, 0.1998438, -0.2698436, 0.07984376,80.81176,5,4,30
64005,-3.643891,-3.356598,995.9056,-1,0.7734375, -0.1328125, 0.6762695, 0.2154688, -0.3167186, 0.09546876,80.81176,5,4,30
64081,-2.118256,-0.5926208,995.8058,-1,0.7714844, -0.1328125, 0.6767578, 0.1685938, -0.2698436, 0.04859376,80.81176,5,4,30
64269,-2.884735,-3.651215,995.9163,-1,0.7734375, -0.1323242, 0.6738281, 0.1842188, -0.3010936, 0.07984376,80.81176,5,4,30
64349,-3.666534,-4.448334,995.9451,10.38853,0.7714844, -0.1289063, 0.675293, 0.1998438, -0.3010936, 0.04859376,80.81176,5,4,30
64435,-3.511566,-3.356598,995.9056,10.38393,0.7729492, -0.1313477, 0.6772461, 0.1998438, -0.2229686, 0.06421876,80.81176,5,4,30
64513,-3.97995,-4.448334,995.9451,-1,0.7709961, -0.1298828, 0.6772461, 0.2154688, -0.2229686, 0.07984376,80.81176,5,4,30
64592,-3.118088,-2.256226,995.8661,10.38853,0.7729492, -0.1318359, 0.6762695, 0.1529688, -0.2698436, 0.07984376,80.81176,5,4,30
64674,-2.396889,-1.67569,995.8452,-1,0.7729492, -0.1303711, 0.6782227, 0.1998438, -0.2542186, 0.04859376,80.81176,5,4,30
64757,-3.422611,-4.448334,995.9451,-1,0.7709961, -0.1293945, 0.6782227, 0.1998438, -0.2854686, 0.09546876,80.81176,5,4,30
64840,-3.242311,-3.062012,995.8951,-1,0.7709961, -0.1323242, 0.6767578, 0.2310938, -0.3010936, 0.04859376,80.81176,5,4,30
64969,-3.845323,-4.448334,995.9451,-1,0.7724609, -0.1303711, 0.6743164, 0.2310938, -0.2073436, 0.04859376,80.81176,5,4,30
65030,-3.202401,-2.559479,995.877,10.39771,0.7719727, -0.1337891, 0.6767578, 0.1998438, -0.2542186, 0.07984376,80.81176,5,4,30
65199,-3.97266,-4.74292,995.9559,-1,0.7734375, -0.1313477, 0.6762695, 0.2154688, -0.3167186, 0.06421876,80.81176,5,4,30
65263,-4.210497,-4.448334,995.9451,10.39312,0.7729492, -0.1308594, 0.675293, 0.1685938, -0.2229686, 0.07984376,80.81176,5,4,30
65327,-3.233361,-2.256226,995.8661,-1,0.7729492, -0.1308594, 0.6777344, 0.1842188, -0.2385936, 0.07984376,80.81176,5,4,30
65392,-4.131115,-5.02887,995.9662,-1,0.7729492, -0.1313477, 0.6777344, 0.1998438, -0.2854686, 0.09546876,80.81176,5,4,30
65457,-4.289724,-4.448334,995.9451,-1,0.7714844, -0.1313477, 0.6772461, 0.1842188, -0.2229686, 0.09546876,80.81176,5,4,30
65520,-3.823161,-3.356598,995.9056,-1,0.7709961, -0.1303711, 0.6782227, 0.1529688, -0.2073436, 0.06421876,80.81176,5,4,30
65590,-3.884481,-3.945801,995.9269,10.39312,0.7724609, -0.1318359, 0.6757813, 0.2154688, -0.2073436, 0.09546876,80.81176,5,4,30
65656,-2.130244,-0.3760071,995.7981,-1,0.7734375, -0.1318359, 0.6743164, 0.2154688, -0.2542186, 0.09546876,80.81176,5,4,30
65724,-3.579557,-5.02887,995.9662,-1,0.7709961, -0.1303711, 0.6762695, 0.1842188, -0.3010936, 0.09546876,80.81176,5,4,30
65794,-3.468077,-3.356598,995.9056,-1,0.7724609, -0.1308594, 0.6757813, 0.09046877, -0.2698436, 0.06421876,80.81176,5,4,30
65975,-2.862152,-2.256226,995.8661,10.39771,0.7714844, -0.1323242, 0.6762695, 0.1998438, -0.2542186, 0.06421876,80.81176,5,4,30
66046,-2.559189,-2.256226,995.8661,10.38853,0.7729492, -0.1313477, 0.6767578, 0.1842188, -0.2854686, 0.04859376,80.81176,5,4,30
66119,-3.252495,-3.945801,995.9269,10.39771,0.7714844, -0.1318359, 0.6767578, 0.09046877, -0.2229686, 0.09546876,80.81176,5,4,30
66191,-3.304546,-3.356598,995.9056,-1,0.7734375, -0.1298828, 0.6767578, 0.1998438, -0.2385936, 0.1267188,80.81176,5,4,30
66262,-3.87644,-4.448334,995.9451,-1,0.7729492, -0.1308594, 0.6757813, 0.2154688, -0.2385936, 0.01734376,80.81176,5,4,30
66337,-3.616519,-3.356598,995.9056,-1,0.7724609, -0.1298828, 0.6777344, 0.1529688, -0.2542186, 0.07984376,80.81176,5,4,30
66409,-2.685091,-1.753662,995.848,-1,0.7729492, -0.1318359, 0.6777344, 0.1685938, -0.3010936, 0.03296876,80.81176,5,4,30
66484,-2.765244,-2.845398,995.8873,10.40689,0.7724609, -0.1333008, 0.6767578, 0.1842188, -0.2542186, 0.06421876,80.81176,5,4,30
66560,-3.897057,-5.02887,995.9662,10.4023,0.7724609, -0.1303711, 0.6782227, 0.2310938, -0.2073436, 0.09546876,80.81176,5,4,30
66637,-2.535107,-1.173157,995.8268,-1,0.7719727, -0.1313477, 0.6777344, 0.2467188, -0.2542186, 0.1110938,80.81176,5,4,30
66822,-2.690252,-2.845398,995.8873,-1,0.7719727, -0.1298828, 0.6777344, 0.1529688, -0.2542186, 0.07984376,80.81176,5,4,30
66898,-1.680438,-0.6706238,995.8086,-1,0.7724609, -0.1303711, 0.6772461, 0.1685938, -0.2385936, 0.04859376,80.81176,5,4,30
66975,-3.354654,-5.02887,995.9662,-1,0.7724609, -0.1293945, 0.6762695, 0.1373438, -0.2698436, 0.06421876,80.81176,5,4,30
67053,-3.100026,-2.845398,995.8873,10.40689,0.7709961, -0.1318359, 0.6748047, 0.2154688, -0.2698436, 0.06421876,80.81176,5,4,30
67129,-3.120005,-3.139984,995.8979,-1,0.7719727, -0.1313477, 0.6772461, 0.1685938, -0.3010936, 0.06421876,80.81176,5,4,30
67206,-3.129995,-3.139984,995.8979,-1,0.7719727, -0.1303711, 0.6762695, 0.1842188, -0.2385936, 0.06421876,80.81176,5,4,30
67287,-1.900309,-0.6706238,995.8086,10.39771,0.7734375, -0.1303711, 0.6762695, 0.1685938, -0.2229686, 0.06421876,80.81176,5,4,30
67368,-2.372854,-2.845398,995.8873,-1,0.7709961, -0.1323242, 0.6757813, 0.1842188, -0.2542186, 0.06421876,80.81176,5,4,30
67450,-2.756419,-3.139984,995.8979,-1,0.7724609, -0.1323242, 0.6767578, 0.1842188, -0.2854686, 0.04859376,80.81176,5,4,30
67532,-2.800908,-2.845398,995.8873,-1,0.7729492, -0.1308594, 0.6772461, 0.1842188, -0.3167186, 0.01734376,80.81176,5,4,30
67724,-3.373354,-3.945801,995.9269,10.4023,0.7709961, -0.1318359, 0.6762695, 0.1842188, -0.2385936, 0.03296876,80.81176,5,4,30
67858,-2.455201,-1.537048,995.8401,-1,0.7705078, -0.1308594, 0.6767578, 0.1529688, -0.3010936, 0.09546876,80.81176,5,4,30
67920,-3.490754,-4.526306,995.9479,-1,0.7714844, -0.1303711, 0.6767578, 0.1842188, -0.3010936, 0.04859376,80.81176,5,4,30
67984,-3.605637,-3.72052,995.9189,10.41148,0.7729492, -0.1318359, 0.6757813, 0.1998438, -0.3323436, 0.09546876,80.81176,5,4,30
68055,-3.520119,-3.434601,995.9085,-1,0.7724609, -0.1313477, 0.6762695, 0.1529688, -0.2854686, 0.04859376,80.81176,5,4,30
68121,-3.767612,-4.015106,995.9295,10.41148,0.7729492, -0.1308594, 0.6762695, 0.1685938, -0.2854686, 0.09546876,80.81176,5,4,30
68187,-3.744066,-3.72052,995.9189,10.41148,0.7719727, -0.1313477, 0.6791992, 0.1685938, -0.3167186, 0.09546876,80.81176,5,4,30
68258,-2.094705,-0.445343,995.8006,10.40689,0.7719727, -0.1308594, 0.6772461, 0.1998438, -0.2698436, 0.06421876,80.81176,5,4,30
68324,-3.310505,-4.526306,995.9479,-1,0.7709961, -0.1293945, 0.675293, 0.2154688, -0.2698436, 0.06421876,80.81176,5,4,30
68390,-3.771113,-4.23172,995.9373,-1,0.7709961, -0.1308594, 0.6743164, 0.1998438, -0.2698436, 0.06421876,80.81176,5,4,30
68567,-2.511121,-1.251129,995.8296,10.40689,0.7714844, -0.1308594, 0.6762695, 0.1998438, -0.2542186, 0.04859376,80.81176,5,4,30
68635,-3.518713,-4.526306,995.9479,-1,0.7719727, -0.1318359, 0.6772461, 0.1373438, -0.3010936, 0.03296876,80.81176,5,4,30
68702,-2.237628,-0.956543,995.819,-1,0.7724609, -0.1308594, 0.675293, 0.2154688, -0.2542186, 0.06421876,80.81176,5,4,30
68772,-3.381967,-4.526306,995.9479,-1,0.7744141, -0.1308594, 0.6772461, 0.1685938, -0.3167186, 0.07984376,80.81176,5,4,30
68843,-2.862416,-2.342865,995.8691,-1,0.7729492, -0.1313477, 0.6772461, 0.1842188, -0.3167186, 0.07984376,80.81176,5,4,30
68914,-3.694361,-4.526306,995.9479,10.42067,0.7734375, -0.1308594, 0.6767578, 0.1998438, -0.2385936, 0.09546876,80.81176,5,4,30
68985,-2.763013,-1.831665,995.8506,-1,0.7714844, -0.1303711, 0.6782227, 0.1529688, -0.2698436, 0.09546876,80.81176,5,4,30
69061,-3.241766,-3.72052,995.9189,10.4023,0.7724609, -0.1313477, 0.6762695, 0.1998438, -0.2542186, 0.1110938,80.81176,5,4,30
69134,-2.389407,-1.537048,995.8401,-1,0.7719727, -0.1303711, 0.6757813, 0.1998438, -0.2229686, 0.03296876,80.81176,5,4,30
69208,-2.110536,-1.831665,995.8506,10.42067,0.7729492, -0.1298828, 0.6772461, 0.1685938, -0.2542186, 0.09546876,80.81176,5,4,30
69389,-1.53354,-0.956543,995.819,-1,0.7709961, -0.1318359, 0.6772461, 0.1842188, -0.2229686, 0.07984376,80.81176,5,4,30
69464,-2.62703,-3.72052,995.9189,-1,0.7724609, -0.1313477, 0.6782227, 0.1998438, -0.3010936, 0.06421876,80.81176,5,4,30
69538,-3.321068,-4.015106,995.9295,10.41608,0.7714844, -0.1303711, 0.6757813, 0.1842188, -0.2698436, 0.09546876,80.81176,5,4,30
69611,-3.122219,-2.92337,995.8901,-1,0.7719727, -0.1318359, 0.6767578, 0.1685938, -0.2385936, 0.04859376,80.81176,5,4,30
69690,-3.715956,-4.309692,995.9401,10.42526,0.7724609, -0.1298828, 0.6787109, 0.1685938, -0.2698436, 0.06421876,80.81176,5,4,30
69766,-2.77381,-1.831665,995.8506,-1,0.7729492, -0.1313477, 0.6782227, 0.1842188, -0.2073436, 0.06421876,80.81176,5,4,30
69844,-3.684726,-4.595642,995.9506,-1,0.7734375, -0.1313477, 0.6767578, 0.1998438, -0.2229686, 0.03296876,80.81176,5,4,30
69924,-3.849916,-4.015106,995.9295,10.41608,0.7729492, -0.1328125, 0.6748047, 0.2154688, -0.2698436, 0.09546876,80.81176,5,4,30
70003,-3.932511,-4.015106,995.9295,-1,0.7729492, -0.1308594, 0.6791992, 0.1685938, -0.1917186, 0.07984376,80.81176,5,4,30
70083,-2.73478,-1.537048,995.8401,10.41608,0.7724609, -0.1308594, 0.6767578, 0.1529688, -0.2542186, 0.1110938,80.81176,5,4,30
70270,-3.522236,-4.309692,995.9401,-1,0.7714844, -0.1308594, 0.6757813, 0.2310938, -0.2385936, 0.07984376,80.81176,5,4,30
70351,-3.915964,-4.309692,995.9401,10.42526,0.7719727, -0.1293945, 0.6772461, 0.1685938, -0.2542186, 0.07984376,80.81176,5,4,30
70435,-2.327947,-0.7399292,995.8113,-1,0.7729492, -0.1303711, 0.6772461, 0.2154688, -0.2698436, 0.07984376,80.81176,5,4,30
70516,-3.461794,-4.595642,995.9506,-1,0.7734375, -0.1303711, 0.6777344, 0.1998438, -0.2385936, 0.06421876,80.81176,5,4,30
70647,-4.028718,-4.595642,995.9506,10.42985,0.7719727, -0.1303711, 0.675293, 0.1685938, -0.2698436, 0.1110938,80.81176,5,4,30
70709,-3.476044,-2.92337,995.8901,-1,0.7719727, -0.1308594, 0.6767578, 0.1685938, -0.2229686, 0.09546876,80.81176,5,4,30
70771,-3.199707,-2.92337,995.8901,-1,0.7724609, -0.1323242, 0.6787109, 0.1842188, -0.3479686, 0.06421876,80.81176,5,4,30
70835,-3.607407,-4.015106,995.9295,-1,0.7724609, -0.1298828, 0.6762695, 0.1998438, -0.3010936, 0.06421876,80.81176,5,4,30
70898,-4.504417,-5.401428,995.9796,-1,0.7724609, -0.1308594, 0.6762695, 0.2467188, -0.3323436, 0.1110938,80.81176,5,4,30
70962,-3.861202,-3.217987,995.9007,10.42067,0.7729492, -0.1328125, 0.6782227, 0.1685938, -0.2854686, 0.09546876,80.81176,5,4,30
71136,-4.228422,-4.595642,995.9506,-1,0.7724609, -0.1303711, 0.6748047, 0.1842188, -0.2385936, 0.06421876,80.81176,5,4,30
71200,-4.412032,-4.595642,995.9506,-1,0.7714844, -0.1303711, 0.675293, 0.1998438, -0.3010936, 0.09546876,80.81176,5,4,30
71267,-4.503837,-4.595642,995.9506,-1,0.7734375, -0.1298828, 0.6767578, 0.1842188, -0.2698436, 0.06421876,80.81176,5,4,30
71337,-3.458004,-2.41217,995.8717,10.42526,0.7729492, -0.1318359, 0.6767578, 0.1998438, -0.2854686, 0.07984376,80.81176,5,4,30
71406,-1.700392,0.05722046,995.7824,-1,0.7729492, -0.1323242, 0.6772461, 0.2310938, -0.2698436, 0.04859376,80.81176,5,4,30
71475,-1.913321,-2.126251,995.8613,10.43444,0.7724609, -0.1313477, 0.6772461, 0.1842188, -0.2698436, 0.06421876,80.81176,5,4,30
71556,-3.254482,-4.595642,995.9506,10.42067,0.7719727, -0.1318359, 0.6762695, 0.1998438, -0.2854686, 0.07984376,80.81176,5,4,30
71627,-4.219648,-5.184814,995.9716,-1,0.7734375, -0.1303711, 0.6757813, 0.2154688, -0.2542186, 0.04859376,80.81176,5,4,30
71698,-4.702231,-5.184814,995.9716,10.42526,0.7719727, -0.1318359, 0.6762695, 0.2310938, -0.2385936, 0.1110938,80.81176,5,4,30
71770,-4.505962,-4.309692,995.9401,10.42526,0.7719727, -0.1303711, 0.6757813, 0.2154688, -0.2385936, 0.07984376,80.81176,5,4,30
71953,-4.004934,-3.503906,995.9112,10.43444,0.7719727, -0.1313477, 0.675293, 0.1685938, -0.3010936, 0.06421876,80.81176,5,4,30
72025,-3.503154,-3.001373,995.8928,-1,0.7729492, -0.1313477, 0.6743164, 0.1842188, -0.2854686, 0.06421876,80.81176,5,4,30
72095,-4.343984,-5.184814,995.9716,-1,0.7719727, -0.1323242, 0.6757813, 0.1998438, -0.2698436, 0.06421876,80.81176,5,4,30
72169,-4.7644,-5.184814,995.9716,-1,0.7714844, -0.1293945, 0.6791992, 0.1529688, -0.2698436, 0.04859376,80.81176,5,4,30
72242,-3.588285,-2.41217,995.8717,-1,0.7719727, -0.1313477, 0.6762695, 0.1842188, -0.2229686, 0.07984376,80.81176,5,4,30
72315,-3.294829,-3.001373,995.8928,-1,0.7719727, -0.1323242, 0.6787109, 0.1998438, -0.2385936, 0.04859376,80.81176,5,4,30
72390,-4.638397,-5.981964,996.0005,-1,0.7729492, -0.1318359, 0.675293, 0.1998438, -0.2698436, 0.04859376,80.81176,5,4,30
72468,-3.672577,-2.706757,995.8822,-1,0.7719727, -0.1318359, 0.6748047, 0.1529688, -0.2385936, 0.1110938,80.81176,5,4,30
72543,-2.245239,-0.8179016,995.814,-1,0.7724609, -0.1308594, 0.6762695, 0.2310938, -0.2542186, 0.01734376,80.81176,5,4,30
72624,-1.53157,-0.8179016,995.814,10.43444,0.7709961, -0.1303711, 0.6772461, 0.1529688, -0.2385936, 0.06421876,80.81176,5,4,30
72814,-1.317696,-1.103821,995.8245,-1,0.7719727, -0.1318359, 0.675293, 0.1685938, -0.2854686, 0.06421876,80.81176,5,4,30
72894,-1.864933,-2.41217,995.8717,10.42526,0.7729492, -0.1313477, 0.6762695, 0.1998438, -0.3010936, 0.1267188,80.81176,5,4,30
72972,-3.377581,-4.890228,995.9611,-1,0.7744141, -0.1318359, 0.6767578, 0.1842188, -0.3635936, 0.1267188,80.81176,5,4,30
73049,-3.189477,-3.001373,995.8928,-1,0.7680664, -0.140625, 0.6855469, 0.1217188, 0.1832814, 0.1267188,80.81176,5,4,30
73129,-4.039853,-4.890228,995.9611,10.42526,0.7685547, -0.1337891, 0.6801758, 0.1685938, 0.01140642, 0.09546876,80.81176,5,4,30
73211,-2.974745,-1.909637,995.8533,-1,0.7695313, -0.1323242, 0.675293, 0.1373438, -0.2698436, 0.09546876,80.81176,5,4,30
73291,-4.370048,-5.76535,995.9929,-1,0.7719727, -0.1308594, 0.6791992, 0.1842188, -0.2073436, 0.04859376,80.81176,5,4,30
73430,-3.82867,-3.287292,995.9034,-1,0.7724609, -0.1308594, 0.6743164, 0.1529688, -0.2854686, 0.06421876,80.81176,5,4,30
73492,-3.267713,-2.706757,995.8822,-1,0.7729492, -0.1303711, 0.6782227, 0.1998438, -0.2385936, 0.09546876,80.81176,5,4,30
73555,-3.134543,-3.001373,995.8928,10.43903,0.7719727, -0.1323242, 0.6772461, 0.1998438, -0.2385936, 0.07984376,80.81176,5,4,30
73729,-4.449947,-5.76535,995.9929,10.44362,0.7724609, -0.1298828, 0.6767578, 0.1373438, -0.2385936, 0.01734376,80.81176,5,4,30
73792,-5.107649,-5.76535,995.9929,-1,0.7719727, -0.1298828, 0.6762695, 0.1998438, -0.2854686, 0.1423438,80.81176,5,4,30
73857,-4.998939,-4.890228,995.9611,-1,0.7724609, -0.1318359, 0.6772461, 0.1685938, -0.3323436, 0.04859376,80.81176,5,4,30
73923,-5.234851,-5.470764,995.9822,10.44362,0.7753906, -0.1318359, 0.6757813, 0.2310938, -0.3323436, 0.06421876,80.81176,5,4,30
73989,-3.823511,-2.41217,995.8717,10.44362,0.7719727, -0.1323242, 0.675293, 0.1529688, -0.3010936, 0.06421876,80.81176,5,4,30
74056,-3.412442,-3.001373,995.8928,-1,0.7744141, -0.1308594, 0.6777344, 0.1842188, -0.3323436, 0.06421876,80.81176,5,4,30
74126,-3.206908,-3.001373,995.8928,10.44362,0.7729492, -0.1328125, 0.6767578, 0.2154688, -0.2698436, 0.04859376,80.81176,5,4,30
74197,-2.84854,-2.490173,995.8745,10.44822,0.769043, -0.1220703, 0.6821289, 0.09046877, 0.6051564, 0.07984376,80.81176,5,4,30
74269,-2.123489,-1.398438,995.8351,10.43444,0.7636719, -0.1381836, 0.6738281, 0.1998438, -0.6917186, 0.03296876,80.81176,5,4,30
74340,-1.760963,-1.398438,995.8351,10.44362,0.7758789, -0.1308594, 0.6816406, 0.1998438, -0.1135936, 0.06421876,80.81176,5,4,30
74521,-3.763157,-5.76535,995.9929,-1,0.7729492, -0.1313477, 0.6787109, 0.2154688, -0.2698436, 0.06421876,80.81176,5,4,30
74592,-2.433489,-1.103821,995.8245,-1,0.7724609, -0.1323242, 0.6757813, 0.2467188, -0.2385936, 0.1110938,80.81176,5,4,30
74667,-4.09942,-5.76535,995.9929,10.44362,0.7714844, -0.1313477, 0.6762695, 0.2467188, -0.2542186, 0.04859376,80.81176,5,4,30
74737,-3.840649,-3.581879,995.914,-1,0.7724609, -0.1303711, 0.6767578, 0.2310938, -0.2698436, 0.06421876,80.81176,5,4,30
74809,-3.711264,-3.581879,995.914,-1,0.7753906, -0.1303711, 0.6772461, 0.2467188, -0.2542186, 0.1110938,80.81176,5,4,30
74884,-3.646571,-3.581879,995.914,10.44822,0.7719727, -0.1318359, 0.6777344, 0.1998438, -0.2854686, 0.07984376,80.81176,5,4,30
74960,-3.323972,-3.001373,995.8928,-1,0.7724609, -0.1318359, 0.6777344, 0.1373438, -0.2854686, 0.09546876,80.81176,5,4,30
75032,-4.544662,-5.76535,995.9929,-1,0.7714844, -0.1308594, 0.6757813, 0.1842188, -0.2698436, 0.06421876,80.81176,5,4,30
75118,-4.609138,-4.673615,995.9534,10.44822,0.7729492, -0.1323242, 0.6782227, 0.1998438, -0.2854686, 0.06421876,80.81176,5,4,30
75192,-3.805256,-3.001373,995.8928,-1,0.7729492, -0.1303711, 0.6762695, 0.1842188, -0.3167186, 0.1110938,80.81176,5,4,30
75373,-3.546274,-3.287292,995.9034,10.43903,0.7729492, -0.1313477, 0.6787109, 0.2154688, -0.2542186, 0.00171876,80.81176,5,4,30
75449,-3.273824,-3.001373,995.8928,-1,0.7714844, -0.1303711, 0.675293, 0.1685938, -0.3323436, 0.03296876,80.81176,5,4,30
75530,-3.280558,-3.287292,995.9034,10.43444,0.7719727, -0.1308594, 0.675293, 0.1373438, -0.2698436, 0.04859376,80.81176,5,4,30
75607,-4.232686,-5.184814,995.9716,-1,0.7719727, -0.1313477, 0.6777344, 0.2310938, -0.1760936, 0.01734376,80.81176,5,4,30
75687,-3.61703,-3.001373,995.8928,10.44362,0.7729492, -0.1303711, 0.6757813, 0.1373438, -0.2542186, 0.09546876,80.81176,5,4,30
75770,-4.400922,-5.184814,995.9716,-1,0.7734375, -0.1313477, 0.6782227, 0.2310938, -0.3010936, 0.07984376,80.81176,5,4,30
75851,-4.792868,-5.184814,995.9716,10.43444,0.7714844, -0.1308594, 0.6772461, 0.2310938, -0.1604686, 0.07984376,80.81176,5,4,30
75934,-3.056651,-1.320435,995.8323,-1,0.7724609, -0.1313477, 0.6787109, 0.1998438, -0.2229686, 0.09546876,80.81176,5,4,30
76016,-1.64269,-0.2287292,995.7928,-1,0.7729492, -0.1303711, 0.6777344, 0.1529688, -0.2073436, 0.03296876,80.81176,5,4,30
76099,-2.322032,-3.001373,995.8928,-1,0.7734375, -0.1308594, 0.6777344, 0.1998438, -0.2698436, 0.06421876,80.81176,5,4,30
76340,-3.753423,-5.184814,995.9716,10.42526,0.7719727, -0.1318359, 0.6787109, 0.1685938, -0.2854686, 0.03296876,80.81176,5,4,30
76402,-4.174533,-4.595642,995.9506,-1,0.7724609, -0.1293945, 0.6762695, 0.1685938, -0.2073436, 0.07984376,80.81176,5,4,30
76466,-4.385087,-4.595642,995.9506,10.42526,0.7734375, -0.1289063, 0.6762695, 0.1842188, -0.2229686, 0.07984376,80.81176,5,4,30
76529,-3.944497,-3.503906,995.9112,-1,0.7729492, -0.1318359, 0.6762695, 0.1685938, -0.3010936, 0.06421876,80.81176,5,4,30
76594,-4.127095,-4.309692,995.9401,-1,0.7695313, -0.1313477, 0.6772461, 0.1998438, -0.2385936, 0.1267188,80.81176,5,4,30
76659,-3.126673,-2.126251,995.8613,10.42526,0.7734375, -0.1293945, 0.6757813, 0.1998438, -0.2698436, 0.04859376,80.81176,5,4,30
76726,-3.570889,-4.015106,995.9295,10.42526,0.7714844, -0.1313477, 0.6757813, 0.1529688, -0.2542186, 0.06421876,80.81176,5,4,30
76792,-4.083266,-4.595642,995.9506,10.41608,0.7729492, -0.1303711, 0.6762695, 0.2154688, -0.3167186, 0.04859376,80.81176,5,4,30
76858,-2.957465,-1.831665,995.8506,-1,0.7714844, -0.1298828, 0.6762695, 0.1685938, -0.3479686, 0.07984376,80.81176,5,4,30
76926,-3.087726,-3.217987,995.9007,-1,0.7729492, -0.1313477, 0.675293, 0.1373438, -0.2698436, 0.04859376,80.81176,5,4,30
77103,-2.606989,-2.126251,995.8613,10.41608,0.7670898, -0.125, 0.6782227, 0.2154688, -0.2073436, 0.04859376,80.81176,5,4,30
77170,-2.219327,-1.831665,995.8506,-1,0.7729492, -0.1303711, 0.6738281, 0.2154688, -0.3948436, 0.09546876,80.81176,5,4,30
77241,-1.479628,-0.7399292,995.8113,10.41608,0.7724609, -0.1318359, 0.6757813, 0.1842188, -0.3010936, 0.1110938,80.81176,5,4,30
77311,-3.839103,-6.198578,996.0084,-1,0.7719727, -0.1323242, 0.6772461, 0.1998438, -0.2229686, 0.07984376,80.81176,5,4,30
77382,-3.636852,-3.434601,995.9085,10.41608,0.7724609, -0.1313477, 0.6767578, 0.2310938, -0.3167186, 0.04859376,80.81176,5,4,30
77455,-2.734258,-1.831665,995.8506,-1,0.7734375, -0.1323242, 0.6787109, 0.1842188, -0.2854686, 0.09546876,80.81176,5,4,30
77526,-3.482989,-4.23172,995.9373,-1,0.7685547, -0.1337891, 0.6796875, 0.1842188, -0.09796858, 0.1267188,80.81176,5,4,30
77600,-3.749048,-4.015106,995.9295,10.41608,0.7739258, -0.1293945, 0.671875, 0.2310938, -0.4260936, 0.04859376,80.81176,5,4,30
77673,-3.882077,-4.015106,995.9295,10.41148,0.7739258, -0.1308594, 0.6748047, 0.1998438, -0.2854686, 0.09546876,80.81176,5,4,30
77744,-2.856871,-1.831665,995.8506,-1,0.7724609, -0.1337891, 0.6787109, 0.2310938, -0.2229686, 0.07984376,80.81176,5,4,30
77932,-3.145736,-3.434601,995.9085,10.41148,0.7705078, -0.1274414, 0.6757813, 0.1217188, -0.1448436, 0.06421876,80.81176,5,4,30
78009,-3.290168,-3.434601,995.9085,10.41608,0.7646484, -0.1293945, 0.6806641, 0.1217188, 0.1051564, 0.04859376,80.81176,5,4,30
78085,-3.652637,-4.015106,995.9295,10.41608,0.7719727, -0.1298828, 0.6738281, 0.2310938, -0.3792186, 0.09546876,80.81176,5,4,30
78162,-2.594843,-1.537048,995.8401,-1,0.7739258, -0.1303711, 0.6796875, 0.09046877, -0.2385936, 0.09546876,80.81176,5,4,30
78239,-3.560575,-4.526306,995.9479,-1,0.7724609, -0.1313477, 0.6757813, 0.2154688, -0.3323436, 0.1423438,80.81176,5,4,30
78315,-2.405852,-1.251129,995.8296,-1,0.7719727, -0.1318359, 0.6782227, 0.1998438, -0.2542186, 0.00171876,80.81176,5,4,30
78391,-2.374358,-2.342865,995.8691,-1,0.7724609, -0.1313477, 0.6757813, 0.1685938, -0.2229686, 0.09546876,80.81176,5,4,30
78470,-1.812744,-1.251129,995.8296,10.4023,0.7709961, -0.1308594, 0.6757813, 0.1998438, -0.3010936, 0.04859376,80.81176,5,4,30
78548,-1.276336,-0.7399292,995.8113,-1,0.7719727, -0.1293945, 0.6767578, 0.1685938, -0.2698436, 0.03296876,80.81176,5,4,30
78626,-1.662308,-2.048279,995.8585,-1,0.7719727, -0.1318359, 0.6762695, 0.1998438, -0.3167186, 0.06421876,80.81176,5,4,30
78823,-2.838707,-4.015106,995.9295,10.41608,0.7714844, -0.1328125, 0.675293, 0.2310938, -0.2698436, 0.06421876,80.81176,5,4,30
78905,-2.044918,-1.251129,995.8296,-1,0.7724609, -0.1318359, 0.675293, 0.1685938, -0.2698436, 0.07984376,80.81176,5,4,30
78989,-3.030012,-4.015106,995.9295,10.41608,0.7719727, -0.1303711, 0.6757813, 0.1685938, -0.2698436, 0.04859376,80.81176,5,4,30
79122,-3.522559,-4.015106,995.9295,10.41608,0.7729492, -0.1318359, 0.675293, 0.1373438, -0.2542186, 0.09546876,80.81176,5,4,30
79184,-3.222965,-2.92337,995.8901,10.41148,0.7729492, -0.1303711, 0.6772461, 0.2154688, -0.3010936, 0.07984376,80.81176,5,4,30
79244,-3.471742,-3.72052,995.9189,-1,0.7734375, -0.1323242, 0.6777344, 0.2310938, -0.3479686, 0.06421876,80.81176,5,4,30
79311,-3.890718,-4.309692,995.9401,10.42067,0.7709961, -0.1313477, 0.6762695, 0.1998438, -0.2854686, 0.04859376,80.81176,5,4,30
79378,-3.805619,-3.72052,995.9189,10.41608,0.7719727, -0.1318359, 0.6772461, 0.2154688, -0.3010936, 0.07984376,80.81176,5,4,30
79443,-3.910362,-4.015106,995.9295,-1,0.7739258, -0.1303711, 0.6796875, 0.1998438, -0.2698436, 0.07984376,80.81176,5,4,30
79506,-3.707134,-3.503906,995.9112,-1,0.7729492, -0.1289063, 0.6767578, 0.1842188, -0.2698436, 0.01734376,80.81176,5,4,30
79682,-2.916693,-2.126251,995.8613,-1,0.7734375, -0.1318359, 0.6757813, 0.1529688, -0.2385936, 0.09546876,80.81176,5,4,30
79749,-3.06734,-3.217987,995.9007,-1,0.7705078, -0.1308594, 0.6762695, 0.2467188, -0.2542186, 0.03296876,80.81176,5,4,30
79816,-3.831491,-4.595642,995.9506,-1,0.7749023, -0.128418, 0.6743164, 0.1373438, -0.3792186, 0.1110938,80.81176,5,4,30
79886,-2.831578,-1.831665,995.8506,10.42526,0.7714844, -0.1318359, 0.6762695, 0.2154688, -0.2698436, 0.09546876,80.81176,5,4,30
79951,-2.621874,-2.41217,995.8717,-1,0.7729492, -0.1303711, 0.6777344, 0.1842188, -0.2698436, 0.07984376,80.81176,5,4,30
80023,-2.22677,-1.831665,995.8506,10.42067,0.7709961, -0.1318359, 0.6767578, 0.1529688, -0.3010936, 0.06421876,80.81176,5,4,30
80094,-2.31947,-2.41217,995.8717,-1,0.7714844, -0.1289063, 0.675293, 0.1842188, -0.3167186, 0.1110938,80.81176,5,4,30
80162,-3.457556,-4.595642,995.9506,-1,0.7709961, -0.1303711, 0.6777344, 0.1842188, -0.3323436, 0.04859376,80.81176,5,4,30
80231,-2.791903,-2.126251,995.8613,-1,0.7734375, -0.1308594, 0.6782227, 0.2154688, -0.3167186, 0.07984376,80.81176,5,4,30
80303,-3.841066,-4.890228,995.9611,-1,0.7734375, -0.1303711, 0.6757813, 0.1217188, -0.2229686, 0.06421876,80.81176,5,4,30
80482,-3.126618,-2.41217,995.8717,-1,0.7714844, -0.1313477, 0.6767578, 0.1685938, -0.2854686, 0.03296876,80.81176,5,4,30
80554,-3.86113,-4.595642,995.9506,-1,0.7714844, -0.1298828, 0.6767578, 0.1373438, -0.2229686, 0.09546876,80.81176,5,4,30
80630,-2.885384,-1.909637,995.8533,-1,0.7714844, -0.1318359, 0.6767578, 0.1998438, -0.2698436, 0.06421876,80.81176,5,4,30
80703,-2.79607,-2.706757,995.8822,10.43444,0.7734375, -0.1293945, 0.6772461, 0.1529688, -0.2385936, 0.03296876,80.81176,5,4,30
80780,-2.60412,-2.41217,995.8717,10.43444,0.7709961, -0.1303711, 0.6743164, 0.1217188, -0.2698436, 0.1110938,80.81176,5,4,30
80856,-1.962277,-1.320435,995.8323,-1,0.7705078, -0.1303711, 0.6772461, 0.1842188, -0.2542186, 0.06421876,80.81176,5,4,30
80933,-3.027678,-4.093079,995.9323,-1,0.7719727, -0.1313477, 0.6787109, 0.2310938, -0.2854686, 0.07984376,80.81176,5,4,30
81009,-4.106246,-5.184814,995.9716,-1,0.7724609, -0.1313477, 0.6777344, 0.1685938, -0.2854686, 0.09546876,80.81176,5,4,30
81090,-3.155235,-2.204224,995.864,10.42526,0.7729492, -0.1303711, 0.6757813, 0.1685938, -0.2542186, 0.1423438,80.81176,5,4,30
81169,-3.221264,-3.287292,995.9034,-1,0.7734375, -0.1318359, 0.6762695, 0.1998438, -0.3323436, 0.1267188,80.81176,5,4,30
81357,-2.565451,-1.909637,995.8533,-1,0.7719727, -0.1308594, 0.6743164, 0.2310938, -0.2698436, 0.09546876,80.81176,5,4,30
81436,-4.165401,-5.76535,995.9929,-1,0.7714844, -0.1308594, 0.6767578, 0.1685938, -0.3323436, 0.09546876,80.81176,5,4,30
81518,-3.726346,-3.287292,995.9034,10.44362,0.7729492, -0.1289063, 0.6767578, 0.1998438, -0.3010936, 0.09546876,80.81176,5,4,30
81600,-3.654113,-3.581879,995.914,10.43444,0.7724609, -0.1318359, 0.6762695, 0.1842188, -0.2698436, 0.09546876,80.81176,5,4,30
81682,-3.470703,-3.287292,995.9034,-1,0.7719727, -0.1298828, 0.6777344, 0.1685938, -0.2698436, 0.03296876,80.81176,5,4,30
81763,-4.618027,-5.76535,995.9929,-1,0.7719727, -0.1303711, 0.6772461, 0.1998438, -0.3167186, 0.07984376,80.81176,5,4,30
81892,-3.95266,-3.287292,995.9034,-1,0.7719727, -0.1313477, 0.6777344, 0.2310938, -0.2229686, 0.01734376,80.81176,5,4,30
81955,-3.767269,-3.581879,995.914,10.44362,0.7734375, -0.1298828, 0.6767578, 0.1998438, -0.3010936, 0.09546876,80.81176,5,4,30
82016,-2.184278,-0.6012878,995.8062,-1,0.7719727, -0.1303711, 0.6762695, 0.2310938, -0.2854686, 0.04859376,80.81176,5,4,30
82080,-2.337226,-2.490173,995.8745,-1,0.7714844, -0.1337891, 0.675293, 0.2467188, -0.3010936, 0.06421876,80.81176,5,4,30
82252,-2.560993,-2.78476,995.885,10.44822,0.7714844, -0.1333008, 0.6757813, 0.1842188, -0.2542186, 0.1267188,80.81176,5,4,30
82318,-3.071436,-3.581879,995.914,-1,0.7729492, -0.1313477, 0.6777344, 0.2310938, -0.2385936, 0.04859376,80.81176,5,4,30
82393,-3.326657,-3.581879,995.914,-1,0.7729492, -0.1289063, 0.6757813, 0.1373438, -0.2854686, 0.07984376,80.81176,5,4,30
82460,-3.454268,-3.581879,995.914,10.44362,0.7714844, -0.1318359, 0.6772461, 0.1529688, -0.2698436, 0.04859376,80.81176,5,4,30
82530,-3.119514,-2.78476,995.885,10.45281,0.7724609, -0.1303711, 0.6762695, 0.2154688, -0.2385936, 0.1267188,80.81176,5,4,30
82594,-2.258976,-1.398438,995.8351,-1,0.7719727, -0.1303711, 0.675293, 0.1842188, -0.2698436, 0.06421876,80.81176,5,4,30
82664,-1.828707,-1.398438,995.8351,-1,0.7709961, -0.1308594, 0.6762695, 0.1842188, -0.2698436, 0.09546876,80.81176,5,4,30
82731,-1.903825,-1.978943,995.856,-1,0.7724609, -0.1308594, 0.6748047, 0.1373438, -0.2229686, 0.04859376,80.81176,5,4,30
82797,-2.89016,-3.876495,995.9244,-1,0.7734375, -0.1298828, 0.6787109, 0.1842188, -0.3323436, 0.03296876,80.81176,5,4,30
82869,-2.980419,-3.070679,995.8954,-1,0.7729492, -0.1303711, 0.6772461, 0.1217188, -0.2698436, 0.07984376,80.81176,5,4,30
83050,-2.882589,-2.78476,995.885,10.45281,0.7724609, -0.1303711, 0.6762695, 0.1998438, -0.2854686, 0.04859376,80.81176,5,4,30
83122,-2.430766,-1.978943,995.856,10.44822,0.7714844, -0.1303711, 0.6762695, 0.1998438, -0.3323436, 0.04859376,80.81176,5,4,30
83195,-2.204854,-1.978943,995.856,-1,0.7719727, -0.1318359, 0.675293, 0.1685938, -0.2542186, 0.09546876,80.81176,5,4,30
83267,-2.637767,-3.070679,995.8954,-1,0.7724609, -0.1308594, 0.675293, 0.2467188, -0.2698436, 0.09546876,80.81176,5,4,30
83341,-1.762502,-0.8872375,995.8167,-1,0.7734375, -0.1298828, 0.6762695, 0.1842188, -0.2698436, 0.06421876,80.81176,5,4,30
83417,-2.018031,-2.27356,995.8667,10.45281,0.7734375, -0.1313477, 0.6767578, 0.1529688, -0.2385936, 0.07984376,80.81176,5,4,30
83493,-1.054059,-0.09008789,995.7878,10.4574,0.7729492, -0.1308594, 0.675293, 0.1373438, -0.2698436, 0.06421876,80.81176,5,4,30
83571,-2.062369,-3.070679,995.8954,10.45281,0.7724609, -0.1289063, 0.6782227, 0.2310938, -0.2698436, 0.06421876,80.81176,5,4,30
83647,-2.167964,-2.27356,995.8667,10.46199,0.7724609, -0.1313477, 0.6762695, 0.2310938, -0.3167186, 0.06421876,80.81176,5,4,30
83724,-3.459776,-4.751587,995.9561,-1,0.7714844, -0.1308594, 0.6762695, 0.1842188, -0.2542186, 0.06421876,80.81176,5,4,30
83911,-2.719359,-1.978943,995.856,10.4574,0.7719727, -0.1313477, 0.6767578, 0.1685938, -0.3479686, 0.07984376,80.81176,5,4,30
83992,-2.643753,-2.568146,995.8772,10.45281,0.7724609, -0.1303711, 0.6743164, 0.1998438, -0.3010936, 0.09546876,80.81176,5,4,30
84070,-2.207374,-1.770996,995.8484,-1,0.7714844, -0.1313477, 0.6757813, 0.1842188, -0.3479686, 0.09546876,80.81176,5,4,30
84151,-1.841892,-1.47641,995.8378,10.46658,0.7739258, -0.1308594, 0.6743164, 0.1842188, -0.2854686, 0.1267188,80.81176,5,4,30
84234,-1.910418,-1.978943,995.856,-1,0.7719727, -0.1333008, 0.6762695, 0.1060938, -0.2698436, 0.1267188,80.81176,5,4,30
84314,-3.331002,-4.751587,995.9561,-1,0.7729492, -0.1303711, 0.6757813, 0.1685938, -0.2854686, 0.06421876,80.81176,5,4,30
84391,-3.495442,-3.659882,995.9167,-1,0.7714844, -0.1308594, 0.6772461, 0.1685938, -0.2854686, 0.07984376,80.81176,5,4,30
84472,-3.322047,-3.148651,995.8984,10.46658,0.7729492, -0.1303711, 0.675293, 0.1373438, -0.2698436, 0.04859376,80.81176,5,4,30
84553,-2.689496,-2.056946,995.8589,10.46658,0.7724609, -0.1303711, 0.6748047, 0.1685938, -0.2854686, 0.1267188,80.81176,5,4,30
84682,-2.082953,-1.47641,995.8378,-1,0.7729492, -0.1298828, 0.6757813, 0.1529688, -0.2385936, 0.06421876,80.81176,5,4,30
84854,-1.524081,-0.96521,995.8195,-1,0.7729492, -0.1303711, 0.6762695, 0.2310938, -0.3167186, 0.06421876,80.81176,5,4,30
84916,-2.336366,-3.148651,995.8984,-1,0.7724609, -0.1313477, 0.6777344, 0.1998438, -0.3010936, 0.04859376,80.81176,5,4,30
84981,-2.998124,-3.659882,995.9167,10.47117,0.7709961, -0.1313477, 0.6738281, 0.2154688, -0.2385936, 0.1110938,80.81176,5,4,30
85048,-2.783135,-2.568146,995.8772,10.46658,0.7729492, -0.1318359, 0.6782227, 0.1685938, -0.3010936, 0.07984376,80.81176,5,4,30
85113,-2.67564,-2.568146,995.8772,10.46658,0.7729492, -0.1298828, 0.6757813, 0.1685938, -0.2698436, 0.1110938,80.81176,5,4,30
85179,-3.167761,-3.659882,995.9167,10.46199,0.7734375, -0.1308594, 0.6777344, 0.1373438, -0.2542186, 0.07984376,80.81176,5,4,30
85246,-2.322085,-1.47641,995.8378,10.47117,0.7724609, -0.1318359, 0.6772461, 0.1685938, -0.3167186, 0.09546876,80.81176,5,4,30
85313,-2.592409,-2.862732,995.8879,-1,0.7724609, -0.1303711, 0.675293, 0.2310938, -0.2854686, 0.1110938,80.81176,5,4,30
85381,-1.778809,-0.96521,995.8195,-1,0.7724609, -0.1308594, 0.6743164, 0.1529688, -0.2698436, 0.06421876,80.81176,5,4,30
85450,-2.46373,-3.148651,995.8984,10.47576,0.7729492, -0.1308594, 0.6772461, 0.1529688, -0.2698436, 0.07984376,80.81176,5,4,30
85624,-2.260338,-2.056946,995.8589,-1,0.7739258, -0.1308594, 0.6767578, 0.1998438, -0.3010936, 0.03296876,80.81176,5,4,30
85694,-2.158642,-2.056946,995.8589,10.47576,0.7734375, -0.1313477, 0.6738281, 0.1685938, -0.2698436, 0.04859376,80.81176,5,4,30
85762,-2.363394,-2.568146,995.8772,-1,0.7724609, -0.1308594, 0.6748047, 0.1373438, -0.2698436, 0.1110938,80.81176,5,4,30
85832,-3.30189,-4.240387,995.9377,-1,0.7734375, -0.1303711, 0.6782227, 0.1529688, -0.2854686, 0.07984376,80.81176,5,4,30
85914,-3.082311,-2.862732,995.8879,10.48036,0.7709961, -0.1303711, 0.675293, 0.1373438, -0.2229686, 0.09546876,80.81176,5,4,30
85984,-3.115481,-3.148651,995.8984,-1,0.7729492, -0.1323242, 0.6767578, 0.1373438, -0.3167186, 0.04859376,80.81176,5,4,30
86057,-2.586214,-2.056946,995.8589,-1,0.7724609, -0.1313477, 0.6777344, 0.1685938, -0.2385936, 0.1267188,80.81176,5,4,30
86130,-2.759125,-2.932037,995.8904,-1,0.7734375, -0.1298828, 0.675293, 0.1685938, -0.2385936, 0.07984376,80.81176,5,4,30
86205,-1.862168,-0.96521,995.8195,-1,0.7719727, -0.1303711, 0.675293, 0.2310938, -0.2698436, 0.1110938,80.81176,5,4,30
86277,-2.652718,-3.443268,995.9088,-1,0.7734375, -0.1308594, 0.6767578, 0.1529688, -0.2854686, 0.04859376,80.81176,5,4,30
86459,-3.741154,-4.82959,995.9589,-1,0.7724609, -0.1308594, 0.6762695, 0.1998438, -0.2385936, 0.07984376,80.81176,5,4,30
86534,-3.193636,-2.646118,995.8801,-1,0.7729492, -0.1313477, 0.6748047, 0.2154688, -0.2854686, 0.1267188,80.81176,5,4,30
86611,-4.410172,-5.626709,995.9877,-1,0.7724609, -0.1298828, 0.6787109, 0.1685938, -0.2698436, 0.03296876,80.81176,5,4,30
86688,-2.982277,-1.554382,995.8406,-1,0.7724609, -0.1303711, 0.6767578, 0.1842188, -0.3167186, 0.06421876,80.81176,5,4,30
86766,-2.814198,-2.646118,995.8801,-1,0.7729492, -0.1303711, 0.6772461, 0.1060938, -0.3323436, 0.07984376,80.81176,5,4,30
86845,-2.18429,-1.554382,995.8406,10.48954,0.7724609, -0.1298828, 0.675293, 0.1529688, -0.2542186, 0.04859376,80.81176,5,4,30
86924,-3.246991,-4.309692,995.9402,-1,0.7729492, -0.1308594, 0.6777344, 0.1685938, -0.2698436, 0.07984376,80.81176,5,4,30
87003,-2.686621,-2.126251,995.8613,-1,0.7719727, -0.1313477, 0.6772461, 0.1842188, -0.3010936, 0.09546876,80.81176,5,4,30
87084,-2.952304,-3.217987,995.9007,10.47117,0.7714844, -0.1308594, 0.6757813, 0.1529688, -0.3010936, 0.09546876,80.81176,5,4,30
87165,-2.799211,-2.646118,995.8801,10.48954,0.7724609, -0.1313477, 0.675293, 0.1529688, -0.2542186, 0.09546876,80.81176,5,4,30
87355,-3.849053,-4.898895,995.9613,-1,0.7724609, -0.1303711, 0.6772461, 0.1373438, -0.2854686, 0.04859376,80.81176,5,4,30
87436,-2.701718,-1.554382,995.8406,10.48954,0.7719727, -0.1308594, 0.675293, 0.1998438, -0.2385936, 0.04859376,80.81176,5,4,30
87569,-2.561278,-2.420837,995.872,-1,0.7729492, -0.1303711, 0.6733398, 0.1842188, -0.2385936, 0.06421876,80.81176,5,4,30
87632,-4.527221,-6.493164,996.019,-1,0.7719727, -0.1318359, 0.675293, 0.1998438, -0.2542186, 0.09546876,80.81176,5,4,30
87696,-4.418457,-4.309692,995.9402,10.48954,0.7729492, -0.1318359, 0.6777344, 0.1685938, -0.2542186, 0.1110938,80.81176,5,4,30
87762,-4.078156,-3.737854,995.9196,10.49872,0.7729492, -0.1313477, 0.6772461, 0.1998438, -0.2385936, 0.1267188,80.81176,5,4,30
87828,-2.850937,-1.623718,995.843,10.49413,0.7709961, -0.1313477, 0.6772461, 0.1529688, -0.2229686, 0.07984376,80.81176,5,4,30
87892,-2.78318,-2.715424,995.8824,-1,0.7719727, -0.1308594, 0.6782227, 0.1529688, -0.2854686, 0.01734376,80.81176,5,4,30
87956,-2.454716,-2.126251,995.8613,-1,0.7705078, -0.1318359, 0.6767578, 0.1842188, -0.2542186, 0.07984376,80.81176,5,4,30
88021,-3.130938,-3.807159,995.9219,-1,0.7719727, -0.1318359, 0.6757813, 0.1373438, -0.2385936, 0.07984376,80.81176,5,4,30
88200,-2.082726,-1.034515,995.8219,10.49872,0.7734375, -0.1303711, 0.6787109, 0.2310938, -0.2854686, 0.07984376,80.81176,5,4,30
88267,-2.104489,-2.126251,995.8613,-1,0.7734375, -0.1298828, 0.6777344, 0.2310938, -0.2854686, 0.04859376,80.81176,5,4,30
88334,-2.11537,-2.126251,995.8613,-1,0.7734375, -0.1293945, 0.6757813, 0.1998438, -0.3167186, 0.1423438,80.81176,5,4,30
88404,-2.415397,-2.715424,995.8824,10.49872,0.7729492, -0.1303711, 0.6772461, 0.2154688, -0.2073436, 0.09546876,80.81176,5,4,30
88474,-3.111278,-3.807159,995.9219,10.49413,0.7724609, -0.1318359, 0.675293, 0.1998438, -0.2698436, 0.06421876,80.81176,5,4,30
88543,-1.96459,-0.8179016,995.8141,-1,0.7729492, -0.1308594, 0.675293, 0.1685938, -0.2698436, 0.1110938,80.81176,5,4,30
88613,-2.340007,-2.715424,995.8824,-1,0.7729492, -0.1303711, 0.6767578, 0.1998438, -0.2854686, 0.07984376,80.81176,5,4,30
88684,-2.527715,-2.715424,995.8824,10.50331,0.7709961, -0.1298828, 0.6767578, 0.1842188, -0.2854686, 0.03296876,80.81176,5,4,30
88757,-2.22301,-1.918304,995.8537,-1,0.7714844, -0.1313477, 0.675293, 0.1685938, -0.2229686, 0.1423438,80.81176,5,4,30
88826,-2.759485,-3.295959,995.9037,-1,0.7744141, -0.1289063, 0.6757813, 0.1685938, -0.3010936, 0.1110938,80.81176,5,4,30
89005,-3.283322,-3.807159,995.9219,-1,0.7729492, -0.1303711, 0.675293, 0.1217188, -0.2698436, 0.09546876,80.81176,5,4,30
89081,-2.999373,-2.715424,995.8824,10.49872,0.7724609, -0.1308594, 0.6772461, 0.1685938, -0.2542186, 0.1110938,80.81176,5,4,30
89154,-4.239402,-5.479431,995.9825,-1,0.7739258, -0.1308594, 0.6748047, 0.1998438, -0.2854686, 0.06421876,80.81176,5,4,30
89230,-3.078853,-1.918304,995.8537,-1,0.7724609, -0.1313477, 0.6782227, 0.1529688, -0.2542186, 0.1579688,80.81176,5,4,30
89305,-3.187406,-3.295959,995.9037,10.51249,0.7724609, -0.1308594, 0.6748047, 0.1685938, -0.3010936, 0.07984376,80.81176,5,4,30
89381,-3.384643,-3.581879,995.914,-1,0.7719727, -0.1313477, 0.6762695, 0.1373438, -0.2073436, 0.04859376,80.81176,5,4,30
89467,-2.248565,-1.112488,995.8248,10.5079,0.7695313, -0.1298828, 0.6806641, 0.1529688, -0.1292186, 0.09546876,80.81176,5,4,30
89544,-2.772262,-3.295959,995.9037,-1,0.7729492, -0.1333008, 0.6738281, 0.1842188, -0.2229686, 0.1423438,80.81176,5,4,30
89622,-4.125847,-5.479431,995.9825,-1,0.7734375, -0.1318359, 0.6757813, 0.1685938, -0.3010936, 0.09546876,80.81176,5,4,30
89698,-4.256771,-4.387695,995.9431,-1,0.7827148, -0.1044922, 0.6660156, 0.2623438, -0.8010936, 0.00171876,80.81176,5,4,30
89886,-4.070951,-3.885132,995.9247,-1,0.7724609, -0.1342773, 0.6791992, 0.1685938, -0.2385936, 0.04859376,80.81176,5,4,30
89969,-3.826415,-3.581879,995.914,-1,0.7709961, -0.1303711, 0.6762695, 0.1529688, -0.3323436, 0.06421876,80.81176,5,4,30
90052,-3.704147,-3.581879,995.914,10.5079,0.7700195, -0.128418, 0.6787109, 0.1685938, -0.1604686, 0.09546876,80.81176,5,4,30
90134,-2.408317,-1.112488,995.8248,10.52168,0.7714844, -0.1308594, 0.6767578, 0.1685938, -0.3323436, 0.03296876,80.81176,5,4,30
90215,-2.600872,-2.793427,995.8853,-1,0.7734375, -0.1308594, 0.6767578, 0.2310938, -0.2854686, 0.09546876,80.81176,5,4,30
90348,-1.999655,-1.398438,995.8351,10.52168,0.7729492, -0.1313477, 0.675293, 0.1529688, -0.3167186, 0.04859376,80.81176,5,4,30
90411,-2.396541,-2.793427,995.8853,-1,0.7719727, -0.1323242, 0.6772461, 0.2154688, -0.2698436, 0.04859376,80.81176,5,4,30
90475,-2.594984,-2.793427,995.8853,10.51709,0.7719727, -0.1313477, 0.6762695, 0.1685938, -0.2229686, 0.07984376,80.81176,5,4,30
90537,-3.530326,-4.465668,995.9458,-1,0.7734375, -0.1293945, 0.6757813, 0.1842188, -0.2229686, 0.09546876,80.81176,5,4,30
90602,-4.799465,-6.068604,996.0036,10.52627,0.78125, -0.1235352, 0.671875, 0.2310938, -0.3167186, 0.06421876,80.81176,5,4,30
90777,-4.086699,-3.373932,995.9063,-1,0.7714844, -0.1337891, 0.675293, 0.1998438, -0.2698436, 0.04859376,80.81176,5,4,30
90842,-3.985915,-3.885132,995.9247,-1,0.7729492, -0.1303711, 0.6738281, 0.1373438, -0.2542186, 0.09546876,80.81176,5,4,30
90909,-4.225791,-4.465668,995.9458,-1,0.7734375, -0.1318359, 0.6767578, 0.1529688, -0.2698436, 0.06421876,80.81176,5,4,30
90975,-3.799862,-3.373932,995.9063,-1,0.7714844, -0.1313477, 0.6791992, 0.1998438, -0.2698436, 0.07984376,80.81176,5,4,30
91042,-3.586897,-3.373932,995.9063,-1,0.7709961, -0.1303711, 0.6748047, 0.1685938, -0.2229686, 0.07984376,80.81176,5,4,30
91108,-3.480414,-3.373932,995.9063,-1,0.7749023, -0.1225586, 0.6708984, 0.1998438, -0.004218578, 0.1267188,80.81176,5,4,30
91175,-3.13692,-2.793427,995.8853,-1,0.7749023, -0.1259766, 0.6669922, 0.1998438, -0.4417186, 0.04859376,80.81176,5,4,30
91244,-2.709558,-2.282196,995.8669,-1,0.7719727, -0.128418, 0.6787109, 0.1373438, -0.2698436, 0.04859376,80.81176,5,4,30
91325,-2.894452,-3.079346,995.8957,10.52627,0.7709961, -0.1313477, 0.6748047, 0.1998438, -0.3010936, 0.07984376,80.81176,5,4,30
91397,-3.68006,-4.465668,995.9458,10.52168,0.7714844, -0.1298828, 0.6767578, 0.1842188, -0.3010936, 0.1110938,80.81176,5,4,30
91579,-2.981128,-2.282196,995.8669,10.52168,0.7719727, -0.1308594, 0.6767578, 0.1529688, -0.3167186, 0.09546876,80.81176,5,4,30
91652,-2.631662,-2.282196,995.8669,10.52627,0.7719727, -0.1259766, 0.6748047, 0.1529688, -0.2698436, 0.1267188,80.81176,5,4,30
91727,-3.691624,-4.751587,995.9562,10.53545,0.7788086, -0.1313477, 0.6772461, 0.2154688, -0.3167186, 0.06421876,80.81176,5,4,30
91799,-3.277178,-2.862732,995.8879,-1,0.7705078, -0.1298828, 0.6787109, 0.1842188, -0.1604686, 0.04859376,80.81176,5,4,30
91871,-3.871423,-4.465668,995.9458,-1,0.7709961, -0.1308594, 0.6748047, 0.1529688, -0.3010936, 0.09546876,80.81176,5,4,30
91947,-3.622677,-3.373932,995.9063,-1,0.7734375, -0.1323242, 0.6762695, 0.1842188, -0.2698436, 0.09546876,80.81176,5,4,30
92023,-2.952437,-2.282196,995.8669,10.53545,0.7729492, -0.1298828, 0.675293, 0.1060938, -0.2385936, 0.06421876,80.81176,5,4,30
92099,-2.760291,-2.568146,995.8773,-1,0.7709961, -0.1166992, 0.6733398, 0.1373438, -0.4104686, 0.06421876,80.81176,5,4,30
92181,-1.719776,-0.6792603,995.8091,10.52627,0.7714844, -0.1235352, 0.6708984, 0.2310938, -0.3167186, -0.01390624,80.81176,5,4,30
92257,-2.689829,-3.659882,995.9168,10.53545,0.7709961, -0.1313477, 0.6777344, 0.1217188, -0.2698436, 0.06421876,80.81176,5,4,30
92440,-2.338719,-1.98761,995.8563,-1,0.7695313, -0.1318359, 0.6767578, 0.2154688, -0.3167186, 0.04859376,80.81176,5,4,30
92518,-3.692461,-5.046204,995.9668,-1,0.7714844, -0.1303711, 0.6748047, 0.1529688, -0.2854686, 0.09546876,80.81176,5,4,30
92599,-4.222024,-4.751587,995.9562,10.53545,0.7724609, -0.1298828, 0.6733398, 0.1373438, -0.2698436, 0.09546876,80.81176,5,4,30
92680,-3.542378,-2.862732,995.8879,10.53086,0.7714844, -0.1303711, 0.6762695, 0.1685938, -0.3010936, 0.04859376,80.81176,5,4,30
92762,-2.912287,-2.282196,995.8669,10.53086,0.7729492, -0.1342773, 0.6757813, 0.1685938, -0.2385936, 0.06421876,80.81176,5,4,30
92845,-3.979245,-5.046204,995.9668,-1,0.7705078, -0.1274414, 0.6767578, 0.1998438, -0.2385936, 0.04859376,80.81176,5,4,30
92926,-5.058577,-6.137909,996.0063,-1,0.7724609, -0.1308594, 0.6767578, 0.1685938, -0.2698436, 0.07984376,80.81176,5,4,30
93008,-3.670387,-2.282196,995.8669,-1,0.7714844, -0.1303711, 0.6762695, 0.1529688, -0.2854686, 0.04859376,80.81176,5,4,30
93145,-3.522159,-3.373932,995.9063,-1,0.7714844, -0.1313477, 0.6762695, 0.1060938, -0.3167186, 0.09546876,80.81176,5,4,30
93206,-3.487047,-3.451935,995.9091,-1,0.7705078, -0.1303711, 0.6787109, 0.1842188, -0.3010936, 0.04859376,80.81176,5,4,30
93381,-2.481729,-1.47641,995.8379,10.53545,0.7709961, -0.1269531, 0.6782227, 0.1998438, -0.2698436, 0.09546876,80.81176,5,4,30
93444,-2.67223,-2.862732,995.8879,-1,0.7734375, -0.1308594, 0.6748047, 0.1529688, -0.3323436, 0.1267188,80.81176,5,4,30
93506,-3.568949,-4.465668,995.9458,-1,0.7714844, -0.1308594, 0.6757813, 0.1529688, -0.2385936, 0.00171876,80.81176,5,4,30
93571,-4.307576,-5.046204,995.9668,-1,0.7729492, -0.1293945, 0.6743164, 0.1373438, -0.2854686, 0.06421876,80.81176,5,4,30
93637,-4.131022,-3.954468,995.9274,-1,0.7714844, -0.1289063, 0.6762695, 0.1685938, -0.3635936, 0.07984376,80.81176,5,4,30
93703,-3.895452,-3.659882,995.9168,-1,0.7734375, -0.1298828, 0.6767578, 0.2154688, -0.2698436, 0.09546876,80.81176,5,4,30
93769,-4.470828,-5.046204,995.9668,10.53545,0.7719727, -0.1308594, 0.6762695, 0.1685938, -0.2229686, 0.06421876,80.81176,5,4,30
93835,-4.212647,-3.954468,995.9274,-1,0.7709961, -0.1303711, 0.6782227, 0.1685938, -0.2385936, 0.04859376,80.81176,5,4,30
93903,-3.53769,-2.862732,995.8879,-1,0.7729492, -0.1318359, 0.675293, 0.1998438, -0.2854686, 0.1110938,80.81176,5,4,30
93968,-3.200211,-2.862732,995.8879,-1,0.7729492, -0.1298828, 0.675293, 0.1998438, -0.3167186, 0.06421876,80.81176,5,4,30
94146,-2.884178,-2.568146,995.8773,-1,0.7714844, -0.1289063, 0.675293, 0.1842188, -0.3010936, 0.04859376,80.81176,5,4,30
94213,-3.674923,-4.465668,995.9458,-1,0.7709961, -0.1318359, 0.6762695, 0.1842188, -0.3323436, 0.07984376,80.81176,5,4,30
94283,-3.961988,-4.249054,995.9379,10.53086,0.7724609, -0.1318359, 0.6762695, 0.2310938, -0.3010936, 0.07984376,80.81176,5,4,30
94350,-3.122092,-2.282196,995.8669,-1,0.7734375, -0.1328125, 0.6743164, 0.1373438, -0.2385936, 0.1267188,80.81176,5,4,30
94422,-3.828533,-4.534973,995.9484,10.53545,0.7724609, -0.1313477, 0.6782227, 0.2154688, -0.2385936, 0.1267188,80.81176,5,4,30
94492,-4.181753,-4.534973,995.9484,-1,0.7729492, -0.1313477, 0.6777344, 0.1060938, -0.2229686, 0.1267188,80.81176,5,4,30
94564,-4.215404,-4.249054,995.9379,-1,0.7724609, -0.1308594, 0.6757813, 0.1529688, -0.2385936, 0.1110938,80.81176,5,4,30
94640,-4.084936,-3.954468,995.9274,10.53545,0.7719727, -0.1308594, 0.6738281, 0.1842188, -0.3479686, 0.06421876,80.81176,5,4,30
94716,-4.860156,-5.635376,995.988,10.54004,0.7734375, -0.1303711, 0.6757813, 0.1529688, -0.3323436, 0.04859376,80.81176,5,4,30
94790,-2.769708,-0.6792603,995.8091,-1,0.7729492, -0.1303711, 0.6767578, 0.1529688, -0.2542186, 0.09546876,80.81176,5,4,30
94976,-3.110821,-3.451935,995.9091,10.54463,0.7724609, -0.1303711, 0.6748047, 0.1373438, -0.2385936, 0.07984376,80.81176,5,4,30
95052,-2.440909,-1.770996,995.8485,10.54463,0.7714844, -0.1298828, 0.6787109, 0.1217188, -0.3323436, 0.1267188,80.81176,5,4,30
95129,-2.39622,-2.351532,995.8695,10.54463,0.7729492, -0.1303711, 0.6743164, 0.1842188, -0.3635936, 0.04859376,80.81176,5,4,30
95207,-3.322637,-4.249054,995.9379,-1,0.7724609, -0.1298828, 0.6772461, 0.1373438, -0.2229686, 0.09546876,80.81176,5,4,30
95287,-2.399523,-1.47641,995.8379,-1,0.7734375, -0.1308594, 0.6757813, 0.1060938, -0.2698436, 0.06421876,80.81176,5,4,30
95368,-3.467248,-4.534973,995.9484,10.54463,0.7734375, -0.1298828, 0.6762695, 0.1529688, -0.3167186, 0.07984376,80.81176,5,4,30
95451,-3.16499,-2.862732,995.8879,-1,0.7729492, -0.1303711, 0.675293, 0.2154688, -0.3635936, 0.04859376,80.81176,5,4,30
95531,-2.212393,-1.259796,995.8301,-1,0.7719727, -0.1308594, 0.6772461, 0.1685938, -0.3010936, 0.09546876,80.81176,5,4,30
95610,-3.923885,-5.635376,995.988,-1,0.7724609, -0.1303711, 0.6791992, 0.1529688, -0.2542186, 0.1110938,80.81176,5,4,30
95691,-3.68791,-3.451935,995.9091,-1,0.7724609, -0.1308594, 0.6743164, 0.1685938, -0.2385936, 0.09546876,80.81176,5,4,30
95880,-3.712882,-3.737854,995.9196,-1,0.7709961, -0.1308594, 0.6782227, 0.1529688, -0.2542186, 0.09546876,80.81176,5,4,30
96010,-3.326793,-2.940704,995.8907,10.55841,0.7729492, -0.1303711, 0.675293, 0.1685938, -0.2229686, 0.09546876,80.81176,5,4,30
96072,-3.532324,-3.737854,995.9196,-1,0.7724609, -0.1308594, 0.6777344, 0.1685938, -0.3167186, 0.06421876,80.81176,5,4,30
96135,-4.58385,-5.635376,995.988,-1,0.7729492, -0.1313477, 0.675293, 0.1529688, -0.3010936, 0.09546876,80.81176,5,4,30
96196,-5.547174,-6.510498,996.0195,-1,0.7729492, -0.1303711, 0.6757813, 0.1842188, -0.2698436, 0.1267188,80.81176,5,4,30
96260,-5.041074,-4.534973,995.9484,-1,0.7734375, -0.1313477, 0.6743164, 0.2154688, -0.2698436, 0.07984376,80.81176,5,4,30
96325,-4.389464,-3.737854,995.9196,-1,0.7719727, -0.1303711, 0.6762695, 0.1685938, -0.2854686, 0.04859376,80.81176,5,4,30
96389,-3.370498,-2.351532,995.8695,-1,0.7729492, -0.1303711, 0.6777344, 0.1685938, -0.2854686, 0.09546876,80.81176,5,4,30
96458,-3.554176,-3.737854,995.9196,10.55841,0.7729492, -0.1303711, 0.6743164, 0.1842188, -0.2698436, 0.09546876,80.81176,5,4,30
96525,-4.083576,-4.612976,995.9511,-1,0.7719727, -0.1293945, 0.675293, 0.1842188, -0.2698436, 0.06421876,80.81176,5,4,30
96699,-3.113581,-2.143585,995.8618,-1,0.7734375, -0.1289063, 0.6743164, 0.1217188, -0.4729686, 0.1267188,80.81176,5,4,30
96775,-3.57301,-4.03244,995.9301,-1,0.7724609, -0.1308594, 0.6767578, 0.1529688, -0.3010936, 0.07984376,80.81176,5,4,30
96845,-2.711005,-1.848999,995.8512,10.55841,0.7714844, -0.1298828, 0.6767578, 0.2154688, -0.2854686, 0.06421876,80.81176,5,4,30
96914,-1.331226,0.04855347,995.7829,-1,0.7714844, -0.1303711, 0.6767578, 0.2154688, -0.3010936, 0.1579688,80.81176,5,4,30
96983,-1.737405,-2.143585,995.8618,-1,0.7719727, -0.1298828, 0.6743164, 0.1529688, -0.3010936, 0.09546876,80.81176,5,4,30
97055,-3.032216,-4.327026,995.9407,10.563,0.7719727, -0.1318359, 0.6743164, 0.1529688, -0.2542186, 0.1110938,80.81176,5,4,30
97126,-4.914317,-6.796417,996.03,10.55841,0.7734375, -0.1313477, 0.675293, 0.1842188, -0.3167186, 0.09546876,80.81176,5,4,30
97198,-2.983083,-1.051849,995.8223,10.55841,0.7724609, -0.1308594, 0.6772461, 0.1842188, -0.2698436, 0.07984376,80.81176,5,4,30
97271,-2.706294,-2.429504,995.8722,-1,0.7724609, -0.1303711, 0.6772461, 0.09046877, -0.2854686, 0.09546876,80.81176,5,4,30
97344,-3.659635,-4.612976,995.9511,10.57218,0.7729492, -0.1298828, 0.6762695, 0.2310938, -0.2698436, 0.09546876,80.81176,5,4,30
97523,-3.044569,-2.429504,995.8722,-1,0.7729492, -0.1303711, 0.6762695, 0.1373438, -0.2385936, 0.09546876,80.81176,5,4,30
97599,-4.119025,-5.193481,995.9722,10.57218,0.7729492, -0.1323242, 0.675293, 0.1373438, -0.3167186, 0.01734376,80.81176,5,4,30
97672,-3.711826,-3.304626,995.9037,-1,0.7719727, -0.1303711, 0.6757813, 0.1685938, -0.2385936, 0.1110938,80.81176,5,4,30
97747,-2.126238,-0.5406494,995.8041,-1,0.7724609, -0.1303711, 0.6748047, 0.1842188, -0.2229686, 0.06421876,80.81176,5,4,30
97824,-2.862725,-3.599213,995.9146,-1,0.7734375, -0.1308594, 0.675293, 0.1529688, -0.3479686, 0.07984376,80.81176,5,4,30
97902,-0.9002194,1.062286,995.746,-1,0.7734375, -0.1303711, 0.6757813, 0.1685938, -0.3010936, -0.01390624,80.81176,5,4,30
97981,-1.157995,-1.415771,995.8356,-1,0.7734375, -0.1303711, 0.6782227, 0.1998438, -0.2073436, 0.1267188,80.81176,5,4,30
98060,-1.286883,-1.415771,995.8356,-1,0.7719727, -0.1308594, 0.6787109, 0.2154688, -0.2698436, 0.09546876,80.81176,5,4,30
98140,-2.988916,-4.690948,995.9539,-1,0.7729492, -0.1303711, 0.6782227, 0.1217188, -0.3167186, 0.09546876,80.81176,5,4,30
98221,-2.050702,-1.112488,995.8248,10.57218,0.7734375, -0.1303711, 0.6762695, 0.1529688, -0.2698436, 0.06421876,80.81176,5,4,30
98414,-2.677664,-3.304626,995.9037,10.58136,0.7729492, -0.1303711, 0.6757813, 0.1529688, -0.2542186, 0.04859376,80.81176,5,4,30
98493,-2.991145,-3.304626,995.9037,-1,0.7709961, -0.1298828, 0.675293, 0.1685938, -0.3010936, 0.1110938,80.81176,5,4,30
98573,-3.984006,-4.976868,995.9644,-1,0.7719727, -0.1328125, 0.6757813, 0.1842188, -0.2854686, 0.06421876,80.81176,5,4,30
98655,-4.883346,-5.782684,995.9934,-1,0.7705078, -0.1303711, 0.6772461, 0.1842188, -0.2854686, 0.09546876,80.81176,5,4,30
98736,-4.241279,-3.599213,995.9146,-1,0.7714844, -0.1308594, 0.6757813, 0.1998438, -0.2698436, 0.06421876,80.81176,5,4,30
98869,-2.282657,-0.3240356,995.7961,-1,0.7729492, -0.1308594, 0.675293, 0.1685938, -0.2385936, 0.1267188,80.81176,5,4,30
98934,-2.542376,-2.802094,995.8856,-1,0.7719727, -0.1313477, 0.6738281, 0.1685938, -0.3010936, 0.09546876,80.81176,5,4,30
98999,-3.213754,-3.885132,995.9249,10.59055,0.7714844, -0.1303711, 0.6791992, 0.1373438, -0.2698436, 0.1110938,80.81176,5,4,30
99061,-4.498219,-5.782684,995.9934,-1,0.7724609, -0.128418, 0.6748047, 0.1685938, -0.2854686, 0.09546876,80.81176,5,4,30
99127,-3.793116,-3.088013,995.8961,10.59055,0.7724609, -0.1298828, 0.675293, 0.1685938, -0.2854686, 0.04859376,80.81176,5,4,30
99300,-4.532285,-5.271454,995.9749,-1,0.7729492, -0.1303711, 0.6757813, 0.1529688, -0.3010936, 0.06421876,80.81176,5,4,30
99366,-4.356017,-4.179749,995.9355,10.59055,0.7729492, -0.1308594, 0.6762695, 0.2154688, -0.2698436, 0.09546876,80.81176,5,4,30
99433,-4.267882,-4.179749,995.9355,-1,0.7729492, -0.1313477, 0.6762695, 0.1373438, -0.3479686, 0.07984376,80.81176,5,4,30
99502,-4.223815,-4.179749,995.9355,-1,0.7729492, -0.1298828, 0.6767578, 0.1685938, -0.2385936, 0.09546876,80.81176,5,4,30
99570,-3.400314,-2.576813,995.8777,10.59973,0.7724609, -0.1308594, 0.6772461, 0.2310938, -0.2698436, 0.09546876,80.81176,5,4,30
99640,-4.188591,-4.976868,995.9644,10.59055,0.7724609, -0.1328125, 0.6738281, 0.1842188, -0.1917186, 0.03296876,80.81176,5,4,30
99711,-3.928555,-3.668518,995.9172,10.59514,0.7729492, -0.1323242, 0.675293, 0.1998438, -0.3635936, 0.09546876,80.81176,5,4,30
99783,-3.109709,-2.290863,995.8671,-1,0.7729492, -0.1298828, 0.6777344, 0.1842188, -0.3010936, 0.1110938,80.81176,5,4,30
99853,-4.485183,-5.860657,995.9961,10.59973,0.7724609, -0.1313477, 0.6743164, 0.1998438, -0.3010936, 0.04859376,80.81176,5,4,30
99921,-3.388023,-2.290863,995.8671,-1,0.7719727, -0.1298828, 0.6757813, 0.1373438, -0.2542186, 0.07984376,80.81176,5,4,30
100101,-2.289257,-1.190491,995.8276,-1,0.7734375, -0.1333008, 0.6767578, 0.1529688, -0.2698436, 0.06421876,80.81176,5,4,30
100172,-4.616491,-6.943726,996.0355,-1,0.7719727, -0.1298828, 0.675293, 0.2154688, -0.3323436, 0.04859376,80.81176,5,4,30
100242,-2.361957,-0.1074219,995.7883,-1,0.7719727, -0.1308594, 0.6748047, 0.1060938, -0.2385936, 0.1267188,80.81176,5,4,30
100325,-2.469385,-2.576813,995.8777,-1,0.7714844, -0.1308594, 0.6762695, 0.1373438, -0.3010936, 0.09546876,80.81176,5,4,30
100399,-3.47186,-4.474335,995.946,-1,0.7734375, -0.1308594, 0.6777344, 0.1529688, -0.2385936, 0.09546876,80.81176,5,4,30
100473,-2.625762,-1.779663,995.8489,-1,0.7724609, -0.1298828, 0.6777344, 0.1217188, -0.3010936, 0.09546876,80.81176,5,4,30
100552,-1.509551,-0.3933411,995.7988,10.60891,0.7734375, -0.1357422, 0.6743164, 0.1998438, -0.3792186, 0.09546876,80.81176,5,4,30
100632,-2.589035,-3.668518,995.9172,10.60432,0.7675781, -0.1313477, 0.6796875, 0.1998438, -0.1135936, 0.09546876,80.81176,5,4,30
100709,-0.9453199,0.6983948,995.7594,10.59973,0.7700195, -0.1298828, 0.6772461, 0.2154688, -0.3010936, 0.09546876,80.81176,5,4,30
100787,-1.215198,-1.485077,995.8383,-1,0.7714844, -0.1298828, 0.6767578, 0.1998438, -0.3010936, 0.09546876,80.81176,5,4,30
100974,-1.497431,-1.779663,995.8489,-1,0.7714844, -0.1308594, 0.675293, 0.1373438, -0.2385936, 0.1267188,80.81176,5,4,30
101052,-1.78584,-2.074249,995.8593,-1,0.7724609, -0.1303711, 0.6757813, 0.1842188, -0.3010936, 0.07984376,80.81176,5,4,30
101131,-2.475913,-3.165985,995.8988,-1,0.7724609, -0.1303711, 0.6733398, 0.1373438, -0.2854686, 0.09546876,80.81176,5,4,30
101212,-3.912685,-5.349457,995.9777,10.60432,0.7709961, -0.1303711, 0.6748047, 0.1998438, -0.2698436, 0.07984376,80.81176,5,4,30
101290,-3.244749,-2.576813,995.8777,-1,0.7719727, -0.1303711, 0.6777344, 0.1685938, -0.2698436, 0.06421876,80.81176,5,4,30
101372,-2.659499,-2.074249,995.8593,-1,0.7744141, -0.1308594, 0.675293, 0.1998438, -0.2698436, 0.1267188,80.81176,5,4,30
101454,-1.418113,-0.1767273,995.791,-1,0.7724609, -0.1298828, 0.6762695, 0.1685938, -0.3323436, 0.07984376,80.81176,5,4,30
101538,-1.343288,-1.268463,995.8304,10.60891,0.7729492, -0.1318359, 0.6748047, 0.1842188, -0.2385936, 0.07984376,80.81176,5,4,30
101667,-1.015608,-0.6879272,995.8094,-1,0.7729492, -0.128418, 0.6762695, 0.1685938, -0.2229686, 0.1110938,80.81176,5,4,30
101732,-1.289329,-1.563049,995.8409,10.60891,0.7724609, -0.1298828, 0.6767578, 0.1217188, -0.2542186, 0.06421876,80.81176,5,4,30
101909,-0.880321,-0.4713135,995.8016,10.61809,0.7724609, -0.1303711, 0.6767578, 0.2154688, -0.3635936, 0.1110938,80.81176,5,4,30
101973,-0.5285242,-0.1767273,995.791,-1,0.7724609, -0.1313477, 0.6762695, 0.1998438, -0.3167186, 0.1267188,80.81176,5,4,30
102037,-1.336055,-2.143585,995.8619,-1,0.7719727, -0.1308594, 0.6767578, 0.1998438, -0.2542186, 0.06421876,80.81176,5,4,30
102103,-1.449552,-1.563049,995.8409,-1,0.7724609, -0.1308594, 0.6782227, 0.1373438, -0.2542186, 0.1267188,80.81176,5,4,30
102169,-0.9604328,-0.4713135,995.8016,10.61809,0.7714844, -0.1298828, 0.6767578, 0.1998438, -0.2854686, 0.04859376,80.81176,5,4,30
102235,-0.7158731,-0.4713135,995.8016,-1,0.7724609, -0.1303711, 0.6748047, 0.1373438, -0.2698436, 0.06421876,80.81176,5,4,30
102303,-0.3379933,0.03988647,995.7831,-1,0.7739258, -0.1289063, 0.6767578, 0.1842188, -0.2542186, 0.03296876,80.81176,5,4,30
102372,-2.588125,-4.838257,995.9592,-1,0.7734375, -0.1298828, 0.6762695, 0.1373438, -0.3010936, 0.09546876,80.81176,5,4,30
102444,-2.075587,-1.563049,995.8409,10.62728,0.7714844, -0.1298828, 0.6757813, 0.1998438, -0.2698436, 0.03296876,80.81176,5,4,30
102515,-2.911054,-3.746521,995.9199,10.62728,0.7719727, -0.1308594, 0.6757813, 0.1685938, -0.2698436, 0.09546876,80.81176,5,4,30
102698,-2.237052,-1.563049,995.8409,10.62268,0.7714844, -0.1308594, 0.6767578, 0.1998438, -0.3323436, 0.03296876,80.81176,5,4,30
102769,-1.900051,-1.563049,995.8409,-1,0.7724609, -0.1298828, 0.6748047, 0.2154688, -0.2854686, 0.07984376,80.81176,5,4,30
102841,-0.930082,0.03988647,995.7831,10.62728,0.7734375, -0.1308594, 0.6757813, 0.1998438, -0.1917186, 0.03296876,80.81176,5,4,30
102914,-1.792434,-2.654785,995.8804,-1,0.7724609, -0.1308594, 0.6762695, 0.1373438, -0.2854686, 0.01734376,80.81176,5,4,30
102988,-3.05973,-4.327026,995.9409,-1,0.7709961, -0.1298828, 0.6772461, 0.1060938, -0.2698436, 0.06421876,80.81176,5,4,30
103061,-1.509922,0.03988647,995.7831,-1,0.7714844, -0.1323242, 0.6762695, 0.1685938, -0.3010936, 0.07984376,80.81176,5,4,30
103135,-0.3364581,0.8370056,995.7544,-1,0.7700195, -0.1293945, 0.6748047, 0.1685938, -0.3010936, 0.04859376,80.81176,5,4,30
103211,-1.240022,-2.143585,995.8619,10.62728,0.7714844, -0.1313477, 0.6762695, 0.1842188, -0.3010936, 0.1110938,80.81176,5,4,30
103288,-2.935151,-4.63028,995.9517,10.62728,0.7724609, -0.1303711, 0.6767578, 0.1373438, -0.3323436, 0.09546876,80.81176,5,4,30
103364,-2.686661,-2.438171,995.8727,10.63646,0.7719727, -0.1308594, 0.6743164, 0.1685938, -0.2854686, 0.04859376,80.81176,5,4,30
103548,-1.323387,0.03988647,995.7831,-1,0.7734375, -0.1303711, 0.6748047, 0.1685938, -0.2698436, 0.04859376,80.81176,5,4,30
103624,-1.334911,-1.346436,995.8333,-1,0.7719727, -0.1303711, 0.6791992, 0.1685938, -0.3167186, 0.1267188,80.81176,5,4,30
103704,-1.886541,-2.438171,995.8727,10.63187,0.7739258, -0.1308594, 0.6757813, 0.1217188, -0.2854686, 0.07984376,80.81176,5,4,30
103781,-2.162356,-2.438171,995.8727,-1,0.7729492, -0.1308594, 0.6762695, 0.1529688, -0.2698436, 0.1423438,80.81176,5,4,30
103859,-1.061235,0.03988647,995.7831,-1,0.7724609, -0.1298828, 0.6777344, 0.1217188, -0.2229686, 0.09546876,80.81176,5,4,30
103944,-1.892663,-2.724091,995.8829,-1,0.7714844, -0.1298828, 0.6757813, 0.1373438, -0.2542186, 0.09546876,80.81176,5,4,30
104022,-1.216656,-0.5406494,995.804,-1,0.7729492, -0.1313477, 0.6762695, 0.1373438, -0.3323436, 0.03296876,80.81176,5,4,30
104101,-0.8786528,-0.5406494,995.804,10.63187,0.7719727, -0.1313477, 0.6733398, 0.1842188, -0.2698436, 0.07984376,80.81176,5,4,30
104184,-1.801372,-2.724091,995.8829,-1,0.7724609, -0.1318359, 0.6762695, 0.2154688, -0.2698436, 0.06421876,80.81176,5,4,30
104265,-1.17101,-0.5406494,995.804,-1,0.7734375, -0.1308594, 0.675293, 0.09046877, -0.3167186, 0.07984376,80.81176,5,4,30
104502,-1.947551,-2.724091,995.8829,10.64564,0.7724609, -0.1303711, 0.6772461, 0.1842188, -0.2854686, 0.04859376,80.81176,5,4,30
104563,-1.391393,-0.8352356,995.8146,-1,0.7729492, -0.1318359, 0.6757813, 0.1842188, -0.3010936, 0.1267188,80.81176,5,4,30
104624,-0.1645533,1.062286,995.7463,-1,0.7724609, -0.1318359, 0.6767578, 0.1685938, -0.3010936, 0.09546876,80.81176,5,4,30
104689,-0.9374556,-1.710358,995.8463,10.65482,0.7729492, -0.1318359, 0.6791992, 0.1685938, -0.3010936, 0.09546876,80.81176,5,4,30
104752,-2.523934,-4.110413,995.933,-1,0.7714844, -0.1298828, 0.6762695, 0.1842188, -0.3167186, 0.09546876,80.81176,5,4,30
104818,-3.16988,-3.815826,995.9224,10.63646,0.7729492, -0.1298828, 0.675293, 0.1217188, -0.3010936, 0.06421876,80.81176,5,4,30
104883,-3.384547,-3.599213,995.9146,10.65482,0.7714844, -0.1303711, 0.6748047, 0.1685938, -0.3010936, 0.04859376,80.81176,5,4,30
104950,-1.854291,-0.3240356,995.7961,-1,0.7724609, -0.1303711, 0.6762695, 0.1998438, -0.3323436, 0.1267188,80.81176,5,4,30
105017,-2.332526,-2.81076,995.8859,-1,0.7719727, -0.1303711, 0.6738281, 0.1373438, -0.2854686, 0.09546876,80.81176,5,4,30
105085,-1.475574,-0.6186218,995.8069,10.65482,0.7729492, -0.1323242, 0.6762695, 0.1998438, -0.2698436, 0.06421876,80.81176,5,4,30
105265,-1.848566,-2.221558,995.8646,-1,0.7729492, -0.1313477, 0.6782227, 0.1998438, -0.2698436, 0.07984376,80.81176,5,4,30
105334,-2.329663,-2.81076,995.8859,10.65482,0.7724609, -0.1298828, 0.6757813, 0.1685938, -0.3635936, 0.07984376,80.81176,5,4,30
105406,-2.570212,-2.81076,995.8859,10.664,0.7714844, -0.1313477, 0.6738281, 0.1998438, -0.2854686, 0.07984376,80.81176,5,4,30
105477,-1.447124,-0.3240356,995.7961,-1,0.7734375, -0.1279297, 0.6743164, 0.1998438, -0.3479686, 0.06421876,80.81176,5,4,30
105549,-0.4870049,0.473114,995.7674,-1,0.7724609, -0.1303711, 0.675293, 0.2154688, -0.4104686, 0.1110938,80.81176,5,4,30
105620,-1.098681,-1.710358,995.8463,10.65482,0.7744141, -0.1298828, 0.6772461, 0.1998438, -0.2542186, 0.06421876,80.81176,5,4,30
105693,-0.3127836,0.473114,995.7674,-1,0.7714844, -0.1308594, 0.6762695, 0.1373438, -0.2542186, 0.09546876,80.81176,5,4,30
105767,-3.48528,-6.657776,996.0251,10.664,0.7719727, -0.1298828, 0.6757813, 0.2154688, -0.2854686, 0.09546876,80.81176,5,4,30
105840,-1.506083,0.473114,995.7674,-1,0.7739258, -0.1293945, 0.6762695, 0.1685938, -0.3167186, 0.06421876,80.81176,5,4,30
105915,-2.045781,-2.58548,995.8779,-1,0.7714844, -0.1303711, 0.6762695, 0.1685938, -0.2385936, 0.07984376,80.81176,5,4,30
106099,-1.62247,-1.199158,995.8278,10.664,0.7724609, -0.1308594, 0.6757813, 0.1373438, -0.2854686, 0.09546876,80.81176,5,4,30
106176,-0.8649457,-0.1074219,995.7885,10.664,0.7719727, -0.1313477, 0.6767578, 0.2310938, -0.2542186, 0.06421876,80.81176,5,4,30
106251,-0.4861838,-0.1074219,995.7885,10.664,0.7724609, -0.1293945, 0.6762695, 0.1998438, -0.2698436, 0.09546876,80.81176,5,4,30
106328,-0.8426707,-1.199158,995.8278,10.664,0.7719727, -0.1298828, 0.6777344, 0.1685938, -0.3323436, 0.07984376,80.81176,5,4,30
106409,-1.311167,-1.779663,995.8488,10.6686,0.7724609, -0.1313477, 0.6762695, 0.1842188, -0.3010936, 0.04859376,80.81176,5,4,30
106486,-1.948323,-2.58548,995.8779,-1,0.7724609, -0.1308594, 0.6762695, 0.1685938, -0.3010936, 0.06421876,80.81176,5,4,30
106566,-2.266901,-2.58548,995.8779,10.67319,0.7709961, -0.1308594, 0.6762695, 0.2154688, -0.2854686, 0.03296876,80.81176,5,4,30
106648,-4.063779,-5.860657,995.9962,-1,0.7729492, -0.1323242, 0.6757813, 0.1685938, -0.2698436, 0.04859376,80.81176,5,4,30
106727,-2.631468,-1.199158,995.8278,-1,0.7729492, -0.1318359, 0.6757813, 0.1529688, -0.3479686, 0.1267188,80.81176,5,4,30
106806,-2.751434,-2.871399,995.8884,-1,0.7724609, -0.1303711, 0.675293, 0.2154688, -0.3010936, 0.04859376,80.81176,5,4,30
107000,-2.811416,-2.871399,995.8884,10.6686,0.7705078, -0.1254883, 0.6791992, 0.1529688, -0.1604686, 0.04859376,80.81176,5,4,30
107082,-3.790169,-4.768921,995.9568,-1,0.7739258, -0.1274414, 0.6801758, 0.1842188, -0.3010936, 0.1267188,80.81176,5,4,30
107164,-3.040516,-2.290863,995.8672,-1,0.7744141, -0.1333008, 0.6762695, 0.1685938, -0.3323436, 0.07984376,80.81176,5,4,30
107295,-1.864222,-0.6879272,995.8094,-1,0.7719727, -0.1303711, 0.6762695, 0.1060938, -0.3323436, 0.09546876,80.81176,5,4,30
107357,-1.53169,-1.199158,995.8278,-1,0.7714844, -0.1289063, 0.6762695, 0.1685938, -0.2542186, 0.04859376,80.81176,5,4,30
107423,-3.293265,-5.05484,995.9672,-1,0.7734375, -0.1293945, 0.6777344, 0.1842188, -0.2698436, 0.03296876,80.81176,5,4,30
107494,-2.536464,-1.779663,995.8488,-1,0.7739258, -0.1303711, 0.6762695, 0.1998438, -0.2854686, 0.1110938,80.81176,5,4,30
107560,-2.703931,-2.871399,995.8884,-1,0.7719727, -0.1303711, 0.6743164, 0.1998438, -0.2854686, 0.09546876,80.81176,5,4,30
107628,-1.695929,-0.6879272,995.8094,-1,0.7709961, -0.1318359, 0.6728516, 0.2154688, -0.3010936, 0.06421876,80.81176,5,4,30
107694,-1.191928,-0.6879272,995.8094,-1,0.7724609, -0.1313477, 0.6767578, 0.1685938, -0.3323436, 0.04859376,80.81176,5,4,30
107862,-1.485796,-1.779663,995.8488,-1,0.7724609, -0.1293945, 0.675293, 0.1529688, -0.2542186, 0.09546876,80.81176,5,4,30
107929,-2.871758,-4.257721,995.9384,-1,0.7724609, -0.1303711, 0.675293, 0.1998438, -0.3167186, 0.07984376,80.81176,5,4,30
107994,-1.779843,-0.6879272,995.8094,-1,0.7729492, -0.1293945, 0.6762695, 0.1998438, -0.3167186, 0.06421876,80.81176,5,4,30
108062,-0.8353254,0.1091919,995.7805,-1,0.7724609, -0.1308594, 0.6748047, 0.1685938, -0.2385936, 0.04859376,80.81176,5,4,30
108132,-0.7616263,-0.6879272,995.8094,-1,0.7749023, -0.1298828, 0.6748047, 0.1373438, -0.2698436, 0.04859376,80.81176,5,4,30
108203,-0.3262172,0.1091919,995.7805,-1,0.7724609, -0.1298828, 0.6772461, 0.1685938, -0.2698436, 0.07984376,80.81176,5,4,30
108274,-0.6543806,-0.9825439,995.82,10.68696,0.7709961, -0.1303711, 0.6772461, 0.1998438, -0.2229686, 0.07984376,80.81176,5,4,30
108346,-0.4198874,-0.1853943,995.7911,-1,0.7724609, -0.1298828, 0.6723633, 0.1373438, -0.4104686, 0.07984376,80.81176,5,4,30
108428,-2.087538,-3.755188,995.92,-1,0.7705078, -0.1289063, 0.675293, 0.1685938, -0.3635936, 0.09546876,80.81176,5,4,30
108499,-0.9891729,0.1091919,995.7805,-1,0.7734375, -0.1318359, 0.6772461, 0.1685938, -0.2542186, 0.04859376,80.81176,5,4,30
108680,-1.128818,-1.268463,995.8304,10.68237,0.7714844, -0.1308594, 0.6767578, 0.1998438, -0.2542186, 0.1110938,80.81176,5,4,30
108752,-2.147402,-3.165985,995.8989,10.68237,0.7719727, -0.1303711, 0.6762695, 0.1998438, -0.3323436, 0.09546876,80.81176,5,4,30
108824,-1.564973,-0.9825439,995.82,-1,0.7709961, -0.1303711, 0.6772461, 0.1529688, -0.2698436, 0.07984376,80.81176,5,4,30
108898,-1.564011,-1.563049,995.8411,10.69155,0.7709961, -0.1303711, 0.6743164, 0.2154688, -0.3479686, 0.09546876,80.81176,5,4,30
108970,-1.710823,-1.857635,995.8515,-1,0.7729492, -0.1313477, 0.6757813, 0.1373438, -0.3167186, 0.04859376,80.81176,5,4,30
109046,-1.091068,-0.4713135,995.8016,-1,0.7724609, -0.1289063, 0.6782227, 0.1373438, -0.2854686, 0.09546876,80.81176,5,4,30
109123,-1.179766,-1.268463,995.8304,-1,0.7744141, -0.1318359, 0.6767578, 0.1685938, -0.2854686, 0.1423438,80.81176,5,4,30
109199,-1.224114,-1.268463,995.8304,10.69155,0.7719727, -0.1328125, 0.6762695, 0.1685938, -0.2698436, 0.06421876,80.81176,5,4,30
109278,-2.086743,-2.949371,995.891,-1,0.7729492, -0.1303711, 0.6762695, 0.1998438, -0.3010936, 0.09546876,80.81176,5,4,30
109354,-2.375098,-2.663452,995.8806,-1,0.7719727, -0.1303711, 0.6762695, 0.1842188, -0.3323436, 0.09546876,80.81176,5,4,30
109538,-2.809527,-3.243958,995.9017,-1,0.7714844, -0.1293945, 0.6762695, 0.1060938, -0.2698436, 0.1423438,80.81176,5,4,30
109617,-2.333581,-1.857635,995.8515,-1,0.7729492, -0.1303711, 0.6762695, 0.1842188, -0.2854686, 0.06421876,80.81176,5,4,30
109698,-1.840009,-1.346436,995.8331,-1,0.7724609, -0.1313477, 0.6743164, 0.1842188, -0.2854686, 0.04859376,80.81176,5,4,30
109780,-3.486426,-5.132843,995.9699,-1,0.7719727, -0.128418, 0.6743164, 0.1685938, -0.3479686, 0.04859376,80.81176,5,4,30
109862,-3.508167,-3.529907,995.912,-1,0.7729492, -0.1308594, 0.6757813, 0.1529688, -0.2073436, 0.1110938,80.81176,5,4,30
109944,-1.881433,-0.2546997,995.7937,-1,0.7734375, -0.1303711, 0.6767578, 0.1685938, -0.3010936, 0.09546876,80.81176,5,4,30
110072,-1.211041,-0.5406494,995.8042,-1,0.7729492, -0.1313477, 0.6743164, 0.1373438, -0.3010936, 0.00171876,80.81176,5,4,30
110137,-1.824606,-2.438171,995.8726,-1,0.7724609, -0.1303711, 0.675293, 0.1998438, -0.2542186, 0.09546876,80.81176,5,4,30
110198,-2.534282,-3.243958,995.9017,-1,0.7734375, -0.1308594, 0.6757813, 0.2154688, -0.2854686, 0.07984376,80.81176,5,4,30
110258,-3.577962,-4.621643,995.9515,-1,0.7719727, -0.1298828, 0.6762695, 0.1685938, -0.2698436, 0.1110938,80.81176,5,4,30
110430,-4.394389,-5.210815,995.9727,10.70992,0.7734375, -0.1303711, 0.6777344, 0.1685938, -0.3010936, 0.04859376,80.81176,5,4,30
110493,-3.017705,-1.641022,995.8438,-1,0.7724609, -0.1298828, 0.6767578, 0.1685938, -0.3010936, 0.07984376,80.81176,5,4,30
110559,-3.421099,-3.824493,995.9227,10.70992,0.7729492, -0.1318359, 0.6782227, 0.1685938, -0.2698436, 0.09546876,80.81176,5,4,30
110626,-1.8379,-0.2546997,995.7937,-1,0.7719727, -0.1308594, 0.6757813, 0.1060938, -0.3010936, 0.07984376,80.81176,5,4,30
110692,-1.739461,-1.641022,995.8438,-1,0.7724609, -0.1293945, 0.6767578, 0.1998438, -0.2385936, 0.1110938,80.81176,5,4,30
110758,-1.399989,-1.060516,995.8228,-1,0.7724609, -0.1298828, 0.6748047, 0.1998438, -0.2698436, 0.01734376,80.81176,5,4,30
110828,-0.5370914,0.3258057,995.7726,-1,0.7719727, -0.1313477, 0.6772461, 0.2467188, -0.2698436, 0.1267188,80.81176,5,4,30
110897,-1.379325,-2.221558,995.8647,-1,0.7719727, -0.1313477, 0.6762695, 0.1529688, -0.3167186, 0.07984376,80.81176,5,4,30
110970,-0.5657456,0.2478333,995.7755,10.70533,0.7719727, -0.1323242, 0.6762695, 0.1842188, -0.2854686, 0.1267188,80.81176,5,4,30
111048,-0.9560905,-1.346436,995.8331,-1,0.7724609, -0.1293945, 0.6772461, 0.1842188, -0.2542186, 0.1267188,80.81176,5,4,30
111225,-0.8956631,-0.8352356,995.8148,10.71451,0.7739258, -0.1313477, 0.6767578, 0.1060938, -0.3010936, 0.09546876,80.81176,5,4,30
111297,-1.710237,-2.524811,995.8755,10.70992,0.7739258, -0.1318359, 0.675293, 0.2154688, -0.3010936, 0.1110938,80.81176,5,4,30
111370,-3.460526,-5.210815,995.9727,-1,0.7714844, -0.1313477, 0.6782227, 0.1998438, -0.3010936, 0.1267188,80.81176,5,4,30
111443,-3.096642,-2.732758,995.8832,-1,0.7719727, -0.1308594, 0.6762695, 0.1373438, -0.2385936, 0.03296876,80.81176,5,4,30
111517,-4.296688,-5.496735,995.9832,-1,0.7709961, -0.1303711, 0.6762695, 0.1685938, -0.3010936, 0.1110938,80.81176,5,4,30
111591,-3.116163,-1.935638,995.8543,-1,0.7714844, -0.1313477, 0.6767578, 0.1685938, -0.3479686, 0.06421876,80.81176,5,4,30
111664,-2.270286,-1.424408,995.836,-1,0.7724609, -0.1308594, 0.6757813, 0.1373438, -0.3167186, 0.04859376,80.81176,5,4,30
111739,-2.102962,-1.935638,995.8543,-1,0.7729492, -0.1289063, 0.675293, 0.1685938, -0.2542186, 0.06421876,80.81176,5,4,30
111815,-2.565153,-3.027344,995.8937,10.71451,0.7719727, -0.1303711, 0.6772461, 0.1373438, -0.2542186, 0.06421876,80.81176,5,4,30
111892,-1.301619,-0.03808594,995.7859,10.7191,0.7739258, -0.1308594, 0.675293, 0.1998438, -0.3635936, 0.07984376,80.81176,5,4,30
112082,-2.307456,-3.313293,995.9042,-1,0.7719727, -0.1298828, 0.6757813, 0.1998438, -0.3323436, 0.06421876,80.81176,5,4,30
112159,-2.957668,-3.60788,995.9149,-1,0.7724609, -0.1303711, 0.6757813, 0.2154688, -0.3010936, 0.1423438,80.81176,5,4,30
112237,-2.191038,-1.424408,995.836,10.72369,0.7719727, -0.1293945, 0.6748047, 0.1373438, -0.2385936, 0.04859376,80.81176,5,4,30
112314,-1.807723,-1.424408,995.836,-1,0.7734375, -0.1313477, 0.675293, 0.2154688, -0.2385936, 0.06421876,80.81176,5,4,30
112393,-1.616066,-1.424408,995.836,-1,0.7714844, -0.1308594, 0.6787109, 0.1529688, -0.3323436, 0.09546876,80.81176,5,4,30
112473,-1.520237,-1.424408,995.836,-1,0.7739258, -0.1293945, 0.6782227, 0.1842188, -0.3167186, 0.09546876,80.81176,5,4,30
112554,-1.472322,-1.424408,995.836,10.72369,0.7719727, -0.1298828, 0.6762695, 0.1842188, -0.3323436, 0.07984376,80.81176,5,4,30
112636,-1.448365,-1.424408,995.836,-1,0.7714844, -0.1289063, 0.6757813, 0.1685938, -0.3010936, 0.06421876,80.81176,5,4,30
112718,-1.033494,-0.6186218,995.8069,-1,0.7724609, -0.1293945, 0.675293, 0.1685938, -0.3010936, 0.09546876,80.81176,5,4,30
112846,-2.46798,-3.902466,995.9253,-1,0.7734375, -0.1298828, 0.6767578, 0.1685938, -0.3010936, 0.06421876,80.81176,5,4,30
113013,-2.496395,-2.524811,995.8755,-1,0.7719727, -0.1313477, 0.6748047, 0.1373438, -0.2698436, 0.1110938,80.81176,5,4,30
113074,-1.158949,0.1784973,995.7781,-1,0.7724609, -0.1303711, 0.6757813, 0.1842188, -0.2542186, 0.1110938,80.81176,5,4,30
113139,-2.275107,-3.391266,995.907,10.73287,0.7734375, -0.1293945, 0.6757813, 0.1529688, -0.2854686, 0.09546876,80.81176,5,4,30
113206,-1.884426,-1.493744,995.8385,-1,0.7729492, -0.1308594, 0.6782227, 0.1373438, -0.3010936, 0.1423438,80.81176,5,4,30
113271,-1.398817,-0.913208,995.8175,-1,0.7734375, -0.1308594, 0.675293, 0.1529688, -0.2698436, 0.07984376,80.81176,5,4,30
113336,-1.849173,-2.29953,995.8676,-1,0.7719727, -0.1303711, 0.6762695, 0.1373438, -0.3010936, 0.04859376,80.81176,5,4,30
113403,-1.125591,-0.4020081,995.7991,10.73287,0.7734375, -0.1318359, 0.6757813, 0.1373438, -0.3010936, 0.1579688,80.81176,5,4,30
113469,-1.855535,-2.58548,995.8781,-1,0.7705078, -0.1313477, 0.675293, 0.1685938, -0.3010936, 0.06421876,80.81176,5,4,30
113541,-3.169269,-4.483002,995.9465,10.73746,0.7724609, -0.1308594, 0.6757813, 0.1529688, -0.2385936, 0.04859376,80.81176,5,4,30
113608,-2.877374,-2.58548,995.8781,-1,0.7705078, -0.1298828, 0.6762695, 0.1529688, -0.2542186, 0.07984376,80.81176,5,4,30
113786,-2.185559,-1.493744,995.8385,-1,0.7724609, -0.1298828, 0.6757813, 0.1998438, -0.2229686, 0.09546876,80.81176,5,4,30
113856,-2.242545,-2.29953,995.8676,10.73746,0.7714844, -0.1313477, 0.6743164, 0.1685938, -0.3010936, 0.04859376,80.81176,5,4,30
113929,-1.179317,-0.1160889,995.7886,-1,0.7724609, -0.1303711, 0.6782227, 0.1685938, -0.2229686, 0.09546876,80.81176,5,4,30
113999,-1.193571,-1.207825,995.8281,-1,0.7724609, -0.1313477, 0.6772461, 0.1685938, -0.3010936, 0.04859376,80.81176,5,4,30
114074,-1.889525,-2.58548,995.8781,10.74664,0.7734375, -0.1289063, 0.6782227, 0.2154688, -0.2854686, 0.07984376,80.81176,5,4,30
114147,-2.532089,-3.174652,995.899,-1,0.7724609, -0.1298828, 0.6738281, 0.1373438, -0.2542186, 0.07984376,80.81176,5,4,30
114219,-1.467048,-0.4020081,995.7991,-1,0.7739258, -0.1303711, 0.6782227, 0.2310938, -0.3167186, 0.09546876,80.81176,5,4,30
114293,-1.077488,-0.6879272,995.8095,-1,0.7734375, -0.1289063, 0.6767578, 0.1685938, -0.2229686, 0.06421876,80.81176,5,4,30
114369,-1.030016,-0.9825439,995.8201,10.74664,0.7724609, -0.1303711, 0.6757813, 0.2467188, -0.2698436, 0.06421876,80.81176,5,4,30
114445,-0.3174524,0.3951111,995.7701,10.75583,0.7724609, -0.1293945, 0.6757813, 0.1685938, -0.3010936, 0.1110938,80.81176,5,4,30
114628,0.03882933,0.3951111,995.7701,10.74664,0.7719727, -0.1303711, 0.6762695, 0.2310938, -0.3010936, 0.07984376,80.81176,5,4,30
114715,-0.4718573,-0.9825439,995.8201,10.74205,0.7719727, -0.1308594, 0.6757813, 0.1842188, -0.2854686, 0.04859376,80.81176,5,4,30
114792,-1.528668,-2.58548,995.8781,10.74664,0.7724609, -0.1303711, 0.6762695, 0.1529688, -0.2854686, 0.1267188,80.81176,5,4,30
114870,-1.255606,-0.9825439,995.8201,-1,0.7719727, -0.1298828, 0.6743164, 0.1998438, -0.3010936, 0.01734376,80.81176,5,4,30
114947,-0.9717667,-0.6879272,995.8095,-1,0.7719727, -0.1289063, 0.6757813, 0.1685938, -0.3323436, 0.06421876,80.81176,5,4,30
115025,-1.670316,-2.368866,995.8702,-1,0.7724609, -0.1313477, 0.6767578, 0.2154688, -0.2698436, 0.07984376,80.81176,5,4,30
115103,-2.569777,-3.469238,995.9097,-1,0.7729492, -0.1308594, 0.6767578, 0.1529688, -0.3323436, 0.06421876,80.81176,5,4,30
115183,-2.322013,-2.074249,995.8596,-1,0.7719727, -0.1318359, 0.6777344, 0.1842188, -0.2385936, 0.1267188,80.81176,5,4,30
115264,-2.34544,-2.368866,995.8702,10.75583,0.7724609, -0.1318359, 0.6757813, 0.1685938, -0.2698436, 0.09546876,80.81176,5,4,30
115345,-1.815618,-1.285797,995.8308,-1,0.7729492, -0.1308594, 0.6772461, 0.1373438, -0.3010936, 0.09546876,80.81176,5,4,30
115539,-2.239535,-2.663452,995.8806,-1,0.7714844, -0.1293945, 0.6733398, 0.1842188, -0.3323436, 0.03296876,80.81176,5,4,30
115668,-1.905626,-1.571716,995.8412,-1,0.7734375, -0.1323242, 0.675293, 0.1998438, -0.3479686, 0.09546876,80.81176,5,4,30
115733,-1.738671,-1.571716,995.8412,10.75583,0.7719727, -0.1318359, 0.6757813, 0.1998438, -0.2854686, 0.06421876,80.81176,5,4,30
115794,-2.603955,-3.469238,995.9097,-1,0.7709961, -0.1323242, 0.6748047, 0.2154688, -0.2854686, 0.1579688,80.81176,5,4,30
115860,-2.48641,-2.368866,995.8702,10.76042,0.7714844, -0.1298828, 0.6772461, 0.1373438, -0.3010936, 0.07984376,80.81176,5,4,30
115926,-2.029063,-1.571716,995.8412,-1,0.7729492, -0.1298828, 0.6762695, 0.2467188, -0.3010936, 0.06421876,80.81176,5,4,30
115993,-0.2711082,1.486847,995.7307,10.74664,0.7734375, -0.1308594, 0.6772461, 0.1842188, -0.3635936, 0.07984376,80.81176,5,4,30
116055,-0.626826,-0.9825439,995.8201,-1,0.7729492, -0.1303711, 0.6782227, 0.1060938, -0.2698436, 0.04859376,80.81176,5,4,30
116119,-0.5534033,-0.4799805,995.8017,-1,0.7709961, -0.128418, 0.6777344, 0.1998438, -0.2698436, 0.06421876,80.81176,5,4,30
116186,-0.5166919,-0.4799805,995.8017,-1,0.7729492, -0.1298828, 0.6757813, 0.1685938, -0.3479686, 0.07984376,80.81176,5,4,30
116359,-1.334472,-2.152252,995.8622,-1,0.7724609, -0.1308594, 0.6738281, 0.1529688, -0.3010936, 0.09546876,80.81176,5,4,30
116426,-1.453094,-1.571716,995.8412,-1,0.7714844, -0.1318359, 0.6748047, 0.1217188, -0.3479686, 0.1110938,80.81176,5,4,30
116496,-0.4163512,0.6203918,995.7623,10.75583,0.7709961, -0.1303711, 0.675293, 0.1217188, -0.3010936, 0.03296876,80.81176,5,4,30
116562,-1.141327,-1.866302,995.8519,-1,0.7724609, -0.1289063, 0.6767578, 0.1685938, -0.2385936, 0.07984376,80.81176,5,4,30
116633,-0.4120941,0.3171387,995.7729,10.76501,0.7729492, -0.1308594, 0.6748047, 0.1998438, -0.2854686, 0.09546876,80.81176,5,4,30
116705,-2.230934,-4.049774,995.9308,10.75583,0.7729492, -0.1308594, 0.675293, 0.1529688, -0.3010936, 0.06421876,80.81176,5,4,30
116776,-1.901325,-1.571716,995.8412,-1,0.7724609, -0.1313477, 0.6767578, 0.1373438, -0.2385936, 0.06421876,80.81176,5,4,30
116849,-1.628214,-1.355103,995.8334,-1,0.7739258, -0.1298828, 0.6733398, 0.1529688, -0.2698436, 0.07984376,80.81176,5,4,30
116923,-1.599965,-1.571716,995.8412,10.76501,0.7729492, -0.1293945, 0.6767578, 0.1685938, -0.3010936, 0.04859376,80.81176,5,4,30
116996,-1.876109,-2.152252,995.8622,-1,0.7724609, -0.1313477, 0.675293, 0.1373438, -0.2542186, 0.09546876,80.81176,5,4,30
117180,-2.01418,-2.152252,995.8622,-1,0.7729492, -0.1308594, 0.6772461, 0.1842188, -0.3323436, 0.09546876,80.81176,5,4,30
117255,-2.083216,-2.152252,995.8622,10.7696,0.7729492, -0.1293945, 0.6762695, 0.1842188, -0.2854686, 0.09546876,80.81176,5,4,30
117330,-1.571866,-1.060516,995.8228,10.7696,0.7714844, -0.1308594, 0.6772461, 0.1529688, -0.2073436, 0.06421876,80.81176,5,4,30
117408,-0.9176165,-0.2633667,995.7939,10.76501,0.7714844, -0.1308594, 0.6777344, 0.1060938, -0.2698436, 0.06421876,80.81176,5,4,30
117483,-0.9890664,-1.060516,995.8228,-1,0.7714844, -0.1318359, 0.6772461, 0.1685938, -0.3323436, 0.03296876,80.81176,5,4,30
117560,-1.865245,-2.741425,995.8834,10.76501,0.7734375, -0.1298828, 0.6733398, 0.1685938, -0.3010936, 0.1267188,80.81176,5,4,30
117636,-0.917013,0.03121948,995.7834,10.76501,0.7719727, -0.1313477, 0.6772461, 0.1373438, -0.3167186, 0.1110938,80.81176,5,4,30
117714,-0.9887647,-1.060516,995.8228,-1,0.7729492, -0.1308594, 0.6772461, 0.1529688, -0.2854686, 0.1110938,80.81176,5,4,30
117795,-1.427534,-1.866302,995.8519,-1,0.7724609, -0.1293945, 0.6772461, 0.1685938, -0.3167186, 0.07984376,80.81176,5,4,30
117875,-1.534278,-1.641022,995.8439,-1,0.7729492, -0.1308594, 0.6743164, 0.1373438, -0.3010936, 0.07984376,80.81176,5,4,30
118063,-2.683719,-3.83316,995.9229,10.77878,0.7714844, -0.1298828, 0.6777344, 0.1529688, -0.2854686, 0.09546876,80.81176,5,4,30
118145,-1.911104,-1.138489,995.8256,10.7696,0.7729492, -0.1313477, 0.6748047, 0.1529688, -0.3167186, 0.04859376,80.81176,5,4,30
118223,-1.377503,-0.8439026,995.815,-1,0.7734375, -0.1308594, 0.6757813, 0.1998438, -0.2698436, 0.07984376,80.81176,5,4,30
118313,-1.110703,-0.8439026,995.815,-1,0.7724609, -0.1308594, 0.6757813, 0.1373438, -0.2542186, 0.06421876,80.81176,5,4,30
118445,-1.670464,-2.230225,995.8652,-1,0.7724609, -0.1293945, 0.6772461, 0.2154688, -0.3010936, 0.1267188,80.81176,5,4,30
118511,-1.655743,-1.641022,995.8439,10.77878,0.7719727, -0.1303711, 0.6738281, 0.07484376, -0.2698436, 0.06421876,80.81176,5,4,30
118578,-0.9898892,-0.3240356,995.7963,-1,0.7714844, -0.1298828, 0.6762695, 0.1842188, -0.2698436, 0.06421876,80.81176,5,4,30
118643,-1.207149,-1.424408,995.8359,10.79255,0.7719727, -0.1303711, 0.675293, 0.1685938, -0.3167186, 0.1423438,80.81176,5,4,30
118709,-1.315778,-1.424408,995.8359,10.78796,0.7705078, -0.1313477, 0.675293, 0.1842188, -0.2542186, 0.06421876,80.81176,5,4,30
118777,-2.318869,-3.32196,995.9046,10.79255,0.7729492, -0.1293945, 0.6767578, 0.1373438, -0.3323436, 0.06421876,80.81176,5,4,30
118955,-1.728679,-1.138489,995.8256,10.79255,0.7729492, -0.1303711, 0.6762695, 0.1842188, -0.2854686, 0.09546876,80.81176,5,4,30
119020,-1.866812,-2.004944,995.8571,-1,0.7729492, -0.1289063, 0.6762695, 0.1373438, -0.3010936, 0.09546876,80.81176,5,4,30
119087,-3.027614,-4.188416,995.9359,-1,0.7719727, -0.1318359, 0.6767578, 0.2467188, -0.3010936, 0.1110938,80.81176,5,4,30
119154,-2.919187,-2.81076,995.8859,-1,0.7729492, -0.1298828, 0.6743164, 0.2467188, -0.2854686, 0.07984376,80.81176,5,4,30
119224,-1.223037,0.473114,995.7675,10.79715,0.7729492, -0.1313477, 0.6762695, 0.1685938, -0.3010936, 0.09546876,80.81176,5,4,30
119293,-1.86959,-2.516144,995.8753,-1,0.7719727, -0.1308594, 0.6738281, 0.1060938, -0.3167186, 0.06421876,80.81176,5,4,30
119363,-1.937267,-2.004944,995.8571,-1,0.7729492, -0.1298828, 0.6787109, 0.1685938, -0.3010936, 0.06421876,80.81176,5,4,30
119434,-1.680838,-1.424408,995.8359,-1,0.7734375, -0.1303711, 0.6767578, 0.1529688, -0.3167186, 0.06421876,80.81176,5,4,30
119504,-1.297023,-0.913208,995.8176,-1,0.7719727, -0.1298828, 0.6777344, 0.2310938, -0.3167186, 0.09546876,80.81176,5,4,30
119574,-2.599744,-3.902466,995.9253,-1,0.7714844, -0.1318359, 0.675293, 0.1998438, -0.3010936, 0.06421876,80.81176,5,4,30
119753,-3.541373,-4.483002,995.9464,10.80633,0.7714844, -0.1298828, 0.6757813, 0.1998438, -0.3167186, 0.1423438,80.81176,5,4,30
119824,-4.159481,-4.777588,995.957,-1,0.7714844, -0.1308594, 0.6757813, 0.1685938, -0.2854686, 0.1267188,80.81176,5,4,30
119896,-4.321241,-4.483002,995.9464,10.80174,0.7724609, -0.1318359, 0.6743164, 0.1842188, -0.2854686, 0.04859376,80.81176,5,4,30
119968,-2.617225,-0.913208,995.8176,-1,0.7719727, -0.1303711, 0.6767578, 0.1685938, -0.3323436, 0.06421876,80.81176,5,4,30
120040,-1.765216,-0.913208,995.8176,-1,0.7719727, -0.1313477, 0.675293, 0.2310938, -0.2698436, 0.04859376,80.81176,5,4,30
120115,-2.032373,-2.29953,995.8675,10.81092,0.7709961, -0.1318359, 0.675293, 0.1998438, -0.2854686, 0.07984376,80.81176,5,4,30
120191,-1.615765,-1.199158,995.8279,-1,0.7724609, -0.1298828, 0.6757813, 0.1842188, -0.2698436, 0.06421876,80.81176,5,4,30
120268,-0.8659271,-0.1160889,995.7886,-1,0.7739258, -0.1308594, 0.6748047, 0.1529688, -0.3792186, 0.06421876,80.81176,5,4,30
120346,-1.582729,-2.29953,995.8675,-1,0.7724609, -0.1289063, 0.6772461, 0.09046877, -0.3323436, 0.03296876,80.81176,5,4,30
120426,-2.486997,-3.391266,995.907,-1,0.7724609, -0.1308594, 0.6762695, 0.1529688, -0.3167186, 0.1110938,80.81176,5,4,30
120614,-2.683532,-2.880066,995.8885,-1,0.7729492, -0.1328125, 0.6757813, 0.1842188, -0.3323436, 0.07984376,80.81176,5,4,30
120695,-2.929092,-3.174652,995.8992,10.80174,0.7724609, -0.1298828, 0.6767578, 0.1685938, -0.2854686, 0.09546876,80.81176,5,4,30
120776,-1.812843,-0.6965942,995.8096,10.81551,0.7739258, -0.1313477, 0.6772461, 0.2310938, -0.3323436, 0.07984376,80.81176,5,4,30
120858,-2.346455,-2.880066,995.8885,10.80633,0.7729492, -0.1298828, 0.6777344, 0.1998438, -0.3010936, 0.1110938,80.81176,5,4,30
120940,-3.704981,-5.063507,995.9675,-1,0.7729492, -0.1318359, 0.6767578, 0.1998438, -0.2854686, 0.09546876,80.81176,5,4,30
121022,-3.439816,-3.174652,995.8992,-1,0.7729492, -0.1293945, 0.675293, 0.1842188, -0.3167186, 0.06421876,80.81176,5,4,30
121104,-2.068205,-0.6965942,995.8096,-1,0.7729492, -0.1298828, 0.6762695, 0.1373438, -0.3167186, 0.07984376,80.81176,5,4,30
121236,-1.3824,-0.6965942,995.8096,-1,0.7724609, -0.1298828, 0.6748047, 0.1998438, -0.2698436, 0.03296876,80.81176,5,4,30
121301,-1.585365,-1.78833,995.8491,10.8201,0.7729492, -0.1303711, 0.6748047, 0.1685938, -0.2698436, 0.1110938,80.81176,5,4,30
121366,-1.686847,-1.78833,995.8491,10.8201,0.7729492, -0.1303711, 0.6762695, 0.1685938, -0.2542186, 0.07984376,80.81176,5,4,30
121538,-1.191721,-0.6965942,995.8096,-1,0.7709961, -0.1303711, 0.675293, 0.1217188, -0.2698436, 0.09546876,80.81176,5,4,30
121605,-1.091466,-0.9912109,995.8203,10.81551,0.7729492, -0.1308594, 0.675293, 0.1217188, -0.3323436, 0.06421876,80.81176,5,4,30
121670,-0.491137,0.1091919,995.7807,10.81551,0.7724609, -0.1303711, 0.6772461, 0.2310938, -0.2698436, 0.1110938,80.81176,5,4,30
121737,-0.5938656,-0.6965942,995.8096,-1,0.7719727, -0.1303711, 0.675293, 0.1842188, -0.2698436, 0.1110938,80.81176,5,4,30
121803,-2.828686,-5.063507,995.9675,10.8201,0.7724609, -0.1298828, 0.6772461, 0.1998438, -0.2385936, 0.01734376,80.81176,5,4,30
121880,-3.69483,-4.560974,995.9492,-1,0.7729492, -0.1303711, 0.6733398, 0.1529688, -0.3010936, 0.1110938,80.81176,5,4,30
121946,-2.34302,-0.9912109,995.8203,-1,0.7719727, -0.1318359, 0.6772461, 0.1373438, -0.3167186, 0.06421876,80.81176,5,4,30
122013,-3.053438,-3.763855,995.9203,10.8201,0.7724609, -0.1308594, 0.6767578, 0.1842188, -0.3010936, 0.09546876,80.81176,5,4,30
122084,-3.261338,-3.469238,995.9097,10.81551,0.7724609, -0.1313477, 0.6757813, 0.1685938, -0.2698436, 0.1267188,80.81176,5,4,30
122154,-2.962395,-2.663452,995.8808,-1,0.7729492, -0.1308594, 0.6767578, 0.1998438, -0.2542186, 0.04859376,80.81176,5,4,30
122335,-1.721188,-0.4799805,995.8019,-1,0.7709961, -0.1323242, 0.6743164, 0.1842188, -0.2698436, 0.07984376,80.81176,5,4,30
122404,-2.04936,-2.377533,995.8702,-1,0.7719727, -0.1298828, 0.675293, 0.1998438, -0.3010936, 0.1110938,80.81176,5,4,30
122477,-2.906608,-3.763855,995.9203,-1,0.7719727, -0.1298828, 0.6772461, 0.1685938, -0.3010936, 0.06421876,80.81176,5,4,30
122551,-2.239162,-1.571716,995.8413,10.82928,0.7724609, -0.1289063, 0.675293, 0.1998438, -0.2854686, 0.1579688,80.81176,5,4,30
122623,-2.200041,-2.160919,995.8624,-1,0.7719727, -0.1298828, 0.6762695, 0.1842188, -0.3167186, 0.04859376,80.81176,5,4,30
122699,-1.192717,-0.1853943,995.7913,10.83387,0.7719727, -0.1293945, 0.6743164, 0.2154688, -0.3167186, 0.06421876,80.81176,5,4,30
122775,-0.4334559,0.3258057,995.7727,10.82928,0.7724609, -0.1308594, 0.6767578, 0.1842188, -0.2698436, 0.06421876,80.81176,5,4,30
122852,-1.145546,-1.857635,995.8517,-1,0.7734375, -0.1313477, 0.675293, 0.1529688, -0.3010936, 0.09546876,80.81176,5,4,30
122924,-2.047459,-2.949371,995.8912,-1,0.7724609, -0.1308594, 0.6743164, 0.1998438, -0.3010936, 0.09546876,80.81176,5,4,30
122999,-1.809587,-1.571716,995.8413,-1,0.7719727, -0.1313477, 0.675293, 0.1842188, -0.3323436, 0.1110938,80.81176,5,4,30
123181,-2.379479,-2.949371,995.8912,-1,0.7714844, -0.1293945, 0.6772461, 0.1842188, -0.3167186, 0.07984376,80.81176,5,4,30
123259,-2.118557,-1.857635,995.8517,-1,0.7734375, -0.1303711, 0.6762695, 0.1060938, -0.2698436, 0.07984376,80.81176,5,4,30
123338,-2.282698,-2.446838,995.8729,10.82928,0.7724609, -0.1308594, 0.6767578, 0.2154688, -0.3323436, 0.09546876,80.81176,5,4,30
123416,-2.763328,-3.243958,995.9019,-1,0.7724609, -0.1303711, 0.6767578, 0.1842188, -0.2854686, 0.09546876,80.81176,5,4,30
123497,-1.916255,-1.069183,995.823,10.83846,0.7724609, -0.1303711, 0.6767578, 0.1998438, -0.2698436, 0.07984376,80.81176,5,4,30
123575,-2.038587,-2.160919,995.8624,-1,0.7724609, -0.1308594, 0.6772461, 0.1998438, -0.2698436, 0.04859376,80.81176,5,4,30
123657,-2.788581,-3.538574,995.9123,-1,0.7724609, -0.1313477, 0.6748047, 0.1685938, -0.3010936, 0.09546876,80.81176,5,4,30
123740,-3.163578,-3.538574,995.9123,-1,0.7729492, -0.1289063, 0.6772461, 0.1685938, -0.2698436, 0.09546876,80.81176,5,4,30
123823,-2.805208,-2.446838,995.8729,-1,0.7719727, -0.1303711, 0.6762695, 0.1060938, -0.2698436, 0.1267188,80.81176,5,4,30
123904,-2.768983,-2.732758,995.8833,-1,0.7724609, -0.1298828, 0.6767578, 0.2154688, -0.2385936, 0.07984376,80.81176,5,4,30
124150,-1.65915,-0.5493164,995.8044,-1,0.7729492, -0.1318359, 0.6757813, 0.1685938, -0.3635936, 0.09546876,80.81176,5,4,30
124213,-3.439316,-5.219482,995.973,10.84765,0.7724609, -0.1308594, 0.675293, 0.1217188, -0.2542186, 0.09546876,80.81176,5,4,30
124276,-2.25425,-1.069183,995.823,-1,0.7719727, -0.1313477, 0.6767578, 0.1685938, -0.2698436, 0.1110938,80.81176,5,4,30
124341,-1.401783,-0.5493164,995.8044,10.84306,0.7724609, -0.1303711, 0.675293, 0.1373438, -0.2698436, 0.1110938,80.81176,5,4,30
124404,-0.9755497,-0.5493164,995.8044,-1,0.7719727, -0.1308594, 0.6772461, 0.1217188, -0.2385936, 0.1267188,80.81176,5,4,30
124469,-2.945889,-4.916229,995.9622,-1,0.7734375, -0.1308594, 0.6777344, 0.1998438, -0.2698436, 0.09546876,80.81176,5,4,30
124534,-2.839324,-2.732758,995.8833,-1,0.7724609, -0.1303711, 0.6757813, 0.1529688, -0.3323436, 0.06421876,80.81176,5,4,30
124611,-2.643081,-2.446838,995.8729,10.85224,0.7734375, -0.1293945, 0.6772461, 0.2154688, -0.3479686, 0.06421876,80.81176,5,4,30
124679,-2.982521,-3.32196,995.9044,-1,0.7729492, -0.1308594, 0.6796875, 0.1998438, -0.3010936, 0.1110938,80.81176,5,4,30
124745,-1.510303,-0.03808594,995.7859,-1,0.7714844, -0.1308594, 0.6738281, 0.1685938, -0.2698436, 0.09546876,80.81176,5,4,30
124921,-2.121531,-2.732758,995.8833,10.85224,0.7714844, -0.1308594, 0.6757813, 0.2154688, -0.2854686, 0.09546876,80.81176,5,4,30
124990,-2.721745,-3.32196,995.9044,-1,0.7719727, -0.1298828, 0.6743164, 0.2310938, -0.2698436, 0.04859376,80.81176,5,4,30
125060,-3.021853,-3.32196,995.9044,-1,0.7734375, -0.1303711, 0.6777344, 0.1998438, -0.2698436, 0.1267188,80.81176,5,4,30
125130,-3.865068,-4.708282,995.9545,10.85683,0.7734375, -0.1318359, 0.6782227, 0.2154688, -0.3792186, 0.06421876,80.81176,5,4,30
125202,-2.497445,-1.129822,995.8254,-1,0.7729492, -0.1303711, 0.6757813, 0.1998438, -0.2542186, 0.1267188,80.81176,5,4,30
125273,-3.052662,-3.60788,995.9149,-1,0.7714844, -0.1308594, 0.6782227, 0.1842188, -0.2854686, 0.1267188,80.81176,5,4,30
125346,-3.044336,-3.036011,995.894,-1,0.7719727, -0.1303711, 0.6777344, 0.1373438, -0.2854686, 0.09546876,80.81176,5,4,30
125429,-3.326108,-3.60788,995.9149,-1,0.7719727, -0.1298828, 0.6762695, 0.1373438, -0.2542186, 0.07984376,80.81176,5,4,30
125503,-2.921126,-2.516144,995.8755,-1,0.7724609, -0.1303711, 0.6777344, 0.1685938, -0.3167186, 0.06421876,80.81176,5,4,30
125576,-2.718635,-2.516144,995.8755,-1,0.7729492, -0.1293945, 0.6762695, 0.1685938, -0.2854686, 0.07984376,80.81176,5,4,30
125760,-3.713459,-4.708282,995.9545,-1,0.7729492, -0.1293945, 0.6767578, 0.1373438, -0.3010936, 0.09546876,80.81176,5,4,30
125834,-3.807962,-3.902466,995.9255,10.85683,0.7714844, -0.1303711, 0.6772461, 0.1060938, -0.3167186, 0.09546876,80.81176,5,4,30
125911,-2.763494,-1.719025,995.8466,-1,0.7724609, -0.1293945, 0.675293, 0.1998438, -0.2698436, 0.1423438,80.81176,5,4,30
125987,-3.480288,-4.197083,995.9362,-1,0.7719727, -0.1318359, 0.6767578, 0.2154688, -0.3479686, 0.1110938,80.81176,5,4,30
126064,-2.599656,-1.719025,995.8466,-1,0.7714844, -0.1303711, 0.6762695, 0.1685938, -0.3323436, 0.06421876,80.81176,5,4,30
126145,-3.251061,-3.902466,995.9255,10.86142,0.7719727, -0.1318359, 0.6762695, 0.1529688, -0.2854686, 0.01734376,80.81176,5,4,30
126223,-2.229443,-1.207825,995.8282,-1,0.7724609, -0.1308594, 0.6782227, 0.1998438, -0.3479686, 0.06421876,80.81176,5,4,30
126302,-2.411795,-2.594147,995.8781,-1,0.7724609, -0.1298828, 0.6743164, 0.2154688, -0.2229686, 0.09546876,80.81176,5,4,30
126381,-2.212703,-2.013611,995.8572,-1,0.7729492, -0.1308594, 0.6767578, 0.1529688, -0.2229686, 0.03296876,80.81176,5,4,30
126461,-2.403425,-2.594147,995.8781,10.8706,0.7714844, -0.1313477, 0.6762695, 0.1529688, -0.2698436, 0.09546876,80.81176,5,4,30
126650,-2.607093,-2.81076,995.8861,-1,0.7729492, -0.1308594, 0.6767578, 0.1685938, -0.3010936, 0.09546876,80.81176,5,4,30
126731,-2.708927,-2.81076,995.8861,-1,0.7724609, -0.1308594, 0.6762695, 0.1217188, -0.2385936, 0.09546876,80.81176,5,4,30
126812,-2.504228,-2.29953,995.8676,-1,0.7734375, -0.1313477, 0.6762695, 0.1998438, -0.3323436, 0.09546876,80.81176,5,4,30
126944,-2.804788,-3.105347,995.8967,10.87519,0.7729492, -0.1303711, 0.6782227, 0.1529688, -0.3323436, 0.1110938,80.81176,5,4,30
127006,-1.317463,0.1698608,995.7783,-1,0.7729492, -0.1313477, 0.675293, 0.2154688, -0.3167186, 0.1423438,80.81176,5,4,30
127067,-0.7167761,-0.1160889,995.7888,-1,0.7724609, -0.1279297, 0.6762695, 0.1842188, -0.3635936, 0.06421876,80.81176,5,4,30
127133,-1.655461,-2.594147,995.8781,10.87978,0.7724609, -0.1298828, 0.6791992, 0.1685938, -0.2542186, 0.09546876,80.81176,5,4,30
127198,-1.028735,-0.4020081,995.7991,10.88437,0.7714844, -0.1293945, 0.6757813, 0.1373438, -0.2698436, 0.1267188,80.81176,5,4,30
127265,-1.811441,-2.594147,995.8781,10.87978,0.7719727, -0.1308594, 0.6767578, 0.2154688, -0.2698436, 0.09546876,80.81176,5,4,30
127331,-2.345753,-2.880066,995.8887,-1,0.7734375, -0.1308594, 0.6767578, 0.1529688, -0.2698436, 0.07984376,80.81176,5,4,30
127509,-2.46995,-2.594147,995.8781,10.87519,0.7714844, -0.1298828, 0.6762695, 0.1373438, -0.3010936, 0.04859376,80.81176,5,4,30
127580,-1.435979,-0.4020081,995.7991,10.88897,0.7724609, -0.1313477, 0.6748047, 0.1842188, -0.2385936, 0.04859376,80.81176,5,4,30
127648,-2.305315,-3.174652,995.8992,-1,0.7719727, -0.1289063, 0.6772461, 0.1998438, -0.2698436, 0.1267188,80.81176,5,4,30
127717,-3.138559,-3.971802,995.9281,10.88437,0.7719727, -0.1308594, 0.6757813, 0.1529688, -0.3010936, 0.09546876,80.81176,5,4,30
127786,-2.463444,-1.78833,995.8492,-1,0.7729492, -0.1303711, 0.6772461, 0.2310938, -0.3010936, 0.09546876,80.81176,5,4,30
127855,-2.125887,-1.78833,995.8492,-1,0.7714844, -0.1313477, 0.6777344, 0.1373438, -0.3010936, 0.07984376,80.81176,5,4,30
127927,-2.502976,-2.880066,995.8887,-1,0.7729492, -0.1308594, 0.6743164, 0.1842188, -0.2542186, 0.06421876,80.81176,5,4,30
127997,-1.74276,-0.9825439,995.8201,-1,0.7734375, -0.1303711, 0.6757813, 0.1842188, -0.3323436, 0.07984376,80.81176,5,4,30
128069,-2.060147,-2.377533,995.8704,-1,0.7744141, -0.1308594, 0.6772461, 0.1529688, -0.2698436, 0.06421876,80.81176,5,4,30
128144,-2.470106,-2.880066,995.8887,10.88437,0.7729492, -0.1303711, 0.6777344, 0.1842188, -0.2698436, 0.1423438,80.81176,5,4,30
128325,-1.58335,-0.6965942,995.8098,-1,0.7724609, -0.1303711, 0.6777344, 0.1060938, -0.3167186, 0.07984376,80.81176,5,4,30
128400,-2.526294,-3.469238,995.9099,10.88437,0.7724609, -0.1313477, 0.6762695, 0.1998438, -0.2698436, 0.06421876,80.81176,5,4,30
128474,-2.850473,-3.174652,995.8992,-1,0.7724609, -0.1318359, 0.6782227, 0.2467188, -0.3323436, 0.03296876,80.81176,5,4,30
128548,-1.916509,-0.9825439,995.8201,-1,0.7709961, -0.1303711, 0.6772461, 0.1685938, -0.3167186, 0.09546876,80.81176,5,4,30
128626,-2.835848,-3.755188,995.9202,-1,0.7724609, -0.1303711, 0.675293, 0.1373438, -0.2698436, 0.06421876,80.81176,5,4,30
128705,-4.387239,-5.938629,995.9991,10.89356,0.7724609, -0.1298828, 0.675293, 0.1529688, -0.2385936, 0.1267188,80.81176,5,4,30
128782,-3.780945,-3.174652,995.8992,-1,0.7729492, -0.1293945, 0.6767578, 0.1842188, -0.3323436, 0.1267188,80.81176,5,4,30
128860,-3.768067,-3.755188,995.9202,-1,0.7714844, -0.1293945, 0.6767578, 0.1373438, -0.3323436, 0.1267188,80.81176,5,4,30
128940,-3.761627,-3.755188,995.9202,10.89356,0.7729492, -0.1313477, 0.675293, 0.1685938, -0.2854686, 0.1110938,80.81176,5,4,30
129028,-3.06958,-2.377533,995.8704,-1,0.7734375, -0.1298828, 0.6772461, 0.1373438, -0.3167186, 0.07984376,80.81176,5,4,30
129215,-3.412384,-3.755188,995.9202,-1,0.7729492, -0.1308594, 0.6762695, 0.1685938, -0.2698436, 0.06421876,80.81176,5,4,30
129296,-4.675507,-5.938629,995.9991,10.89815,0.7719727, -0.1298828, 0.675293, 0.1529688, -0.2854686, 0.07984376,80.81176,5,4,30
129380,-3.270905,-1.866302,995.8518,-1,0.7729492, -0.1293945, 0.6772461, 0.1373438, -0.3167186, 0.03296876,80.81176,5,4,30
129461,-2.715912,-2.160919,995.8624,-1,0.7729492, -0.1303711, 0.6767578, 0.1060938, -0.3010936, 0.04859376,80.81176,5,4,30
129540,-2.143814,-1.571716,995.8412,-1,0.7724609, -0.1303711, 0.6762695, 0.1373438, -0.2542186, 0.07984376,80.81176,5,4,30
129673,-3.244087,-4.34436,995.9414,10.89815,0.7734375, -0.1298828, 0.6767578, 0.1529688, -0.3792186, 0.09546876,80.81176,5,4,30
129738,-2.845463,-2.446838,995.8728,10.90733,0.7714844, -0.1308594, 0.6757813, 0.1529688, -0.2854686, 0.1267188,80.81176,5,4,30
129802,-3.447618,-4.049774,995.9308,-1,0.7744141, -0.1318359, 0.675293, 0.1998438, -0.3167186, 0.1267188,80.81176,5,4,30
129866,-2.65696,-1.866302,995.8518,10.89356,0.7714844, -0.1293945, 0.6767578, 0.1373438, -0.3167186, 0.1267188,80.81176,5,4,30
129929,-2.153325,-1.649689,995.844,-1,0.7719727, -0.1323242, 0.6757813, 0.2154688, -0.3167186, 0.06421876,80.81176,5,4,30
130102,-2.698641,-3.243958,995.9019,-1,0.7729492, -0.1298828, 0.6762695, 0.1373438, -0.2854686, 0.1267188,80.81176,5,4,30
130168,-2.42978,-2.160919,995.8624,-1,0.7719727, -0.1308594, 0.6767578, 0.1529688, -0.2542186, 0.04859376,80.81176,5,4,30
130234,-2.438309,-2.446838,995.8728,-1,0.7729492, -0.1303711, 0.6772461, 0.1373438, -0.2854686, 0.07984376,80.81176,5,4,30
130302,-1.203545,0.03121948,995.7834,-1,0.7714844, -0.1313477, 0.6782227, 0.1217188, -0.3323436, 0.1110938,80.81176,5,4,30
130371,-1.682232,-2.160919,995.8624,10.90274,0.7729492, -0.1303711, 0.675293, 0.1685938, -0.3010936, 0.09546876,80.81176,5,4,30
130442,-2.463095,-3.243958,995.9019,10.91192,0.7724609, -0.1303711, 0.6762695, 0.1685938, -0.3479686, 0.09546876,80.81176,5,4,30
130511,-3.256434,-4.049774,995.9308,-1,0.7724609, -0.1293945, 0.6748047, 0.1842188, -0.2229686, 0.07984376,80.81176,5,4,30
130580,-2.99893,-2.741425,995.8834,10.91192,0.7724609, -0.1308594, 0.6743164, 0.1842188, -0.3010936, 0.1110938,80.81176,5,4,30
130652,-2.870177,-2.741425,995.8834,10.90274,0.7719727, -0.1308594, 0.6743164, 0.2154688, -0.3010936, 0.06421876,80.81176,5,4,30
130719,-1.566772,-0.2633667,995.7939,-1,0.7739258, -0.1303711, 0.6757813, 0.1685938, -0.2854686, 0.1423438,80.81176,5,4,30
130901,-1.313644,-1.060516,995.8229,-1,0.7739258, -0.1303711, 0.675293, 0.1060938, -0.3479686, 0.1110938,80.81176,5,4,30
130972,-1.481666,-1.649689,995.844,-1,0.7729492, -0.1298828, 0.6762695, 0.1685938, -0.3010936, 0.09546876,80.81176,5,4,30
131045,-2.657413,-3.83316,995.923,-1,0.7729492, -0.1318359, 0.6748047, 0.1060938, -0.3479686, 0.1579688,80.81176,5,4,30
131120,-2.006258,-1.355103,995.8334,10.91192,0.7729492, -0.1303711, 0.6757813, 0.1842188, -0.2698436, 0.1267188,80.81176,5,4,30
131193,-2.373841,-2.741425,995.8834,-1,0.7739258, -0.1313477, 0.6767578, 0.1685938, -0.3010936, 0.1579688,80.81176,5,4,30
131269,-3.24646,-4.11908,995.9333,-1,0.7734375, -0.1303711, 0.675293, 0.1685938, -0.3010936, 0.09546876,80.81176,5,4,30
131345,-3.53981,-3.83316,995.923,-1,0.7724609, -0.1303711, 0.675293, 0.1685938, -0.2385936, 0.1423438,80.81176,5,4,30
131420,-2.885017,-2.230225,995.865,-1,0.7719727, -0.1313477, 0.6782227, 0.1373438, -0.3010936, 0.06421876,80.81176,5,4,30
131493,-2.665928,-2.446838,995.8728,-1,0.7724609, -0.1313477, 0.6762695, 0.1998438, -0.3167186, 0.1110938,80.81176,5,4,30
131569,-3.284197,-3.902466,995.9255,-1,0.7724609, -0.1308594, 0.6748047, 0.2154688, -0.3792186, 0.06421876,80.81176,5,4,30
131756,-1.916757,-0.5493164,995.8044,10.9211,0.7724609, -0.1298828, 0.6748047, 0.1685938, -0.3792186, 0.09546876,80.81176,5,4,30
131833,-1.527623,-1.138489,995.8256,-1,0.7734375, -0.1323242, 0.6782227, 0.1685938, -0.2385936, 0.09546876,80.81176,5,4,30
131909,-2.424792,-3.32196,995.9045,-1,0.7724609, -0.1308594, 0.6738281, 0.1529688, -0.3479686, 0.06421876,80.81176,5,4,30
131989,-2.474801,-2.524811,995.8756,-1,0.7734375, -0.1308594, 0.6767578, 0.1842188, -0.3010936, 0.1579688,80.81176,5,4,30
132070,-3.188633,-3.902466,995.9255,10.9211,0.7709961, -0.1289063, 0.6757813, 0.1529688, -0.2542186, 0.04859376,80.81176,5,4,30
132151,-2.163561,-1.138489,995.8256,10.92569,0.7719727, -0.1303711, 0.6767578, 0.1998438, -0.3167186, 0.1267188,80.81176,5,4,30
132234,-0.7022639,0.7590332,995.7572,10.92569,0.7729492, -0.1289063, 0.6757813, 0.1842188, -0.3167186, 0.09546876,80.81176,5,4,30
132316,-1.210644,-1.719025,995.8466,-1,0.7724609, -0.1308594, 0.6762695, 0.1842188, -0.3010936, 0.04859376,80.81176,5,4,30
132448,-0.9189665,-0.6272888,995.807,10.93028,0.7734375, -0.1308594, 0.6738281, 0.1217188, -0.3010936, 0.07984376,80.81176,5,4,30
132511,-1.318996,-1.719025,995.8466,-1,0.7734375, -0.1289063, 0.6767578, 0.2154688, -0.3635936, 0.09546876,80.81176,5,4,30
132687,-2.610731,-3.902466,995.9255,10.93028,0.7729492, -0.1308594, 0.675293, 0.1998438, -0.2385936, 0.07984376,80.81176,5,4,30
132758,-2.853705,-3.09668,995.8965,10.93487,0.7724609, -0.1313477, 0.6772461, 0.1529688, -0.2698436, 0.09546876,80.81176,5,4,30
132824,-2.832233,-2.81076,995.886,10.93947,0.7734375, -0.1293945, 0.675293, 0.1842188, -0.2854686, 0.1267188,80.81176,5,4,30
132891,-3.510324,-4.188416,995.9359,10.93028,0.7724609, -0.1308594, 0.6777344, 0.1685938, -0.2698436, 0.04859376,80.81176,5,4,30
132957,-3.706395,-3.902466,995.9255,10.93028,0.7734375, -0.1293945, 0.6772461, 0.1373438, -0.3323436, 0.07984376,80.81176,5,4,30
133022,-1.330721,1.044952,995.7466,-1,0.7729492, -0.1308594, 0.6748047, 0.1060938, -0.3010936, 0.07984376,80.81176,5,4,30
133089,-2.473634,-3.616547,995.9151,10.93028,0.7714844, -0.1313477, 0.6772461, 0.2154688, -0.2385936, 0.1267188,80.81176,5,4,30
133157,-2.785157,-3.09668,995.8965,-1,0.7724609, -0.1308594, 0.675293, 0.1998438, -0.3010936, 0.09546876,80.81176,5,4,30
133226,-1.30333,0.1784973,995.7781,10.93947,0.7724609, -0.1308594, 0.6762695, 0.1685938, -0.3010936, 0.06421876,80.81176,5,4,30
133294,-1.654137,-2.004944,995.8569,-1,0.7719727, -0.1303711, 0.675293, 0.1373438, -0.3010936, 0.03296876,80.81176,5,4,30
133471,-1.283672,-0.913208,995.8175,10.94406,0.7724609, -0.1298828, 0.6748047, 0.1217188, -0.2698436, 0.1110938,80.81176,5,4,30
133542,-2.883337,-4.483002,995.9465,10.94865,0.7724609, -0.1298828, 0.675293, 0.1998438, -0.2698436, 0.1579688,80.81176,5,4,30
133613,-2.44414,-2.004944,995.8569,-1,0.7719727, -0.1323242, 0.6762695, 0.1842188, -0.3167186, 0.1110938,80.81176,5,4,30
133684,-1.825983,-1.207825,995.8282,10.94406,0.7719727, -0.1293945, 0.675293, 0.1373438, -0.2698436, 0.06421876,80.81176,5,4,30
133756,-1.915463,-2.004944,995.8569,-1,0.7729492, -0.1313477, 0.6772461, 0.1685938, -0.2854686, 0.06421876,80.81176,5,4,30
133827,-1.561644,-1.207825,995.8282,-1,0.7734375, -0.1298828, 0.6743164, 0.1685938, -0.2698436, 0.04859376,80.81176,5,4,30
133900,-0.981826,-0.4020081,995.7991,-1,0.7734375, -0.1308594, 0.6772461, 0.1529688, -0.3010936, 0.09546876,80.81176,5,4,30
133974,-0.5489574,-0.1160889,995.7887,10.93947,0.7719727, -0.1298828, 0.6762695, 0.1373438, -0.3323436, 0.07984376,80.81176,5,4,30
134048,-1.424244,-2.29953,995.8676,-1,0.7734375, -0.1313477, 0.6748047, 0.1373438, -0.2698436, 0.07984376,80.81176,5,4,30
134126,-2.004862,-2.58548,995.8781,10.94865,0.7714844, -0.1303711, 0.6757813, 0.1842188, -0.3479686, 0.03296876,80.81176,5,4,30
134314,-1.896596,-1.78833,995.8491,10.94406,0.7714844, -0.1298828, 0.6772461, 0.1373438, -0.2698436, 0.06421876,80.81176,5,4,30
134387,-2.241038,-2.58548,995.8781,-1,0.7734375, -0.1303711, 0.675293, 0.1529688, -0.3323436, 0.06421876,80.81176,5,4,30
134464,-2.413259,-2.58548,995.8781,-1,0.7724609, -0.1298828, 0.675293, 0.1217188, -0.3167186, 0.09546876,80.81176,5,4,30
134540,-1.407633,-0.4020081,995.7991,-1,0.7719727, -0.1289063, 0.6748047, 0.1373438, -0.2385936, 0.09546876,80.81176,5,4,30
134616,-1.853582,-2.29953,995.8676,10.94406,0.7714844, -0.1289063, 0.6767578, 0.09046877, -0.2854686, 0.06421876,80.81176,5,4,30
134693,-1.270754,-0.6879272,995.8095,-1,0.7714844, -0.1308594, 0.6733398, 0.1842188, -0.2698436, 0.07984376,80.81176,5,4,30
134774,-1.676835,-2.082916,995.8597,-1,0.7729492, -0.1308594, 0.675293, 0.1842188, -0.2698436, 0.09546876,80.81176,5,4,30
134854,-1.182381,-0.6879272,995.8095,10.94865,0.7719727, -0.1318359, 0.6748047, 0.1685938, -0.2698436, 0.03296876,80.81176,5,4,30
134933,-0.9351542,-0.6879272,995.8095,-1,0.7739258, -0.1313477, 0.6757813, 0.1217188, -0.3792186, 0.04859376,80.81176,5,4,30
135013,-1.65201,-2.368866,995.8702,10.95783,0.7719727, -0.1298828, 0.6757813, 0.1685938, -0.2698436, 0.07984376,80.81176,5,4,30
135200,-2.157731,-2.663452,995.8807,10.95783,0.7714844, -0.1298828, 0.6772461, 0.1529688, -0.3010936, 0.1110938,80.81176,5,4,30
135329,-1.574471,-0.9912109,995.8203,-1,0.7729492, -0.1289063, 0.675293, 0.1373438, -0.3323436, 0.07984376,80.81176,5,4,30
135391,-1.282841,-0.9912109,995.8203,-1,0.7724609, -0.1303711, 0.6762695, 0.1998438, -0.3010936, 0.06421876,80.81176,5,4,30
135452,-1.284319,-1.285797,995.8308,-1,0.7734375, -0.1308594, 0.6772461, 0.1685938, -0.3167186, 0.1423438,80.81176,5,4,30
135517,-1.826592,-2.368866,995.8702,10.95783,0.7719727, -0.1308594, 0.6777344, 0.1685938, -0.2385936, 0.06421876,80.81176,5,4,30
135582,-3.739651,-5.65271,995.9886,-1,0.7719727, -0.1303711, 0.6772461, 0.1998438, -0.2698436, 0.1110938,80.81176,5,4,30
135649,-3.604445,-3.469238,995.9097,10.95783,0.7729492, -0.1298828, 0.6767578, 0.1842188, -0.2854686, 0.1267188,80.81176,5,4,30
135716,-2.146186,-0.6879272,995.8095,-1,0.7734375, -0.1289063, 0.6762695, 0.1217188, -0.3167186, 0.1110938,80.81176,5,4,30
135786,-1.313083,-0.4799805,995.8017,10.95783,0.7729492, -0.1303711, 0.6748047, 0.1842188, -0.3323436, 0.07984376,80.81176,5,4,30
135854,-1.4424,-1.571716,995.8412,-1,0.7729492, -0.1289063, 0.6777344, 0.1529688, -0.2698436, 0.07984376,80.81176,5,4,30
136033,-1.364098,-1.285797,995.8308,-1,0.7729492, -0.1308594, 0.6762695, 0.1842188, -0.2542186, 0.04859376,80.81176,5,4,30
136101,-2.013775,-2.663452,995.8807,10.96701,0.7724609, -0.1308594, 0.6762695, 0.1842188, -0.1917186, 0.06421876,80.81176,5,4,30
136180,-0.9912779,0.03121948,995.7834,10.96701,0.7739258, -0.1293945, 0.675293, 0.1998438, -0.3010936, 0.1423438,80.81176,5,4,30
136251,-1.281497,-1.571716,995.8412,-1,0.7714844, -0.1303711, 0.6767578, 0.1998438, -0.3167186, 0.06421876,80.81176,5,4,30
136321,-1.426607,-1.571716,995.8412,-1,0.7724609, -0.1303711, 0.675293, 0.1529688, -0.3010936, 0.1267188,80.81176,5,4,30
136392,-2.192322,-2.958038,995.8912,-1,0.7719727, -0.1303711, 0.6762695, 0.1842188, -0.3167186, 0.09546876,80.81176,5,4,30
136463,-0.9332584,0.3258057,995.7728,-1,0.7714844, -0.1303711, 0.675293, 0.1529688, -0.3010936, 0.09546876,80.81176,5,4,30
136539,-1.399781,-1.866302,995.8518,10.96701,0.7724609, -0.1298828, 0.6767578, 0.1529688, -0.2854686, 0.1267188,80.81176,5,4,30
136612,-2.178909,-2.958038,995.8912,-1,0.7724609, -0.1298828, 0.6748047, 0.1842188, -0.2854686, 0.1267188,80.81176,5,4,30
136688,-2.022606,-1.866302,995.8518,10.9716,0.7729492, -0.1298828, 0.6743164, 0.1529688, -0.2698436, 0.1110938,80.81176,5,4,30
136868,-1.688854,-1.355103,995.8334,-1,0.7739258, -0.1298828, 0.675293, 0.1842188, -0.3010936, 0.1267188,80.81176,5,4,30
136943,-2.613714,-3.538574,995.9123,-1,0.7734375, -0.1308594, 0.6757813, 0.1998438, -0.3479686, 0.1110938,80.81176,5,4,30
137015,-1.291247,0.03121948,995.7834,-1,0.7719727, -0.1289063, 0.6777344, 0.1685938, -0.3323436, 0.07984376,80.81176,5,4,30
137089,-4.052499,-6.813751,996.0307,-1,0.7719727, -0.1303711, 0.6762695, 0.2310938, -0.3479686, 0.1110938,80.81176,5,4,30
137165,-2.01064,0.03121948,995.7834,-1,0.7719727, -0.1289063, 0.6748047, 0.1685938, -0.3635936, 0.09546876,80.81176,5,4,30
137244,-2.627299,-3.243958,995.9018,-1,0.7724609, -0.1303711, 0.675293, 0.1060938, -0.3323436, 0.07984376,80.81176,5,4,30
137323,-2.537069,-2.446838,995.8728,-1,0.7724609, -0.1298828, 0.6757813, 0.2154688, -0.3167186, 0.07984376,80.81176,5,4,30
137404,-1.946086,-1.355103,995.8334,10.98078,0.7724609, -0.1298828, 0.6757813, 0.1998438, -0.3167186, 0.07984376,80.81176,5,4,30
137484,-2.053502,-2.160919,995.8624,-1,0.7729492, -0.1303711, 0.6762695, 0.1998438, -0.3167186, 0.09546876,80.81176,5,4,30
137568,-2.25017,-2.446838,995.8728,10.97619,0.7719727, -0.1289063, 0.675293, 0.1060938, -0.3635936, 0.07984376,80.81176,5,4,30
137757,-2.495797,-2.741425,995.8834,-1,0.7719727, -0.1308594, 0.6762695, 0.1685938, -0.3635936, 0.06421876,80.81176,5,4,30
137837,-1.375249,-0.2546997,995.7938,-1,0.7719727, -0.1308594, 0.6762695, 0.1685938, -0.2698436, 0.09546876,80.81176,5,4,30
137919,-1.070589,-0.7659302,995.8123,-1,0.7739258, -0.1303711, 0.6748047, 0.1998438, -0.2854686, 0.1110938,80.81176,5,4,30
138000,-1.212846,-1.355103,995.8334,-1,0.7729492, -0.1293945, 0.6762695, 0.1842188, -0.2698436, 0.06421876,80.81176,5,4,30
138132,-2.120095,-3.027344,995.8938,-1,0.7714844, -0.1293945, 0.6762695, 0.1842188, -0.3167186, 0.09546876,80.81176,5,4,30
138195,-2.573719,-3.027344,995.8938,-1,0.7729492, -0.1313477, 0.6733398, 0.1060938, -0.3323436, 0.06421876,80.81176,5,4,30
138260,-1.708811,-0.8439026,995.8149,-1,0.7734375, -0.1298828, 0.675293, 0.1685938, -0.3010936, 0.04859376,80.81176,5,4,30
138325,-2.225118,-2.741425,995.8834,-1,0.7729492, -0.1293945, 0.6762695, 0.1998438, -0.3010936, 0.07984376,80.81176,5,4,30
138388,-2.223338,-2.221558,995.8649,-1,0.7714844, -0.1313477, 0.6743164, 0.1685938, -0.3167186, 0.1110938,80.81176,5,4,30
138454,-1.67658,-1.129822,995.8253,-1,0.7719727, -0.128418, 0.6782227, 0.1685938, -0.3010936, 0.1110938,80.81176,5,4,30
138628,-1.403201,-1.129822,995.8253,-1,0.7729492, -0.1303711, 0.6762695, 0.1529688, -0.3167186, 0.07984376,80.81176,5,4,30
138692,-2.215272,-3.027344,995.8938,10.98996,0.7719727, -0.1293945, 0.675293, 0.1373438, -0.2854686, 0.1423438,80.81176,5,4,30
138759,-1.785187,-1.355103,995.8334,-1,0.7724609, -0.1303711, 0.6772461, 0.1373438, -0.2698436, 0.09546876,80.81176,5,4,30
138828,-2.843826,-3.902466,995.9255,11.00374,0.7719727, -0.1308594, 0.6767578, 0.1998438, -0.3010936, 0.1267188,80.81176,5,4,30
138896,-5.01075,-7.177673,996.0438,-1,0.7724609, -0.1318359, 0.6782227, 0.1529688, -0.3479686, 0.1267188,80.81176,5,4,30
138966,-4.859516,-4.708282,995.9545,10.98537,0.7729492, -0.1303711, 0.6782227, 0.1842188, -0.3010936, 0.1110938,80.81176,5,4,30
139035,-4.086405,-3.313293,995.9043,-1,0.7709961, -0.1308594, 0.675293, 0.1373438, -0.3635936, 0.1579688,80.81176,5,4,30
139103,-2.062245,-0.03808594,995.7859,10.99915,0.7729492, -0.1308594, 0.6767578, 0.1842188, -0.3167186, 0.1110938,80.81176,5,4,30
139174,-1.197474,-0.3327026,995.7966,-1,0.7719727, -0.1298828, 0.6743164, 0.1529688, -0.3323436, 0.1267188,80.81176,5,4,30
139246,-1.055341,-0.913208,995.8175,-1,0.7724609, -0.1313477, 0.6748047, 0.1842188, -0.2854686, 0.1110938,80.81176,5,4,30
139429,-0.9496218,-0.8439026,995.8149,-1,0.7744141, -0.1308594, 0.6748047, 0.1998438, -0.3167186, 0.09546876,80.81176,5,4,30
139500,-1.191348,-1.433075,995.8361,-1,0.7729492, -0.1303711, 0.6762695, 0.1842188, -0.3479686, 0.07984376,80.81176,5,4,30
139572,-1.017625,-0.8439026,995.8149,-1,0.7724609, -0.1313477, 0.6743164, 0.1529688, -0.2854686, 0.04859376,80.81176,5,4,30
139648,-1.112725,-1.207825,995.8281,11.00374,0.7709961, -0.1318359, 0.6762695, 0.1998438, -0.3479686, 0.1110938,80.81176,5,4,30
139721,-2.797863,-4.483002,995.9465,-1,0.7719727, -0.1293945, 0.675293, 0.1842188, -0.2229686, 0.07984376,80.81176,5,4,30
139805,-2.115469,-1.433075,995.8361,11.00833,0.7739258, -0.1308594, 0.6772461, 0.1685938, -0.3323436, 0.07984376,80.81176,5,4,30
139881,-2.060206,-2.004944,995.8569,11.00374,0.7714844, -0.1303711, 0.675293, 0.1373438, -0.3010936, 0.06421876,80.81176,5,4,30
139957,-1.049146,-0.03808594,995.7859,-1,0.7729492, -0.1298828, 0.6757813, 0.1685938, -0.2854686, 0.1267188,80.81176,5,4,30
140034,-2.618781,-4.188416,995.9359,11.01292,0.7714844, -0.1303711, 0.675293, 0.1998438, -0.3479686, 0.09546876,80.81176,5,4,30
140111,-1.765994,-0.913208,995.8175,-1,0.7729492, -0.1313477, 0.6733398, 0.2154688, -0.3010936, 0.1423438,80.81176,5,4,30
140294,-1.885469,-2.004944,995.8569,-1,0.7729492, -0.1323242, 0.6723633, 0.1529688, -0.3479686, 0.09546876,80.81176,5,4,30
140370,-1.148072,-0.410675,995.7992,-1,0.7729492, -0.1318359, 0.6767578, 0.1529688, -0.2854686, 0.1110938,80.81176,5,4,30
140452,-0.6320805,-0.1160889,995.7886,-1,0.7705078, -0.1308594, 0.6757813, 0.1842188, -0.3167186, 0.03296876,80.81176,5,4,30
140533,-1.210205,-1.78833,995.8491,-1,0.7734375, -0.1323242, 0.6767578, 0.1998438, -0.2385936, 0.09546876,80.81176,5,4,30
140613,-1.061707,-0.913208,995.8175,-1,0.7729492, -0.1323242, 0.6777344, 0.1217188, -0.3635936, 0.09546876,80.81176,5,4,30
140695,-2.226486,-3.391266,995.907,11.01292,0.7724609, -0.1298828, 0.6757813, 0.1060938, -0.3635936, 0.07984376,80.81176,5,4,30
140776,-2.410316,-2.594147,995.8781,-1,0.7719727, -0.1303711, 0.6767578, 0.1373438, -0.3010936, 0.1267188,80.81176,5,4,30
140915,-3.048084,-3.685852,995.9177,-1,0.7714844, -0.1318359, 0.6767578, 0.1217188, -0.3167186, 0.1110938,80.81176,5,4,30
140979,-2.964075,-2.880066,995.8886,11.01751,0.7729492, -0.1303711, 0.6757813, 0.1842188, -0.3479686, 0.1267188,80.81176,5,4,30
141046,-1.830335,-0.6965942,995.8096,-1,0.7714844, -0.1298828, 0.675293, 0.1529688, -0.3010936, 0.09546876,80.81176,5,4,30
141218,-0.9732118,-0.1160889,995.7886,-1,0.7734375, -0.1313477, 0.6757813, 0.1373438, -0.2854686, 0.1267188,80.81176,5,4,30
141283,-1.783679,-2.594147,995.8781,-1,0.7729492, -0.1293945, 0.6757813, 0.1217188, -0.3323436, 0.07984376,80.81176,5,4,30
141349,-1.097177,-0.410675,995.7992,-1,0.7724609, -0.1308594, 0.6772461, 0.1373438, -0.3479686, 0.06421876,80.81176,5,4,30
141416,-2.681782,-4.266388,995.9387,-1,0.7714844, -0.1318359, 0.6762695, 0.2154688, -0.3167186, 0.09546876,80.81176,5,4,30
141483,-4.024287,-5.366791,995.9782,-1,0.7724609, -0.1289063, 0.6767578, 0.1529688, -0.3479686, 0.1423438,80.81176,5,4,30
141550,-3.599469,-3.174652,995.8993,-1,0.7719727, -0.1313477, 0.6757813, 0.1998438, -0.3010936, 0.06421876,80.81176,5,4,30
141616,-2.585593,-1.571716,995.8412,-1,0.7719727, -0.1293945, 0.6743164, 0.1998438, -0.2698436, 0.07984376,80.81176,5,4,30
141685,-1.788402,-0.9912109,995.8204,-1,0.7729492, -0.1308594, 0.6743164, 0.1998438, -0.3479686, 0.09546876,80.81176,5,4,30
141755,-3.027395,-4.266388,995.9387,11.03128,0.7729492, -0.1318359, 0.6772461, 0.1842188, -0.2854686, 0.1267188,80.81176,5,4,30
141827,-2.555156,-2.082916,995.8597,11.0221,0.7709961, -0.1298828, 0.675293, 0.1685938, -0.3323436, 0.1267188,80.81176,5,4,30
142002,-1.227315,0.1005249,995.7809,-1,0.7719727, -0.1313477, 0.6772461, 0.1529688, -0.2698436, 0.07984376,80.81176,5,4,30
142072,-1.798091,-2.368866,995.8702,-1,0.7739258, -0.128418, 0.6772461, 0.1842188, -0.3010936, 0.04859376,80.81176,5,4,30
142142,-1.53761,-1.27713,995.8306,-1,0.7714844, -0.1293945, 0.6757813, 0.1529688, -0.3010936, 0.04859376,80.81176,5,4,30
142214,-1.40737,-1.27713,995.8306,-1,0.7714844, -0.1308594, 0.6743164, 0.1373438, -0.2854686, 0.07984376,80.81176,5,4,30
142288,-2.581279,-3.755188,995.9202,-1,0.7719727, -0.1298828, 0.6757813, 0.2310938, -0.2854686, 0.1110938,80.81176,5,4,30
142362,-2.475073,-2.368866,995.8702,11.03587,0.7719727, -0.1308594, 0.6762695, 0.1373438, -0.3010936, 0.1267188,80.81176,5,4,30
142437,-1.767795,-1.060516,995.8228,-1,0.7724609, -0.1279297, 0.6762695, 0.1685938, -0.3010936, 0.1267188,80.81176,5,4,30
142514,-1.925355,-2.082916,995.8597,11.02669,0.7724609, -0.1303711, 0.6762695, 0.1060938, -0.3010936, 0.09546876,80.81176,5,4,30
142590,-2.987565,-4.049774,995.9308,11.04046,0.7734375, -0.1303711, 0.6782227, 0.1842188, -0.3323436, 0.03296876,80.81176,5,4,30
142667,-2.279641,-1.571716,995.8412,-1,0.7734375, -0.1323242, 0.6748047, 0.1373438, -0.2542186, 0.09546876,80.81176,5,4,30
142855,-2.61884,-2.958038,995.8914,11.04046,0.7724609, -0.1303711, 0.6772461, 0.1529688, -0.2854686, 0.1267188,80.81176,5,4,30
142932,-3.442614,-4.266388,995.9387,-1,0.7729492, -0.1308594, 0.675293, 0.1529688, -0.2698436, 0.1267188,80.81176,5,4,30
143008,-1.961297,-0.4799805,995.8018,11.03128,0.7719727, -0.1313477, 0.6762695, 0.1842188, -0.3010936, 0.06421876,80.81176,5,4,30
143088,-1.766507,-1.571716,995.8412,11.03587,0.7729492, -0.1308594, 0.6757813, 0.1842188, -0.3167186, 0.09546876,80.81176,5,4,30
143170,-2.362273,-2.958038,995.8914,11.04046,0.7734375, -0.1313477, 0.6748047, 0.1373438, -0.3010936, 0.04859376,80.81176,5,4,30
143247,-2.803115,-3.243958,995.9018,-1,0.7734375, -0.1308594, 0.6767578, 0.1842188, -0.2542186, 0.1110938,80.81176,5,4,30
143328,-2.477684,-2.152252,995.8622,11.03587,0.7729492, -0.1308594, 0.6767578, 0.1373438, -0.3167186, 0.09546876,80.81176,5,4,30
143417,-1.7691,-1.060516,995.8228,-1,0.7724609, -0.1303711, 0.6748047, 0.1842188, -0.3323436, 0.09546876,80.81176,5,4,30
143501,-2.506529,-3.243958,995.9018,11.04965,0.7714844, -0.1298828, 0.6767578, 0.1685938, -0.3010936, 0.04859376,80.81176,5,4,30
143633,-2.329391,-2.152252,995.8622,11.04046,0.7719727, -0.1323242, 0.6767578, 0.1842188, -0.3323436, 0.1110938,80.81176,5,4,30
143802,-1.001792,0.3258057,995.7729,-1,0.7724609, -0.1318359, 0.6733398, 0.2310938, -0.3167186, 0.06421876,80.81176,5,4,30
143864,-1.031154,-1.060516,995.8228,-1,0.7724609, -0.1318359, 0.6733398, 0.1842188, -0.3323436, 0.09546876,80.81176,5,4,30
143930,-1.045835,-1.060516,995.8228,-1,0.7729492, -0.1298828, 0.6767578, 0.1529688, -0.3010936, 0.00171876,80.81176,5,4,30
143994,-1.746337,-2.446838,995.873,-1,0.7724609, -0.1313477, 0.675293, 0.1373438, -0.3167186, 0.1267188,80.81176,5,4,30
144060,-1.949295,-2.152252,995.8622,11.04505,0.7734375, -0.1264648, 0.6757813, 0.1842188, -0.3167186, 0.1110938,80.81176,5,4,30
144127,-3.437095,-4.924896,995.9623,11.04965,0.7724609, -0.1303711, 0.6762695, 0.1685938, -0.2698436, 0.06421876,80.81176,5,4,30
144193,-4.323956,-5.210815,995.9728,-1,0.7724609, -0.1293945, 0.6772461, 0.1373438, -0.3167186, 0.09546876,80.81176,5,4,30
144261,-4.329824,-4.335693,995.9412,-1,0.7734375, -0.1289063, 0.6772461, 0.1685938, -0.3323436, 0.04859376,80.81176,5,4,30
144330,-3.531291,-2.732758,995.8833,11.04505,0.7734375, -0.1318359, 0.6762695, 0.1685938, -0.2542186, 0.09546876,80.81176,5,4,30
144398,-2.841772,-2.152252,995.8622,-1,0.7724609, -0.1303711, 0.675293, 0.1060938, -0.3167186, 0.1892188,80.81176,5,4,30
144579,-2.241397,-1.641022,995.8438,11.04965,0.7729492, -0.1289063, 0.6748047, 0.1998438, -0.3167186, 0.06421876,80.81176,5,4,30
144651,-2.781679,-3.32196,995.9045,11.04965,0.7719727, -0.1298828, 0.6767578, 0.1998438, -0.3323436, 0.1110938,80.81176,5,4,30
144723,-1.665498,-0.5493164,995.8044,-1,0.7724609, -0.1308594, 0.6748047, 0.1217188, -0.3792186, 0.06421876,80.81176,5,4,30
144793,-2.199128,-2.732758,995.8833,11.04046,0.7744141, -0.1264648, 0.6777344, 0.1685938, -0.2854686, 0.1110938,80.81176,5,4,30
144866,-1.668808,-1.138489,995.8256,-1,0.7714844, -0.1303711, 0.6767578, 0.1373438, -0.3010936, 0.09546876,80.81176,5,4,30
144938,-1.654915,-1.641022,995.8438,-1,0.7714844, -0.1308594, 0.6762695, 0.1373438, -0.3010936, 0.09546876,80.81176,5,4,30
145012,-2.193836,-2.732758,995.8833,11.04965,0.7734375, -0.1318359, 0.6762695, 0.1842188, -0.3167186, 0.09546876,80.81176,5,4,30
145085,-3.009165,-3.824493,995.9228,-1,0.7729492, -0.1313477, 0.6757813, 0.1529688, -0.3010936, 0.09546876,80.81176,5,4,30
145161,-2.325093,-1.641022,995.8438,-1,0.7724609, -0.1298828, 0.6748047, 0.1373438, -0.2698436, 0.07984376,80.81176,5,4,30
145236,-3.36938,-4.413666,995.944,-1,0.7724609, -0.1308594, 0.6762695, 0.1373438, -0.3323436, 0.1267188,80.81176,5,4,30
145416,-3.34567,-3.32196,995.9045,-1,0.7729492, -0.1313477, 0.6772461, 0.1685938, -0.2854686, 0.09546876,80.81176,5,4,30
145491,-3.039214,-2.732758,995.8833,11.05883,0.7729492, -0.1303711, 0.675293, 0.1685938, -0.2698436, 0.04859376,80.81176,5,4,30
145567,-2.088851,-1.138489,995.8256,-1,0.7729492, -0.1313477, 0.6757813, 0.1685938, -0.3948436, 0.07984376,80.81176,5,4,30
145643,-2.159538,-2.230225,995.865,-1,0.7729492, -0.1313477, 0.6762695, 0.1373438, -0.3167186, 0.07984376,80.81176,5,4,30
145721,-2.740749,-3.32196,995.9045,-1,0.7734375, -0.1313477, 0.6767578, 0.2154688, -0.3167186, 0.1110938,80.81176,5,4,30
145800,-2.628447,-2.516144,995.8755,-1,0.7729492, -0.1318359, 0.6762695, 0.1529688, -0.2854686, 0.1267188,80.81176,5,4,30
145882,-1.480575,-0.3327026,995.7965,11.05883,0.7739258, -0.1318359, 0.675293, 0.1842188, -0.2698436, 0.06421876,80.81176,5,4,30
145959,-1.452491,-1.424408,995.836,-1,0.7729492, -0.1303711, 0.6743164, 0.1373438, -0.3010936, 0.1267188,80.81176,5,4,30
146040,-1.29549,-1.138489,995.8256,11.05883,0.7734375, -0.1308594, 0.6762695, 0.1998438, -0.3167186, 0.06421876,80.81176,5,4,30
146123,-1.216989,-1.138489,995.8256,-1,0.7739258, -0.1308594, 0.675293, 0.2154688, -0.2698436, 0.06421876,80.81176,5,4,30
146317,-1.723607,-2.230225,995.865,-1,0.7724609, -0.1289063, 0.6743164, 0.1529688, -0.2542186, 0.04859376,80.81176,5,4,30
146396,-2.553103,-3.382599,995.9069,-1,0.7739258, -0.1318359, 0.675293, 0.1685938, -0.2854686, 0.09546876,80.81176,5,4,30
146528,-2.136064,-1.719025,995.8465,11.06801,0.7734375, -0.1298828, 0.675293, 0.1998438, -0.3479686, 0.09546876,80.81176,5,4,30
146590,-1.780236,-1.424408,995.836,-1,0.7734375, -0.1303711, 0.6757813, 0.1685938, -0.3167186, 0.1267188,80.81176,5,4,30
146654,-2.14819,-2.516144,995.8755,11.07719,0.7724609, -0.1313477, 0.6757813, 0.1998438, -0.3010936, 0.09546876,80.81176,5,4,30
146717,-2.479475,-2.81076,995.886,-1,0.7719727, -0.1298828, 0.6738281, 0.1842188, -0.3479686, 0.1267188,80.81176,5,4,30
146782,-1.808982,-1.138489,995.8256,-1,0.7709961, -0.1293945, 0.675293, 0.1842188, -0.2854686, 0.09546876,80.81176,5,4,30
146848,-2.162563,-2.516144,995.8755,11.0726,0.7724609, -0.1303711, 0.6767578, 0.1373438, -0.2698436, 0.04859376,80.81176,5,4,30
146911,-2.226713,-2.290863,995.8674,-1,0.7739258, -0.1313477, 0.6767578, 0.1998438, -0.3010936, 0.1110938,80.81176,5,4,30
146985,-2.371428,-2.516144,995.8755,11.06801,0.7719727, -0.1303711, 0.6762695, 0.1529688, -0.3167186, 0.07984376,80.81176,5,4,30
147160,-0.6935573,0.984314,995.7489,-1,0.7719727, -0.1318359, 0.675293, 0.1998438, -0.2854686, 0.09546876,80.81176,5,4,30
147226,-0.1102216,0.473114,995.7675,-1,0.7729492, -0.1303711, 0.6757813, 0.2154688, -0.3167186, 0.07984376,80.81176,5,4,30
147293,-1.74641,-3.382599,995.9069,-1,0.7729492, -0.1298828, 0.6757813, 0.1685938, -0.2854686, 0.07984376,80.81176,5,4,30
147364,-1.18685,-0.6272888,995.807,-1,0.7744141, -0.1308594, 0.6743164, 0.1373438, -0.3010936, 0.04859376,80.81176,5,4,30
147433,-1.595897,-2.004944,995.8569,-1,0.7724609, -0.1298828, 0.6738281, 0.1998438, -0.3323436, 0.07984376,80.81176,5,4,30
147505,-1.657461,-1.719025,995.8465,11.08178,0.7729492, -0.1318359, 0.6757813, 0.1685938, -0.3479686, 0.07984376,80.81176,5,4,30
147575,-1.688243,-1.719025,995.8465,11.07719,0.7734375, -0.1289063, 0.675293, 0.1685938, -0.2698436, 0.09546876,80.81176,5,4,30
147647,-1.296392,-0.904541,995.8173,11.07719,0.7685547, -0.1333008, 0.671875, 0.1998438, -0.3948436, 0.07984376,80.81176,5,4,30
147720,-2.889697,-4.483002,995.9464,-1,0.7744141, -0.1318359, 0.6772461, 0.1842188, -0.3010936, 0.1267188,80.81176,5,4,30
147795,-2.044427,-1.199158,995.8279,11.08178,0.7739258, -0.1303711, 0.675293, 0.1685938, -0.3479686, 0.1110938,80.81176,5,4,30
147980,-2.462247,-2.880066,995.8886,-1,0.7714844, -0.1293945, 0.6777344, 0.1998438, -0.3010936, 0.07984376,80.81176,5,4,30
148054,-3.905852,-5.349457,995.9778,-1,0.7739258, -0.1303711, 0.675293, 0.1373438, -0.2698436, 0.09546876,80.81176,5,4,30
148130,-3.245666,-2.58548,995.8778,11.07719,0.7719727, -0.1293945, 0.6733398, 0.1529688, -0.3010936, 0.09546876,80.81176,5,4,30
148206,-5.393615,-7.541565,996.0569,-1,0.7724609, -0.1313477, 0.6757813, 0.1685938, -0.3010936, 0.09546876,80.81176,5,4,30
148285,-4.136841,-2.880066,995.8886,-1,0.7739258, -0.1313477, 0.6743164, 0.1998438, -0.3323436, 0.1267188,80.81176,5,4,30
148358,-3.508453,-2.880066,995.8886,-1,0.7729492, -0.1289063, 0.6782227, 0.1529688, -0.2385936, 0.04859376,80.81176,5,4,30
148435,-1.950897,-0.3933411,995.7988,11.08178,0.7700195, -0.1333008, 0.6777344, 0.1685938, -0.3792186, 0.06421876,80.81176,5,4,30
148513,-3.507202,-5.063507,995.9675,-1,0.7734375, -0.1323242, 0.6699219, 0.1998438, -0.4417186, 0.09546876,80.81176,5,4,30
148589,-2.790726,-2.074249,995.8594,-1,0.7719727, -0.1313477, 0.6782227, 0.1685938, -0.3167186, 0.1267188,80.81176,5,4,30
148668,-3.381264,-3.971802,995.928,11.08178,0.7729492, -0.1289063, 0.675293, 0.1842188, -0.3010936, 0.06421876,80.81176,5,4,30
148851,-2.181904,-0.9825439,995.8199,-1,0.7724609, -0.1308594, 0.6767578, 0.1842188, -0.3323436, 0.07984376,80.81176,5,4,30
148932,-2.673944,-3.165985,995.8988,-1,0.7729492, -0.1318359, 0.6762695, 0.1998438, -0.3010936, 0.09546876,80.81176,5,4,30
149014,-1.828244,-0.9825439,995.8199,-1,0.7734375, -0.1313477, 0.6762695, 0.1685938, -0.2854686, 0.04859376,80.81176,5,4,30
149092,-2.644408,-3.460571,995.9094,-1,0.7719727, -0.1269531, 0.6757813, 0.2154688, -0.3635936, 0.09546876,80.81176,5,4,30
149172,-2.506637,-2.368866,995.87,-1,0.7719727, -0.128418, 0.6777344, 0.1685938, -0.2698436, 0.1267188,80.81176,5,4,30
149300,-2.836311,-3.165985,995.8988,-1,0.7714844, -0.1313477, 0.6762695, 0.1685938, -0.3479686, 0.1267188,80.81176,5,4,30
149365,-3.001148,-3.165985,995.8988,-1,0.7734375, -0.1313477, 0.6762695, 0.1685938, -0.3479686, 0.09546876,80.81176,5,4,30
149428,-3.23086,-3.460571,995.9094,-1,0.7729492, -0.1298828, 0.6767578, 0.1685938, -0.2542186, 0.1579688,80.81176,5,4,30
149492,-2.249661,-1.268463,995.8304,-1,0.7714844, -0.1298828, 0.6767578, 0.1217188, -0.2854686, 0.03296876,80.81176,5,4,30
149556,-2.309264,-2.368866,995.87,-1,0.7734375, -0.1308594, 0.675293, 0.1842188, -0.3323436, 0.06421876,80.81176,5,4,30
149732,-2.884917,-3.460571,995.9094,11.09555,0.7729492, -0.1289063, 0.6748047, 0.1685938, -0.3010936, 0.06421876,80.81176,5,4,30
149797,-2.626892,-2.368866,995.87,-1,0.7714844, -0.1308594, 0.6762695, 0.1373438, -0.1917186, 0.09546876,80.81176,5,4,30
149864,-2.497879,-2.368866,995.87,11.09555,0.7749023, -0.1279297, 0.6748047, 0.1685938, -0.4104686, 0.1267188,80.81176,5,4,30
149929,-1.883171,-1.268463,995.8304,-1,0.7714844, -0.1313477, 0.6743164, 0.1998438, -0.3010936, 0.09546876,80.81176,5,4,30
149996,-1.72311,-1.563049,995.8411,-1,0.7734375, -0.1293945, 0.6796875, 0.1842188, -0.3010936, 0.06421876,80.81176,5,4,30
150067,-1.64308,-1.563049,995.8411,11.09096,0.7734375, -0.1313477, 0.6762695, 0.1998438, -0.3167186, 0.09546876,80.81176,5,4,30
150137,-2.842093,-4.041107,995.9306,11.10933,0.7729492, -0.1308594, 0.675293, 0.1529688, -0.3323436, 0.06421876,80.81176,5,4,30
150209,-2.895732,-2.949371,995.8912,11.10473,0.7729492, -0.1298828, 0.6743164, 0.1529688, -0.3948436, 0.1267188,80.81176,5,4,30
150276,-2.376684,-1.857635,995.8516,-1,0.7734375, -0.1328125, 0.6748047, 0.1217188, -0.3479686, 0.09546876,80.81176,5,4,30
150347,-3.356189,-4.335693,995.9411,-1,0.7729492, -0.1303711, 0.675293, 0.2154688, -0.3010936, 0.1579688,80.81176,5,4,30
150526,-2.862527,-2.368866,995.87,-1,0.7724609, -0.1313477, 0.6757813, 0.1373438, -0.3479686, 0.09546876,80.81176,5,4,30
150608,-1.814229,-0.7659302,995.8122,11.10473,0.7729492, -0.1308594, 0.6743164, 0.1685938, -0.3010936, 0.1110938,80.81176,5,4,30
150683,-1.835932,-1.857635,995.8516,11.10014,0.7719727, -0.1308594, 0.675293, 0.1373438, -0.2854686, 0.07984376,80.81176,5,4,30
150756,-1.846784,-1.857635,995.8516,-1,0.7729492, -0.1298828, 0.675293, 0.1998438, -0.3010936, 0.06421876,80.81176,5,4,30
150831,-0.9034487,0.03988647,995.7831,-1,0.7729492, -0.1293945, 0.6738281, 0.1998438, -0.3323436, 0.04859376,80.81176,5,4,30
150906,-1.380542,-1.857635,995.8516,-1,0.7724609, -0.1303711, 0.6757813, 0.1373438, -0.3167186, 0.09546876,80.81176,5,4,30
150982,-1.619089,-1.857635,995.8516,11.10473,0.7729492, -0.1313477, 0.6757813, 0.2154688, -0.3167186, 0.04859376,80.81176,5,4,30
151059,-1.738362,-1.857635,995.8516,-1,0.7724609, -0.1308594, 0.6796875, 0.1373438, -0.2542186, 0.07984376,80.81176,5,4,30
151135,-1.650706,-1.563049,995.8411,-1,0.7719727, -0.1298828, 0.6748047, 0.1998438, -0.2854686, 0.04859376,80.81176,5,4,30
151213,-1.754171,-1.857635,995.8516,-1,0.7719727, -0.1298828, 0.6748047, 0.1060938, -0.3010936, 0.1267188,80.81176,5,4,30
151405,-2.096171,-2.438171,995.8726,11.11392,0.7734375, -0.1289063, 0.6762695, 0.1685938, -0.3010936, 0.04859376,80.81176,5,4,30
151482,-1.976903,-1.857635,995.8516,-1,0.7724609, -0.1303711, 0.6733398, 0.1998438, -0.3167186, 0.1267188,80.81176,5,4,30
151564,-3.156298,-4.335693,995.9411,-1,0.7729492, -0.1289063, 0.6757813, 0.1998438, -0.3010936, 0.06421876,80.81176,5,4,30
151643,-2.654275,-2.152252,995.8621,-1,0.7734375, -0.1308594, 0.6757813, 0.1217188, -0.3948436, 0.07984376,80.81176,5,4,30
151721,-1.307194,0.03988647,995.7831,-1,0.7719727, -0.1303711, 0.6767578, 0.1685938, -0.2698436, 0.04859376,80.81176,5,4,30
151801,-3.111712,-4.916229,995.9621,-1,0.7709961, -0.1298828, 0.675293, 0.1685938, -0.2698436, 0.09546876,80.81176,5,4,30
151883,-3.866677,-4.621643,995.9515,11.1231,0.7709961, -0.1298828, 0.6757813, 0.1842188, -0.3167186, 0.09546876,80.81176,5,4,30
151966,-2.862156,-1.857635,995.8516,-1,0.7739258, -0.1313477, 0.6757813, 0.1998438, -0.3010936, 0.1110938,80.81176,5,4,30
152098,-1.957003,-1.051849,995.8226,-1,0.7709961, -0.1289063, 0.6738281, 0.1529688, -0.3479686, 0.1110938,80.81176,5,4,30
152161,-1.651719,-1.346436,995.8331,11.11392,0.7729492, -0.1308594, 0.6748047, 0.1685938, -0.3167186, 0.06421876,80.81176,5,4,30
152332,-2.044945,-2.438171,995.8726,-1,0.7724609, -0.1289063, 0.6762695, 0.1998438, -0.2854686, 0.09546876,80.81176,5,4,30
152396,-2.241558,-2.438171,995.8726,-1,0.7714844, -0.128418, 0.6767578, 0.1998438, -0.3323436, 0.06421876,80.81176,5,4,30
152462,-2.049597,-1.857635,995.8516,11.11392,0.7739258, -0.1308594, 0.675293, 0.1060938, -0.3323436, 0.1267188,80.81176,5,4,30
152528,-0.3463621,1.356873,995.7356,11.1231,0.7749023, -0.1318359, 0.675293, 0.2467188, -0.3323436, 0.1423438,80.81176,5,4,30
152598,-0.8463988,-1.346436,995.8331,11.1231,0.7744141, -0.1298828, 0.6762695, 0.1998438, -0.3010936, 0.1110938,80.81176,5,4,30
152665,-2.734021,-4.621643,995.9515,-1,0.7719727, -0.1313477, 0.675293, 0.1373438, -0.3167186, 0.09546876,80.81176,5,4,30
152731,-2.586096,-2.438171,995.8726,-1,0.7729492, -0.1303711, 0.6767578, 0.1842188, -0.2542186, 0.1110938,80.81176,5,4,30
152801,-3.751163,-4.916229,995.9621,11.12769,0.7714844, -0.1303711, 0.6767578, 0.1373438, -0.3323436, 0.1110938,80.81176,5,4,30
152869,-3.094667,-2.438171,995.8726,-1,0.7729492, -0.1323242, 0.675293, 0.1060938, -0.2698436, 0.07984376,80.81176,5,4,30
152935,-1.817658,-0.5406494,995.8042,-1,0.7729492, -0.1308594, 0.6767578, 0.2467188, -0.2542186, 0.06421876,80.81176,5,4,30
153113,-1.179154,-0.5406494,995.8042,-1,0.7734375, -0.1308594, 0.6743164, 0.1529688, -0.3635936, 0.1267188,80.81176,5,4,30
153184,-1.007195,-0.8352356,995.8146,-1,0.7700195, -0.1347656, 0.6791992, 0.1373438, -0.3635936, 0.07984376,80.81176,5,4,30
153254,-2.415844,-3.824493,995.9227,11.13228,0.7744141, -0.1342773, 0.6723633, 0.1529688, -0.3010936, 0.1423438,80.81176,5,4,30
153326,-1.915808,-1.415771,995.8358,-1,0.7753906, -0.1303711, 0.6767578, 0.1685938, -0.3323436, 0.1267188,80.81176,5,4,30
153398,-2.467257,-3.018707,995.8936,-1,0.7734375, -0.1318359, 0.6757813, 0.1217188, -0.3010936, 0.04859376,80.81176,5,4,30
153470,-1.941514,-1.415771,995.8358,-1,0.7719727, -0.1323242, 0.675293, 0.1217188, -0.3479686, 0.09546876,80.81176,5,4,30
153544,-2.774697,-3.60788,995.9148,11.13228,0.7719727, -0.1298828, 0.6757813, 0.1529688, -0.3010936, 0.06421876,80.81176,5,4,30
153620,-3.048329,-3.32196,995.9044,11.13228,0.7714844, -0.1308594, 0.675293, 0.1060938, -0.2542186, 0.06421876,80.81176,5,4,30
153697,-1.794489,-0.5406494,995.8042,11.13228,0.7714844, -0.1289063, 0.6748047, 0.1060938, -0.2698436, 0.1110938,80.81176,5,4,30
153770,-1.314862,-0.8352356,995.8146,-1,0.7714844, -0.1303711, 0.6748047, 0.1529688, -0.2385936, 0.1267188,80.81176,5,4,30
153952,-1.075049,-0.8352356,995.8146,-1,0.7734375, -0.1318359, 0.675293, 0.1373438, -0.3010936, 0.1110938,80.81176,5,4,30
154028,-2.198505,-3.32196,995.9044,-1,0.7734375, -0.1308594, 0.6762695, 0.1529688, -0.3010936, 0.1267188,80.81176,5,4,30
154105,-4.137887,-6.077271,996.0042,11.13228,0.7724609, -0.1293945, 0.675293, 0.1529688, -0.3479686, 0.06421876,80.81176,5,4,30
154192,-2.776829,-1.415771,995.8358,11.13228,0.7724609, -0.1293945, 0.6743164, 0.1998438, -0.2698436, 0.1423438,80.81176,5,4,30
154273,-2.646487,-2.516144,995.8753,11.14146,0.7729492, -0.1308594, 0.6733398, 0.1998438, -0.2854686, 0.06421876,80.81176,5,4,30
154353,-1.485261,-0.3240356,995.7963,11.13687,0.7734375, -0.1298828, 0.6757813, 0.1373438, -0.3479686, 0.1267188,80.81176,5,4,30
154433,-2.54657,-3.60788,995.9148,-1,0.7734375, -0.1303711, 0.6757813, 0.1373438, -0.3010936, 0.1267188,80.81176,5,4,30
154514,-1.981171,-1.415771,995.8358,-1,0.7714844, -0.1303711, 0.6762695, 0.1217188, -0.3010936, 0.09546876,80.81176,5,4,30
154596,-1.698471,-1.415771,995.8358,-1,0.7719727, -0.1293945, 0.675293, 0.1842188, -0.3010936, 0.09546876,80.81176,5,4,30
154680,-2.107307,-2.516144,995.8753,-1,0.7729492, -0.1303711, 0.6762695, 0.1529688, -0.3479686, 0.1110938,80.81176,5,4,30
154873,-3.147861,-4.188416,995.9358,11.14605,0.7724609, -0.1303711, 0.675293, 0.1060938, -0.3323436, 0.07984376,80.81176,5,4,30
155005,-2.17351,-1.199158,995.8279,-1,0.7729492, -0.1318359, 0.6757813, 0.1998438, -0.2854686, 0.1267188,80.81176,5,4,30
155067,-0.9931726,0.1871643,995.7778,-1,0.7729492, -0.1298828, 0.6748047, 0.1373438, -0.3010936, 0.04859376,80.81176,5,4,30
155130,-2.590794,-4.188416,995.9358,-1,0.7729492, -0.1293945, 0.6757813, 0.07484376, -0.2854686, 0.09546876,80.81176,5,4,30
155194,-3.242296,-3.893799,995.9252,11.13228,0.7729492, -0.1303711, 0.6748047, 0.1685938, -0.3010936, 0.1267188,80.81176,5,4,30
155257,-1.930459,-0.6186218,995.8068,-1,0.7724609, -0.1308594, 0.675293, 0.1529688, -0.2854686, 0.06421876,80.81176,5,4,30
155321,-1.27454,-0.6186218,995.8068,-1,0.7719727, -0.1308594, 0.675293, 0.1685938, -0.3010936, 0.09546876,80.81176,5,4,30
155388,-3.021731,-4.768921,995.9568,11.14605,0.7729492, -0.1289063, 0.675293, 0.1529688, -0.3167186, 0.1267188,80.81176,5,4,30
155454,-2.656297,-2.290863,995.8674,11.15064,0.7729492, -0.1308594, 0.6757813, 0.2154688, -0.2698436, 0.1267188,80.81176,5,4,30
155520,-2.47358,-2.290863,995.8674,-1,0.7719727, -0.1303711, 0.6772461, 0.1373438, -0.3167186, 0.09546876,80.81176,5,4,30
155694,-4.024158,-5.574738,995.9858,-1,0.7714844, -0.1313477, 0.675293, 0.1685938, -0.3323436, 0.09546876,80.81176,5,4,30
155761,-3.049204,-2.074249,995.8594,-1,0.7724609, -0.1298828, 0.675293, 0.1529688, -0.3010936, 0.07984376,80.81176,5,4,30
155832,-1.976872,-0.904541,995.8173,-1,0.7724609, -0.1303711, 0.6738281, 0.1217188, -0.4260936, 0.1267188,80.81176,5,4,30
155903,-3.372897,-4.768921,995.9568,11.14605,0.7729492, -0.1313477, 0.6777344, 0.2310938, -0.3479686, 0.09546876,80.81176,5,4,30
155971,-2.286027,-1.199158,995.8279,-1,0.7734375, -0.1303711, 0.6743164, 0.1842188, -0.3479686, 0.01734376,80.81176,5,4,30
156040,-1.998192,-1.710358,995.8463,-1,0.7729492, -0.1313477, 0.6748047, 0.2154688, -0.3010936, 0.07984376,80.81176,5,4,30
156111,-2.001568,-2.004944,995.8569,-1,0.7724609, -0.1293945, 0.6762695, 0.1685938, -0.2854686, 0.09546876,80.81176,5,4,30
156184,-2.293524,-2.58548,995.8778,-1,0.7719727, -0.1303711, 0.675293, 0.1060938, -0.3635936, 0.1423438,80.81176,5,4,30
156258,-1.343432,-0.3933411,995.7988,11.15064,0.7729492, -0.1293945, 0.6757813, 0.1685938, -0.3323436, 0.09546876,80.81176,5,4,30
156329,-1.561548,-1.779663,995.8489,-1,0.7719727, -0.1308594, 0.6767578, 0.1373438, -0.3323436, 0.1267188,80.81176,5,4,30
156513,-1.523312,-1.485077,995.8383,-1,0.7729492, -0.1293945, 0.6762695, 0.1373438, -0.3323436, 0.1110938,80.81176,5,4,30
156587,-2.309996,-3.09668,995.8963,-1,0.7729492, -0.1298828, 0.6757813, 0.1842188, -0.3323436, 0.03296876,80.81176,5,4,30
156660,-1.78923,-1.268463,995.8303,11.16441,0.7734375, -0.1308594, 0.6748047, 0.1529688, -0.2698436, 0.06421876,80.81176,5,4,30
156737,-1.494194,-1.199158,995.8279,11.15982,0.7719727, -0.1298828, 0.6762695, 0.1060938, -0.2854686, 0.1423438,80.81176,5,4,30
156814,-2.039837,-2.58548,995.8778,-1,0.7734375, -0.1308594, 0.675293, 0.1998438, -0.2542186, 0.1110938,80.81176,5,4,30
156891,-3.404379,-4.768921,995.9568,-1,0.7724609, -0.1298828, 0.6757813, 0.1685938, -0.3010936, 0.07984376,80.81176,5,4,30
156968,-3.137889,-2.871399,995.8884,-1,0.7719727, -0.1313477, 0.6748047, 0.1373438, -0.3010936, 0.09546876,80.81176,5,4,30
157045,-4.248006,-5.358124,995.9779,-1,0.7729492, -0.1303711, 0.6767578, 0.1060938, -0.2854686, 0.09546876,80.81176,5,4,30
157124,-2.610942,-0.973877,995.8198,-1,0.7714844, -0.1308594, 0.6757813, 0.1998438, -0.3010936, 0.1110938,80.81176,5,4,30
157203,-2.888463,-3.165985,995.8988,-1,0.7724609, -0.1298828, 0.675293, 0.1529688, -0.3479686, 0.1110938,80.81176,5,4,30
157389,-2.225756,-1.563049,995.8411,-1,0.7729492, -0.1293945, 0.6767578, 0.1685938, -0.3010936, 0.06421876,80.81176,5,4,30
157470,-2.990472,-3.755188,995.92,11.15982,0.7709961, -0.1303711, 0.675293, 0.1842188, -0.3167186, 0.09546876,80.81176,5,4,30
157558,-2.276761,-1.563049,995.8411,-1,0.7729492, -0.1303711, 0.675293, 0.1373438, -0.3479686, 0.07984376,80.81176,5,4,30
157641,-3.015975,-3.755188,995.92,-1,0.7709961, -0.1303711, 0.675293, 0.1842188, -0.3479686, 0.09546876,80.81176,5,4,30
157777,-2.397819,-1.779663,995.8489,11.16441,0.7744141, -0.1303711, 0.6748047, 0.1373438, -0.3323436, 0.07984376,80.81176,5,4,30
157851,-2.530635,-2.663452,995.8806,11.16441,0.7719727, -0.1293945, 0.6757813, 0.1685938, -0.3010936, 0.1110938,80.81176,5,4,30
157915,-1.791242,-1.051849,995.8225,-1,0.7729492, -0.1308594, 0.6772461, 0.1998438, -0.2542186, 0.07984376,80.81176,5,4,30
157980,-2.227347,-2.663452,995.8806,11.16441,0.7719727, -0.1303711, 0.6757813, 0.1842188, -0.2385936, 0.1267188,80.81176,5,4,30
158046,-2.991268,-3.755188,995.92,11.16441,0.7719727, -0.1323242, 0.6748047, 0.1685938, -0.3479686, 0.1267188,80.81176,5,4,30
158113,-2.277158,-1.563049,995.8411,11.17818,0.7724609, -0.1303711, 0.675293, 0.1685938, -0.3323436, 0.07984376,80.81176,5,4,30
158291,-2.470305,-2.663452,995.8806,-1,0.7719727, -0.1293945, 0.675293, 0.1529688, -0.3323436, 0.1110938,80.81176,5,4,30
158357,-2.016677,-1.563049,995.8411,-1,0.7714844, -0.1323242, 0.6777344, 0.1217188, -0.2698436, 0.06421876,80.81176,5,4,30
158423,-3.280159,-4.54364,995.9487,-1,0.7719727, -0.1298828, 0.675293, 0.1373438, -0.2854686, 0.06421876,80.81176,5,4,30
158489,-2.971806,-2.663452,995.8806,11.17818,0.7724609, -0.1298828, 0.6757813, 0.1685938, -0.3010936, 0.07984376,80.81176,5,4,30
158560,-3.363497,-3.755188,995.92,11.18278,0.7734375, -0.1323242, 0.6757813, 0.1685938, -0.3010936, 0.1110938,80.81176,5,4,30
158631,-3.303727,-3.243958,995.9016,11.17359,0.7724609, -0.1293945, 0.675293, 0.1217188, -0.2698436, 0.09546876,80.81176,5,4,30
158702,-2.286095,-1.268463,995.8303,11.17818,0.7739258, -0.1318359, 0.6762695, 0.1685938, -0.2854686, 0.04859376,80.81176,5,4,30
158774,-3.163601,-4.041107,995.9305,11.17359,0.7724609, -0.1318359, 0.675293, 0.1217188, -0.3010936, 0.1267188,80.81176,5,4,30
158846,-1.817457,-0.4713135,995.8016,11.17359,0.7724609, -0.1293945, 0.6762695, 0.1373438, -0.3323436, 0.09546876,80.81176,5,4,30
158916,-1.690253,-1.563049,995.8411,-1,0.7719727, -0.1313477, 0.6748047, 0.1529688, -0.2698436, 0.1579688,80.81176,5,4,30
159096,-1.921253,-2.152252,995.8621,-1,0.7724609, -0.1303711, 0.6738281, 0.1373438, -0.2698436, 0.1423438,80.81176,5,4,30
159168,-2.582605,-3.243958,995.9016,-1,0.7714844, -0.1303711, 0.6748047, 0.1373438, -0.2542186, 0.07984376,80.81176,5,4,30
159243,-2.367429,-2.152252,995.8621,-1,0.7709961, -0.1303711, 0.6743164, 0.1685938, -0.3010936, 0.04859376,80.81176,5,4,30
159316,-2.4028,-2.438171,995.8725,-1,0.7739258, -0.1308594, 0.6733398, 0.1998438, -0.3010936, 0.06421876,80.81176,5,4,30
159392,-2.277526,-2.152252,995.8621,-1,0.7729492, -0.1313477, 0.6762695, 0.1685938, -0.3010936, 0.1423438,80.81176,5,4,30
159467,-2.505142,-2.732758,995.8831,-1,0.7729492, -0.1308594, 0.675293, 0.1842188, -0.2542186, 0.06421876,80.81176,5,4,30
159544,-2.328697,-2.152252,995.8621,-1,0.7724609, -0.1313477, 0.6772461, 0.1998438, -0.3635936, 0.07984376,80.81176,5,4,30
159620,-1.837566,-1.346436,995.8331,11.18737,0.7719727, -0.1303711, 0.6767578, 0.1685938, -0.3010936, 0.09546876,80.81176,5,4,30
159697,-3.08663,-4.335693,995.9411,-1,0.7719727, -0.1303711, 0.6762695, 0.1373438, -0.3479686, 0.1267188,80.81176,5,4,30
159776,-3.455562,-3.824493,995.9226,11.18737,0.7724609, -0.1303711, 0.6757813, 0.1998438, -0.3323436, 0.1110938,80.81176,5,4,30
159966,-3.09416,-2.732758,995.8831,-1,0.7729492, -0.1308594, 0.6762695, 0.1998438, -0.2698436, 0.1267188,80.81176,5,4,30
160047,-2.913459,-2.732758,995.8831,11.18737,0.7729492, -0.1303711, 0.6762695, 0.1998438, -0.2698436, 0.09546876,80.81176,5,4,30
160128,-2.675815,-2.438171,995.8725,11.18737,0.7739258, -0.1313477, 0.6757813, 0.1685938, -0.2385936, 0.1267188,80.81176,5,4,30
160206,-1.608232,-0.5406494,995.8041,-1,0.7729492, -0.1303711, 0.6723633, 0.1373438, -0.3010936, 0.1579688,80.81176,5,4,30
160287,-2.170495,-2.732758,995.8831,-1,0.7719727, -0.1298828, 0.6762695, 0.1998438, -0.3323436, 0.06421876,80.81176,5,4,30
160370,-2.451626,-2.732758,995.8831,-1,0.7734375, -0.1303711, 0.6748047, 0.1685938, -0.2854686, 0.06421876,80.81176,5,4,30
160451,-1.353163,-0.2546997,995.7936,-1,0.7724609, -0.1308594, 0.6757813, 0.1060938, -0.3167186, 0.09546876,80.81176,5,4,30
160582,-2.04296,-2.732758,995.8831,-1,0.7714844, -0.1303711, 0.675293, 0.1998438, -0.3479686, 0.1267188,80.81176,5,4,30
160645,-1.547405,-1.051849,995.8225,-1,0.7724609, -0.1313477, 0.6743164, 0.1685938, -0.3479686, 0.07984376,80.81176,5,4,30
160709,-1.589895,-1.632385,995.8436,-1,0.7719727, -0.1303711, 0.6748047, 0.09046877, -0.2854686, 0.1110938,80.81176,5,4,30
160880,-2.161326,-2.732758,995.8831,-1,0.7724609, -0.1303711, 0.6767578, 0.1529688, -0.3167186, 0.09546876,80.81176,5,4,30
160943,-2.447042,-2.732758,995.8831,11.19655,0.7719727, -0.1308594, 0.6748047, 0.1842188, -0.3323436, 0.06421876,80.81176,5,4,30
161007,-2.732875,-3.018707,995.8936,-1,0.7729492, -0.1313477, 0.6748047, 0.1685938, -0.3323436, 0.1267188,80.81176,5,4,30
161072,-2.329923,-1.926971,995.854,-1,0.7724609, -0.1298828, 0.6748047, 0.1373438, -0.3010936, 0.1267188,80.81176,5,4,30
161137,-2.674315,-3.018707,995.8936,-1,0.7744141, -0.1298828, 0.6772461, 0.1685938, -0.2854686, 0.07984376,80.81176,5,4,30
161205,-2.846511,-3.018707,995.8936,-1,0.7729492, -0.1303711, 0.675293, 0.1529688, -0.2854686, 0.06421876,80.81176,5,4,30
161270,-1.983833,-1.121155,995.8251,-1,0.7744141, -0.1308594, 0.6757813, 0.1217188, -0.3167186, 0.1267188,80.81176,5,4,30
161348,-1.552494,-1.121155,995.8251,11.19655,0.7734375, -0.1323242, 0.6743164, 0.1685938, -0.3479686, 0.09546876,80.81176,5,4,30
161417,-1.627092,-1.701691,995.846,-1,0.7719727, -0.1303711, 0.6777344, 0.1842188, -0.2854686, 0.1110938,80.81176,5,4,30
161485,-3.016061,-4.405029,995.9437,-1,0.7714844, -0.1308594, 0.6772461, 0.1685938, -0.3167186, 0.07984376,80.81176,5,4,30
161663,-3.017384,-3.018707,995.8936,-1,0.7734375, -0.1293945, 0.6762695, 0.1373438, -0.3323436, 0.04859376,80.81176,5,4,30
161733,-3.312632,-3.60788,995.9147,-1,0.7724609, -0.1298828, 0.6748047, 0.1529688, -0.3323436, 0.04859376,80.81176,5,4,30
161804,-2.767095,-2.221558,995.8646,-1,0.7719727, -0.1303711, 0.675293, 0.1685938, -0.3323436, 0.09546876,80.81176,5,4,30
161880,-3.040194,-3.313293,995.9041,11.21032,0.7724609, -0.1323242, 0.6762695, 0.1842188, -0.2698436, 0.1267188,80.81176,5,4,30
161952,-2.773835,-2.507477,995.8752,-1,0.7724609, -0.1323242, 0.6767578, 0.1685938, -0.3323436, 0.09546876,80.81176,5,4,30
162022,-2.094803,-1.415771,995.8357,-1,0.7724609, -0.1318359, 0.6762695, 0.1529688, -0.3323436, 0.06421876,80.81176,5,4,30
162096,-2.444115,-2.793427,995.8855,-1,0.7724609, -0.1303711, 0.6762695, 0.1842188, -0.3010936, 0.09546876,80.81176,5,4,30
162170,-2.072903,-1.701691,995.846,-1,0.7729492, -0.1303711, 0.6757813, 0.1060938, -0.3323436, 0.07984376,80.81176,5,4,30
162251,-0.6526012,0.7677002,995.7567,11.19655,0.7729492, -0.1308594, 0.6762695, 0.1373438, -0.2854686, 0.09546876,80.81176,5,4,30
162329,-1.177146,-1.701691,995.846,11.20114,0.7709961, -0.1303711, 0.6772461, 0.1217188, -0.3010936, 0.07984376,80.81176,5,4,30
162513,-0.05742979,1.062286,995.7462,-1,0.7724609, -0.1303711, 0.6762695, 0.1998438, -0.3479686, 0.1110938,80.81176,5,4,30
162590,-1.139494,-2.221558,995.8646,-1,0.7724609, -0.1293945, 0.6743164, 0.1217188, -0.3010936, 0.09546876,80.81176,5,4,30
162668,-1.823485,-2.507477,995.8752,11.20573,0.7714844, -0.1303711, 0.675293, 0.2467188, -0.3635936, 0.06421876,80.81176,5,4,30
162747,-2.455749,-3.088013,995.8961,-1,0.7709961, -0.1318359, 0.6748047, 0.1685938, -0.3167186, 0.07984376,80.81176,5,4,30
162826,-2.624588,-2.793427,995.8855,11.21491,0.7714844, -0.128418, 0.6757813, 0.1685938, -0.3010936, 0.1267188,80.81176,5,4,30
162909,-2.566032,-2.507477,995.8752,-1,0.7719727, -0.1303711, 0.675293, 0.1998438, -0.2854686, 0.1110938,80.81176,5,4,30
162989,-3.775784,-4.985535,995.9645,11.20573,0.7724609, -0.1303711, 0.675293, 0.1217188, -0.3010936, 0.06421876,80.81176,5,4,30
163071,-2.738737,-1.701691,995.846,11.21491,0.7719727, -0.1298828, 0.675293, 0.1685938, -0.3635936, 0.06421876,80.81176,5,4,30
163153,-2.367507,-1.996277,995.8566,-1,0.7724609, -0.1303711, 0.675293, 0.1217188, -0.3323436, 0.09546876,80.81176,5,4,30
163235,-3.420921,-4.474335,995.946,-1,0.7719727, -0.128418, 0.6743164, 0.1529688, -0.3323436, 0.06421876,80.81176,5,4,30
163474,-2.162731,-0.904541,995.8171,-1,0.7729492, -0.1293945, 0.6762695, 0.1373438, -0.2385936, 0.1423438,80.81176,5,4,30
163535,-2.915625,-3.668518,995.9171,-1,0.7729492, -0.1298828, 0.6762695, 0.1998438, -0.3167186, 0.1267188,80.81176,5,4,30
163598,-2.455951,-1.996277,995.8566,-1,0.7724609, -0.1308594, 0.6777344, 0.1529688, -0.2698436, 0.06421876,80.81176,5,4,30
163661,-2.369073,-2.282196,995.867,-1,0.7719727, -0.1308594, 0.6782227, 0.1529688, -0.3167186, 0.06421876,80.81176,5,4,30
163725,-2.182675,-1.996277,995.8566,-1,0.7724609, -0.128418, 0.6757813, 0.1217188, -0.3010936, 0.07984376,80.81176,5,4,30
163789,-3.874373,-5.566071,995.9855,-1,0.7724609, -0.1308594, 0.6772461, 0.1685938, -0.3479686, 0.09546876,80.81176,5,4,30
163856,-2.532432,-1.190491,995.8276,11.22409,0.7734375, -0.1298828, 0.6757813, 0.1998438, -0.2698436, 0.09546876,80.81176,5,4,30
163923,-2.697582,-2.862732,995.8881,-1,0.7719727, -0.1313477, 0.675293, 0.1685938, -0.3167186, 0.09546876,80.81176,5,4,30
163989,-2.234289,-1.770996,995.8486,-1,0.7734375, -0.1308594, 0.675293, 0.1685938, -0.3010936, 0.1110938,80.81176,5,4,30
164059,-2.258243,-2.282196,995.867,11.22409,0.7719727, -0.1298828, 0.6757813, 0.1842188, -0.3479686, 0.07984376,80.81176,5,4,30
164237,-3.110689,-3.963135,995.9276,11.22409,0.7734375, -0.1303711, 0.6748047, 0.1842188, -0.3323436, 0.07984376,80.81176,5,4,30
164304,-2.15059,-1.190491,995.8276,-1,0.7719727, -0.1293945, 0.675293, 0.1685938, -0.3323436, 0.1579688,80.81176,5,4,30
164374,-2.506661,-2.862732,995.8881,-1,0.7729492, -0.1303711, 0.6748047, 0.1685938, -0.2698436, 0.1579688,80.81176,5,4,30
164445,-2.394428,-2.282196,995.867,11.22409,0.7724609, -0.1293945, 0.6738281, 0.1998438, -0.2854686, 0.09546876,80.81176,5,4,30
164518,-3.724634,-5.05484,995.967,-1,0.7729492, -0.1298828, 0.6757813, 0.1685938, -0.3323436, 0.06421876,80.81176,5,4,30
164590,-2.457562,-1.190491,995.8276,-1,0.7729492, -0.1313477, 0.6757813, 0.1998438, -0.3167186, 0.09546876,80.81176,5,4,30
164662,-2.660147,-2.862732,995.8881,-1,0.7709961, -0.1298828, 0.6767578, 0.1685938, -0.3010936, 0.1110938,80.81176,5,4,30
164736,-3.857494,-5.05484,995.967,-1,0.7724609, -0.1298828, 0.6743164, 0.1685938, -0.2698436, 0.1110938,80.81176,5,4,30
164809,-3.217153,-2.576813,995.8777,-1,0.7729492, -0.1298828, 0.6762695, 0.1685938, -0.3323436, 0.09546876,80.81176,5,4,30
164884,-3.039943,-2.862732,995.8881,-1,0.7719727, -0.1313477, 0.6748047, 0.1842188, -0.3323436, 0.1110938,80.81176,5,4,30
165078,-1.859601,-0.6792603,995.8091,-1,0.7749023, -0.1328125, 0.6791992, 0.1685938, -0.3010936, 0.09546876,80.81176,5,4,30
165153,-2.50846,-3.157318,995.8987,11.2195,0.7739258, -0.1318359, 0.6767578, 0.1842188, -0.3635936, 0.09546876,80.81176,5,4,30
165230,-2.139728,-1.770996,995.8486,-1,0.7724609, -0.1308594, 0.6767578, 0.1373438, -0.2542186, 0.09546876,80.81176,5,4,30
165307,-1.955362,-1.770996,995.8486,-1,0.7729492, -0.1303711, 0.675293, 0.1529688, -0.3167186, 0.1267188,80.81176,5,4,30
165385,-1.46462,-0.973877,995.8196,-1,0.7719727, -0.1298828, 0.675293, 0.1529688, -0.2698436, 0.09546876,80.81176,5,4,30
165465,-1.219248,-0.973877,995.8196,11.22409,0.7729492, -0.1313477, 0.6757813, 0.1842188, -0.2854686, 0.04859376,80.81176,5,4,30
165545,-0.9492542,-0.6792603,995.8091,11.24245,0.7724609, -0.1298828, 0.6748047, 0.1842188, -0.2854686, 0.1110938,80.81176,5,4,30
165623,-3.586916,-6.224579,996.0092,-1,0.7714844, -0.1303711, 0.6748047, 0.1060938, -0.3635936, 0.09546876,80.81176,5,4,30
165700,-2.423356,-1.259796,995.8301,-1,0.7729492, -0.1298828, 0.6777344, 0.1842188, -0.2854686, 0.09546876,80.81176,5,4,30
165779,-1.841576,-1.259796,995.8301,11.22409,0.7739258, -0.1293945, 0.6733398, 0.1373438, -0.3167186, 0.06421876,80.81176,5,4,30
165969,-2.937008,-4.03244,995.9302,11.24245,0.7724609, -0.1308594, 0.6757813, 0.1998438, -0.3479686, 0.1110938,80.81176,5,4,30
166050,-3.627684,-4.318359,995.9406,-1,0.7729492, -0.1298828, 0.675293, 0.1060938, -0.3010936, 0.04859376,80.81176,5,4,30
166133,-2.69934,-1.770996,995.8486,-1,0.7724609, -0.1298828, 0.6762695, 0.1373438, -0.3167186, 0.09546876,80.81176,5,4,30
166265,-2.274169,-1.848999,995.8513,-1,0.7729492, -0.1308594, 0.675293, 0.1373438, -0.3323436, 0.1267188,80.81176,5,4,30
166327,-1.624023,-0.973877,995.8196,-1,0.7719727, -0.1318359, 0.6762695, 0.1373438, -0.3010936, 0.09546876,80.81176,5,4,30
166393,-2.282364,-2.940704,995.8907,-1,0.7705078, -0.1323242, 0.6791992, 0.2467188, -0.2385936, 0.06421876,80.81176,5,4,30
166456,-2.468575,-2.654785,995.8803,-1,0.7700195, -0.128418, 0.6772461, 0.1529688, -0.3323436, 0.04859376,80.81176,5,4,30
166520,-2.158787,-1.848999,995.8513,-1,0.7724609, -0.128418, 0.6757813, 0.1842188, -0.3167186, 0.09546876,80.81176,5,4,30
166585,-2.549746,-2.940704,995.8907,-1,0.7729492, -0.1318359, 0.6743164, 0.1685938, -0.2385936, 0.04859376,80.81176,5,4,30
166652,-2.052064,-1.554382,995.8408,-1,0.7719727, -0.1289063, 0.6757813, 0.1060938, -0.3323436, 0.1110938,80.81176,5,4,30
166829,-1.694916,-1.337769,995.8328,11.24245,0.7729492, -0.1298828, 0.6762695, 0.2310938, -0.2698436, 0.04859376,80.81176,5,4,30
166897,-1.22609,-0.7572632,995.8118,-1,0.7724609, -0.1293945, 0.6743164, 0.2467188, -0.3792186, 0.1267188,80.81176,5,4,30
166966,-1.827797,-2.429504,995.8723,11.25163,0.7768555, -0.1401367, 0.6708984, 0.1685938, -0.5823436, 0.1579688,80.81176,5,4,30
167038,-1.29253,-0.7572632,995.8118,11.25163,0.7734375, -0.1342773, 0.6743164, 0.1842188, -0.4104686, 0.1267188,80.81176,5,4,30
167108,-1.570765,-1.848999,995.8513,11.24245,0.7739258, -0.1328125, 0.6772461, 0.1685938, -0.2854686, 0.09546876,80.81176,5,4,30
167179,-2.546002,-3.52124,995.9118,11.24704,0.7714844, -0.1308594, 0.6757813, 0.2310938, -0.3010936, 0.09546876,80.81176,5,4,30
167247,-1.794592,-1.043182,995.8222,-1,0.7670898, -0.1362305, 0.684082, 0.1998438, 0.3707814, 0.06421876,80.81176,5,4,30
167317,-2.367648,-2.940704,995.8907,11.24245,0.7685547, -0.1313477, 0.6855469, 0.1217188, -0.01984358, 0.03296876,80.81176,5,4,30
167390,-3.745912,-5.124176,995.9697,-1,0.7734375, -0.1298828, 0.6713867, 0.1685938, -0.3479686, 0.01734376,80.81176,5,4,30
167463,-1.995988,-0.2460632,995.7933,-1,0.7744141, -0.1313477, 0.6791992, 0.1529688, -0.3323436, 0.09546876,80.81176,5,4,30
167647,-3.157174,-4.318359,995.9406,11.25163,0.7705078, -0.1386719, 0.6767578, 0.1217188, -0.1604686, 0.1423438,80.81176,5,4,30
167719,-3.048939,-2.940704,995.8907,-1,0.7749023, -0.1293945, 0.6777344, 0.2154688, -0.4417186, 0.07984376,80.81176,5,4,30
167794,-4.37681,-5.704681,995.9907,-1,0.7744141, -0.1328125, 0.6748047, 0.1529688, -0.1917186, 0.07984376,80.81176,5,4,30
167871,-3.546117,-2.715424,995.8828,-1,0.7744141, -0.1289063, 0.6738281, 0.1373438, -0.4260936, 0.1267188,80.81176,5,4,30
167947,-2.987811,-2.429504,995.8723,-1,0.7719727, -0.1303711, 0.6777344, 0.1998438, -0.2385936, 0.07984376,80.81176,5,4,30
168023,-2.708658,-2.429504,995.8723,-1,0.7714844, -0.1298828, 0.6762695, 0.1685938, -0.2698436, 0.09546876,80.81176,5,4,30
168099,-2.569081,-2.429504,995.8723,11.25163,0.7724609, -0.1308594, 0.6757813, 0.1998438, -0.3792186, 0.1423438,80.81176,5,4,30
168177,-1.697825,-0.8265686,995.8143,-1,0.7724609, -0.1318359, 0.6767578, 0.1685938, -0.2385936, 0.1110938,80.81176,5,4,30
168254,-2.063664,-2.429504,995.8723,-1,0.7719727, -0.1303711, 0.6738281, 0.1373438, -0.2698436, 0.06421876,80.81176,5,4,30
168330,-2.536852,-3.01004,995.8933,-1,0.7729492, -0.1298828, 0.6743164, 0.1842188, -0.3010936, 0.07984376,80.81176,5,4,30
168522,-1.68171,-0.8265686,995.8143,-1,0.7734375, -0.1303711, 0.6757813, 0.1842188, -0.2698436, 0.1110938,80.81176,5,4,30
168603,-1.106846,-0.5319824,995.8036,11.26081,0.7724609, -0.1303711, 0.6772461, 0.1685938, -0.2698436, 0.07984376,80.81176,5,4,30
168692,-2.457003,-3.807159,995.9222,-1,0.7739258, -0.1298828, 0.675293, 0.1373438, -0.2698436, 0.07984376,80.81176,5,4,30
168777,-1.750093,-1.043182,995.8222,11.26081,0.7729492, -0.1298828, 0.6762695, 0.1842188, -0.3167186, 0.07984376,80.81176,5,4,30
168859,-2.232758,-2.715424,995.8828,-1,0.7714844, -0.1308594, 0.6767578, 0.1529688, -0.3010936, 0.06421876,80.81176,5,4,30
168940,-2.222824,-2.212891,995.8644,-1,0.7724609, -0.1293945, 0.675293, 0.1842188, -0.3479686, 0.1110938,80.81176,5,4,30
169067,-2.616432,-3.01004,995.8933,-1,0.7705078, -0.1313477, 0.6757813, 0.1529688, -0.3323436, 0.09546876,80.81176,5,4,30
169131,-1.7215,-0.8265686,995.8143,11.25622,0.7734375, -0.1293945, 0.6782227, 0.1685938, -0.3323436, 0.1267188,80.81176,5,4,30
169194,-3.461824,-5.202148,995.9723,-1,0.7739258, -0.1298828, 0.6762695, 0.1685938, -0.3479686, 0.1267188,80.81176,5,4,30
169257,-3.526185,-3.590546,995.9143,-1,0.7719727, -0.1298828, 0.6748047, 0.1373438, -0.3167186, 0.07984376,80.81176,5,4,30
169432,-2.176377,-0.8265686,995.8143,11.26081,0.7758789, -0.1318359, 0.6738281, 0.1217188, -0.3792186, 0.09546876,80.81176,5,4,30
169500,-2.047341,-1.918304,995.8538,-1,0.7753906, -0.1337891, 0.675293, 0.1685938, -0.3792186, 0.09546876,80.81176,5,4,30
169566,-1.579914,-1.112488,995.8248,-1,0.7734375, -0.1313477, 0.6777344, 0.1373438, -0.3635936, 0.09546876,80.81176,5,4,30
169632,-2.294977,-3.01004,995.8933,11.26081,0.7734375, -0.1303711, 0.6757813, 0.1998438, -0.3479686, 0.09546876,80.81176,5,4,30
169698,-1.560773,-0.8265686,995.8143,-1,0.7753906, -0.1333008, 0.6733398, 0.1529688, -0.3323436, 0.1110938,80.81176,5,4,30
169763,-3.381461,-5.202148,995.9723,-1,0.7744141, -0.1293945, 0.671875, 0.1842188, -0.3948436, 0.07984376,80.81176,5,4,30
169834,-3.486003,-3.590546,995.9143,11.26081,0.7685547, -0.1289063, 0.6772461, 0.1217188, -0.2698436, 0.07984376,80.81176,5,4,30
169906,-2.156286,-0.8265686,995.8143,11.2654,0.7709961, -0.1293945, 0.6728516, 0.1685938, -0.3323436, 0.1110938,80.81176,5,4,30
169974,-1.781695,-1.407104,995.8353,-1,0.7724609, -0.1308594, 0.6767578, 0.1373438, -0.3323436, 0.06421876,80.81176,5,4,30
170044,-2.543161,-3.304626,995.9039,11.27,0.7714844, -0.1318359, 0.6757813, 0.1685938, -0.3323436, 0.07984376,80.81176,5,4,30
170227,-3.066853,-3.590546,995.9143,-1,0.7734375, -0.1313477, 0.6762695, 0.1998438, -0.2698436, 0.1579688,80.81176,5,4,30
170297,-2.782832,-2.49881,995.8748,11.27,0.7734375, -0.1323242, 0.6777344, 0.1998438, -0.3323436, 0.09546876,80.81176,5,4,30
170369,-2.094968,-1.407104,995.8353,-1,0.7744141, -0.1298828, 0.6762695, 0.1842188, -0.3167186, 0.09546876,80.81176,5,4,30
170440,-1.205168,-0.3153687,995.7958,11.27918,0.7719727, -0.1298828, 0.675293, 0.1373438, -0.2385936, 0.1110938,80.81176,5,4,30
170512,-2.397857,-3.590546,995.9143,-1,0.7734375, -0.1298828, 0.6777344, 0.1685938, -0.3323436, 0.1267188,80.81176,5,4,30
170584,-2.994201,-3.590546,995.9143,-1,0.7734375, -0.1308594, 0.6762695, 0.1998438, -0.2854686, 0.1110938,80.81176,5,4,30
170658,-1.399185,0.1958313,995.7774,-1,0.7729492, -0.1293945, 0.6796875, 0.1685938, -0.2542186, 0.09546876,80.81176,5,4,30
170732,-1.948997,-2.49881,995.8748,-1,0.7729492, -0.1298828, 0.6748047, 0.1842188, -0.3479686, 0.07984376,80.81176,5,4,30
170808,-2.769772,-3.590546,995.9143,-1,0.7729492, -0.1293945, 0.675293, 0.1685938, -0.3167186, 0.1267188,80.81176,5,4,30
170888,-2.889906,-3.01004,995.8933,11.27,0.7714844, -0.1308594, 0.675293, 0.1842188, -0.3323436, 0.09546876,80.81176,5,4,30
171071,-2.148505,-1.407104,995.8353,11.27,0.7661133, -0.1201172, 0.6811523, 0.1373438, -0.004218578, 0.06421876,80.81176,5,4,30
171147,-3.164127,-4.179749,995.9355,-1,0.7714844, -0.128418, 0.6733398, 0.2467188, -0.1292186, 0.04859376,80.81176,5,4,30
171229,-2.580202,-1.996277,995.8565,11.27918,0.7749023, -0.1298828, 0.6787109, 0.1685938, -0.3010936, 0.07984376,80.81176,5,4,30
171309,-2.288239,-1.996277,995.8565,11.27918,0.7714844, -0.1298828, 0.6772461, 0.1217188, -0.3167186, 0.1110938,80.81176,5,4,30
171391,-1.847672,-1.407104,995.8353,11.27,0.7753906, -0.1303711, 0.6757813, 0.1217188, -0.3635936, 0.07984376,80.81176,5,4,30
171469,-1.921974,-1.996277,995.8565,-1,0.7709961, -0.1323242, 0.6762695, 0.1529688, -0.3010936, 0.04859376,80.81176,5,4,30
171549,-3.193821,-4.465668,995.9459,-1,0.7753906, -0.1274414, 0.6699219, 0.1529688, -0.4260936, 0.07984376,80.81176,5,4,30
171629,-3.535158,-3.876495,995.9247,-1,0.7739258, -0.1308594, 0.6782227, 0.1529688, -0.1135936, 0.09546876,80.81176,5,4,30
171710,-3.857453,-4.179749,995.9355,-1,0.7729492, -0.1289063, 0.6782227, 0.1685938, -0.3167186, 0.1267188,80.81176,5,4,30
171839,-2.666932,-1.47641,995.8378,-1,0.7724609, -0.1289063, 0.675293, 0.1685938, -0.2229686, 0.09546876,80.81176,5,4,30
172011,-2.764832,-2.862732,995.8879,-1,0.7729492, -0.1308594, 0.6757813, 0.1685938, -0.3010936, 0.1110938,80.81176,5,4,30
172074,-2.380554,-1.996277,995.8565,-1,0.7729492, -0.1318359, 0.6762695, 0.1217188, -0.2854686, 0.07984376,80.81176,5,4,30
172139,-2.331375,-2.282196,995.8669,-1,0.7719727, -0.1293945, 0.6757813, 0.1373438, -0.2698436, 0.1110938,80.81176,5,4,30
172204,-1.067772,0.1958313,995.7774,-1,0.7729492, -0.1303711, 0.6748047, 0.1998438, -0.3167186, 0.1110938,80.81176,5,4,30
172277,-0.4359703,0.1958313,995.7774,-1,0.7714844, -0.1323242, 0.6748047, 0.1529688, -0.3167186, 0.07984376,80.81176,5,4,30
172342,-1.216124,-1.996277,995.8565,-1,0.7729492, -0.1318359, 0.6748047, 0.1529688, -0.3010936, 0.1267188,80.81176,5,4,30
172410,-2.152068,-3.088013,995.8959,-1,0.7719727, -0.1293945, 0.6762695, 0.1685938, -0.2854686, 0.07984376,80.81176,5,4,30
172479,-2.074172,-1.996277,995.8565,11.27918,0.7724609, -0.1289063, 0.6743164, 0.1529688, -0.2698436, 0.1267188,80.81176,5,4,30
172545,-3.26992,-4.465668,995.9459,-1,0.7719727, -0.1308594, 0.6762695, 0.1685938, -0.2854686, 0.1110938,80.81176,5,4,30
172612,-4.015087,-4.760254,995.9563,-1,0.7724609, -0.1293945, 0.6767578, 0.1998438, -0.3323436, 0.07984376,80.81176,5,4,30
172785,-3.148642,-2.282196,995.8669,-1,0.7724609, -0.1303711, 0.6743164, 0.1060938, -0.3792186, 0.1423438,80.81176,5,4,30
172856,-2.715419,-2.282196,995.8669,11.29295,0.7705078, -0.1303711, 0.6801758, 0.1529688, -0.1604686, 0.1110938,80.81176,5,4,30
172933,-2.641782,-2.568146,995.8773,-1,0.7739258, -0.1293945, 0.6831055, 0.1373438, -0.3010936, 0.07984376,80.81176,5,4,30
173005,-3.007857,-3.373932,995.9064,-1,0.769043, -0.128418, 0.6762695, 0.1842188, -0.2698436, 0.07984376,80.81176,5,4,30
173075,-2.935295,-2.862732,995.8879,-1,0.7709961, -0.1298828, 0.6777344, 0.1998438, -0.3323436, 0.07984376,80.81176,5,4,30
173150,-3.046306,-3.157318,995.8984,11.28836,0.7734375, -0.1303711, 0.6767578, 0.1685938, -0.3010936, 0.07984376,80.81176,5,4,30
173223,-2.521292,-1.996277,995.8565,-1,0.7724609, -0.128418, 0.6757813, 0.1685938, -0.3167186, 0.1267188,80.81176,5,4,30
173299,-1.452983,-0.3846741,995.7983,-1,0.7724609, -0.1293945, 0.6777344, 0.1685938, -0.3323436, 0.1423438,80.81176,5,4,30
173376,-2.56075,-3.668518,995.9169,-1,0.7734375, -0.1313477, 0.675293, 0.1998438, -0.3010936, 0.09546876,80.81176,5,4,30
173451,-2.564448,-2.568146,995.8773,11.28836,0.7729492, -0.1303711, 0.6748047, 0.1529688, -0.3323436, 0.01734376,80.81176,5,4,30
173640,-3.406751,-4.249054,995.9379,-1,0.7724609, -0.1289063, 0.6762695, 0.2623438, -0.3323436, 0.09546876,80.81176,5,4,30
173716,-2.731848,-2.056946,995.8588,-1,0.7705078, -0.1308594, 0.6762695, 0.1998438, -0.3323436, 0.07984376,80.81176,5,4,30
173790,-2.104129,-1.47641,995.8378,-1,0.7734375, -0.1298828, 0.6772461, 0.1685938, -0.2854686, 0.06421876,80.81176,5,4,30
173869,-1.53467,-0.96521,995.8194,11.29754,0.7729492, -0.1313477, 0.6772461, 0.1842188, -0.3010936, 0.1423438,80.81176,5,4,30
173945,-2.345994,-3.157318,995.8984,11.29754,0.7719727, -0.1303711, 0.675293, 0.1373438, -0.3635936, 0.09546876,80.81176,5,4,30
174026,-1.655602,-0.96521,995.8194,11.29754,0.7705078, -0.1289063, 0.6743164, 0.1529688, -0.3323436, 0.1110938,80.81176,5,4,30
174109,-1.856274,-2.056946,995.8588,-1,0.7729492, -0.1303711, 0.6743164, 0.2154688, -0.3635936, 0.07984376,80.81176,5,4,30
174189,-1.95661,-2.056946,995.8588,-1,0.7719727, -0.1318359, 0.6748047, 0.1685938, -0.3167186, 0.07984376,80.81176,5,4,30
174270,-2.006778,-2.056946,995.8588,11.30213,0.7724609, -0.1298828, 0.6757813, 0.1842188, -0.2698436, 0.07984376,80.81176,5,4,30
174352,-1.485994,-0.96521,995.8194,11.29754,0.7724609, -0.1328125, 0.6757813, 0.1842188, -0.3323436, 0.07984376,80.81176,5,4,30
174541,-3.413392,-5.34079,995.9774,-1,0.7714844, -0.128418, 0.6787109, 0.1217188, -0.2854686, 0.1267188,80.81176,5,4,30
174622,-3.285355,-3.157318,995.8984,11.29754,0.7724609, -0.1303711, 0.6743164, 0.1998438, -0.3323436, 0.06421876,80.81176,5,4,30
174755,-2.125283,-0.96521,995.8194,11.29754,0.7719727, -0.1313477, 0.6762695, 0.1529688, -0.2854686, 0.07984376,80.81176,5,4,30
174817,-1.839832,-1.554382,995.8406,-1,0.7729492, -0.1318359, 0.6728516, 0.1685938, -0.3948436, 0.1110938,80.81176,5,4,30
174882,-2.788843,-3.737854,995.9196,-1,0.7729492, -0.1313477, 0.675293, 0.1685938, -0.3323436, 0.06421876,80.81176,5,4,30
174945,-1.621427,-0.45401,995.801,-1,0.7729492, -0.1303711, 0.6738281, 0.1217188, -0.3010936, 0.1110938,80.81176,5,4,30
175010,-3.225508,-4.82959,995.959,-1,0.7719727, -0.1318359, 0.675293, 0.1529688, -0.3792186, 0.1110938,80.81176,5,4,30
175076,-3.334388,-3.443268,995.9089,-1,0.7709961, -0.1279297, 0.6738281, 0.1842188, -0.2698436, 0.04859376,80.81176,5,4,30
175142,-3.388828,-3.443268,995.9089,-1,0.7729492, -0.1318359, 0.6772461, 0.1685938, -0.3479686, 0.09546876,80.81176,5,4,30
175209,-3.7063,-4.023773,995.93,-1,0.7724609, -0.1318359, 0.6743164, 0.1998438, -0.3479686, 0.06421876,80.81176,5,4,30
175385,-2.335755,-0.96521,995.8194,11.30672,0.7734375, -0.1308594, 0.6762695, 0.1842188, -0.3479686, 0.09546876,80.81176,5,4,30
175452,-1.945069,-1.554382,995.8406,-1,0.7724609, -0.1303711, 0.6738281, 0.1685938, -0.3635936, 0.06421876,80.81176,5,4,30
175522,-2.187287,-2.429504,995.8721,11.3159,0.7744141, -0.1303711, 0.6733398, 0.1217188, -0.2854686, 0.06421876,80.81176,5,4,30
175589,-1.870834,-1.554382,995.8406,-1,0.7709961, -0.1279297, 0.675293, 0.1373438, -0.3479686, 0.1110938,80.81176,5,4,30
175660,-2.401436,-2.932037,995.8904,11.31131,0.7734375, -0.1303711, 0.6733398, 0.1529688, -0.3479686, 0.1267188,80.81176,5,4,30
175731,-1.977909,-1.554382,995.8406,-1,0.7719727, -0.1318359, 0.6767578, 0.09046877, -0.3167186, 0.09546876,80.81176,5,4,30
175809,-2.05208,-2.126251,995.8614,-1,0.7729492, -0.1303711, 0.6743164, 0.1373438, -0.3323436, 0.07984376,80.81176,5,4,30
175881,-1.253045,-0.45401,995.801,-1,0.7729492, -0.1298828, 0.6767578, 0.1373438, -0.2698436, 0.07984376,80.81176,5,4,30
175956,-1.256421,-1.259796,995.8299,11.31131,0.7709961, -0.1303711, 0.6723633, 0.1842188, -0.3323436, 0.06421876,80.81176,5,4,30
176031,-1.548376,-1.840332,995.851,11.3159,0.7724609, -0.1318359, 0.6791992, 0.1842188, -0.3479686, 0.1267188,80.81176,5,4,30
176214,-1.694354,-1.840332,995.851,-1,0.7739258, -0.1318359, 0.675293, 0.1842188, -0.2854686, 0.09546876,80.81176,5,4,30
176287,-2.460504,-3.226654,995.9009,-1,0.7729492, -0.1308594, 0.6767578, 0.1529688, -0.3635936, 0.09546876,80.81176,5,4,30
176362,-2.445004,-2.429504,995.8721,-1,0.7724609, -0.1303711, 0.675293, 0.1998438, -0.3010936, 0.1267188,80.81176,5,4,30
176438,-3.381682,-4.318359,995.9404,11.32508,0.7719727, -0.1318359, 0.6767578, 0.2310938, -0.3323436, 0.1267188,80.81176,5,4,30
176515,-2.498367,-1.615051,995.8429,11.3159,0.7724609, -0.1308594, 0.675293, 0.1060938, -0.3792186, 0.09546876,80.81176,5,4,30
176592,-3.698631,-4.898895,995.9614,-1,0.7724609, -0.1293945, 0.6777344, 0.1685938, -0.3010936, 0.07984376,80.81176,5,4,30
176668,-3.752895,-3.807159,995.9219,11.3159,0.7724609, -0.1303711, 0.675293, 0.1060938, -0.3010936, 0.07984376,80.81176,5,4,30
176743,-3.489775,-3.226654,995.9009,-1,0.7714844, -0.1303711, 0.6748047, 0.1685938, -0.2229686, 0.09546876,80.81176,5,4,30
176822,-3.648467,-3.807159,995.9219,-1,0.7709961, -0.1313477, 0.6782227, 0.1217188, -0.2698436, 0.07984376,80.81176,5,4,30
176900,-2.887359,-2.126251,995.8614,-1,0.7724609, -0.1298828, 0.6772461, 0.1373438, -0.3792186, 0.1267188,80.81176,5,4,30
177090,-2.801391,-2.715424,995.8824,-1,0.7729492, -0.1318359, 0.6757813, 0.1373438, -0.3635936, 0.1110938,80.81176,5,4,30
177171,-2.463821,-2.126251,995.8614,-1,0.7719727, -0.1298828, 0.6743164, 0.1842188, -0.3635936, 0.1267188,80.81176,5,4,30
177252,-3.681358,-4.898895,995.9614,11.32508,0.7729492, -0.1289063, 0.675293, 0.1529688, -0.3010936, 0.1110938,80.81176,5,4,30
177337,-2.24963,-0.8179016,995.8141,11.32508,0.7719727, -0.1313477, 0.6748047, 0.1998438, -0.3479686, 0.09546876,80.81176,5,4,30
177421,-2.187941,-2.126251,995.8614,-1,0.7729492, -0.1308594, 0.6748047, 0.1685938, -0.3323436, 0.09546876,80.81176,5,4,30
177553,-2.157096,-2.126251,995.8614,-1,0.7729492, -0.1313477, 0.6738281, 0.2310938, -0.3479686, 0.09546876,80.81176,5,4,30
177616,-2.43626,-2.715424,995.8824,-1,0.7724609, -0.1303711, 0.675293, 0.1529688, -0.3479686, 0.06421876,80.81176,5,4,30
177680,-2.86611,-3.295959,995.9036,-1,0.7724609, -0.1313477, 0.6762695, 0.1685938, -0.3323436, 0.06421876,80.81176,5,4,30
177746,-2.392207,-1.918304,995.8537,11.32967,0.7734375, -0.1313477, 0.6777344, 0.1529688, -0.3635936, 0.1579688,80.81176,5,4,30
177812,-3.645551,-4.898895,995.9614,11.33426,0.7729492, -0.1318359, 0.675293, 0.1685938, -0.3323436, 0.07984376,80.81176,5,4,30
177984,-3.180487,-2.715424,995.8824,-1,0.7729492, -0.1298828, 0.6762695, 0.1529688, -0.2385936, 0.09546876,80.81176,5,4,30
178051,-3.238224,-3.295959,995.9036,11.33885,0.7714844, -0.1323242, 0.675293, 0.1217188, -0.3167186, 0.09546876,80.81176,5,4,30
178117,-2.318331,-1.398438,995.8349,11.32508,0.7729492, -0.1293945, 0.6767578, 0.1998438, -0.3010936, 0.1267188,80.81176,5,4,30
178183,-1.711076,-1.103821,995.8245,-1,0.7734375, -0.1313477, 0.675293, 0.1373438, -0.2698436, 0.1110938,80.81176,5,4,30
178249,-1.004555,-0.2980347,995.7953,-1,0.7724609, -0.1318359, 0.6757813, 0.1842188, -0.3167186, 0.09546876,80.81176,5,4,30
178321,-2.150257,-3.295959,995.9036,11.33426,0.7729492, -0.1318359, 0.6743164, 0.2154688, -0.3167186, 0.09546876,80.81176,5,4,30
178387,-2.723108,-3.295959,995.9036,-1,0.7724609, -0.1318359, 0.675293, 0.1685938, -0.2542186, 0.06421876,80.81176,5,4,30
178455,-3.555402,-4.387695,995.9431,-1,0.7729492, -0.1303711, 0.6743164, 0.1685938, -0.3323436, 0.09546876,80.81176,5,4,30
178524,-3.425681,-3.295959,995.9036,-1,0.7714844, -0.1323242, 0.6767578, 0.1373438, -0.3479686, 0.1110938,80.81176,5,4,30
178595,-2.264751,-1.103821,995.8245,-1,0.7734375, -0.1289063, 0.675293, 0.1685938, -0.3635936, 0.09546876,80.81176,5,4,30
178778,-2.923315,-3.581879,995.9138,11.33426,0.7714844, -0.1298828, 0.6772461, 0.1373438, -0.3010936, 0.06421876,80.81176,5,4,30
178850,-2.013568,-1.103821,995.8245,-1,0.7739258, -0.1293945, 0.6762695, 0.1842188, -0.3635936, 0.1267188,80.81176,5,4,30
178923,-1.558694,-1.103821,995.8245,-1,0.7729492, -0.1298828, 0.6772461, 0.1529688, -0.2229686, 0.07984376,80.81176,5,4,30
178997,-1.478566,-1.398438,995.8349,11.34344,0.7739258, -0.1328125, 0.6762695, 0.1842188, -0.3792186, 0.1267188,80.81176,5,4,30
179072,-2.677531,-3.876495,995.9244,-1,0.7724609, -0.1318359, 0.675293, 0.2310938, -0.2698436, 0.09546876,80.81176,5,4,30
179149,-4.368733,-6.059937,996.0034,-1,0.7719727, -0.1303711, 0.6757813, 0.1529688, -0.3792186, 0.06421876,80.81176,5,4,30
179225,-3.026545,-1.684357,995.8454,-1,0.7719727, -0.1308594, 0.6767578, 0.1998438, -0.3323436, 0.07984376,80.81176,5,4,30
179299,-1.809583,-0.5926208,995.8059,-1,0.7724609, -0.1303711, 0.6772461, 0.1685938, -0.3323436, 0.07984376,80.81176,5,4,30
179386,-2.149878,-2.490173,995.8744,11.35262,0.7724609, -0.1303711, 0.6762695, 0.1685938, -0.3167186, 0.1110938,80.81176,5,4,30
179465,-0.6780884,0.7937012,995.7559,11.34344,0.7729492, -0.1318359, 0.6762695, 0.1373438, -0.3792186, 0.06421876,80.81176,5,4,30
179652,-2.420251,-4.162415,995.9349,11.34344,0.7729492, -0.1298828, 0.6767578, 0.1685938, -0.3010936, 0.1423438,80.81176,5,4,30
179730,-2.052304,-1.684357,995.8454,11.34803,0.7724609, -0.1308594, 0.6757813, 0.1373438, -0.3010936, 0.06421876,80.81176,5,4,30
179807,-3.107359,-4.162415,995.9349,-1,0.7739258, -0.1298828, 0.6762695, 0.1685938, -0.3635936, 0.07984376,80.81176,5,4,30
179887,-1.84999,-0.5926208,995.8059,11.35262,0.7729492, -0.1303711, 0.6762695, 0.1685938, -0.3010936, 0.1267188,80.81176,5,4,30
179968,-2.863243,-3.876495,995.9244,-1,0.7744141, -0.1289063, 0.675293, 0.1373438, -0.3010936, 0.09546876,80.81176,5,4,30
180051,-2.824001,-2.78476,995.8849,-1,0.7729492, -0.1308594, 0.675293, 0.1685938, -0.3010936, 0.1267188,80.81176,5,4,30
180132,-2.254179,-1.684357,995.8454,-1,0.7714844, -0.1318359, 0.675293, 0.1998438, -0.3167186, 0.1267188,80.81176,5,4,30
180261,-1.969268,-1.684357,995.8454,-1,0.7714844, -0.1313477, 0.6757813, 0.1217188, -0.3167186, 0.09546876,80.81176,5,4,30
180324,-1.571212,-1.173157,995.8269,11.34803,0.7719727, -0.1298828, 0.6757813, 0.1373438, -0.3323436, 0.1110938,80.81176,5,4,30
180387,-2.468239,-3.365265,995.9059,11.35262,0.7724609, -0.1303711, 0.6777344, 0.1998438, -0.3167186, 0.1110938,80.81176,5,4,30
180560,-2.661152,-2.854065,995.8875,-1,0.7719727, -0.1308594, 0.675293, 0.1685938, -0.3792186, 0.1579688,80.81176,5,4,30
180625,-2.463022,-2.264893,995.8665,11.35262,0.7734375, -0.1303711, 0.6757813, 0.1685938, -0.3323436, 0.06421876,80.81176,5,4,30
180691,-2.363957,-2.264893,995.8665,11.35721,0.7719727, -0.1303711, 0.6767578, 0.1685938, -0.3323436, 0.07984376,80.81176,5,4,30
180754,-2.461718,-2.559479,995.877,-1,0.7709961, -0.1298828, 0.675293, 0.1685938, -0.3635936, 0.09546876,80.81176,5,4,30
180819,-2.510598,-2.559479,995.877,-1,0.7729492, -0.1308594, 0.6772461, 0.1685938, -0.3479686, 0.06421876,80.81176,5,4,30
180887,-4.324254,-6.137909,996.006,-1,0.7729492, -0.1313477, 0.6748047, 0.1998438, -0.3010936, 0.09546876,80.81176,5,4,30
180956,-2.202837,-0.0814209,995.7874,11.35721,0.7719727, -0.1303711, 0.6748047, 0.1529688, -0.3010936, 0.09546876,80.81176,5,4,30
181022,-1.687997,-1.173157,995.8269,-1,0.7719727, -0.1308594, 0.6762695, 0.1685938, -0.3323436, 0.04859376,80.81176,5,4,30
181092,-2.816899,-3.945801,995.9269,-1,0.7724609, -0.1313477, 0.675293, 0.1685938, -0.3635936, 0.06421876,80.81176,5,4,30
181161,-2.142321,-1.467743,995.8375,11.35721,0.7729492, -0.1298828, 0.6772461, 0.1998438, -0.3323436, 0.07984376,80.81176,5,4,30
181339,-2.3509,-2.559479,995.877,-1,0.7729492, -0.1313477, 0.6762695, 0.2154688, -0.3167186, 0.09546876,80.81176,5,4,30
181407,-3.40395,-4.457001,995.9454,-1,0.7724609, -0.1313477, 0.675293, 0.1998438, -0.2698436, 0.1110938,80.81176,5,4,30
181477,-3.129008,-2.854065,995.8875,-1,0.7729492, -0.1318359, 0.675293, 0.1373438, -0.3323436, 0.1267188,80.81176,5,4,30
181548,-3.394444,-3.659882,995.9166,-1,0.7724609, -0.1323242, 0.6757813, 0.1685938, -0.3323436, 0.1110938,80.81176,5,4,30
181621,-4.510577,-5.626709,995.9877,-1,0.7719727, -0.1313477, 0.6757813, 0.1373438, -0.3479686, 0.1267188,80.81176,5,4,30
181694,-2.841867,-1.173157,995.8269,11.38017,0.7724609, -0.1318359, 0.6757813, 0.1685938, -0.3479686, 0.1267188,80.81176,5,4,30
181766,-2.735325,-2.628784,995.8795,-1,0.7729492, -0.1293945, 0.6743164, 0.1998438, -0.3167186, 0.03296876,80.81176,5,4,30
181838,-3.340563,-3.945801,995.9269,-1,0.7734375, -0.1293945, 0.6767578, 0.1842188, -0.3635936, 0.1110938,80.81176,5,4,30
181913,-3.933434,-4.526306,995.9481,11.37099,0.7734375, -0.1293945, 0.6748047, 0.1685938, -0.3167186, 0.1110938,80.81176,5,4,30
181987,-3.684018,-3.434601,995.9086,-1,0.7744141, -0.1298828, 0.675293, 0.1373438, -0.3948436, 0.1267188,80.81176,5,4,30
182174,-3.702269,-3.72052,995.9191,11.37099,0.7719727, -0.1303711, 0.675293, 0.1529688, -0.2854686, 0.07984376,80.81176,5,4,30
182251,-3.568435,-3.434601,995.9086,-1,0.7724609, -0.1298828, 0.675293, 0.1998438, -0.3635936, 0.1267188,80.81176,5,4,30
182328,-3.354209,-3.139984,995.8979,-1,0.7729492, -0.1308594, 0.6767578, 0.1529688, -0.3323436, 0.06421876,80.81176,5,4,30
182408,-3.684658,-4.015106,995.9296,-1,0.7739258, -0.1293945, 0.6748047, 0.1373438, -0.2385936, 0.1267188,80.81176,5,4,30
182486,-1.917692,-0.1507263,995.7901,-1,0.7724609, -0.1313477, 0.6762695, 0.2154688, -0.2854686, 0.1110938,80.81176,5,4,30
182565,-2.676147,-3.434601,995.9086,-1,0.7719727, -0.1303711, 0.6777344, 0.1529688, -0.3010936, 0.1110938,80.81176,5,4,30
182643,-2.799758,-2.92337,995.8901,-1,0.7719727, -0.1308594, 0.6767578, 0.2310938, -0.3323436, 0.09546876,80.81176,5,4,30
182724,-4.213234,-5.626709,995.9877,-1,0.7729492, -0.1303711, 0.6772461, 0.1998438, -0.3010936, 0.1267188,80.81176,5,4,30
182804,-2.875141,-1.537048,995.8401,11.3664,0.7714844, -0.1303711, 0.6767578, 0.1842188, -0.3167186, 0.09546876,80.81176,5,4,30
182885,-2.206095,-1.537048,995.8401,11.37558,0.7734375, -0.1293945, 0.6767578, 0.1685938, -0.3323436, 0.2048438,80.81176,5,4,30
183129,-3.1106,-4.015106,995.9296,11.38017,0.7734375, -0.1293945, 0.6762695, 0.1685938, -0.2854686, 0.07984376,80.81176,5,4,30
183196,-3.41556,-3.72052,995.9191,11.38017,0.7729492, -0.1303711, 0.6748047, 0.1842188, -0.3010936, 0.09546876,80.81176,5,4,30
183258,-2.766572,-2.117584,995.861,-1,0.7714844, -0.1318359, 0.6762695, 0.2154688, -0.3479686, 0.01734376,80.81176,5,4,30
183320,-3.100586,-3.434601,995.9086,-1,0.7724609, -0.1303711, 0.6757813, 0.1685938, -0.3323436, 0.1267188,80.81176,5,4,30
183381,-3.011978,-2.92337,995.8901,-1,0.7734375, -0.1318359, 0.6772461, 0.1842188, -0.3010936, 0.09546876,80.81176,5,4,30
183445,-2.820381,-2.628784,995.8795,11.38017,0.7719727, -0.1298828, 0.675293, 0.1685938, -0.3479686, 0.07984376,80.81176,5,4,30
183512,-2.871876,-2.92337,995.8901,-1,0.7729492, -0.1333008, 0.6762695, 0.1529688, -0.3167186, 0.1110938,80.81176,5,4,30
183577,-2.35177,-1.831665,995.8506,-1,0.7714844, -0.1318359, 0.6762695, 0.1373438, -0.2542186, 0.04859376,80.81176,5,4,30
183644,-1.54585,-0.7399292,995.8111,-1,0.7734375, -0.1308594, 0.6757813, 0.1842188, -0.3635936, 0.09546876,80.81176,5,4,30
183712,-3.070746,-4.595642,995.9506,-1,0.7734375, -0.1308594, 0.6748047, 0.1998438, -0.3635936, 0.09546876,80.81176,5,4,30
183887,-2.594165,-2.117584,995.861,11.38935,0.7719727, -0.1298828, 0.675293, 0.1842188, -0.3323436, 0.06421876,80.81176,5,4,30
183956,-2.503168,-2.41217,995.8716,-1,0.7739258, -0.1289063, 0.6757813, 0.1373438, -0.3010936, 0.09546876,80.81176,5,4,30
184026,-2.457669,-2.41217,995.8716,-1,0.7719727, -0.1308594, 0.6743164, 0.1373438, -0.3635936, 0.1423438,80.81176,5,4,30
184097,-2.144667,-1.831665,995.8506,-1,0.7729492, -0.128418, 0.6743164, 0.1685938, -0.3010936, 0.09546876,80.81176,5,4,30
184165,-1.732551,-1.320435,995.8321,-1,0.7724609, -0.1308594, 0.675293, 0.1842188, -0.3323436, 0.07984376,80.81176,5,4,30
184235,-1.782108,-1.831665,995.8506,-1,0.7729492, -0.1303711, 0.6743164, 0.1060938, -0.3167186, 0.06421876,80.81176,5,4,30
184306,-1.001085,-0.2200623,995.7926,-1,0.7729492, -0.1298828, 0.6743164, 0.1998438, -0.3010936, 0.1110938,80.81176,5,4,30
184382,-1.013467,-1.025848,995.8215,11.38935,0.7729492, -0.1313477, 0.6757813, 0.1373438, -0.3010936, 0.1267188,80.81176,5,4,30
184454,-2.258687,-3.503906,995.9111,-1,0.7724609, -0.1308594, 0.6738281, 0.1529688, -0.3635936, 0.09546876,80.81176,5,4,30
184529,-3.171564,-4.084442,995.9321,11.39853,0.7719727, -0.1298828, 0.675293, 0.2154688, -0.2854686, 0.1267188,80.81176,5,4,30
184707,-3.337735,-3.503906,995.9111,-1,0.7724609, -0.1318359, 0.6723633, 0.1529688, -0.3479686, 0.06421876,80.81176,5,4,30
184783,-3.711089,-4.084442,995.9321,11.39853,0.7714844, -0.1289063, 0.6728516, 0.1373438, -0.3010936, 0.1423438,80.81176,5,4,30
184861,-3.204604,-2.69812,995.882,11.40312,0.7700195, -0.128418, 0.6772461, 0.1842188, -0.1760936, 0.09546876,80.81176,5,4,30
184938,-2.262519,-1.320435,995.8321,-1,0.7714844, -0.1303711, 0.675293, 0.1998438, -0.3010936, 0.1423438,80.81176,5,4,30
185015,-1.934452,-1.606384,995.8426,-1,0.7724609, -0.1298828, 0.6757813, 0.2154688, -0.3323436, 0.09546876,80.81176,5,4,30
185093,-2.173311,-2.41217,995.8716,11.39853,0.7719727, -0.1313477, 0.6772461, 0.1998438, -0.2698436, 0.09546876,80.81176,5,4,30
185171,-2.730302,-3.287292,995.9033,-1,0.7739258, -0.1298828, 0.675293, 0.1529688, -0.3323436, 0.1110938,80.81176,5,4,30
185253,-2.571236,-2.41217,995.8716,11.39853,0.7714844, -0.1298828, 0.675293, 0.1685938, -0.3010936, 0.06421876,80.81176,5,4,30
185333,-3.037571,-3.503906,995.9111,11.39853,0.7714844, -0.1347656, 0.6762695, 0.1373438, -0.4104686, 0.1267188,80.81176,5,4,30
185415,-2.469271,-1.90097,995.8532,11.39853,0.7709961, -0.1313477, 0.675293, 0.1685938, -0.3323436, 0.06421876,80.81176,5,4,30
185605,-3.827043,-5.184814,995.9717,-1,0.7719727, -0.1323242, 0.6762695, 0.1998438, -0.3323436, 0.09546876,80.81176,5,4,30
185684,-3.409874,-2.992706,995.8926,11.40312,0.7734375, -0.1298828, 0.6738281, 0.1373438, -0.3635936, 0.1110938,80.81176,5,4,30
185768,-2.655422,-1.90097,995.8532,-1,0.7714844, -0.1293945, 0.6748047, 0.1529688, -0.3010936, 0.1267188,80.81176,5,4,30
185898,-2.824064,-2.992706,995.8926,-1,0.7729492, -0.1308594, 0.6733398, 0.1529688, -0.3323436, 0.1110938,80.81176,5,4,30
185961,-2.908385,-2.992706,995.8926,-1,0.7729492, -0.1289063, 0.6772461, 0.1373438, -0.3635936, 0.1110938,80.81176,5,4,30
186023,-2.144744,-1.381104,995.8345,-1,0.7729492, -0.1318359, 0.6762695, 0.1842188, -0.4104686, 0.09546876,80.81176,5,4,30
186087,-1.364349,-0.5839539,995.8057,-1,0.7734375, -0.1289063, 0.6772461, 0.1217188, -0.4104686, 0.1267188,80.81176,5,4,30
186150,-1.779953,-2.195557,995.8636,-1,0.7719727, -0.1289063, 0.6738281, 0.1842188, -0.3635936, 0.1110938,80.81176,5,4,30
186215,-1.437569,-1.095184,995.8242,-1,0.7729492, -0.1293945, 0.6767578, 0.1685938, -0.3323436, 0.09546876,80.81176,5,4,30
186281,-3.597126,-5.756683,995.9926,-1,0.7734375, -0.1289063, 0.675293, 0.09046877, -0.2854686, 0.1110938,80.81176,5,4,30
186458,-3.585169,-3.573212,995.9135,11.40771,0.7729492, -0.1293945, 0.6762695, 0.1998438, -0.3010936, 0.07984376,80.81176,5,4,30
186524,-3.57919,-3.573212,995.9135,11.41689,0.7729492, -0.1298828, 0.6728516, 0.1998438, -0.3010936, 0.04859376,80.81176,5,4,30
186601,-3.576201,-3.573212,995.9135,-1,0.7724609, -0.1293945, 0.6748047, 0.1685938, -0.3010936, 0.09546876,80.81176,5,4,30
186668,-4.267867,-4.959534,995.9637,-1,0.7724609, -0.1303711, 0.6748047, 0.1685938, -0.3010936, 0.09546876,80.81176,5,4,30
186739,-2.824485,-1.381104,995.8345,-1,0.7714844, -0.1289063, 0.675293, 0.1842188, -0.3323436, 0.1110938,80.81176,5,4,30
186809,-2.397381,-1.970276,995.8557,11.42148,0.7724609, -0.1298828, 0.6738281, 0.1998438, -0.3323436, 0.1423438,80.81176,5,4,30
186881,-2.985296,-3.573212,995.9135,11.41689,0.7729492, -0.1293945, 0.6762695, 0.1529688, -0.3010936, 0.09546876,80.81176,5,4,30
186953,-3.426562,-3.867828,995.9242,-1,0.7714844, -0.1391602, 0.675293, 0.2154688, -0.3167186, 0.1110938,80.81176,5,4,30
187025,-3.101327,-2.776093,995.8847,-1,0.7773438, -0.1313477, 0.675293, 0.1217188, -0.4573436, 0.1892188,80.81176,5,4,30
187097,-3.376271,-3.651215,995.9163,-1,0.7739258, -0.1308594, 0.6738281, 0.1842188, -0.4573436, 0.1423438,80.81176,5,4,30
187284,-2.673274,-1.970276,995.8557,11.41689,0.7729492, -0.1303711, 0.6767578, 0.1373438, -0.3167186, 0.1267188,80.81176,5,4,30
187357,-2.321775,-1.970276,995.8557,-1,0.7724609, -0.1303711, 0.6767578, 0.1373438, -0.4104686, 0.09546876,80.81176,5,4,30
187432,-3.094801,-3.867828,995.9242,-1,0.7729492, -0.1289063, 0.6748047, 0.1373438, -0.3167186, 0.1110938,80.81176,5,4,30
187508,-2.675514,-2.256226,995.8661,-1,0.7729492, -0.1308594, 0.6743164, 0.1373438, -0.3323436, 0.1110938,80.81176,5,4,30
187589,-2.028308,-1.381104,995.8345,-1,0.7753906, -0.1293945, 0.6762695, 0.2154688, -0.2698436, 0.06421876,80.81176,5,4,30
187665,-1.999292,-1.970276,995.8557,11.41689,0.7734375, -0.1308594, 0.6777344, 0.1842188, -0.3792186, 0.06421876,80.81176,5,4,30
187741,-1.841824,-1.684357,995.8452,-1,0.7700195, -0.1298828, 0.675293, 0.1685938, -0.3792186, 0.09546876,80.81176,5,4,30
187817,-1.763091,-1.684357,995.8452,11.41689,0.7705078, -0.1298828, 0.6738281, 0.1529688, -0.3323436, 0.09546876,80.81176,5,4,30
187894,-3.253005,-4.74292,995.9559,-1,0.7709961, -0.1313477, 0.675293, 0.1998438, -0.3635936, 0.1423438,80.81176,5,4,30
187970,-3.997962,-4.74292,995.9559,-1,0.7734375, -0.1308594, 0.6762695, 0.2154688, -0.3635936, 0.1267188,80.81176,5,4,30
188157,-2.581226,-1.16449,995.8267,-1,0.7729492, -0.1308594, 0.6748047, 0.1373438, -0.3479686, 0.09546876,80.81176,5,4,30
188233,-3.917688,-5.25415,995.9742,-1,0.7758789, -0.1313477, 0.6699219, 0.1842188, -0.4729686, 0.1423438,80.81176,5,4,30
188309,-3.23425,-2.550812,995.8768,-1,0.7695313, -0.1362305, 0.6806641, 0.1842188, -0.09796858, 0.1110938,80.81176,5,4,30
188389,-3.295424,-3.356598,995.9058,11.42148,0.7705078, -0.1318359, 0.6762695, 0.1373438, -0.3792186, 0.07984376,80.81176,5,4,30
188470,-3.616279,-3.937134,995.9268,-1,0.7729492, -0.1308594, 0.6733398, 0.1998438, -0.3635936, 0.09546876,80.81176,5,4,30
188551,-1.991809,-0.3673401,995.7977,-1,0.7729492, -0.1293945, 0.6743164, 0.1685938, -0.3010936, 0.1267188,80.81176,5,4,30
188684,-2.821512,-3.651215,995.9163,-1,0.7719727, -0.1308594, 0.675293, 0.1373438, -0.3479686, 0.09546876,80.81176,5,4,30
188745,-2.833455,-2.845398,995.8873,11.42607,0.7724609, -0.1318359, 0.6762695, 0.2310938, -0.2698436, 0.1267188,80.81176,5,4,30
188811,-1.998972,-1.16449,995.8267,11.43525,0.7895508, -0.125, 0.6459961, 0.1373438, -1.222969, 0.07984376,80.81176,5,4,30
188877,-3.370946,-4.74292,995.9559,-1,0.762207, -0.1328125, 0.6826172, 0.1373438, -0.2229686, 0.09546876,80.81176,5,4,30
189052,-2.415011,-1.459076,995.8373,-1,0.7724609, -0.1293945, 0.6767578, 0.1685938, -0.3323436, 0.1110938,80.81176,5,4,30
189116,-2.192643,-1.970276,995.8557,-1,0.7729492, -0.1313477, 0.6762695, 0.1373438, -0.3792186, 0.1579688,80.81176,5,4,30
189183,-2.661995,-3.131348,995.8976,11.42607,0.7724609, -0.1308594, 0.6762695, 0.1685938, -0.3010936, 0.07984376,80.81176,5,4,30
189248,-2.606404,-2.550812,995.8768,-1,0.7734375, -0.1318359, 0.6767578, 0.1217188, -0.2542186, 0.1110938,80.81176,5,4,30
189315,-4.770731,-6.935059,996.0349,11.43525,0.7734375, -0.1293945, 0.6723633, 0.1373438, -0.4104686, 0.04859376,80.81176,5,4,30
189385,-3.114903,-1.459076,995.8373,11.42607,0.7705078, -0.128418, 0.6772461, 0.1373438, -0.2854686, 0.1267188,80.81176,5,4,30
189453,-3.928912,-4.74292,995.9559,-1,0.7705078, -0.1303711, 0.675293, 0.1685938, -0.4104686, 0.09546876,80.81176,5,4,30
189523,-4.335916,-4.74292,995.9559,-1,0.7714844, -0.1274414, 0.6762695, 0.2154688, -0.3635936, 0.06421876,80.81176,5,4,30
189595,-3.993565,-3.651215,995.9163,11.43066,0.7724609, -0.1293945, 0.6757813, 0.1685938, -0.3010936, 0.1579688,80.81176,5,4,30
189665,-2.726321,-1.459076,995.8373,11.42607,0.7719727, -0.128418, 0.6777344, 0.1842188, -0.3010936, 0.1423438,80.81176,5,4,30
189844,-2.092698,-1.459076,995.8373,-1,0.7744141, -0.1308594, 0.6767578, 0.1685938, -0.3010936, 0.1110938,80.81176,5,4,30
189916,-2.871956,-3.651215,995.9163,-1,0.7714844, -0.1313477, 0.6762695, 0.1529688, -0.2854686, 0.09546876,80.81176,5,4,30
189988,-2.858677,-2.845398,995.8873,-1,0.7724609, -0.1318359, 0.6777344, 0.1998438, -0.3323436, 0.09546876,80.81176,5,4,30
190063,-2.852037,-2.845398,995.8873,11.43066,0.7739258, -0.1313477, 0.675293, 0.1373438, -0.3479686, 0.07984376,80.81176,5,4,30
190139,-2.155557,-1.459076,995.8373,11.42607,0.7734375, -0.1303711, 0.6767578, 0.1842188, -0.2229686, 0.07984376,80.81176,5,4,30
190222,-2.643452,-3.131348,995.8976,-1,0.7724609, -0.1279297, 0.675293, 0.1373438, -0.2229686, 0.07984376,80.81176,5,4,30
190296,-1.648371,-0.6532898,995.8082,-1,0.7724609, -0.1303711, 0.6748047, 0.1373438, -0.3010936, 0.09546876,80.81176,5,4,30
190372,-2.099591,-2.550812,995.8768,-1,0.7729492, -0.1303711, 0.675293, 0.2310938, -0.3167186, 0.09546876,80.81176,5,4,30
190449,-3.018363,-3.937134,995.9268,11.42607,0.7719727, -0.1333008, 0.6762695, 0.2154688, -0.4417186, 0.1579688,80.81176,5,4,30
190525,-2.273387,-1.528412,995.8398,-1,0.7841797, -0.1279297, 0.65625, 0.1685938, -0.5979686, 0.1423438,80.81176,5,4,30
190708,-1.866232,-1.459076,995.8373,11.43525,0.7724609, -0.1303711, 0.6762695, 0.1998438, -0.4729686, 0.1110938,80.81176,5,4,30
190786,-1.407054,-0.947876,995.8187,-1,0.7636719, -0.1713867, 0.7094727, 0.1998438, -0.3635936, 0.04859376,80.81176,5,4,30
190868,-1.030172,-0.6532898,995.8082,-1,0.8227539, -0.1513672, 0.6220703, 0.1060938, -0.9417186, 0.04859376,80.81176,5,4,30
190947,-1.244624,-1.459076,995.8373,-1,0.7753906, -0.1298828, 0.6884766, 0.1685938, -0.6448436, 0.09546876,80.81176,5,4,30
191028,-2.339612,-3.434601,995.9084,11.43525,0.7714844, -0.1264648, 0.6694336, 0.1842188, -0.3167186, 0.06421876,80.81176,5,4,30
191110,-2.189612,-2.039612,995.8582,11.42607,0.7729492, -0.1318359, 0.6738281, 0.1529688, -0.3792186, 0.1267188,80.81176,5,4,30
191192,-2.517505,-2.845398,995.8873,11.43525,0.7705078, -0.1298828, 0.6767578, 0.1685938, -0.1917186, 0.1110938,80.81176,5,4,30
191274,-2.534158,-2.550812,995.8768,-1,0.7734375, -0.1303711, 0.6762695, 0.1685938, -0.3010936, 0.06421876,80.81176,5,4,30
191354,-1.450749,-0.3673401,995.7977,-1,0.7714844, -0.1318359, 0.6738281, 0.1373438, -0.4417186, 0.1267188,80.81176,5,4,30
191487,-2.291049,-3.131348,995.8976,11.43066,0.7719727, -0.128418, 0.6733398, 0.1685938, -0.9417186, 0.03296876,80.81176,5,4,30
191655,-1.619462,-0.947876,995.8187,-1,0.7978516, -0.1376953, 0.6499023, -0.5501562, -4.410469, 0.6579688,80.81176,5,4,30
191717,-2.375405,-3.131348,995.8976,-1,0.7753906, -0.125, 0.6738281, 0.2310938, -0.7073436, 0.04859376,80.81176,5,4,30
191778,-1.371372,-0.3673401,995.7977,-1,0.7758789, -0.1298828, 0.6748047, 0.3248438, 0.8395314, 0.04859376,80.81176,5,4,30
191843,-1.012331,-0.6532898,995.8082,-1,0.7744141, -0.1391602, 0.6738281, 0.1685938, 0.2926564, 0.06421876,80.81176,5,4,30
191906,-2.474732,-3.937134,995.9268,-1,0.765625, -0.112793, 0.6987305, 1.262344, 3.745781, -0.6701562,80.81176,5,4,30
191974,-2.114197,-1.753662,995.8477,11.43525,0.7573242, -0.140625, 0.6831055, 0.4498438, 0.4176564, -0.07640624,80.81176,5,4,30
192042,-2.076905,-2.039612,995.8582,-1,0.7548828, -0.1323242, 0.6787109, 0.1998438, -0.3010936, -0.01390624,80.81176,5,4,30
192109,-1.915283,-1.753662,995.8477,-1,0.7675781, -0.125, 0.6801758, 0.4185938, 2.089531, 0.1735938,80.81176,5,4,30
192179,-2.380341,-2.845398,995.8873,-1,0.7749023, -0.1289063, 0.6728516, 0.5279688, -0.4417186, -0.2639062,80.81176,5,4,30
192246,-2.907471,-3.434601,995.9084,-1,0.7651367, -0.1235352, 0.6816406, -0.1595312, -0.4417186, 0.3142188,80.81176,5,4,30
192422,-2.763794,-2.620117,995.8793,11.44443,0.7709961, -0.1318359, 0.6865234, 0.2779688, -0.1760936, 0.04859376,80.81176,5,4,30
192493,-2.548996,-2.334198,995.8689,11.43984,0.777832, -0.1245117, 0.6748047, 0.2467188, -2.176094, 0.04859376,80.81176,5,4,30
192562,-3.243065,-3.937134,995.9268,-1,0.7753906, -0.1245117, 0.6767578, 0.1685938, -0.8010936, 0.1110938,80.81176,5,4,30
192633,-1.545269,0.1525269,995.7791,-1,0.7700195, -0.1279297, 0.6762695, 0.05921876, -0.5198436, 0.2517188,80.81176,5,4,30
192706,-1.79244,-2.039612,995.8582,11.44443,0.7714844, -0.1333008, 0.6713867, 0.1373438, -0.6292186, 0.1110938,80.81176,5,4,30
192775,-0.5686903,0.6550598,995.7608,-1,0.7719727, -0.1206055, 0.6806641, 0.3404688, -0.4417186, -0.1232812,80.81176,5,4,30
192849,-1.594404,-2.620117,995.8793,11.44443,0.7734375, -0.1323242, 0.6708984, 0.05921876, -0.5198436, 0.2048438,80.81176,5,4,30
192921,-1.817008,-2.039612,995.8582,-1,0.7587891, -0.1376953, 0.6860352, -0.4876562, -1.582344, 0.3298438,80.81176,5,4,30
192996,-1.382442,-0.947876,995.8187,11.43984,0.7607422, -0.1225586, 0.6738281, 0.7623438, 2.355156, -0.2482812,80.81176,5,4,30
193070,-1.455427,-1.528412,995.8398,-1,0.7714844, -0.1293945, 0.6826172, 0.1685938, -0.4104686, 0.07984376,80.81176,5,4,30
193251,-0.8030766,-0.1507263,995.7899,-1,0.7587891, -0.1333008, 0.6850586, 0.09046877, -0.2542186, 0.07984376,80.81176,5,4,30
193328,-1.308704,-1.814331,995.8502,-1,0.7666016, -0.1152344, 0.6958008, -0.4095312, 2.370781, 0.7673438,80.81176,5,4,30
193403,-1.964411,-2.620117,995.8793,11.43984,0.8500977, -0.1777344, 0.7158203, -14.12828, -55.16047, 17.81422,80.81176,5,4,30
193479,-1.456143,-0.947876,995.8187,-1,0.8779297, -0.2387695, 0.5683594, -28.12828, -73.06672, 21.42359,80.81176,5,4,30
193555,-3.827361,-6.198578,996.0083,-1,0.8579102, -0.1508789, 0.6806641, -32.25328, -84.31672, 28.50172,80.81176,5,4,30
193632,-2.677886,-1.528412,995.8398,-1,0.9067383, -0.3251953, 0.3261719, -28.20641, -81.12922, 31.56422,80.81176,5,4,30
193708,-3.199203,-3.72052,995.9189,-1,0.8730469, -0.3896484, 0.2631836, -15.39391, -48.92609, 25.87672,80.81176,5,4,30
193795,-2.220833,-1.242462,995.8293,11.44443,0.90625, -0.3242188, 0.2607422, -3.940781, -2.785469, 6.376719,80.81176,5,4,30
193879,-2.827717,-3.434601,995.9084,-1,0.9384766, -0.3359375, 0.2094727, -7.315781, -25.36359, 1.845469,80.81176,5,4,30
193957,-3.417078,-4.006439,995.9293,11.45361,0.9287109, -0.5385742, 0.1474609, -6.065781, 0.5895314, 3.595469,80.81176,5,4,30
194146,-2.472745,-1.528412,995.8398,-1,0.8237305, -0.3500977, 0.465332, 5.168594, 85.76141, 16.70484,80.81176,5,4,30
194228,-2.256178,-2.039612,995.8582,-1,0.7563477, -0.4956055, 0.6367188, -3.456406, 50.26141, 21.98609,80.81176,5,4,30
194360,-1.892295,-1.528412,995.8398,-1,0.7949219, -0.5981445, 0.8007813, 2.590469, 30.58953, 28.56422,80.81176,5,4,30
194423,-1.567379,-1.242462,995.8293,-1,0.8608398, -0.4370117, 0.7475586, 24.16859, 48.51141, 23.11109,80.81176,5,4,30
194488,-1.547895,-1.528412,995.8398,11.43984,0.6601563, -0.3984375, 0.6186523, 32.49672, 36.55828, 6.689219,80.81176,5,4,30
194553,-3.037101,-4.526306,995.9479,11.44443,0.550293, -0.3930664, 0.5698242, 32.88734, 20.05828, 1.095469,80.81176,5,4,30
194620,-2.828609,-2.620117,995.8793,11.43525,0.5566406, -0.3203125, 0.6113281, 30.10609, 19.08953, -0.7326562,80.81176,5,4,30
194686,-2.17851,-1.528412,995.8398,-1,0.5458984, -0.3066406, 0.6342773, 22.59047, -3.879219, 3.689219,80.81176,5,4,30
194752,-1.853461,-1.528412,995.8398,11.44443,0.6499023, -0.2988281, 0.6079102, 20.05922, -15.72297, -1.998281,80.81176,5,4,30
194822,-2.786991,-3.72052,995.9189,11.44443,0.6645508, -0.3212891, 0.715332, 13.93422, -17.31672, -10.27953,80.81176,5,4,30
194996,-2.157701,-1.528412,995.8398,-1,0.7841797, -0.2700195, 0.7353516, 18.62172, -41.11359, -17.07641,80.81176,5,4,30
195063,-2.133309,-2.108917,995.8608,-1,0.9033203, -0.4116211, 0.6206055, 23.63734, -38.05109, -20.65453,80.81176,5,4,30
195130,-1.830861,-1.528412,995.8398,-1,0.7885742, -0.2387695, 0.5722656, 15.57484, -33.50422, -27.98266,80.81176,5,4,30
195200,-2.52009,-3.20932,995.9003,-1,0.7099609, -0.2587891, 0.5454102, 7.090469, -24.91047, -25.35766,80.81176,5,4,30
195268,-3.263265,-4.006439,995.9293,-1,0.6601563, -0.06591797, 0.5673828, -1.581406, -34.20734, -13.10766,80.81176,5,4,30
195342,-2.140223,-1.017181,995.8214,11.44902,0.6923828, -0.175293, 0.5014648, -7.643906, -56.92609, 11.75172,80.81176,5,4,30
195413,-1.834317,-1.528412,995.8398,11.45361,0.7871094, -0.2382813, 0.5371094, -14.22203, -52.95734, 29.78297,80.81176,5,4,30
195485,-2.227217,-2.620117,995.8793,-1,0.8696289, -0.324707, 0.5541992, -5.690781, -61.95734, 56.72047,80.81176,5,4,30
195558,-1.877814,-1.528412,995.8398,-1,1.004395, -0.3168945, 0.3999023, 10.23109, -60.34797, 64.89234,80.81176,5,4,30
195629,-3.232395,-4.586975,995.9503,-1,0.980957, -0.5810547, 0.2441406, 24.76234, -47.06672, 62.06422,80.81176,5,4,30
195807,-3.073564,-2.914734,995.8898,-1,0.9853516, -0.7553711, -0.03076172, 26.77797, -106.1448, 64.56422,80.81176,5,4,30
195879,-2.881509,-2.689453,995.8818,-1,0.9560547, -0.871582, -0.1381836, 20.82484, -21.64484, 17.81422,80.81176,5,4,30
195953,-3.881535,-4.881561,995.9609,-1,1.102051, -0.6318359, -0.2070313, 4.184219, -0.3167186, 1.829844,80.81176,5,4,30
196026,-3.142519,-2.403503,995.8713,-1,0.9824219, -0.4741211, -0.02880859, -7.675156, 20.15203, -27.71703,80.81176,5,4,30
196101,-2.478425,-1.814331,995.8502,-1,1.058594, -0.4858398, -0.08886719, -12.44078, 17.87078, -33.65453,80.81176,5,4,30
196177,-2.146378,-1.814331,995.8502,-1,0.6655273, -0.5688477, 0.1972656, -8.300157, 45.74578, -49.71703,80.81176,5,4,30
196254,-3.223717,-4.301056,995.9398,-1,0.9741211, -0.3339844, -0.1074219, -14.70641, -10.70734, -32.31078,80.81176,5,4,30
196331,-2.921917,-2.620117,995.8793,11.44443,1.016113, -0.2250977, -0.1831055, -19.94078, -69.25422, -48.31078,80.81176,5,4,30
196408,-3.208578,-3.495239,995.9108,-1,1.230957, -0.3925781, -0.08935547, -51.03453, -161.1136, -62.17015,80.81176,5,4,30
196487,-3.754817,-4.301056,995.9398,11.44443,1.067871, -0.09277344, -0.21875, -47.11266, -111.0823, -78.52953,80.81176,5,4,30
196672,-2.49864,-1.242462,995.8293,11.43984,0.7177734, -0.04638672, -0.2680664, 31.60609, 23.44891, -35.68578,80.81176,5,4,30
196752,-1.467658,-0.436676,995.8002,-1,1.058105, -0.05761719, -0.4570313, 5.684219, -54.08234, -17.38891,80.81176,5,4,30
196833,-2.996982,-4.526306,995.9479,11.44443,0.9663086, 0.2001953, -0.5498047, 25.44984, 19.54266, -50.48265,80.81176,5,4,30
196913,-2.80855,-2.620117,995.8793,-1,0.9384766, -0.125, -0.4760742, 6.465469, 19.73016, -77.52953,80.81176,5,4,30
196993,-2.168481,-1.528412,995.8398,-1,0.84375, -0.001953125, -0.2490234, 23.91859, 61.01141, -103.7327,80.81176,5,4,30
197076,-2.801541,-3.434601,995.9084,-1,0.06933594, 0.7416992, 0.2763672, 57.05922, 121.1677, -126.5764,80.81176,5,4,30
197206,-2.022002,-1.242462,995.8293,-1,0.7978516, 0.1513672, 0.144043, 84.12172, 47.26141, -68.01391,80.81176,5,4,30
197267,-3.962996,-5.903992,995.9978,-1,0.9638672, 0.08203125, -0.2148438, 48.49672, 69.98016, -54.3889,80.81176,5,4,30
197330,-3.841758,-3.72052,995.9189,-1,0.8803711, 0.5541992, -0.1621094, 34.87172, 59.27703, -51.2014,80.81176,5,4,30
197402,-3.343578,-2.845398,995.8873,11.43984,0.7182617, 0.590332, -0.04101563, 15.65297, -17.48859, -13.90453,80.81176,5,4,30
197573,-1.309606,0.7243652,995.7583,-1,0.7822266, 0.5776367, -0.284668, 17.07484, -4.160469, -16.23266,80.81176,5,4,30
197636,-0.8384732,-0.3673401,995.7977,-1,0.7939453, 0.574707, -0.340332, 11.09047, 4.089531, -16.37328,80.81176,5,4,30
197701,-1.148775,-1.459076,995.8373,-1,0.7270508, 0.5732422, -0.1943359, 5.543594, 3.417656, -10.21703,80.81176,5,4,30
197766,-2.140061,-3.131348,995.8976,-1,0.7519531, 0.5883789, -0.2285156, 4.965469, 0.01140642, -7.310781,80.81176,5,4,30
197832,-1.396675,-0.6532898,995.8082,11.43066,0.7495117, 0.5039063, -0.2304688, 2.684219, 1.370781, -6.935781,80.81176,5,4,30
197900,-1.024983,-0.6532898,995.8082,-1,0.7138672, 0.581543, -0.1879883, 0.6842188, 0.4489064, -1.295156,80.81176,5,4,30
197970,-0.6961614,-0.3673401,995.7977,11.42607,0.7788086, 0.5615234, -0.1914063, 0.4967188, -2.707344, 2.376719,80.81176,5,4,30
198041,-1.623487,-2.550812,995.8768,11.41689,0.7241211, 0.5737305, -0.2255859, -0.5345312, -2.441719, 1.173594,80.81176,5,4,30
198113,-1.251029,-0.8785706,995.8161,11.42607,0.7978516, 0.5854492, -0.2792969, 0.1842188, 5.323906, 1.501719,80.81176,5,4,30
198183,-1.355052,-1.459076,995.8373,-1,0.8325195, 0.6274414, -0.2280273, -4.487656, 3.198906, 0.2360938,80.81176,5,4,30
198362,-2.503133,-3.651215,995.9163,11.42607,0.8168945, 0.6279297, -0.1416016, 0.9029688, 2.495781, 0.5173438,80.81176,5,4,30
198433,-2.526973,-2.550812,995.8768,-1,0.8286133, 0.4916992, -0.1791992, 3.871719, 4.089531, -3.560781,80.81176,5,4,30
198505,-1.15257,0.2218323,995.7766,-1,0.7397461, 0.565918, -0.1772461, 2.699844, 2.386406, -6.842031,80.81176,5,4,30
198577,-0.7599551,-0.3673401,995.7977,-1,0.7299805, 0.6220703, -0.1821289, 2.481094, 0.8551564, -1.560781,80.81176,5,4,30
198648,-1.109516,-1.459076,995.8373,-1,0.7451172, 0.6040039, -0.1831055, 2.106094, 1.823906, 0.5642188,80.81176,5,4,30
198723,-0.4438416,0.2218323,995.7766,11.41689,0.75, 0.6152344, -0.1865234, -0.1907812, -0.2385936, 2.111094,80.81176,5,4,30
198796,-0.9514588,-1.459076,995.8373,-1,0.7851563, 0.5664063, -0.1904297, 0.3404688, 0.2770314, 4.673594,80.81176,5,4,30
198870,-1.057974,-1.16449,995.8267,-1,0.7646484, 0.5585938, -0.1357422, -1.847031, -2.019844, 3.501719,80.81176,5,4,30
198946,-1.804393,-2.550812,995.8768,11.42607,0.8203125, 0.6020508, -0.1572266, 0.2467188, -2.254219, 3.939219,80.81176,5,4,30
199020,-1.631734,-1.459076,995.8373,-1,0.9023438, 0.5444336, -0.1831055, 1.918594, -2.332344, 0.6579688,80.81176,5,4,30
199203,-0.7049511,0.2218323,995.7766,-1,0.784668, 0.5834961, -0.206543, 6.371719, -3.394844, -10.87328,80.81176,5,4,30
199282,-1.082013,-1.459076,995.8373,11.42607,0.7275391, 0.5771484, -0.1870117, 7.981094, -2.472969, -8.638906,80.81176,5,4,30
199359,0.1157773,1.313568,995.7372,-1,0.6918945, 0.5380859, -0.1313477, 6.652969, -8.191719, -5.654531,80.81176,5,4,30
199437,-1.217517,-2.550812,995.8768,-1,0.875, 0.6166992, -0.3046875, 11.34047, 0.1676564, -2.388906,80.81176,5,4,30
199516,-0.7924287,-0.3673401,995.7977,-1,0.7177734, 0.6044922, -0.3164063, 5.606094, -2.754219, -6.357656,80.81176,5,4,30
199598,-0.4369248,-0.0814209,995.7873,11.41689,0.7407227, 0.5839844, -0.284668, 0.7154688, -3.082344, -3.451406,80.81176,5,4,30
199680,-0.9090141,-1.381104,995.8345,-1,0.6826172, 0.6157227, -0.2563477, 0.2310938, -0.8479686, 0.2360938,80.81176,5,4,30
199766,-1.439645,-1.970276,995.8557,11.42607,0.8085938, 0.5834961, -0.3217773, -0.4407812, -0.9573436, 2.251719,80.81176,5,4,30
199848,-1.302067,-1.16449,995.8267,-1,0.7324219, 0.7026367, -0.265625, -1.753281, 0.1676564, -0.1389062,80.81176,5,4,30
199930,-1.090319,-0.8785706,995.8161,-1,0.7563477, 0.6157227, -0.2348633, -1.253281, 0.5582814, -0.06078124,80.81176,5,4,30
200170,-2.076165,-3.062012,995.8951,-1,0.7431641, 0.5927734, -0.2548828, 5.168594, 1.292656, -1.107656,80.81176,5,4,30
200234,-0.9271665,0.2218323,995.7766,-1,0.7426758, 0.6103516, -0.2832031, 6.949844, 7.542656, -3.873281,80.81176,5,4,30
200297,-0.6472533,-0.3673401,995.7977,-1,0.6835938, 0.5864258, -0.215332, 3.512344, 1.995781, -1.998281,80.81176,5,4,30
200361,-1.854632,-3.062012,995.8951,-1,0.7416992, 0.6000977, -0.2670898, 2.934219, -2.707344, 0.3923438,80.81176,5,4,30
200425,-2.202722,-2.550812,995.8768,-1,0.7719727, 0.6240234, -0.3085938, 3.496719, 4.136406, -0.8576563,80.81176,5,4,30
200491,-2.376767,-2.550812,995.8768,-1,0.668457, 0.6416016, -0.2124023, -0.1751562, 0.9176564, 0.9079687,80.81176,5,4,30
200559,-1.372054,-0.3673401,995.7977,11.41689,0.7568359, 0.6074219, -0.2695313, 0.5748438, 1.277031, 0.4548438,80.81176,5,4,30
200627,-0.5751106,0.2218323,995.7766,-1,0.7363281, 0.652832, -0.2255859, 2.215469, 6.730156, 2.064219,80.81176,5,4,30
200693,-0.4712254,-0.3673401,995.7977,-1,0.7192383, 0.6308594, -0.190918, 7.137344, 18.15203, -4.576406,80.81176,5,4,30
200760,-0.9651506,-1.459076,995.8373,-1,0.7250977, 0.565918, -0.2270508, 10.16859, 23.60516, -5.654531,80.81176,5,4,30
200937,-1.757981,-2.550812,995.8768,11.42607,0.7973633, 0.6474609, -0.2011719, 5.168594, 15.58953, -3.732656,80.81176,5,4,30
201003,-0.919701,-0.0814209,995.7873,-1,0.7202148, 0.6337891, -0.1679688, 4.777969, 16.18328, -5.670156,80.81176,5,4,30
201083,-0.3489344,0.2218323,995.7766,11.42607,0.7294922, 0.6152344, -0.1582031, 6.137344, 16.02703, -4.779531,80.81176,5,4,30
201155,-2.000074,-3.651215,995.9163,11.43066,0.75, 0.6479492, -0.1166992, 8.684218, 21.69891, -4.826406,80.81176,5,4,30
201226,-1.729575,-1.459076,995.8373,-1,0.8051758, 0.6254883, -0.1318359, 14.73109, 29.65203, -4.638906,80.81176,5,4,30
201297,-2.287487,-2.845398,995.8873,11.43066,0.7480469, 0.6040039, -0.1582031, 16.46547, 31.26141, -7.717031,80.81176,5,4,30
201371,-1.327413,-0.3673401,995.7977,-1,0.7734375, 0.5561523, -0.1538086, -0.9564062, -7.863594, 2.986094,80.81176,5,4,30
201441,-1.540538,-1.753662,995.8477,-1,0.7753906, 0.6469727, -0.08935547, -0.8939062, -1.441719, 3.017344,80.81176,5,4,30
201516,-2.335943,-3.131348,995.8976,11.43525,0.7763672, 0.6699219, -0.02050781, 5.559219, 13.40203, -1.654531,80.81176,5,4,30
201588,-1.494616,-0.6532898,995.8082,-1,0.734375, 0.6274414, -0.1303711, 11.88734, 19.24578, -2.248281,80.81176,5,4,30
201769,-1.476846,-1.459076,995.8373,11.43066,0.7685547, 0.5957031, -0.04736328, 6.606094, 21.21453, -4.076406,80.81176,5,4,30
201846,-2.161122,-2.845398,995.8873,-1,0.7626953, 0.6132813, -0.05029297, 8.246718, 14.79266, -1.748281,80.81176,5,4,30
201923,-2.646235,-3.131348,995.8976,11.43525,0.8125, 0.6191406, -0.08007813, 5.746719, 17.52703, -1.545156,80.81176,5,4,30
201999,-2.745816,-2.845398,995.8873,-1,0.809082, 0.6533203, 0.04150391, 0.5435938, 14.41766, -3.404531,80.81176,5,4,30
202075,-1.296645,0.1525269,995.7791,11.43066,0.7607422, 0.59375, -0.05566406, 7.449844, 9.886406, -3.451406,80.81176,5,4,30
202153,-0.4290994,0.438446,995.7687,-1,0.7514648, 0.6220703, 0.07714844, 4.277969, 6.886406, -3.185781,80.81176,5,4,30
202232,-0.5411945,-0.6532898,995.8082,-1,0.7553711, 0.6352539, -0.06640625, 5.215469, 4.714531, -0.7639062,80.81176,5,4,30
202311,-1.290403,-2.039612,995.8582,-1,0.7866211, 0.6220703, -0.09912109, -0.4095312, 3.480156, 0.3142188,80.81176,5,4,30
202390,-0.7205647,-0.1507263,995.7899,-1,0.7768555, 0.6264648, -0.06982422, -3.081406, 2.714531, 0.5485938,80.81176,5,4,30
202482,-2.077583,-3.434601,995.9084,11.43525,0.7260742, 0.6132813, -0.01318359, -3.175156, -5.582344, 3.314219,80.81176,5,4,30
202674,-1.660022,-1.242462,995.8293,11.43984,0.7651367, 0.659668, 0.04394531, -2.097031, 0.2770314, 0.5173438,80.81176,5,4,30
202753,-0.9053744,-0.1507263,995.7899,-1,0.7836914, 0.6147461, -0.008789063, 1.418594, 1.620781, 2.017344,80.81176,5,4,30
202833,-1.073918,-1.242462,995.8293,-1,0.8422852, 0.6259766, -0.0703125, -0.6751562, 3.683281, 1.189219,80.81176,5,4,30
202965,-0.7552972,-0.436676,995.8002,11.44443,0.7709961, 0.6201172, -0.03515625, -3.878281, -2.910469, 1.189219,80.81176,5,4,30
203026,-2.640802,-4.526306,995.9479,11.43984,0.7631836, 0.6308594, 0.02929688, -4.440781, -3.535469, 2.111094,80.81176,5,4,30
203087,-2.886075,-3.131348,995.8976,-1,0.8076172, 0.6064453, 0.00390625, 0.9810938, -0.004218578, 2.782969,80.81176,5,4,30
203149,-1.366774,0.1525269,995.7791,-1,0.8334961, 0.6176758, 0.02197266, -2.893906, -2.254219, 0.2360938,80.81176,5,4,30
203214,-1.447593,-1.528412,995.8398,-1,0.7612305, 0.6025391, -0.004394531, -0.8001562, -1.957344, -2.779531,80.81176,5,4,30
203277,-0.3962665,0.6550598,995.7608,-1,0.7587891, 0.6103516, -0.01220703, -0.5814062, -2.238594, -0.7795312,80.81176,5,4,30
203341,-1.508192,-2.620117,995.8793,11.44443,0.8208008, 0.637207, -0.07275391, -2.331406, -2.426094, 0.4235938,80.81176,5,4,30
203513,-1.518302,-1.528412,995.8398,11.44902,0.7939453, 0.5913086, -0.02685547, 0.7935938, 0.5895314, 0.7204688,80.81176,5,4,30
203582,-0.2843279,0.949646,995.7503,-1,0.8076172, 0.6025391, 0.01855469, -1.253281, -1.879219, -0.07640624,80.81176,5,4,30
203651,-0.2175271,-0.1507263,995.7899,11.44443,0.7719727, 0.6015625, -0.01513672, 0.3404688, 0.04265642, 0.2517188,80.81176,5,4,30
203718,-0.1841267,-0.1507263,995.7899,-1,0.7832031, 0.6035156, -0.05224609, -1.409531, -1.238594, 0.09546876,80.81176,5,4,30
203788,-0.5660014,-0.947876,995.8187,11.45361,0.8369141, 0.6293945, -0.015625, -2.237656, -2.347969, 1.126719,80.81176,5,4,30
203860,-1.047207,-1.528412,995.8398,11.44443,0.7558594, 0.6147461, -0.04101563, -0.8939062, -0.2854686, -2.326406,80.81176,5,4,30
203931,-1.144834,-1.242462,995.8293,-1,0.7514648, 0.6269531, 0.03271484, -1.456406, -0.8323436, -1.154531,80.81176,5,4,30
204003,-0.7907552,-0.436676,995.8002,-1,0.7734375, 0.6303711, 0.04003906, 1.543594, 2.011406, 1.782969,80.81176,5,4,30
204075,0.07944539,0.949646,995.7503,-1,0.7919922, 0.6166992, -0.01074219, -0.2532812, 2.152031, 0.2985938,80.81176,5,4,30
204146,-0.1786153,-0.436676,995.8002,-1,0.7636719, 0.625, -0.02148438, 0.5279688, 1.370781, 1.564219,80.81176,5,4,30
204327,-0.8535136,-1.528412,995.8398,11.44443,0.7900391, 0.5996094, -0.004882813, 0.1529688, 1.261406, -0.9201563,80.81176,5,4,30
204402,-1.190963,-1.528412,995.8398,-1,0.7358398, 0.5981445, 0.1098633, 0.4185938, 3.089531, 0.04859376,80.81176,5,4,30
204479,-1.216712,-1.242462,995.8293,11.43984,0.8276367, 0.6318359, -0.005371094, 1.512344, 3.605156, 1.532969,80.81176,5,4,30
204555,-0.6837194,-0.1507263,995.7899,-1,0.7456055, 0.6005859, 0.015625, 0.7779688, -1.551094, -2.482656,80.81176,5,4,30
204637,-0.8157977,-0.947876,995.8187,-1,0.7661133, 0.5893555, -0.004882813, -1.081406, -4.097969, 1.548594,80.81176,5,4,30
204711,-1.172105,-1.528412,995.8398,-1,0.7856445, 0.6469727, 0.05859375, -0.5501562, 0.5895314, 3.470469,80.81176,5,4,30
204789,-1.350258,-1.528412,995.8398,11.43984,0.809082, 0.6166992, 0.01220703, 0.6373438, 0.1520314, 1.986094,80.81176,5,4,30
204867,-3.774418,-6.198578,996.0083,-1,0.8139648, 0.6196289, -0.05126953, 0.2154688, -3.910469, -0.4045312,80.81176,5,4,30
204946,-2.50844,-1.242462,995.8293,11.44902,0.7749023, 0.6274414, 0.0234375, -5.409531, -3.613594, -0.01390624,80.81176,5,4,30
205024,-2.018426,-1.528412,995.8398,-1,0.7700195, 0.6352539, 0.02490234, 0.2935938, 1.198906, 2.439219,80.81176,5,4,30
205208,-2.319272,-2.620117,995.8793,-1,0.8037109, 0.6064453, 0.02148438, 0.2623438, 0.6520314, 1.048594,80.81176,5,4,30
205289,-1.780867,-1.242462,995.8293,-1,0.784668, 0.5961914, 0.04980469, 1.356094, 0.4957814, -1.545156,80.81176,5,4,30
205369,-2.607734,-3.434601,995.9084,-1,0.8300781, 0.6831055, -0.01416016, -0.6282812, -1.472969, -3.029531,80.81176,5,4,30
205450,-2.068073,-1.528412,995.8398,11.44443,0.8056641, 0.6240234, -0.04052734, 0.3717188, 0.1520314, 0.5485938,80.81176,5,4,30
205534,-1.507974,-0.947876,995.8187,-1,0.7197266, 0.6166992, 0.08203125, -3.050156, -0.1135936, 0.4548438,80.81176,5,4,30
205615,-1.773793,-2.039612,995.8582,-1,0.8535156, 0.6171875, -0.07128906, -0.3470312, -1.472969, 2.423594,80.81176,5,4,30
205747,-1.105235,-0.436676,995.8002,-1,0.734375, 0.609375, 0.04638672, -2.065781, -0.06671858, 1.064219,80.81176,5,4,30
205809,-1.173848,-1.242462,995.8293,-1,0.796875, 0.6030273, 0.09472656, -1.909531, -1.957344, 1.798594,80.81176,5,4,30
205873,-0.5106607,0.1525269,995.7791,11.43984,0.7543945, 0.6123047, 0.02099609, -2.425156, 0.2145314, 1.329844,80.81176,5,4,30
205938,-2.37119,-4.23172,995.9372,11.44443,0.8461914, 0.6147461, 0.005371094, -0.5501562, 1.542656, 3.048594,80.81176,5,4,30
206109,-1.109332,0.1525269,995.7791,-1,0.7285156, 0.6069336, -0.05517578, -4.909531, -5.347969, -2.107656,80.81176,5,4,30
206176,-1.028604,-0.947876,995.8187,-1,0.7705078, 0.6401367, 0.07470703, -5.284531, -8.488594, 0.7673438,80.81176,5,4,30
206240,-0.8409468,-0.6532898,995.8082,11.43525,0.8339844, 0.6098633, 0.05908203, -3.378281, -8.254219, 2.173594,80.81176,5,4,30
206307,-0.8944114,-0.947876,995.8187,-1,0.8164063, 0.6054688, 0.01025391, -0.4876562, 4.980156, 1.501719,80.81176,5,4,30
206373,-1.068437,-1.242462,995.8293,-1,0.7636719, 0.6201172, 0.04980469, -2.003281, -0.8479686, 0.2829688,80.81176,5,4,30
206440,-1.298424,-1.528412,995.8398,-1,0.8041992, 0.6357422, 0.02880859, -2.003281, -3.144844, -0.7326562,80.81176,5,4,30
206509,-0.3216822,0.6550598,995.7608,11.43984,0.7529297, 0.6005859, 0.07128906, 1.043594, 3.355156, 2.157969,80.81176,5,4,30
206576,-0.925047,-1.528412,995.8398,-1,0.7695313, 0.5947266, 0.02929688, 2.731094, 1.964531, 5.220469,80.81176,5,4,30
206646,-1.083755,-1.242462,995.8293,-1,0.871582, 0.534668, -0.1191406, -6.503281, -0.8948436, 0.7517188,80.81176,5,4,30
206718,-1.306083,-1.528412,995.8398,11.44443,0.7900391, 0.4106445, 0.002929688, -6.659531, -5.597969, 1.220469,80.81176,5,4,30
206896,-1.417248,-1.528412,995.8398,11.44443,0.8549805, 0.4165039, -0.0703125, -4.347031, -3.816719, -0.8576563,80.81176,5,4,30
