time,temperature,pressure,altitude,errorLog
338901,-1,1016.266,-0.7399445,0
338912,21.79302,1016.226,0.3517838,0
338921,-1,1016.186,1.460846,0
338932,21.77928,1016.236,0.0745163,0
338942,-1,1016.266,-0.7399445,0
338952,-1,1016.266,-0.7399445,0
338961,-1,1016.266,-0.7399445,0
338972,21.78386,1016.307,-1.831673,0
338982,-1,1016.105,3.661629,0
338992,-1,1016.186,1.460846,0
339002,-1,1016.186,1.460846,0
339013,-1,1016.266,-0.7399445,0
339022,-1,1016.226,0.3517838,0
339033,-1,1016.266,-0.7399445,0
339043,-1,1016.226,0.3517838,0
339053,-1,1016.196,1.166252,0
339063,-1,1016.266,-0.7399445,0
339073,-1,1016.135,2.847168,0
339083,-1,1016.226,0.3517838,0
339095,-1,1016.196,1.166252,0
339105,-1,1016.266,-0.7399445,0
339115,-1,1016.266,-0.7399445,0
339124,-1,1016.245,-0.1680832,0
339134,21.77928,1016.196,1.166252,0
339143,-1,1016.277,-1.034538,0
339154,21.78386,1016.266,-0.7399445,0
339164,21.77012,1016.236,0.0745163,0
339174,-1,1016.266,-0.7399445,0
339184,21.77012,1016.358,-3.235329,0
339194,-1,1016.277,-1.034538,0
339205,21.77928,1016.236,0.0745163,0
339214,-1,1016.277,-1.034538,0
339225,-1,1016.266,-0.7399445,0
339234,-1,1016.186,1.460846,0
339245,21.77928,1016.186,1.460846,0
339254,-1,1016.256,-0.462677,0
339265,-1,1016.186,1.460846,0
339274,-1,1016.236,0.0745163,0
339286,21.77928,1016.266,-0.7399445,0
339295,-1,1016.186,1.460846,0
339305,-1,1016.135,2.847168,0
339315,-1,1016.247,-0.2027435,0
339325,-1,1016.336,-2.646141,0
339336,-1,1016.266,-0.7399445,0
339346,21.77928,1016.145,2.552574,0
339356,-1,1016.266,-0.7399445,0
339366,21.77928,1016.266,-0.7399445,0
339375,-1,1016.205,0.9409714,0
339386,-1,1016.165,2.0327,0
339396,21.77928,1016.145,2.552574,0
339407,21.78844,1016.266,-0.7399445,0
339417,21.77928,1016.186,1.460846,0
339426,-1,1016.105,3.661629,0
339437,21.77928,1016.277,-1.034538,0
339447,21.7747,1016.347,-2.940735,0
339457,21.77012,1016.256,-0.462677,0
339468,21.78844,1016.226,0.3517838,0
339480,-1,1016.236,0.0745163,0
339489,-1,1016.307,-1.831673,0
339497,-1,1016.245,-0.1680832,0
339508,21.7747,1016.105,3.661629,0
339518,21.7747,1016.156,2.275307,0
339528,-1,1016.266,-0.7399445,0
339538,-1,1016.215,0.6463776,0
339549,-1,1016.236,0.0745163,0
339558,-1,1016.205,0.9409714,0
339568,-1,1016.205,0.9409714,0
339578,-1,1016.175,1.738106,0
339589,-1,1016.266,-0.7399445,0
339599,-1,1016.196,1.166252,0
339609,-1,1016.135,2.847168,0
339618,-1,1016.186,1.460846,0
339628,-1,1016.105,3.661629,0
339640,21.77928,1016.205,0.9409714,0
339650,-1,1016.245,-0.1680832,0
339660,-1,1016.226,0.3517838,0
339670,-1,1016.196,1.166252,0
339679,-1,1016.236,0.0745163,0
339690,21.77928,1016.266,-0.7399445,0
339700,-1,1016.226,0.3517838,0
339711,21.77928,1016.266,-0.7399445,0
339720,-1,1016.266,-0.7399445,0
339730,-1,1016.245,-0.1680832,0
339740,-1,1016.186,1.460846,0
339750,-1,1016.226,0.3517838,0
339760,-1,1016.307,-1.831673,0
339770,-1,1016.266,-0.7399445,0
339781,21.77928,1016.226,0.3517838,0
339791,-1,1016.226,0.3517838,0
339800,-1,1016.277,-1.034538,0
339811,21.77928,1016.236,0.0745163,0
339822,-1,1016.186,1.460846,0
339831,-1,1016.307,-1.831673,0
339841,-1,1016.186,1.460846,0
339852,21.78844,1016.428,-5.141518,0
339863,-1,1016.287,-1.311806,0
339872,-1,1016.226,0.3517838,0
339883,-1,1016.226,0.3517838,0
339893,-1,1016.196,1.166252,0
339902,-1,1016.367,-3.477928,0
339912,21.77928,1016.277,-1.034538,0
339922,-1,1016.307,-1.831673,0
339932,-1,1016.256,-0.462677,0
339953,21.77928,1016.296,-1.554413,0
339963,-1,1016.326,-2.368874,0
339973,-1,1016.226,0.3517838,0
339984,-1,1016.277,-1.034538,0
339994,-1,1016.186,1.460846,0
340003,-1,1016.266,-0.7399445,0
340014,-1,1016.226,0.3517838,0
340023,-1,1016.377,-3.755196,0
340033,-1,1016.186,1.460846,0
340044,21.7747,1016.226,0.3517838,0
340054,-1,1016.387,-4.032463,0
340064,-1,1016.245,-0.1680832,0
340073,-1,1016.124,3.124428,0
340084,21.77928,1016.256,-0.462677,0
340095,21.78844,1016.307,-1.831673,0
340104,-1,1016.205,0.9409714,0
340114,-1,1016.266,-0.7399445,0
340124,-1,1016.236,0.0745163,0
340134,21.78386,1016.428,-5.141518,0
340145,21.7747,1016.317,-2.126266,0
340154,-1,1016.287,-1.311806,0
340164,-1,1016.105,3.661629,0
340174,21.77928,1016.226,0.3517838,0
340185,-1,1016.387,-4.032463,0
340196,-1,1016.266,-0.7399445,0
340206,-1,1016.266,-0.7399445,0
340217,-1,1016.307,-1.831673,0
340227,-1,1016.205,0.9409714,0
340236,-1,1016.165,2.0327,0
340247,-1,1016.266,-0.7399445,0
340257,-1,1016.245,-0.1680832,0
340268,-1,1016.186,1.460846,0
340278,-1,1016.387,-4.032463,0
340287,-1,1016.266,-0.7399445,0
340297,-1,1016.186,1.460846,0
340307,-1,1016.124,3.124428,0
340316,-1,1016.266,-0.7399445,0
340326,21.77928,1016.326,-2.368874,0
340336,-1,1016.266,-0.7399445,0
340346,-1,1016.247,-0.2027435,0
340356,-1,1016.347,-2.940735,0
340367,21.77012,1016.266,-0.7399445,0
340377,-1,1016.256,-0.462677,0
340387,-1,1016.266,-0.7399445,0
340397,21.77012,1016.277,-1.034538,0
340408,21.77928,1016.266,-0.7399445,0
340418,-1,1016.186,1.460846,0
340428,-1,1016.266,-0.7399445,0
340437,-1,1016.286,-1.277145,0
340447,-1,1016.266,-0.7399445,0
340457,-1,1016.287,-1.311806,0
340469,21.77012,1016.205,0.9409714,0
340479,-1,1016.266,-0.7399445,0
340488,-1,1016.186,1.460846,0
340498,-1,1016.226,0.3517838,0
340508,21.77928,1016.245,-0.1680832,0
340518,-1,1016.266,-0.7399445,0
340529,21.77012,1016.307,-1.831673,0
340539,-1,1016.215,0.6463776,0
340548,-1,1016.307,-1.831673,0
340560,21.77928,1016.358,-3.235329,0
340569,-1,1016.266,-0.7399445,0
340579,-1,1016.245,-0.1680832,0
340589,-1,1016.266,-0.7399445,0
340599,21.77928,1016.367,-3.477928,0
340609,-1,1016.286,-1.277145,0
340620,21.77012,1016.245,-0.1680832,0
340629,-1,1016.346,-2.906075,0
340640,21.77012,1016.124,3.124428,0
340649,-1,1016.245,-0.1680832,0
340660,21.76554,1016.266,-0.7399445,0
340670,-1,1016.266,-0.7399445,0
340680,-1,1016.245,-0.1680832,0
340690,21.77928,1016.256,-0.462677,0
340700,-1,1016.205,0.9409714,0
340711,21.77012,1016.245,-0.1680832,0
340721,-1,1016.145,2.552574,0
340731,-1,1016.165,2.0327,0
340740,-1,1016.186,1.460846,0
340750,-1,1016.245,-0.1680832,0
340761,21.77012,1016.286,-1.277145,0
340772,-1,1016.186,1.460846,0
340781,-1,1016.266,-0.7399445,0
340792,21.77012,1016.205,0.9409714,0
340804,-1,1016.266,-0.7399445,0
340813,-1,1016.286,-1.277145,0
340822,-1,1016.245,-0.1680832,0
340831,-1,1016.245,-0.1680832,0
340841,21.77012,1016.307,-1.831673,0
340852,21.7747,1016.165,2.0327,0
340862,-1,1016.387,-4.032463,0
340873,21.77928,1016.377,-3.755196,0
340882,-1,1016.256,-0.462677,0
340893,21.77928,1016.166,1.980713,0
340902,-1,1016.245,-0.1680832,0
340913,21.77012,1016.186,1.460846,0
340924,-1,1016.266,-0.7399445,0
340933,-1,1016.245,-0.1680832,0
340943,21.77928,1016.205,0.9409714,0
340953,-1,1016.205,0.9409714,0
340963,-1,1016.245,-0.1680832,0
340974,21.77928,1016.296,-1.554413,0
340983,-1,1016.215,0.6463776,0
340994,21.77012,1016.265,-0.7052841,0
341004,-1,1016.245,-0.1680832,0
341014,21.77928,1016.256,-0.462677,0
341024,-1,1016.175,1.738106,0
341034,-1,1016.165,2.0327,0
341044,21.77928,1016.205,0.9409714,0
341055,21.77012,1016.235,0.1091766,0
341064,-1,1016.225,0.3864441,0
341075,21.77012,1016.245,-0.1680832,0
341085,-1,1016.165,2.0327,0
341095,-1,1016.186,1.460846,0
341105,21.77012,1016.205,0.9409714,0
341115,-1,1016.245,-0.1680832,0
341124,-1,1016.226,0.3517838,0
341135,21.77012,1016.165,2.0327,0
341145,-1,1016.205,0.9409714,0
341156,-1,1016.245,-0.1680832,0
341165,-1,1016.225,0.3864441,0
341175,-1,1016.347,-2.940735,0
341185,-1,1016.245,-0.1680832,0
341195,-1,1016.245,-0.1680832,0
341206,21.77928,1016.286,-1.277145,0
341215,-1,1016.205,0.9409714,0
341226,21.77012,1016.428,-5.141518,0
341236,-1,1016.245,-0.1680832,0
341247,21.77928,1016.144,2.587227,0
341256,-1,1016.346,-2.906075,0
341266,-1,1016.114,3.401695,0
341277,21.77012,1016.305,-1.814346,0
341287,-1,1016.245,-0.1680832,0
341297,-1,1016.336,-2.646141,0
341308,21.77012,1016.305,-1.814346,0
341317,-1,1016.245,-0.1680832,0
341328,21.7747,1016.165,2.0327,0
341338,-1,1016.165,2.0327,0
341347,-1,1016.165,2.0327,0
341357,-1,1016.245,-0.1680832,0
341367,21.77012,1016.235,0.1091766,0
341377,-1,1016.346,-2.906075,0
341388,-1,1016.184,1.495499,0
341397,-1,1016.245,-0.1680832,0
341408,21.77012,1016.286,-1.277145,0
341418,-1,1016.245,-0.1680832,0
341428,-1,1016.305,-1.814346,0
341438,-1,1016.245,-0.1680832,0
341448,-1,1016.386,-4.015129,0
341458,-1,1016.235,0.1091766,0
341468,-1,1016.286,-1.277145,0
341479,21.76096,1016.255,-0.4280243,0
341489,-1,1016.256,-0.462677,0
341499,-1,1016.165,2.0327,0
341510,21.76096,1016.245,-0.1680832,0
341530,21.76554,1016.286,-1.277145,0
341540,-1,1016.347,-2.940735,0
341551,-1,1016.326,-2.368874,0
341561,-1,1016.165,2.0327,0
341570,-1,1016.245,-0.1680832,0
341579,-1,1016.235,0.1091766,0
341590,-1,1016.326,-2.368874,0
341600,-1,1016.276,-0.9825516,0
341610,-1,1016.225,0.3864441,0
341621,-1,1016.133,2.881821,0
341632,-1,1016.184,1.495499,0
341642,-1,1016.305,-1.814346,0
341652,-1,1016.286,-1.277145,0
341662,-1,1016.144,2.587227,0
341672,-1,1016.326,-2.368874,0
341682,-1,1016.235,0.1091766,0
341692,-1,1016.286,-1.277145,0
341702,-1,1016.386,-4.015129,0
341712,-1,1016.346,-2.906075,0
341722,-1,1016.225,0.3864441,0
341732,-1,1016.184,1.495499,0
341742,-1,1016.316,-2.091606,0
341751,-1,1016.184,1.495499,0
341761,-1,1016.265,-0.7052841,0
341771,-1,1016.316,-2.091606,0
341782,21.76096,1016.235,0.1091766,0
341792,-1,1016.215,0.6463776,0
341803,-1,1016.245,-0.1680832,0
341813,-1,1016.326,-2.368874,0
341823,-1,1016.225,0.3864441,0
341833,-1,1016.226,0.3517838,0
341842,-1,1016.276,-0.9825516,0
341853,21.76096,1016.225,0.3864441,0
341862,-1,1016.245,-0.1680832,0
341873,21.76554,1016.397,-4.292397,0
341882,-1,1016.225,0.3864441,0
341893,21.75638,1016.407,-4.569664,0
341903,-1,1016.195,1.218239,0
341913,-1,1016.225,0.3864441,0
341923,-1,1016.174,1.772766,0
341933,-1,1016.265,-0.7052841,0
341943,-1,1016.284,-1.242485,0
341953,-1,1016.144,2.587227,0
341963,-1,1016.195,1.218239,0
341974,21.77012,1016.205,0.9409714,0
341985,21.77012,1016.184,1.495499,0
341994,-1,1016.225,0.3864441,0
342005,21.75638,1016.235,0.1091766,0
342016,-1,1016.265,-0.7052841,0
342025,-1,1016.123,3.159088,0
342035,-1,1016.225,0.3864441,0
342044,-1,1016.184,1.495499,0
342054,-1,1016.265,-0.7052841,0
342064,-1,1016.174,1.772766,0
342075,-1,1016.174,1.772766,0
342084,-1,1016.225,0.3864441,0
342095,-1,1016.305,-1.814346,0
342106,-1,1016.195,1.218239,0
342116,-1,1016.195,1.218239,0
342125,-1,1016.225,0.3864441,0
342135,-1,1016.265,-0.7052841,0
342145,-1,1016.335,-2.628807,0
342155,-1,1016.225,0.3864441,0
342165,-1,1016.265,-0.7052841,0
342175,-1,1016.184,1.495499,0
342186,21.77012,1016.356,-3.183342,0
342197,-1,1016.276,-0.9825516,0
342206,-1,1016.225,0.3864441,0
342216,-1,1016.326,-2.368874,0
342226,-1,1016.225,0.3864441,0
342236,-1,1016.225,0.3864441,0
342246,-1,1016.225,0.3864441,0
342257,21.76096,1016.346,-2.906075,0
342267,-1,1016.235,0.1091766,0
342277,-1,1016.225,0.3864441,0
342287,-1,1016.265,-0.7052841,0
342297,-1,1016.225,0.3864441,0
342307,-1,1016.265,-0.7052841,0
342317,-1,1016.225,0.3864441,0
342327,-1,1016.235,0.1091766,0
342338,21.76096,1016.326,-2.368874,0
342347,-1,1016.265,-0.7052841,0
342357,-1,1016.346,-2.906075,0
342367,-1,1016.204,0.9582977,0
342379,21.77012,1016.326,-2.368874,0
342389,-1,1016.326,-2.368874,0
342399,-1,1016.305,-1.814346,0
342409,-1,1016.316,-2.091606,0
342419,-1,1016.225,0.3864441,0
342428,-1,1016.326,-2.368874,0
342438,-1,1016.245,-0.1680832,0
342448,-1,1016.386,-4.015129,0
342458,-1,1016.184,1.495499,0
342470,21.76096,1016.225,0.3864441,0
342479,-1,1016.245,-0.1680832,0
342491,-1,1016.225,0.3864441,0
342500,-1,1016.214,0.6810379,0
342510,-1,1016.205,0.9409714,0
342521,-1,1016.204,0.9582977,0
342531,-1,1016.144,2.587227,0
342540,-1,1016.407,-4.569664,0
342550,-1,1016.316,-2.091606,0
342560,-1,1016.225,0.3864441,0
342570,-1,1016.235,0.1091766,0
342580,-1,1016.245,-0.1680832,0
342590,-1,1016.265,-0.7052841,0
342601,21.76096,1016.276,-0.9825516,0
342611,-1,1016.346,-2.906075,0
342621,-1,1016.305,-1.814346,0
342632,21.76096,1016.214,0.6810379,0
342642,-1,1016.255,-0.4280243,0
342651,-1,1016.163,2.06736,0
342661,-1,1016.265,-0.7052841,0
342672,21.76096,1016.386,-4.015129,0
342681,-1,1016.225,0.3864441,0
342691,-1,1016.265,-0.7052841,0
342701,-1,1016.235,0.1091766,0
342711,-1,1016.305,-1.814346,0
342721,-1,1016.305,-1.814346,0
342732,21.76096,1016.326,-2.368874,0
342742,-1,1016.235,0.1091766,0
342752,-1,1016.265,-0.7052841,0
342762,-1,1016.144,2.587227,0
342773,21.76096,1016.184,1.495499,0
342784,-1,1016.204,0.9582977,0
342794,-1,1016.265,-0.7052841,0
342804,-1,1016.305,-1.814346,0
342814,-1,1016.386,-4.015129,0
342823,-1,1016.367,-3.477928,0
342833,-1,1016.184,1.495499,0
342843,-1,1016.225,0.3864441,0
342853,-1,1016.346,-2.906075,0
342864,21.76554,1016.184,1.495499,0
342874,-1,1016.144,2.587227,0
342884,-1,1016.245,-0.1680832,0
342895,-1,1016.245,-0.1680832,0
342904,-1,1016.245,-0.1680832,0
342913,-1,1016.184,1.495499,0
342923,-1,1016.316,-2.091606,0
342934,21.76554,1016.235,0.1091766,0
342944,-1,1016.245,-0.1680832,0
342955,-1,1016.205,0.9409714,0
342965,-1,1016.326,-2.368874,0
342975,-1,1016.235,0.1091766,0
342984,-1,1016.265,-0.7052841,0
342995,21.76096,1016.276,-0.9825516,0
343005,-1,1016.225,0.3864441,0
343016,21.7747,1016.235,0.1091766,0
343026,-1,1016.346,-2.906075,0
343036,-1,1016.144,2.587227,0
343045,-1,1016.214,0.6810379,0
343055,-1,1016.316,-2.091606,0
343065,-1,1016.286,-1.277145,0
343076,21.76096,1016.184,1.495499,0
343086,-1,1016.245,-0.1680832,0
343096,-1,1016.245,-0.1680832,0
343106,-1,1016.154,2.309967,0
343116,-1,1016.184,1.495499,0
343126,21.77012,1016.286,-1.277145,0
343136,-1,1016.235,0.1091766,0
343146,-1,1016.165,2.0327,0
343158,-1,1016.397,-4.292397,0
343168,-1,1016.245,-0.1680832,0
343178,-1,1016.245,-0.1680832,0
343188,-1,1016.286,-1.277145,0
343198,-1,1016.245,-0.1680832,0
343207,-1,1016.256,-0.462677,0
343227,-1,1016.245,-0.1680832,0
343237,-1,1016.286,-1.277145,0
343247,-1,1016.347,-2.940735,0
343258,-1,1016.165,2.0327,0
343268,-1,1016.154,2.309967,0
343277,-1,1016.245,-0.1680832,0
343288,21.76554,1016.225,0.3864441,0
343299,-1,1016.367,-3.477928,0
343310,-1,1016.195,1.218239,0
343319,-1,1016.165,2.0327,0
343328,-1,1016.184,1.495499,0
343338,-1,1016.367,-3.477928,0
343348,-1,1016.316,-2.091606,0
343358,-1,1016.266,-0.7399445,0
343368,-1,1016.407,-4.569664,0
343379,21.76096,1016.307,-1.831673,0
343389,-1,1016.225,0.3864441,0
343399,-1,1016.205,0.9409714,0
343410,21.77012,1016.245,-0.1680832,0
343420,-1,1016.205,0.9409714,0
343430,-1,1016.266,-0.7399445,0
343439,-1,1016.245,-0.1680832,0
343450,-1,1016.286,-1.277145,0
343460,-1,1016.165,2.0327,0
343470,-1,1016.286,-1.277145,0
343479,-1,1016.165,2.0327,0
343490,-1,1016.184,1.495499,0
343501,-1,1016.205,0.9409714,0
343510,-1,1016.305,-1.814346,0
343520,21.76554,1016.225,0.3864441,0
343530,-1,1016.184,1.495499,0
343541,-1,1016.205,0.9409714,0
343551,-1,1016.286,-1.277145,0
343560,-1,1016.296,-1.554413,0
343571,21.7747,1016.286,-1.277145,0
343582,21.77012,1016.165,2.0327,0
343591,-1,1016.347,-2.940735,0
343602,21.77012,1016.175,1.738106,0
343611,-1,1016.245,-0.1680832,0
343621,-1,1016.226,0.3517838,0
343632,21.77928,1016.205,0.9409714,0
343642,-1,1016.256,-0.462677,0
343652,-1,1016.286,-1.277145,0
343663,21.77928,1016.226,0.3517838,0
343672,-1,1016.135,2.847168,0
343682,-1,1016.245,-0.1680832,0
343693,21.7747,1016.245,-0.1680832,0
343703,-1,1016.215,0.6463776,0
343713,-1,1016.407,-4.569664,0
343723,-1,1016.417,-4.846924,0
343733,-1,1016.286,-1.277145,0
343742,-1,1016.154,2.309967,0
343754,21.77012,1016.245,-0.1680832,0
343763,-1,1016.367,-3.477928,0
343773,-1,1016.245,-0.1680832,0
343783,-1,1016.215,0.6463776,0
343794,-1,1016.205,0.9409714,0
343803,-1,1016.165,2.0327,0
343814,21.77012,1016.215,0.6463776,0
343824,-1,1016.387,-4.032463,0
343834,-1,1016.326,-2.368874,0
343844,-1,1016.326,-2.368874,0
343854,-1,1016.205,0.9409714,0
343865,21.77012,1016.266,-0.7399445,0
343875,-1,1016.226,0.3517838,0
343884,-1,1016.245,-0.1680832,0
343895,21.77012,1016.347,-2.940735,0
343905,-1,1016.266,-0.7399445,0
343915,-1,1016.245,-0.1680832,0
343925,-1,1016.175,1.738106,0
343935,-1,1016.245,-0.1680832,0
343946,21.76554,1016.245,-0.1680832,0
343956,-1,1016.286,-1.277145,0
343966,-1,1016.245,-0.1680832,0
343976,-1,1016.276,-0.9825516,0
343985,-1,1016.307,-1.831673,0
343996,-1,1016.205,0.9409714,0
344007,21.77012,1016.326,-2.368874,0
344016,-1,1016.367,-3.477928,0
344026,-1,1016.245,-0.1680832,0
344036,-1,1016.266,-0.7399445,0
344046,21.7747,1016.205,0.9409714,0
344057,-1,1016.266,-0.7399445,0
344067,-1,1016.245,-0.1680832,0
344077,-1,1016.205,0.9409714,0
344087,-1,1016.245,-0.1680832,0
344098,-1,1016.256,-0.462677,0
344108,-1,1016.245,-0.1680832,0
344118,-1,1016.215,0.6463776,0
344127,-1,1016.226,0.3517838,0
344137,-1,1016.245,-0.1680832,0
344148,-1,1016.154,2.309967,0
344158,-1,1016.276,-0.9825516,0
344168,-1,1016.245,-0.1680832,0
344178,-1,1016.215,0.6463776,0
344188,-1,1016.105,3.661629,0
344198,-1,1016.266,-0.7399445,0
344209,21.77012,1016.256,-0.462677,0
344220,-1,1016.245,-0.1680832,0
344229,-1,1016.175,1.738106,0
344239,21.7747,1016.205,0.9409714,0
344248,-1,1016.307,-1.831673,0
344259,21.77012,1016.367,-3.477928,0
344270,-1,1016.235,0.1091766,0
344280,-1,1016.266,-0.7399445,0
344289,-1,1016.235,0.1091766,0
344299,-1,1016.286,-1.277145,0
344309,-1,1016.245,-0.1680832,0
344320,21.77012,1016.186,1.460846,0
344330,-1,1016.256,-0.462677,0
344339,-1,1016.307,-1.831673,0
344349,-1,1016.307,-1.831673,0
344359,21.77928,1016.286,-1.277145,0
344370,21.77928,1016.235,0.1091766,0
344379,-1,1016.245,-0.1680832,0
344390,-1,1016.165,2.0327,0
344400,21.7747,1016.186,1.460846,0
344411,21.77012,1016.266,-0.7399445,0
344421,-1,1016.226,0.3517838,0
344431,-1,1016.245,-0.1680832,0
344442,-1,1016.245,-0.1680832,0
344451,-1,1016.326,-2.368874,0
344461,-1,1016.245,-0.1680832,0
344472,-1,1016.245,-0.1680832,0
344481,-1,1016.256,-0.462677,0
344490,-1,1016.245,-0.1680832,0
344501,-1,1016.215,0.6463776,0
344512,21.77012,1016.336,-2.646141,0
344521,-1,1016.367,-3.477928,0
344531,-1,1016.266,-0.7399445,0
344541,-1,1016.165,2.0327,0
344551,-1,1016.256,-0.462677,0
344562,-1,1016.358,-3.235329,0
344572,-1,1016.387,-4.032463,0
344582,-1,1016.245,-0.1680832,0
344592,-1,1016.245,-0.1680832,0
344603,-1,1016.307,-1.831673,0
344612,-1,1016.307,-1.831673,0
344623,21.77012,1016.296,-1.554413,0
344633,-1,1016.205,0.9409714,0
344643,-1,1016.326,-2.368874,0
344653,-1,1016.277,-1.034538,0
344664,21.77928,1016.266,-0.7399445,0
344673,-1,1016.377,-3.755196,0
344683,-1,1016.266,-0.7399445,0
344694,21.77012,1016.226,0.3517838,0
344703,-1,1016.245,-0.1680832,0
344713,-1,1016.266,-0.7399445,0
344724,-1,1016.307,-1.831673,0
344734,-1,1016.296,-1.554413,0
344744,-1,1016.186,1.460846,0
344754,-1,1016.215,0.6463776,0
344765,-1,1016.186,1.460846,0
344775,21.77012,1016.205,0.9409714,0
344784,-1,1016.165,2.0327,0
344794,-1,1016.205,0.9409714,0
344805,21.77928,1016.215,0.6463776,0
344816,-1,1016.326,-2.368874,0
344826,-1,1016.165,2.0327,0
344836,-1,1016.256,-0.462677,0
344845,-1,1016.317,-2.126266,0
344855,-1,1016.205,0.9409714,0
344865,-1,1016.266,-0.7399445,0
344885,21.7747,1016.205,0.9409714,0
344896,-1,1016.266,-0.7399445,0
344905,-1,1016.307,-1.831673,0
344916,21.77928,1016.286,-1.277145,0
344926,-1,1016.347,-2.940735,0
344937,21.77012,1016.266,-0.7399445,0
344947,-1,1016.266,-0.7399445,0
344957,-1,1016.124,3.124428,0
344967,-1,1016.307,-1.831673,0
344976,-1,1016.175,1.738106,0
344987,-1,1016.186,1.460846,0
344996,-1,1016.236,0.0745163,0
345007,21.77012,1016.347,-2.940735,0
345018,-1,1016.215,0.6463776,0
345027,-1,1016.247,-0.2027435,0
345037,-1,1016.286,-1.277145,0
345048,21.77012,1016.245,-0.1680832,0
345057,-1,1016.245,-0.1680832,0
345068,-1,1016.245,-0.1680832,0
345077,-1,1016.205,0.9409714,0
345088,21.77928,1016.266,-0.7399445,0
345098,-1,1016.287,-1.311806,0
345109,21.77928,1016.205,0.9409714,0
345118,-1,1016.266,-0.7399445,0
345129,-1,1016.205,0.9409714,0
345138,-1,1016.205,0.9409714,0
345148,-1,1016.245,-0.1680832,0
345159,21.77928,1016.266,-0.7399445,0
345169,-1,1016.205,0.9409714,0
345179,-1,1016.326,-2.368874,0
345189,-1,1016.226,0.3517838,0
345199,-1,1016.245,-0.1680832,0
345209,21.77928,1016.245,-0.1680832,0
345220,-1,1016.245,-0.1680832,0
345230,-1,1016.175,1.738106,0
345241,-1,1016.256,-0.462677,0
345250,-1,1016.326,-2.368874,0
345260,-1,1016.245,-0.1680832,0
345270,-1,1016.215,0.6463776,0
345280,-1,1016.175,1.738106,0
345291,21.7747,1016.215,0.6463776,0
345300,-1,1016.307,-1.831673,0
345310,-1,1016.245,-0.1680832,0
345321,21.77928,1016.226,0.3517838,0
345331,-1,1016.186,1.460846,0
345341,-1,1016.226,0.3517838,0
345351,-1,1016.186,1.460846,0
345362,-1,1016.226,0.3517838,0
345370,-1,1016.296,-1.554413,0
345381,-1,1016.186,1.460846,0
345391,-1,1016.165,2.0327,0
345401,-1,1016.266,-0.7399445,0
345412,21.77012,1016.287,-1.311806,0
345421,-1,1016.266,-0.7399445,0
345431,-1,1016.266,-0.7399445,0
345441,-1,1016.266,-0.7399445,0
345451,-1,1016.186,1.460846,0
345462,21.77928,1016.175,1.738106,0
345472,-1,1016.226,0.3517838,0
345482,-1,1016.307,-1.831673,0
345492,-1,1016.226,0.3517838,0
345502,-1,1016.277,-1.034538,0
345513,-1,1016.205,0.9409714,0
345523,-1,1016.347,-2.940735,0
345533,21.77012,1016.145,2.552574,0
345543,-1,1016.196,1.166252,0
345552,-1,1016.317,-2.126266,0
345562,-1,1016.328,-2.403534,0
345572,-1,1016.226,0.3517838,0
345583,21.77928,1016.266,-0.7399445,0
345593,-1,1016.186,1.460846,0
345603,-1,1016.245,-0.1680832,0
345614,-1,1016.226,0.3517838,0
345623,-1,1016.266,-0.7399445,0
345634,21.77928,1016.438,-5.436111,0
345644,-1,1016.407,-4.569664,0
345654,-1,1016.317,-2.126266,0
345665,21.77928,1016.277,-1.034538,0
345674,-1,1016.307,-1.831673,0
345684,21.78844,1016.277,-1.034538,0
345694,-1,1016.205,0.9409714,0
345704,-1,1016.358,-3.235329,0
345715,-1,1016.266,-0.7399445,0
345726,21.77928,1016.226,0.3517838,0
345736,-1,1016.186,1.460846,0
345745,-1,1016.307,-1.831673,0
345755,-1,1016.205,0.9409714,0
345765,-1,1016.266,-0.7399445,0
345775,-1,1016.126,3.089767,0
345785,-1,1016.277,-1.034538,0
345795,-1,1016.186,1.460846,0
345805,-1,1016.207,0.8889847,0
345816,21.78844,1016.347,-2.940735,0
345826,-1,1016.266,-0.7399445,0
345837,21.78386,1016.186,1.460846,0
345846,-1,1016.236,0.0745163,0
345857,-1,1016.307,-1.831673,0
345868,-1,1016.166,1.980713,0
345878,-1,1016.266,-0.7399445,0
345889,-1,1016.236,0.0745163,0
345899,-1,1016.368,-3.512589,0
345909,-1,1016.266,-0.7399445,0
345919,-1,1016.236,0.0745163,0
345930,-1,1016.328,-2.403534,0
345942,21.77928,1016.368,-3.512589,0
345952,21.77928,1016.145,2.552574,0
345962,-1,1016.196,1.166252,0
345972,-1,1016.166,1.980713,0
345983,21.78386,1016.387,-4.032463,0
345993,-1,1016.368,-3.512589,0
346003,-1,1016.186,1.460846,0
346013,-1,1016.226,0.3517838,0
346024,21.77928,1016.226,0.3517838,0
346033,-1,1016.307,-1.831673,0
346044,21.78844,1016.166,1.980713,0
346054,-1,1016.236,0.0745163,0
346064,-1,1016.186,1.460846,0
346073,-1,1016.186,1.460846,0
346084,21.78386,1016.266,-0.7399445,0
346094,-1,1016.236,0.0745163,0
346104,-1,1016.266,-0.7399445,0
346114,-1,1016.336,-2.646141,0
346124,-1,1016.205,0.9409714,0
346135,-1,1016.145,2.552574,0
346146,-1,1016.226,0.3517838,0
346160,21.77928,1016.186,1.460846,0
346169,-1,1016.266,-0.7399445,0
346182,-1,1016.196,1.166252,0
346196,-1,1016.245,-0.1680832,0
346206,-1,1016.277,-1.034538,0
346217,-1,1016.307,-1.831673,0
346228,-1,1016.215,0.6463776,0
346241,21.78386,1016.347,-2.940735,0
346256,21.78386,1016.328,-2.403534,0
346266,21.78386,1016.358,-3.235329,0
346275,-1,1016.236,0.0745163,0
346287,21.79302,1016.145,2.552574,0
346296,-1,1016.245,-0.1680832,0
346306,-1,1016.266,-0.7399445,0
346316,-1,1016.266,-0.7399445,0
346327,21.77928,1016.115,3.367035,0
346337,-1,1016.226,0.3517838,0
346346,-1,1016.226,0.3517838,0
346357,21.78386,1016.226,0.3517838,0
346367,-1,1016.277,-1.034538,0
346376,-1,1016.165,2.0327,0
346387,-1,1016.287,-1.311806,0
346398,21.78386,1016.226,0.3517838,0
346407,-1,1016.326,-2.368874,0
346418,-1,1016.235,0.1091766,0
346428,21.78844,1016.368,-3.512589,0
346438,-1,1016.296,-1.554413,0
346448,-1,1016.266,-0.7399445,0
346457,-1,1016.186,1.460846,0
346469,21.78386,1016.317,-2.126266,0
346478,-1,1016.226,0.3517838,0
346488,-1,1016.226,0.3517838,0
346499,-1,1016.347,-2.940735,0
346508,-1,1016.287,-1.311806,0
346519,21.78386,1016.226,0.3517838,0
346539,21.78844,1016.328,-2.403534,0
346548,-1,1016.226,0.3517838,0
346559,21.78844,1016.207,0.8889847,0
346569,-1,1016.347,-2.940735,0
346579,-1,1016.287,-1.311806,0
346590,21.77928,1016.277,-1.034538,0
346599,-1,1016.367,-3.477928,0
346610,21.78844,1016.186,1.460846,0
346620,-1,1016.207,0.8889847,0
346630,-1,1016.266,-0.7399445,0
346640,-1,1016.277,-1.034538,0
346650,21.77928,1016.387,-4.032463,0
346661,-1,1016.409,-4.604317,0
346671,21.77928,1016.236,0.0745163,0
346682,-1,1016.226,0.3517838,0
346691,-1,1016.266,-0.7399445,0
346702,-1,1016.186,1.460846,0
346711,-1,1016.226,0.3517838,0
346722,-1,1016.277,-1.034538,0
346732,-1,1016.307,-1.831673,0
346743,-1,1016.145,2.552574,0
346753,-1,1016.287,-1.311806,0
346762,-1,1016.196,1.166252,0
346772,-1,1016.266,-0.7399445,0
346783,-1,1016.145,2.552574,0
346792,-1,1016.277,-1.034538,0
346802,-1,1016.207,0.8889847,0
346812,-1,1016.196,1.166252,0
346822,-1,1016.186,1.460846,0
346833,21.78386,1016.236,0.0745163,0
346844,-1,1016.347,-2.940735,0
346854,-1,1016.105,3.661629,0
346864,-1,1016.166,1.980713,0
346873,-1,1016.287,-1.311806,0
346883,-1,1016.145,2.552574,0
346894,-1,1016.266,-0.7399445,0
346904,-1,1016.277,-1.034538,0
346914,-1,1016.207,0.8889847,0
346925,-1,1016.186,1.460846,0
346934,-1,1016.266,-0.7399445,0
346944,-1,1016.266,-0.7399445,0
346954,-1,1016.287,-1.311806,0
346964,-1,1016.186,1.460846,0
346974,-1,1016.226,0.3517838,0
346985,21.78386,1016.287,-1.311806,0
346995,-1,1016.186,1.460846,0
347005,-1,1016.266,-0.7399445,0
347014,-1,1016.186,1.460846,0
347024,-1,1016.277,-1.034538,0
347034,-1,1016.298,-1.589066,0
347044,-1,1016.307,-1.831673,0
347055,21.77928,1016.226,0.3517838,0
347066,-1,1016.196,1.166252,0
347075,-1,1016.287,-1.311806,0
347085,-1,1016.287,-1.311806,0
347095,-1,1016.247,-0.2027435,0
347105,-1,1016.287,-1.311806,0
347115,-1,1016.186,1.460846,0
347125,-1,1016.226,0.3517838,0
347136,-1,1016.207,0.8889847,0
347146,-1,1016.277,-1.034538,0
347158,-1,1016.247,-0.2027435,0
347168,-1,1016.287,-1.311806,0
347178,-1,1016.277,-1.034538,0
347187,-1,1016.328,-2.403534,0
347197,-1,1016.266,-0.7399445,0
347207,-1,1016.207,0.8889847,0
347217,-1,1016.196,1.166252,0
347227,-1,1016.277,-1.034538,0
347238,-1,1016.196,1.166252,0
347248,-1,1016.277,-1.034538,0
347257,-1,1016.207,0.8889847,0
347267,21.78844,1016.226,0.3517838,0
347278,-1,1016.277,-1.034538,0
347288,-1,1016.328,-2.403534,0
347299,-1,1016.266,-0.7399445,0
347309,-1,1016.186,1.460846,0
347319,-1,1016.247,-0.2027435,0
347329,-1,1016.207,0.8889847,0
347339,-1,1016.226,0.3517838,0
347349,-1,1016.358,-3.235329,0
347360,-1,1016.277,-1.034538,0
347370,-1,1016.226,0.3517838,0
347379,-1,1016.207,0.8889847,0
347388,-1,1016.196,1.166252,0
347398,-1,1016.196,1.166252,0
347409,21.78844,1016.277,-1.034538,0
347418,-1,1016.266,-0.7399445,0
347430,21.77928,1016.186,1.460846,0
347440,-1,1016.196,1.166252,0
347450,-1,1016.196,1.166252,0
347459,-1,1016.347,-2.940735,0
347469,-1,1016.226,0.3517838,0
347479,-1,1016.186,1.460846,0
347489,-1,1016.277,-1.034538,0
347499,-1,1016.317,-2.126266,0
347509,-1,1016.226,0.3517838,0
347520,-1,1016.186,1.460846,0
347530,-1,1016.186,1.460846,0
347540,-1,1016.226,0.3517838,0
347551,21.78386,1016.287,-1.311806,0
347560,-1,1016.226,0.3517838,0
347571,21.78844,1016.226,0.3517838,0
347581,-1,1016.236,0.0745163,0
347591,-1,1016.268,-0.7919312,0
347601,-1,1016.226,0.3517838,0
347611,-1,1016.328,-2.403534,0
347622,-1,1016.207,0.8889847,0
347632,-1,1016.247,-0.2027435,0
347642,-1,1016.298,-1.589066,0
347651,-1,1016.287,-1.311806,0
347661,-1,1016.247,-0.2027435,0
347672,21.79302,1016.368,-3.512589,0
347682,-1,1016.328,-2.403534,0
347692,-1,1016.266,-0.7399445,0
347703,-1,1016.277,-1.034538,0
347712,-1,1016.287,-1.311806,0
347723,-1,1016.287,-1.311806,0
347732,-1,1016.328,-2.403534,0
347742,-1,1016.236,0.0745163,0
347753,21.78386,1016.338,-2.698128,0
347764,-1,1016.186,1.460846,0
347774,-1,1016.186,1.460846,0
347784,-1,1016.236,0.0745163,0
347795,-1,1016.287,-1.311806,0
347805,-1,1016.196,1.166252,0
347815,-1,1016.328,-2.403534,0
347825,-1,1016.317,-2.126266,0
347836,-1,1016.368,-3.512589,0
347846,-1,1016.409,-4.604317,0
347856,-1,1016.287,-1.311806,0
347865,-1,1016.398,-4.327057,0
347875,-1,1016.277,-1.034538,0
347886,-1,1016.226,0.3517838,0
347896,-1,1016.226,0.3517838,0
347905,-1,1016.266,-0.7399445,0
347914,-1,1016.226,0.3517838,0
347925,21.78386,1016.328,-2.403534,0
347935,-1,1016.317,-2.126266,0
347944,-1,1016.196,1.166252,0
347955,-1,1016.328,-2.403534,0
347965,-1,1016.207,0.8889847,0
347974,-1,1016.398,-4.327057,0
347986,21.78386,1016.236,0.0745163,0
347996,-1,1016.226,0.3517838,0
348006,-1,1016.287,-1.311806,0
348017,-1,1016.266,-0.7399445,0
348027,-1,1016.226,0.3517838,0
348037,-1,1016.287,-1.311806,0
348047,-1,1016.277,-1.034538,0
348057,-1,1016.266,-0.7399445,0
348068,-1,1016.266,-0.7399445,0
348078,-1,1016.287,-1.311806,0
348089,-1,1016.247,-0.2027435,0
348099,-1,1016.317,-2.126266,0
348111,21.78844,1016.307,-1.831673,0
348121,-1,1016.266,-0.7399445,0
348132,21.78386,1016.266,-0.7399445,0
348142,-1,1016.266,-0.7399445,0
348152,-1,1016.287,-1.311806,0
348162,-1,1016.207,0.8889847,0
348173,-1,1016.247,-0.2027435,0
348182,-1,1016.347,-2.940735,0
348192,-1,1016.358,-3.235329,0
348202,-1,1016.266,-0.7399445,0
348213,21.78844,1016.266,-0.7399445,0
348223,-1,1016.347,-2.940735,0
348232,-1,1016.347,-2.940735,0
348252,21.77928,1016.409,-4.604317,0
348263,21.78844,1016.317,-2.126266,0
348274,-1,1016.247,-0.2027435,0
348283,-1,1016.226,0.3517838,0
348294,-1,1016.287,-1.311806,0
348303,-1,1016.287,-1.311806,0
348313,-1,1016.307,-1.831673,0
348323,21.78844,1016.236,0.0745163,0
348334,-1,1016.266,-0.7399445,0
348345,21.77928,1016.287,-1.311806,0
348355,-1,1016.247,-0.2027435,0
348365,-1,1016.307,-1.831673,0
348374,-1,1016.165,2.0327,0
348384,-1,1016.317,-2.126266,0
348395,21.78386,1016.266,-0.7399445,0
348406,-1,1016.347,-2.940735,0
348416,-1,1016.277,-1.034538,0
348425,-1,1016.449,-5.713379,0
348435,-1,1016.307,-1.831673,0
348446,21.77928,1016.256,-0.462677,0
348456,-1,1016.287,-1.311806,0
348466,-1,1016.328,-2.403534,0
348475,-1,1016.277,-1.034538,0
348486,21.77928,1016.287,-1.311806,0
348497,-1,1016.226,0.3517838,0
348507,-1,1016.247,-0.2027435,0
348518,-1,1016.186,1.460846,0
348529,-1,1016.287,-1.311806,0
348539,-1,1016.307,-1.831673,0
348551,21.78844,1016.317,-2.126266,0
348562,21.78844,1016.205,0.9409714,0
348572,-1,1016.307,-1.831673,0
348582,-1,1016.307,-1.831673,0
348592,-1,1016.266,-0.7399445,0
348603,21.78844,1016.247,-0.2027435,0
348613,-1,1016.277,-1.034538,0
348623,-1,1016.347,-2.940735,0
348633,-1,1016.409,-4.604317,0
348643,-1,1016.387,-4.032463,0
348653,-1,1016.368,-3.512589,0
348662,-1,1016.126,3.089767,0
348673,21.79302,1016.307,-1.831673,0
348684,21.77928,1016.287,-1.311806,0
348694,-1,1016.287,-1.311806,0
348705,-1,1016.387,-4.032463,0
348715,-1,1016.266,-0.7399445,0
348724,-1,1016.277,-1.034538,0
348735,-1,1016.196,1.166252,0
348745,-1,1016.317,-2.126266,0
348755,-1,1016.277,-1.034538,0
348764,-1,1016.266,-0.7399445,0
348775,21.77928,1016.236,0.0745163,0
348785,-1,1016.207,0.8889847,0
348795,-1,1016.207,0.8889847,0
348805,-1,1016.207,0.8889847,0
348815,-1,1016.236,0.0745163,0
348825,-1,1016.277,-1.034538,0
348835,-1,1016.368,-3.512589,0
348844,-1,1016.247,-0.2027435,0
348854,-1,1016.287,-1.311806,0
348865,21.78844,1016.266,-0.7399445,0
348875,-1,1016.277,-1.034538,0
348885,-1,1016.287,-1.311806,0
348896,21.78844,1016.287,-1.311806,0
348906,-1,1016.247,-0.2027435,0
348915,-1,1016.328,-2.403534,0
348926,21.78386,1016.196,1.166252,0
348936,-1,1016.277,-1.034538,0
348947,-1,1016.287,-1.311806,0
348956,-1,1016.236,0.0745163,0
348966,-1,1016.287,-1.311806,0
348977,21.78386,1016.328,-2.403534,0
348986,-1,1016.409,-4.604317,0
348997,21.77928,1016.277,-1.034538,0
349007,-1,1016.207,0.8889847,0
349017,-1,1016.317,-2.126266,0
349027,-1,1016.287,-1.311806,0
349038,-1,1016.207,0.8889847,0
349048,-1,1016.247,-0.2027435,0
349058,-1,1016.217,0.6117172,0
349068,-1,1016.247,-0.2027435,0
349078,-1,1016.247,-0.2027435,0
349087,-1,1016.277,-1.034538,0
349097,21.7976,1016.277,-1.034538,0
349108,21.79302,1016.328,-2.403534,0
349118,-1,1016.287,-1.311806,0
349128,-1,1016.368,-3.512589,0
349139,-1,1016.196,1.166252,0
349148,-1,1016.287,-1.311806,0
349159,-1,1016.277,-1.034538,0
349169,-1,1016.207,0.8889847,0
349179,-1,1016.307,-1.831673,0
349190,-1,1016.308,-1.883659,0
349199,-1,1016.257,-0.4973373,0
349210,-1,1016.207,0.8889847,0
349219,-1,1016.217,0.6117172,0
349230,-1,1016.307,-1.831673,0
349240,-1,1016.277,-1.034538,0
349250,-1,1016.328,-2.403534,0
349260,-1,1016.207,0.8889847,0
349270,-1,1016.186,1.460846,0
349280,-1,1016.207,0.8889847,0
349289,-1,1016.257,-0.4973373,0
349300,-1,1016.207,0.8889847,0
349311,-1,1016.196,1.166252,0
349320,-1,1016.287,-1.311806,0
349331,21.79302,1016.409,-4.604317,0
349341,-1,1016.298,-1.589066,0
349352,-1,1016.287,-1.311806,0
349361,-1,1016.328,-2.403534,0
349372,-1,1016.287,-1.311806,0
349382,-1,1016.236,0.0745163,0
349392,-1,1016.287,-1.311806,0
349401,-1,1016.207,0.8889847,0
349411,-1,1016.409,-4.604317,0
349421,-1,1016.207,0.8889847,0
349432,21.7976,1016.247,-0.2027435,0
349442,-1,1016.247,-0.2027435,0
349452,-1,1016.247,-0.2027435,0
349461,-1,1016.368,-3.512589,0
349472,-1,1016.247,-0.2027435,0
349482,-1,1016.196,1.166252,0
349491,-1,1016.277,-1.034538,0
349502,21.7976,1016.247,-0.2027435,0
349512,-1,1016.409,-4.604317,0
349522,-1,1016.207,0.8889847,0
349533,21.79302,1016.207,0.8889847,0
349543,-1,1016.328,-2.403534,0
349553,-1,1016.207,0.8889847,0
349563,-1,1016.379,-3.789856,0
349573,21.78844,1016.227,0.3171234,0
349583,-1,1016.207,0.8889847,0
349593,-1,1016.287,-1.311806,0
349603,-1,1016.207,0.8889847,0
349614,21.79302,1016.247,-0.2027435,0
349624,-1,1016.277,-1.034538,0
349633,-1,1016.409,-4.604317,0
349643,21.7976,1016.257,-0.4973373,0
349653,-1,1016.257,-0.4973373,0
349664,21.78386,1016.277,-1.034538,0
349674,-1,1016.328,-2.403534,0
349684,-1,1016.287,-1.311806,0
349695,21.78844,1016.207,0.8889847,0
349706,-1,1016.328,-2.403534,0
349715,-1,1016.298,-1.589066,0
349726,-1,1016.227,0.3171234,0
349735,-1,1016.257,-0.4973373,0
349745,-1,1016.207,0.8889847,0
349755,-1,1016.298,-1.589066,0
349765,-1,1016.247,-0.2027435,0
349774,-1,1016.247,-0.2027435,0
349786,21.79302,1016.308,-1.883659,0
349795,-1,1016.287,-1.311806,0
349806,21.78844,1016.347,-2.940735,0
349816,-1,1016.236,0.0745163,0
349827,-1,1016.317,-2.126266,0
349837,-1,1016.328,-2.403534,0
349847,-1,1016.368,-3.512589,0
349857,-1,1016.328,-2.403534,0
349867,-1,1016.247,-0.2027435,0
349877,-1,1016.287,-1.311806,0
349886,-1,1016.177,1.703445,0
349896,-1,1016.298,-1.589066,0
349915,21.78844,1016.277,-1.034538,0
349924,-1,1016.217,0.6117172,0
349934,-1,1016.207,0.8889847,0
349943,-1,1016.207,0.8889847,0
349952,-1,1016.247,-0.2027435,0
349963,21.79302,1016.207,0.8889847,0
349972,-1,1016.247,-0.2027435,0
349982,-1,1016.207,0.8889847,0
349994,-1,1016.308,-1.883659,0
350003,-1,1016.166,1.980713,0
350012,-1,1016.187,1.408852,0
350022,-1,1016.268,-0.7919312,0
350033,-1,1016.308,-1.883659,0
350043,-1,1016.207,0.8889847,0
350053,-1,1016.268,-0.7919312,0
350063,-1,1016.247,-0.2027435,0
350074,21.79302,1016.287,-1.311806,0
350085,-1,1016.257,-0.4973373,0
350095,-1,1016.207,0.8889847,0
350105,-1,1016.207,0.8889847,0
350115,-1,1016.207,0.8889847,0
350124,-1,1016.177,1.703445,0
350135,-1,1016.338,-2.698128,0
350145,-1,1016.338,-2.698128,0
350155,-1,1016.207,0.8889847,0
350165,-1,1016.298,-1.589066,0
350176,-1,1016.247,-0.2027435,0
350186,-1,1016.147,2.517914,0
350196,-1,1016.247,-0.2027435,0
350206,-1,1016.308,-1.883659,0
350216,-1,1016.207,0.8889847,0
350226,-1,1016.247,-0.2027435,0
350236,-1,1016.308,-1.883659,0
350246,-1,1016.268,-0.7919312,0
350256,-1,1016.349,-2.992722,0
350266,-1,1016.349,-2.992722,0
350275,-1,1016.217,0.6117172,0
350285,-1,1016.308,-1.883659,0
350295,-1,1016.257,-0.4973373,0
350306,21.78844,1016.187,1.408852,0
350316,21.80218,1016.126,3.089767,0
350326,21.7976,1016.257,-0.4973373,0
350337,-1,1016.177,1.703445,0
350347,-1,1016.268,-0.7919312,0
350357,-1,1016.198,1.131592,0
350367,-1,1016.166,1.980713,0
350377,-1,1016.217,0.6117172,0
350387,-1,1016.207,0.8889847,0
350396,-1,1016.379,-3.789856,0
350406,-1,1016.287,-1.311806,0
350417,21.7976,1016.338,-2.698128,0
350427,-1,1016.328,-2.403534,0
350437,-1,1016.308,-1.883659,0
350447,-1,1016.136,2.812508,0
350457,-1,1016.268,-0.7919312,0
350468,-1,1016.298,-1.589066,0
350477,-1,1016.298,-1.589066,0
350487,-1,1016.257,-0.4973373,0
350497,-1,1016.308,-1.883659,0
350507,-1,1016.268,-0.7919312,0
350518,-1,1016.207,0.8889847,0
350529,-1,1016.187,1.408852,0
350538,-1,1016.217,0.6117172,0
350548,-1,1016.187,1.408852,0
350557,-1,1016.227,0.3171234,0
350568,-1,1016.308,-1.883659,0
350579,21.80218,1016.308,-1.883659,0
350588,-1,1016.227,0.3171234,0
350598,-1,1016.41,-4.656303,0
350608,-1,1016.298,-1.589066,0
350619,-1,1016.217,0.6117172,0
350629,-1,1016.268,-0.7919312,0
350639,-1,1016.207,0.8889847,0
350649,-1,1016.329,-2.455521,0
350658,-1,1016.329,-2.455521,0
350670,21.78844,1016.308,-1.883659,0
350680,21.79302,1016.217,0.6117172,0
350690,-1,1016.238,0.03986359,0
350699,-1,1016.208,0.8543243,0
350709,-1,1016.227,0.3171234,0
350720,-1,1016.308,-1.883659,0
350730,-1,1016.147,2.517914,0
350740,-1,1016.238,0.03986359,0
350750,-1,1016.217,0.6117172,0
350761,21.7976,1016.308,-1.883659,0
350770,-1,1016.227,0.3171234,0
350781,21.80676,1016.268,-0.7919312,0
350791,-1,1016.187,1.408852,0
350801,-1,1016.359,-3.269981,0
350811,-1,1016.298,-1.589066,0
350821,-1,1016.227,0.3171234,0
350831,21.80218,1016.349,-2.992722,0
350841,-1,1016.227,0.3171234,0
350851,-1,1016.217,0.6117172,0
350862,21.80676,1016.248,-0.2547302,0
350871,-1,1016.227,0.3171234,0
350882,21.80218,1016.289,-1.346458,0
350892,21.80676,1016.42,-4.933571,0
350902,21.7976,1016.349,-2.992722,0
350912,21.80676,1016.227,0.3171234,0
350922,-1,1016.198,1.131592,0
350932,21.80676,1016.289,-1.346458,0
350943,21.7976,1016.359,-3.269981,0
350952,-1,1016.319,-2.160927,0
350962,-1,1016.298,-1.589066,0
350973,21.80676,1016.339,-2.73278,0
350983,-1,1016.238,0.03986359,0
350993,-1,1016.329,-2.455521,0
351003,21.80218,1016.329,-2.455521,0
351013,-1,1016.319,-2.160927,0
351023,-1,1016.278,-1.069199,0
351033,-1,1016.289,-1.346458,0
351044,-1,1016.238,0.03986359,0
351054,-1,1016.248,-0.2547302,0
351064,-1,1016.268,-0.7919312,0
351073,-1,1016.278,-1.069199,0
351084,21.80218,1016.308,-1.883659,0
351094,-1,1016.167,1.946053,0
351105,-1,1016.319,-2.160927,0
351115,-1,1016.329,-2.455521,0
351125,-1,1016.248,-0.2547302,0
351134,-1,1016.238,0.03986359,0
351144,-1,1016.248,-0.2547302,0
351155,21.80676,1016.278,-1.069199,0
351164,-1,1016.248,-0.2547302,0
351174,-1,1016.248,-0.2547302,0
351185,21.7976,1016.289,-1.346458,0
351195,-1,1016.287,-1.311806,0
351205,21.80218,1016.369,-3.547249,0
351215,21.81133,1016.248,-0.2547302,0
351225,-1,1016.238,0.03986359,0
351235,-1,1016.329,-2.455521,0
351246,21.80218,1016.167,1.946053,0
351256,-1,1016.218,0.5597305,0
351267,-1,1016.208,0.8543243,0
351276,-1,1016.319,-2.160927,0
351286,-1,1016.278,-1.069199,0
351296,-1,1016.227,0.3171234,0
351307,21.80218,1016.227,0.3171234,0
351317,-1,1016.268,-0.7919312,0
351326,-1,1016.289,-1.346458,0
351336,-1,1016.238,0.03986359,0
351346,-1,1016.238,0.03986359,0
351356,-1,1016.329,-2.455521,0
351367,21.80676,1016.238,0.03986359,0
351376,-1,1016.259,-0.5319977,0
351388,21.80676,1016.329,-2.455521,0
351397,-1,1016.35,-3.010048,0
351407,-1,1016.289,-1.346458,0
351417,21.80676,1016.248,-0.2547302,0
351427,-1,1016.248,-0.2547302,0
351438,21.80676,1016.218,0.5597305,0
351448,-1,1016.248,-0.2547302,0
351458,-1,1016.329,-2.455521,0
351468,-1,1016.289,-1.346458,0
351478,21.80676,1016.289,-1.346458,0
351488,-1,1016.44,-5.470772,0
351498,-1,1016.349,-2.992722,0
351508,-1,1016.227,0.3171234,0
351519,21.79302,1016.227,0.3171234,0
351528,-1,1016.268,-0.7919312,0
351538,-1,1016.217,0.6117172,0
351556,-1,1016.126,3.089767,0
351568,21.79302,1016.207,0.8889847,0
351580,21.79302,1016.217,0.6117172,0
351589,-1,1016.268,-0.7919312,0
351599,-1,1016.298,-1.589066,0
351609,-1,1016.238,0.03986359,0
351619,21.7976,1016.147,2.517914,0
351630,21.7976,1016.268,-0.7919312,0
351639,-1,1016.349,-2.992722,0
351650,21.7976,1016.308,-1.883659,0
351659,-1,1016.308,-1.883659,0
351671,21.78844,1016.268,-0.7919312,0
351682,-1,1016.268,-0.7919312,0
351691,-1,1016.106,3.609642,0
351700,-1,1016.187,1.408852,0
351711,21.79302,1016.227,0.3171234,0
351721,21.78844,1016.257,-0.4973373,0
351731,21.7976,1016.217,0.6117172,0
351742,21.7976,1016.248,-0.2547302,0
351751,-1,1016.227,0.3171234,0
351761,21.7976,1016.166,1.980713,0
351771,21.7976,1016.207,0.8889847,0
351782,21.7976,1016.147,2.517914,0
351792,21.80218,1016.217,0.6117172,0
351801,-1,1016.359,-3.269981,0
351811,21.78844,1016.257,-0.4973373,0
351821,-1,1016.298,-1.589066,0
351831,-1,1016.247,-0.2027435,0
351843,21.78844,1016.268,-0.7919312,0
351854,-1,1016.257,-0.4973373,0
351863,-1,1016.227,0.3171234,0
351873,21.7976,1016.308,-1.883659,0
351883,21.79302,1016.319,-2.160927,0
351892,-1,1016.187,1.408852,0
351902,21.7976,1016.298,-1.589066,0
351913,21.79302,1016.217,0.6117172,0
351924,21.78844,1016.177,1.703445,0
351932,-1,1016.247,-0.2027435,0
351943,21.7976,1016.247,-0.2027435,0
351953,21.79302,1016.247,-0.2027435,0
351963,21.78844,1016.115,3.367035,0
351974,21.7976,1016.287,-1.311806,0
351984,21.78844,1016.308,-1.883659,0
351994,-1,1016.247,-0.2027435,0
352004,21.7976,1016.257,-0.4973373,0
352014,-1,1016.308,-1.883659,0
352024,-1,1016.287,-1.311806,0
352035,21.79302,1016.379,-3.789856,0
352045,-1,1016.257,-0.4973373,0
352054,-1,1016.298,-1.589066,0
352065,-1,1016.257,-0.4973373,0
352074,-1,1016.308,-1.883659,0
352085,21.78844,1016.287,-1.311806,0
352094,-1,1016.166,1.980713,0
352104,-1,1016.177,1.703445,0
352116,21.78844,1016.247,-0.2027435,0
352126,-1,1016.298,-1.589066,0
352135,-1,1016.409,-4.604317,0
352145,-1,1016.298,-1.589066,0
352155,-1,1016.166,1.980713,0
352165,-1,1016.207,0.8889847,0
352175,-1,1016.268,-0.7919312,0
352185,-1,1016.268,-0.7919312,0
352196,21.79302,1016.308,-1.883659,0
352207,-1,1016.328,-2.403534,0
352217,-1,1016.177,1.703445,0
352227,-1,1016.147,2.517914,0
352237,-1,1016.349,-2.992722,0
352247,-1,1016.207,0.8889847,0
352257,-1,1016.247,-0.2027435,0
352267,-1,1016.308,-1.883659,0
352277,-1,1016.308,-1.883659,0
352287,-1,1016.187,1.408852,0
352298,-1,1016.247,-0.2027435,0
352308,-1,1016.298,-1.589066,0
352318,-1,1016.227,0.3171234,0
352329,-1,1016.298,-1.589066,0
352339,-1,1016.287,-1.311806,0
352348,-1,1016.207,0.8889847,0
352359,-1,1016.298,-1.589066,0
352369,-1,1016.166,1.980713,0
352379,-1,1016.257,-0.4973373,0
352388,-1,1016.298,-1.589066,0
352398,-1,1016.298,-1.589066,0
352407,-1,1016.207,0.8889847,0
352418,-1,1016.217,0.6117172,0
352429,21.7976,1016.287,-1.311806,0
352439,-1,1016.257,-0.4973373,0
352449,-1,1016.257,-0.4973373,0
352460,-1,1016.268,-0.7919312,0
352470,-1,1016.126,3.089767,0
352480,-1,1016.287,-1.311806,0
352490,-1,1016.166,1.980713,0
352500,-1,1016.338,-2.698128,0
352509,-1,1016.187,1.408852,0
352520,21.79302,1016.247,-0.2027435,0
352531,-1,1016.226,0.3517838,0
352540,-1,1016.308,-1.883659,0
352550,-1,1016.207,0.8889847,0
352560,-1,1016.349,-2.992722,0
352569,-1,1016.287,-1.311806,0
352581,21.78844,1016.207,0.8889847,0
352590,-1,1016.287,-1.311806,0
352600,-1,1016.287,-1.311806,0
352611,21.79302,1016.298,-1.589066,0
352621,-1,1016.217,0.6117172,0
352630,-1,1016.147,2.517914,0
352641,21.79302,1016.166,1.980713,0
352651,-1,1016.349,-2.992722,0
352661,-1,1016.217,0.6117172,0
352671,-1,1016.177,1.703445,0
352681,-1,1016.419,-4.898911,0
352692,21.80676,1016.287,-1.311806,0
352703,-1,1016.257,-0.4973373,0
352712,-1,1016.287,-1.311806,0
352722,-1,1016.257,-0.4973373,0
352732,-1,1016.349,-2.992722,0
352742,-1,1016.248,-0.2547302,0
352753,21.79302,1016.126,3.089767,0
352763,-1,1016.257,-0.4973373,0
352773,-1,1016.187,1.408852,0
352783,-1,1016.268,-0.7919312,0
352793,-1,1016.298,-1.589066,0
352803,-1,1016.227,0.3171234,0
352813,-1,1016.227,0.3171234,0
352824,21.78844,1016.319,-2.160927,0
352834,-1,1016.167,1.946053,0
352843,-1,1016.238,0.03986359,0
352854,21.7976,1016.227,0.3171234,0
352863,-1,1016.187,1.408852,0
352874,21.7976,1016.248,-0.2547302,0
352884,-1,1016.227,0.3171234,0
352894,-1,1016.187,1.408852,0
352903,-1,1016.389,-4.08445,0
352915,21.7976,1016.227,0.3171234,0
352925,-1,1016.217,0.6117172,0
352935,-1,1016.187,1.408852,0
352944,-1,1016.308,-1.883659,0
352955,21.80218,1016.177,1.703445,0
352965,-1,1016.227,0.3171234,0
352974,-1,1016.349,-2.992722,0
352985,21.7976,1016.389,-4.08445,0
352996,21.7976,1016.308,-1.883659,0
353006,-1,1016.227,0.3171234,0
353015,-1,1016.187,1.408852,0
353026,-1,1016.227,0.3171234,0
353036,-1,1016.308,-1.883659,0
353046,-1,1016.166,1.980713,0
353055,-1,1016.207,0.8889847,0
353066,-1,1016.126,3.089767,0
353076,-1,1016.227,0.3171234,0
353086,-1,1016.268,-0.7919312,0
353096,-1,1016.217,0.6117172,0
353107,21.7976,1016.308,-1.883659,0
353116,-1,1016.147,2.517914,0
353126,-1,1016.238,0.03986359,0
353145,21.79302,1016.157,2.240646,0
353157,21.78844,1016.248,-0.2547302,0
353167,-1,1016.227,0.3171234,0
353177,-1,1016.187,1.408852,0
353187,-1,1016.227,0.3171234,0
353197,21.7976,1016.208,0.8543243,0
353208,-1,1016.329,-2.455521,0
353217,-1,1016.248,-0.2547302,0
353228,-1,1016.198,1.131592,0
353238,-1,1016.227,0.3171234,0
353249,-1,1016.187,1.408852,0
353259,-1,1016.319,-2.160927,0
353270,-1,1016.238,0.03986359,0
353280,-1,1016.238,0.03986359,0
353291,-1,1016.238,0.03986359,0
353300,-1,1016.157,2.240646,0
353310,-1,1016.238,0.03986359,0
353323,21.80676,1016.238,0.03986359,0
353333,-1,1016.217,0.6117172,0
353344,21.7976,1016.227,0.3171234,0
353355,-1,1016.248,-0.2547302,0
353366,-1,1016.227,0.3171234,0
353376,-1,1016.278,-1.069199,0
353385,-1,1016.308,-1.883659,0
353394,-1,1016.238,0.03986359,0
353404,-1,1016.207,0.8889847,0
353415,-1,1016.248,-0.2547302,0
353424,-1,1016.066,4.718697,0
353434,-1,1016.238,0.03986359,0
353446,21.79302,1016.308,-1.883659,0
353455,-1,1016.227,0.3171234,0
353465,-1,1016.278,-1.069199,0
353476,21.7976,1016.289,-1.346458,0
353486,-1,1016.227,0.3171234,0
353496,-1,1016.208,0.8543243,0
353506,-1,1016.319,-2.160927,0
353516,-1,1016.187,1.408852,0
353526,-1,1016.198,1.131592,0
353536,-1,1016.147,2.517914,0
353546,-1,1016.329,-2.455521,0
353556,-1,1016.248,-0.2547302,0
353565,-1,1016.389,-4.08445,0
353576,-1,1016.147,2.517914,0
353587,21.7976,1016.389,-4.08445,0
353597,-1,1016.227,0.3171234,0
353607,-1,1016.268,-0.7919312,0
353616,-1,1016.268,-0.7919312,0
353626,-1,1016.319,-2.160927,0
353638,21.80676,1016.227,0.3171234,0
353647,-1,1016.308,-1.883659,0
353658,-1,1016.298,-1.589066,0
353669,-1,1016.227,0.3171234,0
353678,-1,1016.208,0.8543243,0
353687,-1,1016.278,-1.069199,0
353697,-1,1016.268,-0.7919312,0
353708,21.80218,1016.329,-2.455521,0
353718,-1,1016.248,-0.2547302,0
353728,21.80218,1016.238,0.03986359,0
353738,-1,1016.257,-0.4973373,0
353748,-1,1016.208,0.8543243,0
353759,-1,1016.349,-2.992722,0
353770,-1,1016.289,-1.346458,0
353779,-1,1016.208,0.8543243,0
353789,-1,1016.238,0.03986359,0
353799,-1,1016.278,-1.069199,0
353809,-1,1016.257,-0.4973373,0
353820,-1,1016.289,-1.346458,0
353828,-1,1016.278,-1.069199,0
353840,21.7976,1016.248,-0.2547302,0
353850,-1,1016.147,2.517914,0
353860,-1,1016.227,0.3171234,0
353870,-1,1016.268,-0.7919312,0
353880,-1,1016.247,-0.2027435,0
353890,-1,1016.248,-0.2547302,0
353899,-1,1016.136,2.812508,0
353909,-1,1016.247,-0.2027435,0
353920,-1,1016.289,-1.346458,0
353930,-1,1016.227,0.3171234,0
353939,-1,1016.238,0.03986359,0
353950,-1,1016.238,0.03986359,0
353960,-1,1016.227,0.3171234,0
353970,-1,1016.187,1.408852,0
353980,-1,1016.238,0.03986359,0
353991,21.80218,1016.298,-1.589066,0
354000,-1,1016.257,-0.4973373,0
354012,21.78844,1016.136,2.812508,0
354021,-1,1016.177,1.703445,0
354031,-1,1016.187,1.408852,0
354042,-1,1016.308,-1.883659,0
354052,-1,1016.329,-2.455521,0
354063,-1,1016.329,-2.455521,0
354073,-1,1016.308,-1.883659,0
354083,-1,1016.187,1.408852,0
354093,-1,1016.268,-0.7919312,0
354102,-1,1016.248,-0.2547302,0
354112,-1,1016.278,-1.069199,0
354123,21.79302,1016.187,1.408852,0
354132,-1,1016.217,0.6117172,0
354142,-1,1016.289,-1.346458,0
354152,-1,1016.217,0.6117172,0
354163,21.78844,1016.268,-0.7919312,0
354173,-1,1016.147,2.517914,0
354184,-1,1016.308,-1.883659,0
354195,-1,1016.187,1.408852,0
354205,-1,1016.248,-0.2547302,0
354214,-1,1016.268,-0.7919312,0
354225,-1,1016.308,-1.883659,0
354235,-1,1016.389,-4.08445,0
354246,-1,1016.329,-2.455521,0
354256,-1,1016.227,0.3171234,0
354268,21.7976,1016.227,0.3171234,0
354279,21.7976,1016.257,-0.4973373,0
354289,-1,1016.268,-0.7919312,0
354299,-1,1016.207,0.8889847,0
354310,-1,1016.187,1.408852,0
354319,-1,1016.217,0.6117172,0
354330,-1,1016.177,1.703445,0
354341,-1,1016.217,0.6117172,0
354351,-1,1016.096,3.904236,0
354361,-1,1016.319,-2.160927,0
354371,-1,1016.227,0.3171234,0
354380,-1,1016.238,0.03986359,0
354390,-1,1016.217,0.6117172,0
354400,-1,1016.268,-0.7919312,0
354410,-1,1016.227,0.3171234,0
354421,-1,1016.198,1.131592,0
354430,-1,1016.298,-1.589066,0
354440,-1,1016.198,1.131592,0
354451,-1,1016.227,0.3171234,0
354460,-1,1016.187,1.408852,0
354470,-1,1016.227,0.3171234,0
354481,-1,1016.319,-2.160927,0
354491,-1,1016.268,-0.7919312,0
354501,-1,1016.227,0.3171234,0
354512,21.80218,1016.227,0.3171234,0
354522,-1,1016.147,2.517914,0
354533,-1,1016.389,-4.08445,0
354543,-1,1016.227,0.3171234,0
354553,-1,1016.177,1.703445,0
354563,-1,1016.268,-0.7919312,0
354573,-1,1016.177,1.703445,0
354583,-1,1016.166,1.980713,0
354593,-1,1016.187,1.408852,0
354603,-1,1016.227,0.3171234,0
354612,-1,1016.126,3.089767,0
354623,21.7976,1016.268,-0.7919312,0
354633,-1,1016.207,0.8889847,0
354642,-1,1016.247,-0.2027435,0
354653,-1,1016.227,0.3171234,0
354662,-1,1016.257,-0.4973373,0
354673,-1,1016.177,1.703445,0
354683,21.80218,1016.298,-1.589066,0
354693,-1,1016.217,0.6117172,0
354703,-1,1016.187,1.408852,0
354714,21.7976,1016.227,0.3171234,0
354725,-1,1016.227,0.3171234,0
354735,-1,1016.319,-2.160927,0
354745,-1,1016.308,-1.883659,0
354754,-1,1016.349,-2.992722,0
354765,-1,1016.308,-1.883659,0
354775,-1,1016.308,-1.883659,0
354787,-1,1016.208,0.8543243,0
354799,21.79302,1016.308,-1.883659,0
354809,-1,1016.319,-2.160927,0
354820,-1,1016.268,-0.7919312,0
354830,-1,1016.227,0.3171234,0
354840,-1,1016.298,-1.589066,0
354860,21.7976,1016.227,0.3171234,0
354869,-1,1016.217,0.6117172,0
354881,21.79302,1016.177,1.703445,0
354891,-1,1016.157,2.240646,0
354901,-1,1016.217,0.6117172,0
354910,-1,1016.227,0.3171234,0
354921,21.80218,1016.238,0.03986359,0
354931,-1,1016.238,0.03986359,0
354942,-1,1016.147,2.517914,0
354952,-1,1016.227,0.3171234,0
354963,-1,1016.329,-2.455521,0
354972,-1,1016.227,0.3171234,0
354982,-1,1016.227,0.3171234,0
354992,-1,1016.227,0.3171234,0
355002,-1,1016.227,0.3171234,0
355012,-1,1016.369,-3.547249,0
355022,-1,1016.308,-1.883659,0
355032,-1,1016.287,-1.311806,0
355043,-1,1016.217,0.6117172,0
355053,-1,1016.308,-1.883659,0
355062,-1,1016.308,-1.883659,0
355072,-1,1016.198,1.131592,0
355082,-1,1016.268,-0.7919312,0
355093,-1,1016.308,-1.883659,0
355103,-1,1016.187,1.408852,0
355113,-1,1016.319,-2.160927,0
355122,-1,1016.247,-0.2027435,0
355133,21.7976,1016.247,-0.2027435,0
355144,-1,1016.187,1.408852,0
355153,-1,1016.308,-1.883659,0
355163,-1,1016.227,0.3171234,0
355174,21.7976,1016.289,-1.346458,0
355184,-1,1016.227,0.3171234,0
355194,-1,1016.268,-0.7919312,0
355203,-1,1016.147,2.517914,0
355214,21.7976,1016.147,2.517914,0
355223,-1,1016.359,-3.269981,0
355233,-1,1016.369,-3.547249,0
355244,-1,1016.187,1.408852,0
355253,-1,1016.268,-0.7919312,0
355264,-1,1016.268,-0.7919312,0
355275,21.80676,1016.198,1.131592,0
355284,-1,1016.289,-1.346458,0
355294,-1,1016.278,-1.069199,0
355304,-1,1016.198,1.131592,0
355315,21.80676,1016.278,-1.069199,0
355324,-1,1016.227,0.3171234,0
355335,21.79302,1016.298,-1.589066,0
355345,-1,1016.187,1.408852,0
355355,-1,1016.227,0.3171234,0
355366,21.7976,1016.227,0.3171234,0
355376,21.7976,1016.238,0.03986359,0
355386,-1,1016.227,0.3171234,0
355396,-1,1016.308,-1.883659,0
355406,-1,1016.389,-4.08445,0
355416,-1,1016.268,-0.7919312,0
355426,21.79302,1016.147,2.517914,0
355436,-1,1016.268,-0.7919312,0
355446,-1,1016.238,0.03986359,0
355457,-1,1016.187,1.408852,0
355467,-1,1016.187,1.408852,0
355477,-1,1016.227,0.3171234,0
355488,-1,1016.147,2.517914,0
355498,-1,1016.217,0.6117172,0
355508,-1,1016.198,1.131592,0
355517,-1,1016.238,0.03986359,0
355527,-1,1016.177,1.703445,0
355537,-1,1016.238,0.03986359,0
355547,-1,1016.136,2.812508,0
355558,21.7976,1016.217,0.6117172,0
355567,-1,1016.308,-1.883659,0
355578,21.80218,1016.329,-2.455521,0
355588,-1,1016.248,-0.2547302,0
355598,-1,1016.217,0.6117172,0
355609,21.79302,1016.187,1.408852,0
355619,-1,1016.349,-2.992722,0
355629,21.79302,1016.308,-1.883659,0
355638,-1,1016.338,-2.698128,0
355648,-1,1016.268,-0.7919312,0
355659,21.80218,1016.126,3.089767,0
355669,-1,1016.177,1.703445,0
355680,-1,1016.066,4.718697,0
355690,-1,1016.268,-0.7919312,0
355700,-1,1016.319,-2.160927,0
355710,-1,1016.429,-5.176178,0
355720,-1,1016.319,-2.160927,0
355729,-1,1016.248,-0.2547302,0
355739,21.80218,1016.227,0.3171234,0
355749,-1,1016.268,-0.7919312,0
355760,21.80676,1016.217,0.6117172,0
355769,-1,1016.308,-1.883659,0
355781,21.7976,1016.227,0.3171234,0
355791,-1,1016.227,0.3171234,0
355800,-1,1016.177,1.703445,0
355811,21.7976,1016.248,-0.2547302,0
355820,-1,1016.319,-2.160927,0
355831,21.7976,1016.278,-1.069199,0
355841,-1,1016.278,-1.069199,0
355851,21.79302,1016.247,-0.2027435,0
355861,-1,1016.238,0.03986359,0
355871,21.80218,1016.379,-3.789856,0
355881,21.80218,1016.248,-0.2547302,0
355892,21.80218,1016.147,2.517914,0
355902,-1,1016.238,0.03986359,0
355912,-1,1016.257,-0.4973373,0
355922,-1,1016.227,0.3171234,0
355933,-1,1016.227,0.3171234,0
355943,-1,1016.136,2.812508,0
355953,-1,1016.289,-1.346458,0
355963,-1,1016.198,1.131592,0
355973,-1,1016.238,0.03986359,0
355982,-1,1016.157,2.240646,0
355992,-1,1016.238,0.03986359,0
356002,-1,1016.259,-0.5319977,0
356013,-1,1016.238,0.03986359,0
356023,21.80676,1016.208,0.8543243,0
356033,-1,1016.369,-3.547249,0
356043,-1,1016.278,-1.069199,0
356053,-1,1016.208,0.8543243,0
356063,-1,1016.227,0.3171234,0
356073,-1,1016.319,-2.160927,0
356084,21.80676,1016.248,-0.2547302,0
356094,-1,1016.319,-2.160927,0
356104,-1,1016.227,0.3171234,0
356114,-1,1016.329,-2.455521,0
356123,-1,1016.238,0.03986359,0
356134,-1,1016.227,0.3171234,0
356145,21.80218,1016.289,-1.346458,0
356155,-1,1016.238,0.03986359,0
356165,-1,1016.319,-2.160927,0
356174,-1,1016.227,0.3171234,0
356184,-1,1016.329,-2.455521,0
356195,-1,1016.187,1.408852,0
356204,-1,1016.167,1.946053,0
356215,21.80676,1016.187,1.408852,0
356225,-1,1016.248,-0.2547302,0
356236,21.80676,1016.147,2.517914,0
356247,-1,1016.248,-0.2547302,0
356256,-1,1016.278,-1.069199,0
356266,-1,1016.268,-0.7919312,0
356276,-1,1016.147,2.517914,0
356286,-1,1016.329,-2.455521,0
356297,-1,1016.278,-1.069199,0
356307,-1,1016.167,1.946053,0
356317,-1,1016.167,1.946053,0
356327,-1,1016.268,-0.7919312,0
356337,-1,1016.299,-1.623726,0
356347,-1,1016.208,0.8543243,0
356357,-1,1016.248,-0.2547302,0
356367,21.7976,1016.187,1.408852,0
356376,-1,1016.187,1.408852,0
356386,21.80676,1016.369,-3.547249,0
356397,21.80676,1016.217,0.6117172,0
356407,21.80218,1016.147,2.517914,0
356417,-1,1016.147,2.517914,0
356428,21.80218,1016.087,4.146843,0
356438,-1,1016.187,1.408852,0
356448,-1,1016.248,-0.2547302,0
356458,-1,1016.238,0.03986359,0
356469,-1,1016.41,-4.656303,0
356479,-1,1016.319,-2.160927,0
356499,21.79302,1016.248,-0.2547302,0
356510,-1,1016.278,-1.069199,0
356520,-1,1016.157,2.240646,0
356530,-1,1016.248,-0.2547302,0
356540,-1,1016.198,1.131592,0
356549,-1,1016.248,-0.2547302,0
356559,-1,1016.289,-1.346458,0
356570,21.7976,1016.278,-1.069199,0
356580,-1,1016.238,0.03986359,0
356590,-1,1016.319,-2.160927,0
356600,-1,1016.248,-0.2547302,0
356610,-1,1016.238,0.03986359,0
356620,-1,1016.238,0.03986359,0
356631,-1,1016.248,-0.2547302,0
356640,-1,1016.208,0.8543243,0
356650,-1,1016.268,-0.7919312,0
356659,-1,1016.167,1.946053,0
356670,-1,1016.248,-0.2547302,0
356681,21.7976,1016.238,0.03986359,0
356691,-1,1016.278,-1.069199,0
356701,21.80676,1016.227,0.3171234,0
356711,-1,1016.177,1.703445,0
356721,-1,1016.198,1.131592,0
356731,-1,1016.227,0.3171234,0
356741,21.80218,1016.278,-1.069199,0
356751,-1,1016.238,0.03986359,0
356762,-1,1016.278,-1.069199,0
356771,-1,1016.147,2.517914,0
356781,-1,1016.248,-0.2547302,0
356792,21.80218,1016.339,-2.73278,0
356802,-1,1016.167,1.946053,0
356812,-1,1016.198,1.131592,0
356823,21.80676,1016.106,3.609642,0
356833,-1,1016.329,-2.455521,0
356842,-1,1016.289,-1.346458,0
356853,-1,1016.198,1.131592,0
356863,-1,1016.289,-1.346458,0
356872,-1,1016.208,0.8543243,0
356882,-1,1016.227,0.3171234,0
356893,21.81133,1016.248,-0.2547302,0
356904,21.80676,1016.248,-0.2547302,0
356914,-1,1016.208,0.8543243,0
356923,-1,1016.238,0.03986359,0
356933,-1,1016.167,1.946053,0
356943,21.80218,1016.167,1.946053,0
356953,-1,1016.259,-0.5319977,0
356963,-1,1016.218,0.5597305,0
356974,21.81592,1016.248,-0.2547302,0
356984,-1,1016.259,-0.5319977,0
356994,-1,1016.178,1.668793,0
357004,-1,1016.108,3.574982,0
357014,-1,1016.25,-0.2893906,0
357024,-1,1016.229,0.2824707,0
357034,-1,1016.269,-0.8265915,0
357044,-1,1016.269,-0.8265915,0
357055,21.82508,1016.209,0.8196716,0
357065,-1,1016.188,1.391525,0
357076,-1,1016.22,0.5250778,0
357086,-1,1016.22,0.5250778,0
357096,-1,1016.209,0.8196716,0
357106,-1,1016.25,-0.2893906,0
357116,-1,1016.269,-0.8265915,0
357125,-1,1016.22,0.5250778,0
357135,-1,1016.19,1.339539,0
357146,21.82965,1016.169,1.9114,0
357157,-1,1016.381,-3.876503,0
357167,-1,1016.23,0.230484,0
357177,-1,1016.29,-1.381119,0
357188,-1,1016.311,-1.95298,0
357198,-1,1016.23,0.230484,0
357207,-1,1016.311,-1.95298,0
357218,-1,1016.19,1.339539,0
357228,-1,1016.169,1.9114,0
357239,-1,1016.271,-0.8612442,0
357249,-1,1016.311,-1.95298,0
357259,-1,1016.209,0.8196716,0
357268,-1,1016.15,2.431267,0
357279,-1,1016.19,1.339539,0
357289,-1,1016.23,0.230484,0
357299,-1,1016.271,-0.8612442,0
357310,-1,1016.19,1.339539,0
357319,-1,1016.23,0.230484,0
357328,-1,1016.23,0.230484,0
357338,-1,1016.23,0.230484,0
357348,-1,1016.311,-1.95298,0
357359,21.82965,1016.209,0.8196716,0
357368,-1,1016.29,-1.381119,0
357379,-1,1016.209,0.8196716,0
357389,-1,1016.26,-0.5839844,0
357398,-1,1016.22,0.5250778,0
357409,21.82508,1016.209,0.8196716,0
357420,-1,1016.301,-1.675713,0
357429,-1,1016.271,-0.8612442,0
357439,-1,1016.29,-1.381119,0
357449,-1,1016.269,-0.8265915,0
357459,-1,1016.209,0.8196716,0
357469,-1,1016.311,-1.95298,0
357479,-1,1016.22,0.5250778,0
357489,-1,1016.23,0.230484,0
357499,-1,1016.29,-1.381119,0
357509,-1,1016.271,-0.8612442,0
357520,21.82965,1016.19,1.339539,0
357530,-1,1016.22,0.5250778,0
357541,21.83423,1016.22,0.5250778,0
357551,-1,1016.241,-0.04678345,0
357561,-1,1016.311,-1.95298,0
357572,-1,1016.271,-0.8612442,0
357582,-1,1016.25,-0.2893906,0
357595,21.83423,1016.23,0.230484,0
357606,21.83423,1016.19,1.339539,0
357617,-1,1016.148,2.483253,0
357627,-1,1016.209,0.8196716,0
357638,-1,1016.311,-1.95298,0
357647,-1,1016.139,2.725861,0
357657,-1,1016.209,0.8196716,0
357667,-1,1016.271,-0.8612442,0
357677,-1,1016.29,-1.381119,0
357688,21.82965,1016.22,0.5250778,0
357697,-1,1016.209,0.8196716,0
357707,-1,1016.23,0.230484,0
357718,-1,1016.23,0.230484,0
357729,-1,1016.23,0.230484,0
357738,-1,1016.23,0.230484,0
357747,-1,1016.29,-1.381119,0
357758,-1,1016.271,-0.8612442,0
357768,-1,1016.26,-0.5839844,0
357779,-1,1016.301,-1.675713,0
357788,-1,1016.311,-1.95298,0
357799,21.82965,1016.209,0.8196716,0
357808,-1,1016.209,0.8196716,0
357818,-1,1016.311,-1.95298,0
357828,-1,1016.22,0.5250778,0
357839,-1,1016.311,-1.95298,0
357849,-1,1016.23,0.230484,0
357860,-1,1016.241,-0.04678345,0
357869,-1,1016.29,-1.381119,0
357879,-1,1016.109,3.540329,0
357889,-1,1016.22,0.5250778,0
357899,-1,1016.311,-1.95298,0
357909,-1,1016.22,0.5250778,0
357920,21.83423,1016.25,-0.2893906,0
357930,-1,1016.23,0.230484,0
357940,-1,1016.209,0.8196716,0
357951,21.83882,1016.169,1.9114,0
357961,-1,1016.23,0.230484,0
357971,-1,1016.311,-1.95298,0
357981,-1,1016.23,0.230484,0
357991,-1,1016.281,-1.138512,0
358001,-1,1016.209,0.8196716,0
358011,-1,1016.23,0.230484,0
358021,-1,1016.179,1.616806,0
358031,-1,1016.19,1.339539,0
358041,-1,1016.23,0.230484,0
358051,-1,1016.301,-1.675713,0
358061,-1,1016.23,0.230484,0
358071,-1,1016.22,0.5250778,0
358082,21.83882,1016.2,1.062271,0
358092,-1,1016.19,1.339539,0
358102,21.83882,1016.251,-0.3240509,0
358112,-1,1016.241,-0.04678345,0
358123,-1,1016.241,-0.04678345,0
358132,-1,1016.211,0.7676773,0
358142,-1,1016.291,-1.415779,0
358152,-1,1016.241,-0.04678345,0
358162,-1,1016.332,-2.524834,0
358173,21.84339,1016.17,1.87674,0
358193,21.84339,1016.23,0.230484,0
358203,-1,1016.291,-1.415779,0
358212,-1,1016.352,-3.062035,0
358224,21.84339,1016.251,-0.3240509,0
358234,-1,1016.262,-0.6013107,0
358244,-1,1016.211,0.7676773,0
358254,-1,1016.1,3.782936,0
358264,-1,1016.241,-0.04678345,0
358273,-1,1016.2,1.062271,0
358283,-1,1016.16,2.154007,0
358294,21.83882,1016.251,-0.3240509,0
358305,-1,1016.241,-0.04678345,0
358316,-1,1016.251,-0.3240509,0
358326,-1,1016.211,0.7676773,0
358336,-1,1016.262,-0.6013107,0
358345,-1,1016.251,-0.3240509,0
358355,-1,1016.302,-1.710373,0
358364,-1,1016.251,-0.3240509,0
358375,21.84797,1016.181,1.582146,0
358385,-1,1016.191,1.304878,0
358395,-1,1016.211,0.7676773,0
358405,-1,1016.251,-0.3240509,0
358415,-1,1016.251,-0.3240509,0
358426,-1,1016.181,1.582146,0
358435,-1,1016.262,-0.6013107,0
358445,-1,1016.262,-0.6013107,0
358455,-1,1016.191,1.304878,0
358465,-1,1016.282,-1.173172,0
358475,-1,1016.272,-0.8959045,0
358486,21.84797,1016.262,-0.6013107,0
358496,-1,1016.272,-0.8959045,0
358506,-1,1016.272,-0.8959045,0
358516,-1,1016.262,-0.6013107,0
358527,21.85713,1016.272,-0.8959045,0
358536,-1,1016.191,1.304878,0
358546,-1,1016.272,-0.8959045,0
358557,-1,1016.282,-1.173172,0
358568,-1,1016.191,1.304878,0
358578,-1,1016.172,1.824753,0
358589,-1,1016.191,1.304878,0
358598,-1,1016.282,-1.173172,0
358608,-1,1016.181,1.582146,0
358617,-1,1016.272,-0.8959045,0
358627,-1,1016.232,0.21315,0
358637,-1,1016.272,-0.8959045,0
358647,-1,1016.282,-1.173172,0
358658,21.85255,1016.202,1.027618,0
358668,-1,1016.262,-0.6013107,0
358678,-1,1016.191,1.304878,0
358688,-1,1016.202,1.027618,0
358698,-1,1016.212,0.7330246,0
358709,21.86172,1016.282,-1.173172,0
358718,-1,1016.253,-0.3587036,0
358728,-1,1016.212,0.7330246,0
358739,21.86172,1016.182,1.547485,0
358749,-1,1016.293,-1.467766,0
358760,-1,1016.314,-2.039619,0
358771,-1,1016.223,0.4557571,0
358780,-1,1016.161,2.119347,0
358790,-1,1016.233,0.1611633,0
358801,-1,1016.293,-1.467766,0
358810,-1,1016.314,-2.039619,0
358820,-1,1016.263,-0.6532974,0
358831,-1,1016.293,-1.467766,0
358841,-1,1016.263,-0.6532974,0
358852,-1,1016.314,-2.039619,0
358860,-1,1016.314,-2.039619,0
358869,-1,1016.223,0.4557571,0
358880,21.87545,1016.212,0.7330246,0
358890,-1,1016.223,0.4557571,0
358900,-1,1016.152,2.361954,0
358910,-1,1016.253,-0.3587036,0
358920,-1,1016.284,-1.225159,0
358930,-1,1016.273,-0.9305649,0
358940,-1,1016.223,0.4557571,0
358951,-1,1016.244,-0.1160965,0
358961,-1,1016.223,0.4557571,0
358971,-1,1016.233,0.1611633,0
358982,-1,1016.233,0.1611633,0
358991,-1,1016.233,0.1611633,0
359001,-1,1016.314,-2.039619,0
359011,-1,1016.193,1.270226,0
359022,21.88003,1016.233,0.1611633,0
359032,-1,1016.244,-0.1160965,0
359042,-1,1016.244,-0.1160965,0
359052,-1,1016.173,1.807426,0
359061,-1,1016.193,1.270226,0
359071,-1,1016.254,-0.393364,0
359083,21.86172,1016.193,1.270226,0
359093,-1,1016.163,2.084686,0
359103,-1,1016.254,-0.393364,0
359113,-1,1016.213,0.6983643,0
359122,-1,1016.294,-1.502419,0
359133,-1,1016.254,-0.393364,0
359142,-1,1016.254,-0.393364,0
359152,-1,1016.254,-0.393364,0
359162,-1,1016.244,-0.1160965,0
359173,21.87087,1016.314,-2.039619,0
359183,-1,1016.203,0.9756317,0
359194,-1,1016.173,1.807426,0
359204,-1,1016.203,0.9756317,0
359213,-1,1016.213,0.6983643,0
359224,-1,1016.254,-0.393364,0
359235,-1,1016.264,-0.6879578,0
359245,-1,1016.244,-0.1160965,0
359255,-1,1016.213,0.6983643,0
359266,-1,1016.254,-0.393364,0
359276,-1,1016.173,1.807426,0
359286,-1,1016.294,-1.502419,0
359299,21.88919,1016.305,-1.779686,0
359310,-1,1016.315,-2.07428,0
359320,-1,1016.213,0.6983643,0
359329,-1,1016.264,-0.6879578,0
359339,-1,1016.173,1.807426,0
359349,-1,1016.275,-0.9652252,0
359360,21.88461,1016.356,-3.166008,0
359369,-1,1016.244,-0.1160965,0
359380,-1,1016.173,1.807426,0
359390,21.88919,1016.184,1.512833,0
359400,-1,1016.305,-1.779686,0
359411,21.89377,1016.275,-0.9652252,0
359421,-1,1016.213,0.6983643,0
359430,-1,1016.356,-3.166008,0
359440,-1,1016.264,-0.6879578,0
359450,-1,1016.315,-2.07428,0
359461,-1,1016.264,-0.6879578,0
359471,-1,1016.234,0.1265106,0
359481,-1,1016.245,-0.1507568,0
359491,-1,1016.275,-0.9652252,0
359501,-1,1016.204,0.9409714,0
359511,-1,1016.194,1.235565,0
359522,21.88919,1016.234,0.1265106,0
359531,-1,1016.254,-0.393364,0
359541,21.89377,1016.234,0.1265106,0
359551,-1,1016.285,-1.259819,0
359562,21.89835,1016.296,-1.537079,0
359573,-1,1016.194,1.235565,0
359582,-1,1016.296,-1.537079,0
359592,21.88919,1016.245,-0.1507568,0
359603,-1,1016.204,0.9409714,0
359613,-1,1016.215,0.6637039,0
359622,-1,1016.255,-0.4453506,0
359634,21.89377,1016.285,-1.259819,0
359644,-1,1016.215,0.6637039,0
359653,-1,1016.336,-2.646141,0
359663,-1,1016.215,0.6637039,0
359674,21.89377,1016.215,0.6637039,0
359683,-1,1016.245,-0.1507568,0
359694,21.90293,1016.215,0.6637039,0
359703,-1,1016.195,1.183578,0
359714,21.89835,1016.236,0.09185028,0
359724,21.89835,1016.408,-4.604317,0
359734,-1,1016.276,-1.017212,0
359744,21.90751,1016.317,-2.10894,0
359754,-1,1016.236,0.09185028,0
359765,-1,1016.257,-0.480011,0
359775,-1,1016.236,0.09185028,0
359785,-1,1016.276,-1.017212,0
359796,-1,1016.276,-1.017212,0
359806,-1,1016.327,-2.403534,0
359816,-1,1016.176,1.720779,0
359826,-1,1016.257,-0.480011,0
359837,-1,1016.257,-0.480011,0
359847,-1,1016.267,-0.7572708,0
359857,-1,1016.267,-0.7572708,0
359877,21.91667,1016.257,-0.480011,0
359887,-1,1016.216,0.6290512,0
359898,-1,1016.339,-2.715454,0
359907,-1,1016.278,-1.051865,0
359917,-1,1016.247,-0.2200775,0
359927,-1,1016.216,0.6290512,0
359937,-1,1016.197,1.148918,0
359947,-1,1016.258,-0.5146637,0
359956,-1,1016.298,-1.6064,0
359967,21.93041,1016.247,-0.2200775,0
359977,-1,1016.298,-1.6064,0
359987,-1,1016.288,-1.329132,0
359997,-1,1016.207,0.8716583,0
360007,-1,1016.268,-0.7919312,0
360018,-1,1016.298,-1.6064,0
360027,-1,1016.217,0.5943909,0
360037,-1,1016.258,-0.5146637,0
360048,-1,1016.177,1.686119,0
360061,21.94873,1016.279,-1.086525,0
360072,-1,1016.309,-1.900993,0
360083,21.93499,1016.188,1.408852,0
360093,-1,1016.217,0.5943909,0
360102,-1,1016.258,-0.5146637,0
360113,21.94873,1016.309,-1.900993,0
360124,21.93957,1016.33,-2.455521,0
360134,-1,1016.298,-1.6064,0
360145,-1,1016.36,-3.287315,0
360154,-1,1016.228,0.2997971,0
360164,-1,1016.309,-1.900993,0
360174,-1,1016.279,-1.086525,0
360184,-1,1016.279,-1.086525,0
360195,-1,1016.319,-2.178253,0
360205,-1,1016.268,-0.7919312,0
360215,-1,1016.198,1.114258,0
360226,-1,1016.228,0.2997971,0
360235,-1,1016.309,-1.900993,0
360246,-1,1016.208,0.836998,0
360257,-1,1016.41,-4.656303,0
360266,-1,1016.249,-0.2720642,0
360276,-1,1016.239,0.0225296,0
360286,-1,1016.279,-1.086525,0
360296,-1,1016.319,-2.178253,0
360306,-1,1016.249,-0.2720642,0
360315,-1,1016.158,2.22332,0
360325,-1,1016.239,0.0225296,0
360335,-1,1016.319,-2.178253,0
360346,-1,1016.259,-0.549324,0
360357,-1,1016.249,-0.2720642,0
360367,-1,1016.259,-0.549324,0
360376,-1,1016.147,2.500587,0
360386,-1,1016.228,0.2997971,0
360396,21.94415,1016.319,-2.178253,0
360406,-1,1016.239,0.0225296,0
360416,-1,1016.34,-2.750114,0
360426,-1,1016.168,1.928726,0
360437,-1,1016.35,-3.027374,0
360447,-1,1016.219,0.5424042,0
360457,-1,1016.3,-1.658386,0
360467,-1,1016.259,-0.549324,0
360477,-1,1016.259,-0.549324,0
360487,-1,1016.319,-2.178253,0
360497,-1,1016.259,-0.549324,0
360507,-1,1016.219,0.5424042,0
360517,-1,1016.3,-1.658386,0
360527,-1,1016.3,-1.658386,0
360538,21.95331,1016.259,-0.549324,0
360548,21.95331,1016.34,-2.750114,0
360558,-1,1016.198,1.114258,0
360568,-1,1016.3,-1.658386,0
360578,-1,1016.249,-0.2720642,0
360588,-1,1016.259,-0.549324,0
360599,21.94873,1016.198,1.114258,0
360609,-1,1016.179,1.651459,0
360619,-1,1016.179,1.651459,0
360628,-1,1016.289,-1.363792,0
360639,21.95331,1016.3,-1.658386,0
360649,-1,1016.208,0.836998,0
360660,21.95331,1016.249,-0.2720642,0
360670,-1,1016.198,1.114258,0
360680,-1,1016.208,0.836998,0
360689,-1,1016.27,-0.8265915,0
360700,21.95331,1016.208,0.836998,0
360710,-1,1016.158,2.22332,0
360720,21.94873,1016.259,-0.549324,0
360731,-1,1016.259,-0.549324,0
360740,-1,1016.249,-0.2720642,0
360750,-1,1016.27,-0.8265915,0
360761,-1,1016.289,-1.363792,0
360771,-1,1016.198,1.114258,0
360781,-1,1016.34,-2.750114,0
360791,-1,1016.249,-0.2720642,0
360800,-1,1016.229,0.2651367,0
360810,-1,1016.3,-1.658386,0
360821,21.96247,1016.259,-0.549324,0
360831,-1,1016.249,-0.2720642,0
360841,-1,1016.259,-0.549324,0
360852,21.95789,1016.199,1.079605,0
360863,-1,1016.259,-0.549324,0
360873,-1,1016.259,-0.549324,0
360883,-1,1016.179,1.651459,0
360893,-1,1016.3,-1.658386,0
360903,-1,1016.229,0.2651367,0
360913,-1,1016.28,-1.121185,0
360923,-1,1016.31,-1.935646,0
360932,-1,1016.229,0.2651367,0
360943,21.96247,1016.32,-2.212914,0
360953,-1,1016.27,-0.8265915,0
360963,-1,1016.32,-2.212914,0
360973,-1,1016.31,-1.935646,0
360983,-1,1016.361,-3.304642,0
360992,-1,1016.361,-3.304642,0
361004,21.95789,1016.28,-1.121185,0
361014,-1,1016.24,-0.01212311,0
361024,-1,1016.32,-2.212914,0
361034,21.96247,1016.28,-1.121185,0
361044,-1,1016.28,-1.121185,0
361054,-1,1016.24,-0.01212311,0
361064,-1,1016.32,-2.212914,0
361074,-1,1016.331,-2.507507,0
361084,-1,1016.28,-1.121185,0
361094,-1,1016.291,-1.398445,0
361104,-1,1016.291,-1.398445,0
361114,-1,1016.179,1.651459,0
361125,-1,1016.25,-0.3067169,0
361135,-1,1016.291,-1.398445,0
361145,-1,1016.301,-1.693039,0
361156,-1,1016.22,0.5077438,0
361166,-1,1016.24,-0.01212311,0
361175,-1,1016.261,-0.5839844,0
361186,-1,1016.28,-1.121185,0
361196,-1,1016.301,-1.693039,0
361207,-1,1016.403,-4.465683,0
361217,-1,1016.18,1.616806,0
361226,-1,1016.271,-0.8785782,0
361236,-1,1016.301,-1.693039,0
361246,-1,1016.32,-2.212914,0
361256,-1,1016.231,0.230484,0
361266,-1,1016.301,-1.693039,0
361277,-1,1016.311,-1.970306,0
361287,-1,1016.301,-1.693039,0
361296,-1,1016.22,0.5077438,0
361306,-1,1016.271,-0.8785782,0
361317,-1,1016.301,-1.693039,0
361327,-1,1016.301,-1.693039,0
361337,-1,1016.22,0.5077438,0
361346,-1,1016.261,-0.5839844,0
361356,-1,1016.241,-0.0641098,0
361367,21.97621,1016.341,-2.784767,0
361377,-1,1016.322,-2.2649,0
361387,-1,1016.301,-1.693039,0
361397,-1,1016.301,-1.693039,0
361408,21.98079,1016.301,-1.693039,0
361419,-1,1016.261,-0.5839844,0
361428,-1,1016.22,0.5077438,0
361438,-1,1016.301,-1.693039,0
361449,21.98079,1016.231,0.230484,0
361459,-1,1016.311,-1.970306,0
361469,-1,1016.311,-1.970306,0
361479,-1,1016.241,-0.0641098,0
361490,-1,1016.311,-1.970306,0
361500,-1,1016.311,-1.970306,0
361510,-1,1016.352,-3.062035,0
361519,-1,1016.261,-0.5839844,0
361529,21.97163,1016.18,1.616806,0
361539,21.97163,1016.22,0.5077438,0
361548,-1,1016.322,-2.2649,0
361559,-1,1016.271,-0.8785782,0
361579,21.97163,1016.261,-0.5839844,0
361590,-1,1016.261,-0.5839844,0
361599,-1,1016.231,0.230484,0
361609,-1,1016.22,0.5077438,0
361620,21.97621,1016.301,-1.693039,0
361630,-1,1016.363,-3.356628,0
361640,-1,1016.301,-1.693039,0
361650,-1,1016.261,-0.5839844,0
361660,-1,1016.22,0.5077438,0
361671,21.97163,1016.341,-2.784767,0
361681,-1,1016.21,0.8023376,0
361690,-1,1016.261,-0.5839844,0
361701,21.97163,1016.28,-1.121185,0
361711,-1,1016.301,-1.693039,0
361722,-1,1016.301,-1.693039,0
361732,-1,1016.301,-1.693039,0
361742,-1,1016.301,-1.693039,0
361751,-1,1016.32,-2.212914,0
361762,21.97163,1016.271,-0.8785782,0
361772,-1,1016.24,-0.01212311,0
361783,-1,1016.261,-0.5839844,0
361792,-1,1016.22,0.5077438,0
361802,-1,1016.261,-0.5839844,0
361812,-1,1016.18,1.616806,0
361822,21.97163,1016.311,-1.970306,0
361832,-1,1016.341,-2.784767,0
361842,-1,1016.301,-1.693039,0
361853,21.97163,1016.25,-0.3067169,0
361864,-1,1016.261,-0.5839844,0
361873,-1,1016.24,-0.01212311,0
361883,-1,1016.291,-1.398445,0
361893,-1,1016.261,-0.5839844,0
361903,-1,1016.291,-1.398445,0
361914,21.96247,1016.25,-0.3067169,0
361925,-1,1016.21,0.8023376,0
361934,-1,1016.21,0.8023376,0
361945,-1,1016.291,-1.398445,0
361955,-1,1016.261,-0.5839844,0
361965,-1,1016.21,0.8023376,0
361975,-1,1016.261,-0.5839844,0
361985,-1,1016.271,-0.8785782,0
361995,-1,1016.291,-1.398445,0
362005,-1,1016.261,-0.5839844,0
362015,-1,1016.22,0.5077438,0
362024,-1,1016.401,-4.413696,0
362035,-1,1016.291,-1.398445,0
362045,-1,1016.301,-1.693039,0
362055,-1,1016.17,1.894066,0
362064,-1,1016.159,2.18866,0
362075,-1,1016.291,-1.398445,0
362085,-1,1016.291,-1.398445,0
362095,-1,1016.22,0.5077438,0
362105,-1,1016.231,0.230484,0
362115,-1,1016.32,-2.212914,0
362125,-1,1016.32,-2.212914,0
362136,-1,1016.291,-1.398445,0
362147,-1,1016.28,-1.121185,0
362157,-1,1016.199,1.079605,0
362167,-1,1016.291,-1.398445,0
362177,-1,1016.32,-2.212914,0
362186,-1,1016.28,-1.121185,0
362196,-1,1016.199,1.079605,0
362206,-1,1016.301,-1.693039,0
362216,-1,1016.24,-0.01212311,0
362226,-1,1016.28,-1.121185,0
362236,-1,1016.301,-1.693039,0
362248,21.96247,1016.199,1.079605,0
362258,-1,1016.301,-1.693039,0
362268,-1,1016.28,-1.121185,0
362278,-1,1016.25,-0.3067169,0
362289,-1,1016.28,-1.121185,0
362298,-1,1016.189,1.374199,0
362308,-1,1016.291,-1.398445,0
362317,-1,1016.28,-1.121185,0
362327,-1,1016.32,-2.212914,0
362337,-1,1016.189,1.374199,0
362348,21.96247,1016.21,0.8023376,0
362358,21.96247,1016.25,-0.3067169,0
362368,-1,1016.28,-1.121185,0
362378,-1,1016.21,0.8023376,0
362388,-1,1016.331,-2.507507,0
362399,21.96705,1016.199,1.079605,0
362409,-1,1016.301,-1.693039,0
362419,-1,1016.28,-1.121185,0
362429,-1,1016.24,-0.01212311,0
362439,-1,1016.22,0.5077438,0
362449,-1,1016.301,-1.693039,0
362460,21.96247,1016.422,-4.985558,0
362470,-1,1016.24,-0.01212311,0
362479,-1,1016.331,-2.507507,0
362490,21.96247,1016.341,-2.784767,0
362500,21.96247,1016.199,1.079605,0
362510,-1,1016.341,-2.784767,0
362520,-1,1016.199,1.079605,0
362531,-1,1016.361,-3.304642,0
362540,-1,1016.24,-0.01212311,0
362551,-1,1016.259,-0.549324,0
362560,-1,1016.35,-3.027374,0
362570,-1,1016.28,-1.121185,0
362581,-1,1016.32,-2.212914,0
362590,-1,1016.199,1.079605,0
362602,21.97163,1016.24,-0.01212311,0
362612,-1,1016.291,-1.398445,0
362623,-1,1016.22,0.5077438,0
362632,-1,1016.27,-0.8265915,0
362641,-1,1016.139,2.708534,0
362651,-1,1016.331,-2.507507,0
362662,21.96247,1016.25,-0.3067169,0
362672,-1,1016.24,-0.01212311,0
362682,-1,1016.291,-1.398445,0
362692,-1,1016.28,-1.121185,0
362703,21.96247,1016.24,-0.01212311,0
362712,-1,1016.291,-1.398445,0
362722,21.97163,1016.21,0.8023376,0
362733,21.97163,1016.189,1.374199,0
362743,-1,1016.21,0.8023376,0
362753,-1,1016.24,-0.01212311,0
362763,-1,1016.24,-0.01212311,0
362774,-1,1016.341,-2.784767,0
362783,-1,1016.25,-0.3067169,0
362793,-1,1016.21,0.8023376,0
362803,-1,1016.261,-0.5839844,0
362813,-1,1016.22,0.5077438,0
362823,-1,1016.28,-1.121185,0
362833,-1,1016.199,1.079605,0
362844,-1,1016.28,-1.121185,0
362854,-1,1016.331,-2.507507,0
362863,-1,1016.291,-1.398445,0
362874,21.96705,1016.199,1.079605,0
362883,-1,1016.301,-1.693039,0
362894,21.97163,1016.291,-1.398445,0
362904,-1,1016.301,-1.693039,0
362914,-1,1016.22,0.5077438,0
362924,-1,1016.261,-0.5839844,0
362934,-1,1016.21,0.8023376,0
362945,-1,1016.24,-0.01212311,0
362955,-1,1016.32,-2.212914,0
362965,21.97163,1016.261,-0.5839844,0
362975,-1,1016.28,-1.121185,0
362985,-1,1016.291,-1.398445,0
362995,-1,1016.21,0.8023376,0
363005,-1,1016.291,-1.398445,0
363016,21.96705,1016.361,-3.304642,0
363026,-1,1016.32,-2.212914,0
363036,21.97163,1016.352,-3.062035,0
363047,-1,1016.322,-2.2649,0
363057,-1,1016.301,-1.693039,0
363067,-1,1016.28,-1.121185,0
363077,-1,1016.301,-1.693039,0
363086,-1,1016.301,-1.693039,0
363096,21.97163,1016.291,-1.398445,0
363106,21.96247,1016.261,-0.5839844,0
363117,21.97163,1016.282,-1.155838,0
363127,-1,1016.341,-2.784767,0
363136,-1,1016.22,0.5077438,0
363147,21.97163,1016.271,-0.8785782,0
363157,-1,1016.291,-1.398445,0
363167,-1,1016.301,-1.693039,0
363178,21.97621,1016.22,0.5077438,0
363188,-1,1016.22,0.5077438,0
363197,-1,1016.261,-0.5839844,0
363207,-1,1016.261,-0.5839844,0
363217,-1,1016.301,-1.693039,0
363236,21.98079,1016.301,-1.693039,0
363247,21.97621,1016.301,-1.693039,0
363258,-1,1016.261,-0.5839844,0
363268,-1,1016.24,-0.01212311,0
363278,-1,1016.231,0.230484,0
363289,-1,1016.21,0.8023376,0
363299,-1,1016.291,-1.398445,0
363308,-1,1016.271,-0.8785782,0
363318,-1,1016.22,0.5077438,0
363329,21.97163,1016.331,-2.507507,0
363339,-1,1016.22,0.5077438,0
363350,21.97621,1016.231,0.230484,0
363360,-1,1016.22,0.5077438,0
363370,-1,1016.19,1.322212,0
363379,-1,1016.301,-1.693039,0
363389,-1,1016.261,-0.5839844,0
363400,21.97163,1016.291,-1.398445,0
363409,-1,1016.291,-1.398445,0
363419,-1,1016.261,-0.5839844,0
363429,-1,1016.21,0.8023376,0
363439,-1,1016.271,-0.8785782,0
363450,-1,1016.311,-1.970306,0
363461,21.97621,1016.18,1.616806,0
363471,-1,1016.301,-1.693039,0
363482,-1,1016.261,-0.5839844,0
363492,-1,1016.241,-0.0641098,0
363501,-1,1016.341,-2.784767,0
363510,-1,1016.341,-2.784767,0
363521,21.97621,1016.261,-0.5839844,0
363531,-1,1016.301,-1.693039,0
363541,-1,1016.199,1.079605,0
363551,-1,1016.139,2.708534,0
363561,-1,1016.22,0.5077438,0
363571,-1,1016.261,-0.5839844,0
363582,-1,1016.301,-1.693039,0
363591,-1,1016.261,-0.5839844,0
363602,-1,1016.22,0.5077438,0
363612,-1,1016.201,1.044945,0
363622,21.97163,1016.25,-0.3067169,0
363632,-1,1016.231,0.230484,0
363643,-1,1016.22,0.5077438,0
363652,-1,1016.22,0.5077438,0
363663,21.97621,1016.21,0.8023376,0
363673,-1,1016.17,1.894066,0
363682,-1,1016.231,0.230484,0
363692,-1,1016.341,-2.784767,0
363703,-1,1016.271,-0.8785782,0
363713,21.97621,1016.322,-2.2649,0
363723,-1,1016.343,-2.819427,0
363733,-1,1016.343,-2.819427,0
363744,-1,1016.322,-2.2649,0
363754,-1,1016.311,-1.970306,0
363764,-1,1016.18,1.616806,0
363773,-1,1016.363,-3.356628,0
363783,-1,1016.241,-0.0641098,0
363793,-1,1016.241,-0.0641098,0
363803,-1,1016.282,-1.155838,0
363815,21.98079,1016.252,-0.3413773,0
363825,-1,1016.322,-2.2649,0
363834,-1,1016.262,-0.6186447,0
363844,-1,1016.271,-0.8785782,0
363854,-1,1016.18,1.616806,0
363864,-1,1016.343,-2.819427,0
363874,21.98994,1016.241,-0.0641098,0
363885,-1,1016.262,-0.6186447,0
363895,-1,1016.332,-2.542168,0
363905,-1,1016.343,-2.819427,0
363914,-1,1016.241,-0.0641098,0
363925,-1,1016.241,-0.0641098,0
363936,-1,1016.241,-0.0641098,0
363947,-1,1016.241,-0.0641098,0
363956,-1,1016.322,-2.2649,0
363967,-1,1016.424,-5.020218,0
363977,-1,1016.292,-1.433105,0
363987,-1,1016.241,-0.0641098,0
363996,-1,1016.322,-2.2649,0
364007,-1,1016.241,-0.0641098,0
364018,-1,1016.282,-1.155838,0
364027,-1,1016.241,-0.0641098,0
364037,-1,1016.241,-0.0641098,0
364047,-1,1016.262,-0.6186447,0
364057,-1,1016.373,-3.633896,0
364068,-1,1016.241,-0.0641098,0
364079,-1,1016.322,-2.2649,0
364089,-1,1016.292,-1.433105,0
364099,-1,1016.343,-2.819427,0
364108,-1,1016.222,0.4730911,0
364118,-1,1016.322,-2.2649,0
364127,-1,1016.302,-1.727699,0
364137,21.98994,1016.262,-0.6186447,0
364147,-1,1016.262,-0.6186447,0
364158,21.98994,1016.323,-2.299561,0
364168,-1,1016.262,-0.6186447,0
364178,-1,1016.262,-0.6186447,0
364188,-1,1016.353,-3.114021,0
364198,-1,1016.364,-3.391289,0
364209,21.99452,1016.232,0.1958237,0
364219,-1,1016.374,-3.668549,0
364228,-1,1016.293,-1.467766,0
364238,-1,1016.273,-0.9132385,0
364249,-1,1016.283,-1.190498,0
364259,-1,1016.364,-3.391289,0
364269,-1,1016.364,-3.391289,0
364279,-1,1016.293,-1.467766,0
364289,22.00368,1016.202,1.010284,0
364300,21.99911,1016.253,-0.3760376,0
364310,-1,1016.323,-2.299561,0
364320,-1,1016.344,-2.854088,0
364330,-1,1016.293,-1.467766,0
364340,22.00826,1016.304,-1.76236,0
364351,-1,1016.242,-0.09877014,0
364361,-1,1016.242,-0.09877014,0
364370,-1,1016.385,-3.963142,0
364380,-1,1016.304,-1.76236,0
364391,22.00368,1016.344,-2.854088,0
364400,-1,1016.253,-0.3760376,0
364410,-1,1016.304,-1.76236,0
364420,-1,1016.223,0.4384308,0
364430,-1,1016.263,-0.6532974,0
364442,22.01284,1016.193,1.252892,0
364452,-1,1016.314,-2.039619,0
364463,-1,1016.314,-2.039619,0
364473,-1,1016.304,-1.76236,0
364482,-1,1016.325,-2.334213,0
364492,-1,1016.304,-1.76236,0
364502,-1,1016.335,-2.611481,0
364512,-1,1016.132,2.933807,0
364521,-1,1016.254,-0.4106903,0
364531,-1,1016.295,-1.519753,0
364542,22.00826,1016.304,-1.76236,0
364553,-1,1016.284,-1.225159,0
364563,-1,1016.223,0.4384308,0
364573,-1,1016.295,-1.519753,0
364583,-1,1016.234,0.1611633,0
364594,-1,1016.274,-0.9478912,0
364603,-1,1016.335,-2.611481,0
364613,-1,1016.153,2.361954,0
364623,-1,1016.386,-3.997803,0
364634,22.01284,1016.325,-2.334213,0
364644,-1,1016.244,-0.1334305,0
364653,-1,1016.346,-2.906075,0
364663,-1,1016.223,0.4384308,0
364673,-1,1016.265,-0.7052841,0
364683,-1,1016.265,-0.7052841,0
364693,-1,1016.214,0.6810379,0
364704,22.02658,1016.335,-2.611481,0
364714,-1,1016.346,-2.906075,0
364724,-1,1016.346,-2.906075,0
364734,-1,1016.295,-1.519753,0
364744,-1,1016.265,-0.7052841,0
364755,22.02658,1016.265,-0.7052841,0
364765,-1,1016.265,-0.7052841,0
364776,-1,1016.305,-1.797012,0
364786,-1,1016.295,-1.519753,0
364796,-1,1016.295,-1.519753,0
364806,-1,1016.335,-2.611481,0
364816,-1,1016.305,-1.797012,0
364826,-1,1016.254,-0.4106903,0
364835,-1,1016.265,-0.7052841,0
364845,-1,1016.447,-5.661392,0
364855,-1,1016.265,-0.7052841,0
364866,-1,1016.224,0.4037704,0
364875,-1,1016.265,-0.7052841,0
364885,-1,1016.275,-0.9825516,0
364896,22.02658,1016.224,0.4037704,0
364906,-1,1016.245,-0.1680832,0
364924,22.03574,1016.346,-2.906075,0
364936,22.03116,1016.286,-1.259819,0
364947,-1,1016.286,-1.259819,0
364957,-1,1016.245,-0.1680832,0
364967,-1,1016.286,-1.259819,0
364977,-1,1016.275,-0.9825516,0
364987,-1,1016.245,-0.1680832,0
364997,-1,1016.265,-0.7052841,0
365007,-1,1016.235,0.1091766,0
365017,-1,1016.346,-2.906075,0
365028,-1,1016.235,0.1091766,0
365039,-1,1016.366,-3.460602,0
365049,-1,1016.265,-0.7052841,0
365059,-1,1016.214,0.6810379,0
365069,-1,1016.335,-2.611481,0
365078,-1,1016.265,-0.7052841,0
365089,-1,1016.265,-0.7052841,0
365099,-1,1016.274,-0.9478912,0
365108,-1,1016.234,0.1611633,0
365118,-1,1016.224,0.4037704,0
365128,-1,1016.335,-2.611481,0
365138,-1,1016.244,-0.1334305,0
365148,-1,1016.275,-0.9825516,0
365159,22.022,1016.295,-1.519753,0
365170,-1,1016.184,1.495499,0
365180,-1,1016.265,-0.7052841,0
365190,-1,1016.265,-0.7052841,0
365200,-1,1016.346,-2.906075,0
365210,-1,1016.214,0.6810379,0
365220,-1,1016.346,-2.906075,0
365230,-1,1016.346,-2.906075,0
365240,-1,1016.265,-0.7052841,0
365250,-1,1016.265,-0.7052841,0
365260,-1,1016.265,-0.7052841,0
365269,-1,1016.254,-0.4106903,0
365281,22.02658,1016.214,0.6810379,0
365291,-1,1016.245,-0.1680832,0
365301,-1,1016.265,-0.7052841,0
365310,-1,1016.184,1.495499,0
365321,-1,1016.245,-0.1680832,0
365330,-1,1016.265,-0.7052841,0
365340,-1,1016.205,0.9409714,0
365351,-1,1016.184,1.495499,0
365362,-1,1016.265,-0.7052841,0
365371,-1,1016.235,0.1091766,0
365380,-1,1016.275,-0.9825516,0
365390,-1,1016.286,-1.259819,0
365401,-1,1016.254,-0.4106903,0
365411,22.03574,1016.194,1.218239,0
365421,-1,1016.275,-0.9825516,0
365432,22.03574,1016.205,0.9409714,0
365442,-1,1016.245,-0.1680832,0
365453,-1,1016.143,2.604561,0
365463,-1,1016.286,-1.259819,0
365472,-1,1016.286,-1.259819,0
365482,-1,1016.184,1.495499,0
365492,-1,1016.286,-1.259819,0
365502,-1,1016.205,0.9409714,0
365512,-1,1016.316,-2.091606,0
365523,22.03116,1016.296,-1.554413,0
365533,22.04032,1016.286,-1.259819,0
365543,-1,1016.286,-1.259819,0
365553,-1,1016.286,-1.259819,0
365563,-1,1016.275,-0.9825516,0
365573,-1,1016.256,-0.4453506,0
365583,-1,1016.387,-4.032463,0
365594,22.03574,1016.205,0.9409714,0
365604,-1,1016.245,-0.1680832,0
365614,-1,1016.286,-1.259819,0
365623,-1,1016.286,-1.259819,0
365634,22.04032,1016.256,-0.4453506,0
365645,22.04032,1016.205,0.9409714,0
365654,-1,1016.205,0.9409714,0
365664,-1,1016.205,0.9409714,0
365675,-1,1016.245,-0.1680832,0
365685,-1,1016.226,0.3691101,0
365694,-1,1016.205,0.9409714,0
365705,22.0449,1016.226,0.3691101,0
365715,-1,1016.286,-1.259819,0
365725,-1,1016.296,-1.554413,0
365735,-1,1016.307,-1.831673,0
365745,-1,1016.226,0.3691101,0
365756,22.03574,1016.266,-0.7399445,0
365767,-1,1016.347,-2.940735,0
365777,-1,1016.316,-2.091606,0
365788,-1,1016.266,-0.7399445,0
365798,-1,1016.215,0.6463776,0
365808,-1,1016.266,-0.7399445,0
365818,-1,1016.286,-1.259819,0
365831,22.0449,1016.438,-5.418785,0
365841,-1,1016.266,-0.7399445,0
365852,22.0449,1016.226,0.3691101,0
365863,-1,1016.307,-1.831673,0
365873,-1,1016.296,-1.554413,0
365882,-1,1016.205,0.9409714,0
365892,-1,1016.307,-1.831673,0
365902,-1,1016.358,-3.235329,0
365913,-1,1016.226,0.3691101,0
365922,-1,1016.307,-1.831673,0
365932,-1,1016.266,-0.7399445,0
365942,-1,1016.226,0.3691101,0
365953,22.04948,1016.266,-0.7399445,0
365963,-1,1016.287,-1.294472,0
365973,-1,1016.226,0.3691101,0
365983,-1,1016.277,-1.017212,0
365994,-1,1016.236,0.0745163,0
366003,-1,1016.326,-2.368874,0
366014,-1,1016.307,-1.831673,0
366024,-1,1016.368,-3.495262,0
366033,-1,1016.226,0.3691101,0
366043,-1,1016.236,0.0745163,0
366053,-1,1016.206,0.906311,0
366064,-1,1016.175,1.755432,0
366074,-1,1016.236,0.0745163,0
366085,-1,1016.226,0.3691101,0
366095,-1,1016.257,-0.480011,0
366105,-1,1016.246,-0.2027435,0
366115,-1,1016.347,-2.940735,0
366124,-1,1016.277,-1.017212,0
366135,-1,1016.287,-1.294472,0
366146,-1,1016.236,0.0745163,0
366157,-1,1016.317,-2.126266,0
366169,22.05406,1016.246,-0.2027435,0
366181,22.0449,1016.307,-1.831673,0
366190,-1,1016.317,-2.126266,0
366200,-1,1016.206,0.906311,0
366211,22.05406,1016.257,-0.480011,0
366220,-1,1016.358,-3.235329,0
366231,-1,1016.246,-0.2027435,0
366241,-1,1016.358,-3.235329,0
366251,-1,1016.287,-1.294472,0
366262,-1,1016.246,-0.2027435,0
366271,-1,1016.236,0.0745163,0
366281,-1,1016.246,-0.2027435,0
366292,-1,1016.287,-1.294472,0
366303,-1,1016.236,0.0745163,0
366312,-1,1016.266,-0.7399445,0
366323,-1,1016.246,-0.2027435,0
366332,-1,1016.287,-1.294472,0
366342,-1,1016.246,-0.2027435,0
366352,-1,1016.217,0.6117172,0
366362,-1,1016.268,-0.7746048,0
366372,22.06322,1016.268,-0.7746048,0
366382,-1,1016.268,-0.7746048,0
366392,-1,1016.297,-1.589066,0
366403,-1,1016.327,-2.403534,0
366412,-1,1016.287,-1.294472,0
366422,-1,1016.287,-1.294472,0
366434,22.06322,1016.308,-1.883659,0
366443,-1,1016.378,-3.789856,0
366453,-1,1016.308,-1.883659,0
366464,22.05406,1016.257,-0.480011,0
366474,-1,1016.257,-0.480011,0
366484,-1,1016.348,-2.975388,0
366494,-1,1016.206,0.906311,0
366504,-1,1016.268,-0.7746048,0
366514,-1,1016.268,-0.7746048,0
366525,-1,1016.268,-0.7746048,0
366534,-1,1016.268,-0.7746048,0
366544,-1,1016.268,-0.7746048,0
366554,-1,1016.278,-1.051865,0
366565,-1,1016.268,-0.7746048,0
366575,-1,1016.257,-0.480011,0
366585,-1,1016.348,-2.975388,0
366594,-1,1016.268,-0.7746048,0
366604,-1,1016.146,2.53524,0
366615,22.06322,1016.268,-0.7746048,0
366625,-1,1016.288,-1.346458,0
366645,22.07696,1016.137,2.777847,0
366656,-1,1016.278,-1.051865,0
366665,-1,1016.268,-0.7746048,0
366675,-1,1016.248,-0.2374039,0
366686,22.07238,1016.389,-4.08445,0
366696,-1,1016.146,2.53524,0
366705,-1,1016.268,-0.7746048,0
366716,-1,1016.329,-2.438187,0
366726,22.0678,1016.329,-2.438187,0
366737,22.07238,1016.248,-0.2374039,0
366746,-1,1016.227,0.3171234,0
366757,22.07238,1016.369,-3.547249,0
366767,-1,1016.208,0.8543243,0
366778,-1,1016.248,-0.2374039,0
366788,-1,1016.348,-2.975388,0
366798,-1,1016.288,-1.346458,0
366808,-1,1016.369,-3.547249,0
366817,-1,1016.288,-1.346458,0
366828,22.07696,1016.329,-2.438187,0
366838,-1,1016.329,-2.438187,0
366848,-1,1016.39,-4.101776,0
366858,-1,1016.369,-3.547249,0
366868,-1,1016.218,0.5770645,0
366877,-1,1016.228,0.2997971,0
366888,-1,1016.299,-1.623726,0
366898,-1,1016.369,-3.547249,0
366908,-1,1016.299,-1.623726,0
366919,22.08154,1016.167,1.963387,0
366930,-1,1016.278,-1.051865,0
366940,-1,1016.269,-0.8092575,0
366950,-1,1016.228,0.2997971,0
366960,-1,1016.248,-0.2374039,0
366969,-1,1016.288,-1.346458,0
366979,-1,1016.309,-1.900993,0
366989,-1,1016.309,-1.900993,0
367000,-1,1016.269,-0.8092575,0
367011,-1,1016.248,-0.2374039,0
367020,-1,1016.32,-2.195587,0
367031,-1,1016.228,0.2997971,0
367041,-1,1016.288,-1.346458,0
367051,-1,1016.32,-2.195587,0
367061,-1,1016.239,0.005203247,0
367070,-1,1016.269,-0.8092575,0
367080,-1,1016.299,-1.623726,0
367091,-1,1016.32,-2.195587,0
367102,-1,1016.309,-1.900993,0
367113,-1,1016.188,1.391525,0
367123,-1,1016.32,-2.195587,0
367132,-1,1016.32,-2.195587,0
367143,-1,1016.309,-1.900993,0
367152,-1,1016.269,-0.8092575,0
367162,-1,1016.228,0.2997971,0
367172,-1,1016.309,-1.900993,0
367183,-1,1016.178,1.668793,0
367193,-1,1016.421,-4.968231,0
367203,-1,1016.158,2.205994,0
367213,-1,1016.309,-1.900993,0
367222,-1,1016.39,-4.101776,0
367232,-1,1016.188,1.391525,0
367242,-1,1016.309,-1.900993,0
367253,-1,1016.228,0.2997971,0
367262,-1,1016.411,-4.673637,0
367272,-1,1016.148,2.500587,0
367283,-1,1016.32,-2.195587,0
367293,-1,1016.279,-1.103851,0
367303,-1,1016.269,-0.8092575,0
367313,-1,1016.188,1.391525,0
367324,-1,1016.32,-2.195587,0
367333,-1,1016.32,-2.195587,0
367344,22.08154,1016.299,-1.623726,0
367355,-1,1016.188,1.391525,0
367366,-1,1016.309,-1.900993,0
367375,-1,1016.299,-1.623726,0
367386,-1,1016.178,1.668793,0
367395,-1,1016.309,-1.900993,0
367405,-1,1016.218,0.5770645,0
367415,-1,1016.309,-1.900993,0
367425,-1,1016.309,-1.900993,0
367436,-1,1016.269,-0.8092575,0
367446,-1,1016.299,-1.623726,0
367457,-1,1016.299,-1.623726,0
367467,-1,1016.208,0.8543243,0
367477,-1,1016.178,1.668793,0
367487,-1,1016.288,-1.346458,0
367498,-1,1016.218,0.5770645,0
367507,-1,1016.299,-1.623726,0
367517,-1,1016.299,-1.623726,0
367528,-1,1016.268,-0.7746048,0
367540,22.07696,1016.227,0.3171234,0
367550,-1,1016.299,-1.623726,0
367560,-1,1016.288,-1.346458,0
367571,22.07238,1016.288,-1.346458,0
367580,-1,1016.227,0.3171234,0
367592,22.07238,1016.329,-2.438187,0
367602,-1,1016.278,-1.051865,0
367612,-1,1016.167,1.963387,0
367622,-1,1016.348,-2.975388,0
367632,-1,1016.288,-1.346458,0
367641,-1,1016.288,-1.346458,0
367652,-1,1016.146,2.53524,0
367662,-1,1016.258,-0.5319977,0
367672,22.07238,1016.167,1.963387,0
367684,-1,1016.369,-3.547249,0
367695,-1,1016.187,1.426186,0
367707,22.07238,1016.227,0.3171234,0
367717,-1,1016.167,1.963387,0
367728,22.06322,1016.268,-0.7746048,0
367738,-1,1016.288,-1.346458,0
367749,-1,1016.248,-0.2374039,0
367759,-1,1016.288,-1.346458,0
367769,-1,1016.308,-1.883659,0
367778,-1,1016.348,-2.975388,0
367789,22.07238,1016.268,-0.7746048,0
367799,-1,1016.308,-1.883659,0
367808,-1,1016.348,-2.975388,0
367818,-1,1016.157,2.240646,0
367829,-1,1016.268,-0.7746048,0
367840,22.05406,1016.257,-0.480011,0
367849,-1,1016.246,-0.2027435,0
367859,-1,1016.369,-3.547249,0
367870,22.06322,1016.187,1.426186,0
367880,-1,1016.246,-0.2027435,0
367890,-1,1016.389,-4.08445,0
367899,-1,1016.217,0.6117172,0
367909,-1,1016.268,-0.7746048,0
367920,-1,1016.187,1.426186,0
367931,-1,1016.278,-1.051865,0
367941,-1,1016.318,-2.160927,0
367951,-1,1016.227,0.3171234,0
367961,22.06322,1016.308,-1.883659,0
367971,-1,1016.268,-0.7746048,0
367981,-1,1016.348,-2.975388,0
367992,-1,1016.246,-0.2027435,0
368003,-1,1016.288,-1.346458,0
368013,-1,1016.268,-0.7746048,0
368025,22.0678,1016.208,0.8543243,0
368036,-1,1016.176,1.720779,0
368047,22.06322,1016.278,-1.051865,0
368057,-1,1016.257,-0.480011,0
368067,-1,1016.268,-0.7746048,0
368078,-1,1016.248,-0.2374039,0
368088,-1,1016.257,-0.480011,0
368098,-1,1016.257,-0.480011,0
368108,-1,1016.278,-1.051865,0
368117,-1,1016.268,-0.7746048,0
368127,22.05864,1016.308,-1.883659,0
368138,-1,1016.308,-1.883659,0
368148,-1,1016.268,-0.7746048,0
368158,-1,1016.338,-2.680794,0
368168,-1,1016.308,-1.883659,0
368178,-1,1016.268,-0.7746048,0
368189,-1,1016.308,-1.883659,0
368198,-1,1016.297,-1.589066,0
368208,-1,1016.268,-0.7746048,0
368218,-1,1016.287,-1.294472,0
368229,-1,1016.196,1.183578,0
368238,-1,1016.236,0.0745163,0
368249,-1,1016.308,-1.883659,0
368259,-1,1016.206,0.906311,0
368269,-1,1016.257,-0.480011,0
368280,-1,1016.308,-1.883659,0
368290,-1,1016.268,-0.7746048,0
368301,-1,1016.348,-2.975388,0
368311,-1,1016.268,-0.7746048,0
368320,-1,1016.268,-0.7746048,0
368330,-1,1016.268,-0.7746048,0
368340,-1,1016.206,0.906311,0
368351,-1,1016.217,0.6117172,0
368369,22.06322,1016.257,-0.480011,0
368380,22.05864,1016.287,-1.294472,0
368390,-1,1016.278,-1.051865,0
368400,-1,1016.136,2.812508,0
368410,-1,1016.187,1.426186,0
368421,22.05406,1016.338,-2.680794,0
368431,-1,1016.338,-2.680794,0
368442,-1,1016.136,2.812508,0
368451,-1,1016.338,-2.680794,0
368460,-1,1016.338,-2.680794,0
368471,22.04948,1016.236,0.0745163,0
368482,-1,1016.187,1.426186,0
368491,-1,1016.268,-0.7746048,0
368502,-1,1016.338,-2.680794,0
368512,-1,1016.227,0.3171234,0
368523,-1,1016.368,-3.495262,0
368533,-1,1016.217,0.6117172,0
368544,-1,1016.166,1.998039,0
368554,-1,1016.217,0.6117172,0
368566,22.06322,1016.246,-0.2027435,0
368577,22.06322,1016.268,-0.7746048,0
368587,22.05406,1016.125,3.107101,0
368598,22.05864,1016.268,-0.7746048,0
368607,-1,1016.268,-0.7746048,0
368618,-1,1016.338,-2.680794,0
368628,-1,1016.348,-2.975388,0
368639,-1,1016.246,-0.2027435,0
368648,-1,1016.266,-0.7399445,0
368658,-1,1016.196,1.183578,0
368668,-1,1016.206,0.906311,0
368678,-1,1016.368,-3.495262,0
368688,-1,1016.398,-4.327057,0
368699,22.05864,1016.277,-1.017212,0
368709,-1,1016.266,-0.7399445,0
368718,-1,1016.176,1.720779,0
368728,-1,1016.226,0.3691101,0
368739,22.06322,1016.327,-2.403534,0
368749,-1,1016.115,3.367035,0
368760,-1,1016.246,-0.2027435,0
368769,-1,1016.287,-1.294472,0
368779,-1,1016.226,0.3691101,0
368789,-1,1016.206,0.906311,0
368800,-1,1016.246,-0.2027435,0
368810,-1,1016.217,0.6117172,0
368820,-1,1016.246,-0.2027435,0
368830,-1,1016.287,-1.294472,0
368840,22.05406,1016.246,-0.2027435,0
368851,-1,1016.277,-1.017212,0
368860,-1,1016.246,-0.2027435,0
368870,-1,1016.338,-2.680794,0
368880,-1,1016.227,0.3171234,0
368891,22.05406,1016.206,0.906311,0
368901,-1,1016.246,-0.2027435,0
368910,-1,1016.368,-3.495262,0
368921,22.04948,1016.327,-2.403534,0
368932,-1,1016.287,-1.294472,0
368941,-1,1016.257,-0.480011,0
368952,-1,1016.246,-0.2027435,0
368962,-1,1016.297,-1.589066,0
368972,-1,1016.338,-2.680794,0
368982,-1,1016.257,-0.480011,0
368992,-1,1016.246,-0.2027435,0
369002,22.05406,1016.287,-1.294472,0
369012,-1,1016.268,-0.7746048,0
369023,-1,1016.318,-2.160927,0
369033,22.0678,1016.338,-2.680794,0
369042,-1,1016.227,0.3171234,0
369053,-1,1016.246,-0.2027435,0
369063,-1,1016.268,-0.7746048,0
369074,-1,1016.227,0.3171234,0
369084,-1,1016.287,-1.294472,0
369094,-1,1016.268,-0.7746048,0
369105,-1,1016.327,-2.403534,0
369115,-1,1016.227,0.3171234,0
369125,-1,1016.146,2.53524,0
369135,-1,1016.288,-1.346458,0
369145,-1,1016.246,-0.2027435,0
369156,-1,1016.187,1.426186,0
369165,-1,1016.308,-1.883659,0
369175,-1,1016.327,-2.403534,0
369185,-1,1016.297,-1.589066,0
369194,-1,1016.227,0.3171234,0
369204,-1,1016.246,-0.2027435,0
369214,-1,1016.268,-0.7746048,0
369225,22.06322,1016.257,-0.480011,0
369235,-1,1016.268,-0.7746048,0
369246,-1,1016.287,-1.294472,0
369256,-1,1016.268,-0.7746048,0
369267,-1,1016.308,-1.883659,0
369277,-1,1016.187,1.426186,0
369286,-1,1016.288,-1.346458,0
369297,-1,1016.329,-2.438187,0
369306,-1,1016.268,-0.7746048,0
369315,-1,1016.348,-2.975388,0
369325,-1,1016.268,-0.7746048,0
369335,-1,1016.248,-0.2374039,0
369345,-1,1016.297,-1.589066,0
369356,-1,1016.278,-1.051865,0
369366,-1,1016.268,-0.7746048,0
369376,22.0678,1016.268,-0.7746048,0
369386,-1,1016.268,-0.7746048,0
369397,22.07238,1016.268,-0.7746048,0
369406,-1,1016.238,0.03986359,0
369417,-1,1016.268,-0.7746048,0
369427,-1,1016.308,-1.883659,0
369437,-1,1016.288,-1.346458,0
369446,-1,1016.329,-2.438187,0
369457,-1,1016.369,-3.547249,0
369467,-1,1016.146,2.53524,0
369478,22.07238,1016.258,-0.5319977,0
369487,-1,1016.157,2.240646,0
369497,-1,1016.238,0.03986359,0
369508,-1,1016.278,-1.051865,0
369518,-1,1016.329,-2.438187,0
369528,22.07696,1016.248,-0.2374039,0
369539,-1,1016.268,-0.7746048,0
369548,-1,1016.318,-2.160927,0
369558,-1,1016.217,0.6117172,0
369568,-1,1016.278,-1.051865,0
369578,-1,1016.278,-1.051865,0
369588,-1,1016.187,1.426186,0
369598,-1,1016.288,-1.346458,0
369609,22.07238,1016.288,-1.346458,0
369618,-1,1016.288,-1.346458,0
369628,22.07696,1016.248,-0.2374039,0
369639,-1,1016.268,-0.7746048,0
369649,-1,1016.208,0.8543243,0
369659,-1,1016.288,-1.346458,0
369670,22.06322,1016.157,2.240646,0
369680,-1,1016.288,-1.346458,0
369689,-1,1016.137,2.777847,0
369699,-1,1016.268,-0.7746048,0
369710,22.07238,1016.208,0.8543243,0
369721,-1,1016.248,-0.2374039,0
369730,-1,1016.339,-2.73278,0
369740,-1,1016.339,-2.73278,0
369750,-1,1016.329,-2.438187,0
369760,-1,1016.208,0.8543243,0
369770,-1,1016.288,-1.346458,0
369780,-1,1016.299,-1.623726,0
369791,22.0678,1016.188,1.391525,0
369800,-1,1016.299,-1.623726,0
369811,-1,1016.288,-1.346458,0
369821,-1,1016.299,-1.623726,0
369830,-1,1016.228,0.2997971,0
369840,-1,1016.309,-1.900993,0
369852,-1,1016.269,-0.8092575,0
369862,-1,1016.228,0.2997971,0
369873,-1,1016.32,-2.195587,0
369882,-1,1016.279,-1.103851,0
369892,-1,1016.258,-0.5319977,0
369902,-1,1016.309,-1.900993,0
369912,-1,1016.32,-2.195587,0
369921,-1,1016.309,-1.900993,0
369931,-1,1016.29,-1.381119,0
369942,-1,1016.239,0.005203247,0
369952,-1,1016.29,-1.381119,0
369962,-1,1016.32,-2.195587,0
369973,22.0907,1016.309,-1.900993,0
369983,-1,1016.269,-0.8092575,0
369994,-1,1016.269,-0.8092575,0
370004,-1,1016.36,-3.304642,0
370014,-1,1016.249,-0.2720642,0
370025,-1,1016.249,-0.2720642,0
370034,-1,1016.158,2.205994,0
370045,-1,1016.158,2.205994,0
370064,-1,1016.33,-2.472847,0
370074,-1,1016.269,-0.8092575,0
370084,-1,1016.209,0.8196716,0
370095,-1,1016.138,2.743187,0
370105,-1,1016.23,0.2478104,0
370116,-1,1016.29,-1.381119,0
370128,22.09528,1016.33,-2.472847,0
370139,-1,1016.169,1.928726,0
370150,22.0907,1016.199,1.096931,0
370160,-1,1016.29,-1.381119,0
370170,-1,1016.33,-2.472847,0
370180,-1,1016.169,1.928726,0
370190,-1,1016.341,-2.767441,0
370200,-1,1016.219,0.5424042,0
370211,22.10901,1016.169,1.928726,0
370221,-1,1016.189,1.356865,0
370230,-1,1016.179,1.634132,0
370241,22.09986,1016.158,2.205994,0
370252,-1,1016.27,-0.8439178,0
370262,-1,1016.249,-0.2720642,0
370273,-1,1016.26,-0.566658,0
370283,-1,1016.351,-3.044708,0
370292,-1,1016.2,1.062271,0
370302,-1,1016.321,-2.23024,0
370312,-1,1016.341,-2.767441,0
370321,-1,1016.128,3.020454,0
370331,-1,1016.351,-3.044708,0
370341,-1,1016.341,-2.767441,0
370352,22.09986,1016.24,-0.02945709,0
370362,-1,1016.351,-3.044708,0
370373,-1,1016.311,-1.95298,0
370383,-1,1016.372,-3.616562,0
370392,-1,1016.311,-1.95298,0
370402,-1,1016.372,-3.616562,0
370413,22.10901,1016.189,1.356865,0
370423,-1,1016.23,0.2478104,0
370433,-1,1016.21,0.7850113,0
370443,-1,1016.391,-4.153763,0
370453,-1,1016.341,-2.767441,0
370463,-1,1016.189,1.356865,0
370473,-1,1016.332,-2.524834,0
370484,22.10443,1016.21,0.7850113,0
370494,-1,1016.332,-2.524834,0
370505,-1,1016.221,0.5077438,0
370514,-1,1016.402,-4.43103,0
370524,-1,1016.119,3.263062,0
370533,-1,1016.281,-1.138512,0
370544,22.09986,1016.321,-2.23024,0
370554,-1,1016.23,0.2478104,0
370564,22.10901,1016.291,-1.415779,0
370574,-1,1016.351,-3.044708,0
370584,-1,1016.302,-1.693039,0
370594,-1,1016.17,1.87674,0
370604,-1,1016.362,-3.339302,0
370614,-1,1016.17,1.87674,0
370625,22.10901,1016.332,-2.524834,0
370635,-1,1016.23,0.2478104,0
370645,-1,1016.16,2.171333,0
370654,-1,1016.23,0.2478104,0
370665,22.10443,1016.2,1.062271,0
370675,-1,1016.21,0.7850113,0
370685,-1,1016.21,0.7850113,0
370696,22.10901,1016.17,1.87674,0
370706,-1,1016.281,-1.138512,0
370716,-1,1016.221,0.5077438,0
370726,22.11818,1016.2,1.062271,0
370736,-1,1016.21,0.7850113,0
370746,22.09986,1016.21,0.7850113,0
370757,-1,1016.302,-1.693039,0
370766,-1,1016.109,3.557655,0
370776,-1,1016.2,1.062271,0
370787,22.10901,1016.281,-1.138512,0
370797,22.10901,1016.2,1.062271,0
370808,-1,1016.291,-1.415779,0
370817,-1,1016.21,0.7850113,0
370827,-1,1016.311,-1.95298,0
370837,-1,1016.281,-1.138512,0
370847,-1,1016.251,-0.3240509,0
370858,22.11359,1016.251,-0.3240509,0
370867,-1,1016.2,1.062271,0
370878,22.10901,1016.372,-3.616562,0
370888,-1,1016.372,-3.616562,0
370898,-1,1016.21,0.7850113,0
370908,-1,1016.21,0.7850113,0
370918,-1,1016.302,-1.693039,0
370928,-1,1016.221,0.5077438,0
370937,-1,1016.21,0.7850113,0
370948,22.10901,1016.089,4.094856,0
370957,-1,1016.17,1.87674,0
370968,-1,1016.312,-1.987633,0
370979,22.10443,1016.342,-2.802101,0
370989,-1,1016.291,-1.415779,0
371000,-1,1016.291,-1.415779,0
371010,-1,1016.21,0.7850113,0
371019,-1,1016.332,-2.524834,0
371029,-1,1016.281,-1.138512,0
371039,-1,1016.149,2.448601,0
371050,22.09986,1016.351,-3.044708,0
371059,-1,1016.291,-1.415779,0
371070,22.09986,1016.372,-3.616562,0
371080,-1,1016.291,-1.415779,0
371090,-1,1016.119,3.263062,0
371100,-1,1016.291,-1.415779,0
371110,22.10443,1016.372,-3.616562,0
371120,-1,1016.261,-0.6013107,0
371130,-1,1016.281,-1.138512,0
371140,-1,1016.2,1.062271,0
371151,-1,1016.251,-0.3240509,0
371165,-1,1016.21,0.7850113,0
371175,-1,1016.321,-2.23024,0
371186,-1,1016.251,-0.3240509,0
371196,-1,1016.362,-3.339302,0
371206,-1,1016.189,1.356865,0
371216,-1,1016.21,0.7850113,0
371226,-1,1016.332,-2.524834,0
371237,22.10901,1016.291,-1.415779,0
371248,-1,1016.291,-1.415779,0
371258,-1,1016.2,1.062271,0
371268,-1,1016.362,-3.339302,0
371277,-1,1016.281,-1.138512,0
371287,-1,1016.24,-0.02945709,0
371297,-1,1016.2,1.062271,0
371306,-1,1016.372,-3.616562,0
371316,-1,1016.372,-3.616562,0
371328,22.10443,1016.372,-3.616562,0
371338,-1,1016.27,-0.8439178,0
371349,-1,1016.372,-3.616562,0
371360,-1,1016.21,0.7850113,0
371372,22.11818,1016.24,-0.02945709,0
371383,22.10901,1016.24,-0.02945709,0
371393,-1,1016.16,2.171333,0
371403,-1,1016.251,-0.3240509,0
371413,-1,1016.281,-1.138512,0
371423,-1,1016.189,1.356865,0
371433,22.09986,1016.332,-2.524834,0
371443,-1,1016.21,0.7850113,0
371455,-1,1016.311,-1.95298,0
371465,-1,1016.261,-0.6013107,0
371474,-1,1016.2,1.062271,0
371484,-1,1016.332,-2.524834,0
371494,-1,1016.281,-1.138512,0
371504,-1,1016.251,-0.3240509,0
371515,-1,1016.332,-2.524834,0
371525,-1,1016.24,-0.02945709,0
371535,-1,1016.231,0.21315,0
371545,-1,1016.291,-1.415779,0
371555,-1,1016.302,-1.693039,0
371565,-1,1016.21,0.7850113,0
371574,-1,1016.261,-0.6013107,0
371585,-1,1016.291,-1.415779,0
371595,-1,1016.312,-1.987633,0
371605,22.11359,1016.231,0.21315,0
371616,22.11818,1016.242,-0.0641098,0
371626,-1,1016.332,-2.524834,0
371635,-1,1016.342,-2.802101,0
371646,22.11818,1016.231,0.21315,0
371656,-1,1016.302,-1.693039,0
371667,22.11818,1016.15,2.41394,0
371677,-1,1016.393,-4.188423,0
371687,-1,1016.221,0.5077438,0
371698,-1,1016.231,0.21315,0
371708,-1,1016.312,-1.987633,0
371717,-1,1016.312,-1.987633,0
371737,22.12275,1016.272,-0.8785782,0
371747,-1,1016.373,-3.651222,0
371757,-1,1016.242,-0.0641098,0
371768,-1,1016.242,-0.0641098,0
371778,-1,1016.171,1.859413,0
371788,-1,1016.282,-1.173172,0
371798,-1,1016.212,0.750351,0
371807,-1,1016.282,-1.173172,0
371818,-1,1016.242,-0.0641098,0
371828,-1,1016.191,1.322212,0
371839,22.13191,1016.282,-1.173172,0
371849,-1,1016.273,-0.9132385,0
371859,-1,1016.263,-0.6359711,0
371869,-1,1016.131,2.951141,0
371879,22.13191,1016.212,0.750351,0
371889,-1,1016.232,0.1784973,0
371899,-1,1016.252,-0.3413773,0
371909,22.13191,1016.252,-0.3413773,0
371919,-1,1016.213,0.6983643,0
371929,-1,1016.222,0.4557571,0
371940,-1,1016.192,1.287552,0
371950,-1,1016.313,-2.022293,0
371959,-1,1016.212,0.750351,0
371970,22.13191,1016.213,0.6983643,0
371980,22.13191,1016.243,-0.09877014,0
371991,-1,1016.273,-0.9132385,0
372001,-1,1016.283,-1.207832,0
372010,-1,1016.303,-1.745026,0
372020,-1,1016.273,-0.9132385,0
372031,-1,1016.252,-0.3413773,0
372040,-1,1016.313,-2.022293,0
372050,-1,1016.263,-0.6359711,0
372061,-1,1016.203,0.9929581,0
372071,-1,1016.313,-2.022293,0
372081,-1,1016.273,-0.9132385,0
372091,-1,1016.232,0.1784973,0
372100,-1,1016.212,0.750351,0
372111,22.13649,1016.273,-0.9132385,0
372121,-1,1016.273,-0.9132385,0
372131,-1,1016.273,-0.9132385,0
372142,22.12733,1016.354,-3.114021,0
372154,-1,1016.152,2.37928,0
372164,-1,1016.192,1.287552,0
372176,22.15023,1016.294,-1.502419,0
372187,22.14107,1016.232,0.1784973,0
372198,22.14565,1016.283,-1.207832,0
372208,-1,1016.173,1.807426,0
372218,-1,1016.254,-0.393364,0
372228,-1,1016.111,3.488342,0
372237,-1,1016.111,3.488342,0
372247,-1,1016.243,-0.09877014,0
372258,-1,1016.213,0.6983643,0
372268,-1,1016.294,-1.502419,0
372278,-1,1016.294,-1.502419,0
372288,-1,1016.232,0.1784973,0
372298,22.14565,1016.213,0.6983643,0
372308,-1,1016.213,0.6983643,0
372318,-1,1016.273,-0.9132385,0
372329,-1,1016.203,0.9929581,0
372339,-1,1016.152,2.37928,0
372349,-1,1016.254,-0.393364,0
372358,-1,1016.203,0.9929581,0
372369,22.13649,1016.264,-0.6706314,0
372380,-1,1016.304,-1.779686,0
372390,-1,1016.254,-0.393364,0
372400,-1,1016.273,-0.9132385,0
372409,-1,1016.283,-1.207832,0
372420,-1,1016.162,2.102013,0
372430,-1,1016.213,0.6983643,0
372440,-1,1016.203,0.9929581,0
372450,22.15481,1016.192,1.287552,0
372459,-1,1016.394,-4.223083,0
372470,-1,1016.203,0.9929581,0
372481,22.13649,1016.283,-1.207832,0
372490,-1,1016.283,-1.207832,0
372500,-1,1016.203,0.9929581,0
372510,-1,1016.273,-0.9132385,0
372520,22.14107,1016.294,-1.502419,0
372530,22.13649,1016.364,-3.408615,0
372541,22.13649,1016.192,1.287552,0
372550,-1,1016.273,-0.9132385,0
372561,22.14107,1016.294,-1.502419,0
372571,-1,1016.203,0.9929581,0
372581,-1,1016.294,-1.502419,0
372592,22.14107,1016.294,-1.502419,0
372602,-1,1016.213,0.6983643,0
372612,22.14107,1016.354,-3.114021,0
372622,22.14565,1016.324,-2.299561,0
372632,-1,1016.162,2.102013,0
372642,-1,1016.203,0.9929581,0
372651,-1,1016.273,-0.9132385,0
372663,22.13191,1016.192,1.287552,0
372673,-1,1016.203,0.9929581,0
372682,-1,1016.141,2.673874,0
372692,-1,1016.192,1.287552,0
372703,-1,1016.192,1.287552,0
372713,22.14107,1016.192,1.287552,0
372724,-1,1016.232,0.1784973,0
372733,-1,1016.273,-0.9132385,0
372743,-1,1016.313,-2.022293,0
372754,22.13649,1016.294,-1.502419,0
372763,-1,1016.152,2.37928,0
372773,-1,1016.152,2.37928,0
372783,-1,1016.273,-0.9132385,0
372793,-1,1016.273,-0.9132385,0
372804,22.14107,1016.203,0.9929581,0
372813,-1,1016.283,-1.207832,0
372823,-1,1016.273,-0.9132385,0
372834,22.13649,1016.313,-2.022293,0
372845,-1,1016.152,2.37928,0
372855,-1,1016.273,-0.9132385,0
372866,-1,1016.283,-1.207832,0
372876,-1,1016.273,-0.9132385,0
372886,-1,1016.192,1.287552,0
372895,-1,1016.203,0.9929581,0
372905,-1,1016.273,-0.9132385,0
372915,-1,1016.192,1.287552,0
372925,22.13649,1016.283,-1.207832,0
372935,-1,1016.273,-0.9132385,0
372945,-1,1016.343,-2.836754,0
372956,-1,1016.263,-0.6359711,0
372965,-1,1016.313,-2.022293,0
372975,-1,1016.232,0.1784973,0
372986,22.13649,1016.192,1.287552,0
372995,-1,1016.182,1.564819,0
373006,22.13191,1016.171,1.859413,0
373017,-1,1016.252,-0.3413773,0
373028,-1,1016.283,-1.207832,0
373038,-1,1016.212,0.750351,0
373048,-1,1016.252,-0.3413773,0
373057,-1,1016.182,1.564819,0
373068,-1,1016.152,2.37928,0
373078,-1,1016.273,-0.9132385,0
373087,-1,1016.152,2.37928,0
373097,-1,1016.222,0.4557571,0
373107,-1,1016.273,-0.9132385,0
373117,22.13649,1016.263,-0.6359711,0
373127,-1,1016.273,-0.9132385,0
373137,-1,1016.252,-0.3413773,0
373148,22.13191,1016.222,0.4557571,0
373159,-1,1016.283,-1.207832,0
373169,-1,1016.273,-0.9132385,0
373180,-1,1016.161,2.136673,0
373192,22.13649,1016.273,-0.9132385,0
373203,22.12733,1016.273,-0.9132385,0
373213,-1,1016.292,-1.450432,0
373223,-1,1016.201,1.027618,0
373233,-1,1016.273,-0.9132385,0
373244,-1,1016.252,-0.3413773,0
373253,-1,1016.252,-0.3413773,0
373264,22.12733,1016.131,2.951141,0
373274,-1,1016.313,-2.022293,0
373285,-1,1016.303,-1.745026,0
373295,-1,1016.252,-0.3413773,0
373305,-1,1016.171,1.859413,0
373314,-1,1016.252,-0.3413773,0
373324,-1,1016.252,-0.3413773,0
373335,22.12733,1016.273,-0.9132385,0
373346,-1,1016.212,0.750351,0
373356,-1,1016.221,0.5077438,0
373366,-1,1016.201,1.027618,0
373384,-1,1016.201,1.027618,0
373394,-1,1016.414,-4.74295,0
373405,-1,1016.191,1.322212,0
373416,22.11359,1016.292,-1.450432,0
373426,-1,1016.252,-0.3413773,0
373436,-1,1016.312,-1.987633,0
373446,-1,1016.231,0.21315,0
373455,-1,1016.312,-1.987633,0
373466,22.12733,1016.231,0.21315,0
373476,-1,1016.282,-1.173172,0
373486,-1,1016.242,-0.0641098,0
373496,-1,1016.272,-0.8785782,0
373506,-1,1016.191,1.322212,0
373517,22.11818,1016.15,2.41394,0
373528,-1,1016.312,-1.987633,0
373537,-1,1016.161,2.136673,0
373547,-1,1016.242,-0.0641098,0
373558,-1,1016.352,-3.079361,0
373567,-1,1016.231,0.21315,0
373577,-1,1016.201,1.027618,0
373587,22.12733,1016.312,-1.987633,0
373598,-1,1016.191,1.322212,0
373608,22.11818,1016.231,0.21315,0
373617,-1,1016.15,2.41394,0
373627,-1,1016.272,-0.8785782,0
373637,-1,1016.231,0.21315,0
373648,22.12275,1016.393,-4.188423,0
373659,-1,1016.282,-1.173172,0
373669,-1,1016.272,-0.8785782,0
373679,-1,1016.191,1.322212,0
373689,-1,1016.231,0.21315,0
373699,-1,1016.302,-1.693039,0
373709,22.10901,1016.231,0.21315,0
373719,-1,1016.342,-2.802101,0
373729,-1,1016.231,0.21315,0
373739,-1,1016.372,-3.616562,0
373749,-1,1016.231,0.21315,0
373759,-1,1016.13,2.985794,0
373769,-1,1016.191,1.322212,0
373779,-1,1016.231,0.21315,0
373789,-1,1016.352,-3.079361,0
373799,-1,1016.21,0.7850113,0
373809,-1,1016.342,-2.802101,0
373820,22.10901,1016.21,0.7850113,0
373829,-1,1016.332,-2.524834,0
373840,22.11359,1016.272,-0.8785782,0
373850,22.11818,1016.312,-1.987633,0
373861,22.10901,1016.282,-1.173172,0
373871,22.11818,1016.231,0.21315,0
373880,-1,1016.382,-3.893829,0
373890,-1,1016.291,-1.415779,0
373901,22.11818,1016.261,-0.6013107,0
373910,-1,1016.251,-0.3240509,0
373921,22.11818,1016.15,2.41394,0
373931,-1,1016.221,0.5077438,0
373942,-1,1016.21,0.7850113,0
373952,-1,1016.14,2.708534,0
373962,-1,1016.272,-0.8785782,0
373971,-1,1016.21,0.7850113,0
373982,22.10901,1016.312,-1.987633,0
373993,-1,1016.17,1.87674,0
374002,-1,1016.291,-1.415779,0
374012,-1,1016.221,0.5077438,0
374022,22.11359,1016.312,-1.987633,0
374033,-1,1016.352,-3.079361,0
374043,-1,1016.15,2.41394,0
374053,-1,1016.21,0.7850113,0
374063,-1,1016.221,0.5077438,0
374073,-1,1016.231,0.21315,0
374083,-1,1016.21,0.7850113,0
374093,-1,1016.21,0.7850113,0
374102,-1,1016.231,0.21315,0
374113,22.11818,1016.221,0.5077438,0
374122,-1,1016.251,-0.3240509,0
374133,22.11818,1016.11,3.522995,0
374143,-1,1016.261,-0.6013107,0
374153,-1,1016.11,3.522995,0
374164,-1,1016.221,0.5077438,0
374174,-1,1016.291,-1.415779,0
374184,-1,1016.14,2.708534,0
374195,-1,1016.281,-1.138512,0
374204,-1,1016.272,-0.8785782,0
374215,-1,1016.17,1.87674,0
374226,-1,1016.21,0.7850113,0
374236,-1,1016.372,-3.616562,0
374246,-1,1016.312,-1.987633,0
374256,-1,1016.312,-1.987633,0
374269,22.11818,1016.261,-0.6013107,0
374279,-1,1016.261,-0.6013107,0
374289,-1,1016.393,-4.188423,0
374300,22.11359,1016.21,0.7850113,0
374311,-1,1016.21,0.7850113,0
374322,-1,1016.221,0.5077438,0
374332,-1,1016.393,-4.188423,0
374343,-1,1016.272,-0.8785782,0
374352,-1,1016.21,0.7850113,0
374362,-1,1016.251,-0.3240509,0
374373,-1,1016.189,1.356865,0
374382,-1,1016.14,2.708534,0
374392,-1,1016.191,1.322212,0
374402,-1,1016.393,-4.188423,0
374411,-1,1016.251,-0.3240509,0
374421,-1,1016.231,0.21315,0
374431,-1,1016.352,-3.079361,0
374442,22.11359,1016.251,-0.3240509,0
374452,-1,1016.302,-1.693039,0
374462,-1,1016.231,0.21315,0
374471,-1,1016.231,0.21315,0
374482,-1,1016.17,1.87674,0
374492,-1,1016.21,0.7850113,0
374501,-1,1016.302,-1.693039,0
374512,22.11818,1016.251,-0.3240509,0
374522,-1,1016.312,-1.987633,0
374533,-1,1016.393,-4.188423,0
374543,-1,1016.231,0.21315,0
374553,-1,1016.393,-4.188423,0
374563,-1,1016.221,0.5077438,0
374572,-1,1016.231,0.21315,0
374583,22.10901,1016.251,-0.3240509,0
374594,-1,1016.272,-0.8785782,0
374604,-1,1016.261,-0.6013107,0
374613,-1,1016.231,0.21315,0
374623,-1,1016.14,2.708534,0
374634,22.11359,1016.099,3.800262,0
374644,22.11818,1016.352,-3.079361,0
374653,-1,1016.372,-3.616562,0
374664,22.12275,1016.221,0.5077438,0
374674,-1,1016.261,-0.6013107,0
374684,-1,1016.231,0.21315,0
374694,-1,1016.14,2.708534,0
374705,22.10901,1016.272,-0.8785782,0
374715,-1,1016.231,0.21315,0
374725,-1,1016.231,0.21315,0
374735,-1,1016.312,-1.987633,0
374745,-1,1016.13,2.985794,0
374756,-1,1016.272,-0.8785782,0
374766,-1,1016.312,-1.987633,0
374776,-1,1016.393,-4.188423,0
374786,-1,1016.191,1.322212,0
374796,-1,1016.272,-0.8785782,0
374805,-1,1016.231,0.21315,0
374816,22.11818,1016.272,-0.8785782,0
374826,-1,1016.15,2.41394,0
374835,-1,1016.231,0.21315,0
374845,-1,1016.261,-0.6013107,0
374856,22.11818,1016.261,-0.6013107,0
374866,-1,1016.261,-0.6013107,0
374876,-1,1016.231,0.21315,0
374886,-1,1016.18,1.599472,0
374896,-1,1016.242,-0.0641098,0
374907,22.11818,1016.18,1.599472,0
374916,-1,1016.231,0.21315,0
374927,-1,1016.11,3.522995,0
374937,22.11359,1016.272,-0.8785782,0
374947,-1,1016.312,-1.987633,0
374958,-1,1016.171,1.859413,0
374968,-1,1016.373,-3.651222,0
374978,-1,1016.352,-3.079361,0
374987,-1,1016.18,1.599472,0
374998,22.11818,1016.15,2.41394,0
375007,-1,1016.352,-3.079361,0
375017,22.12275,1016.231,0.21315,0
375036,22.11818,1016.231,0.21315,0
375047,22.11818,1016.272,-0.8785782,0
375059,22.11818,1016.231,0.21315,0
375068,-1,1016.312,-1.987633,0
375078,-1,1016.272,-0.8785782,0
375089,22.12275,1016.201,1.027618,0
375099,-1,1016.191,1.322212,0
375109,-1,1016.161,2.136673,0
375119,-1,1016.261,-0.6013107,0
375129,-1,1016.221,0.5077438,0
375139,-1,1016.191,1.322212,0
375148,-1,1016.312,-1.987633,0
375160,22.11359,1016.231,0.21315,0
375170,-1,1016.393,-4.188423,0
375179,-1,1016.312,-1.987633,0
375189,-1,1016.272,-0.8785782,0
375200,22.12733,1016.161,2.136673,0
375210,-1,1016.272,-0.8785782,0
375221,22.12275,1016.15,2.41394,0
375230,-1,1016.403,-4.465683,0
375240,-1,1016.333,-2.542168,0
375250,-1,1016.231,0.21315,0
375260,-1,1016.231,0.21315,0
375270,-1,1016.15,2.41394,0
375281,22.12275,1016.242,-0.0641098,0
375291,-1,1016.221,0.5077438,0
375301,-1,1016.261,-0.6013107,0
375311,-1,1016.15,2.41394,0
375321,22.12733,1016.354,-3.114021,0
375331,-1,1016.252,-0.3413773,0
375342,22.12733,1016.191,1.322212,0
375352,-1,1016.231,0.21315,0
375363,-1,1016.312,-1.987633,0
375373,-1,1016.373,-3.651222,0
375383,-1,1016.282,-1.173172,0
375392,-1,1016.252,-0.3413773,0
375402,-1,1016.414,-4.74295,0
375412,-1,1016.191,1.322212,0
375422,-1,1016.242,-0.0641098,0
375432,-1,1016.312,-1.987633,0
375442,-1,1016.171,1.859413,0
375452,-1,1016.15,2.41394,0
375462,-1,1016.201,1.027618,0
375472,-1,1016.18,1.599472,0
375483,-1,1016.263,-0.6359711,0
375492,-1,1016.242,-0.0641098,0
375503,22.12733,1016.161,2.136673,0
375514,-1,1016.352,-3.079361,0
375523,-1,1016.323,-2.2649,0
375533,-1,1016.231,0.21315,0
375543,-1,1016.292,-1.450432,0
375554,22.12275,1016.252,-0.3413773,0
375564,-1,1016.282,-1.173172,0
375574,-1,1016.323,-2.2649,0
375584,-1,1016.231,0.21315,0
375594,-1,1016.282,-1.173172,0
375605,22.12275,1016.171,1.859413,0
375615,-1,1016.231,0.21315,0
375625,-1,1016.231,0.21315,0
375635,-1,1016.231,0.21315,0
375644,-1,1016.333,-2.542168,0
375655,-1,1016.273,-0.9132385,0
375665,-1,1016.171,1.859413,0
375674,-1,1016.313,-2.022293,0
375684,-1,1016.201,1.027618,0
375695,22.12733,1016.252,-0.3413773,0
375705,-1,1016.333,-2.542168,0
375715,-1,1016.242,-0.0641098,0
375725,-1,1016.171,1.859413,0
375736,22.12733,1016.363,-3.373955,0
375747,-1,1016.333,-2.542168,0
375756,-1,1016.272,-0.8785782,0
375767,-1,1016.323,-2.2649,0
375777,-1,1016.263,-0.6359711,0
375788,-1,1016.403,-4.465683,0
375798,-1,1016.252,-0.3413773,0
375808,-1,1016.252,-0.3413773,0
375818,-1,1016.161,2.136673,0
375828,-1,1016.252,-0.3413773,0
375838,-1,1016.414,-4.74295,0
375847,-1,1016.252,-0.3413773,0
375857,-1,1016.242,-0.0641098,0
375867,-1,1016.282,-1.173172,0
375877,-1,1016.242,-0.0641098,0
375888,22.12275,1016.231,0.21315,0
375897,-1,1016.242,-0.0641098,0
375908,22.12275,1016.282,-1.173172,0
375918,-1,1016.352,-3.079361,0
375927,-1,1016.373,-3.651222,0
375937,-1,1016.333,-2.542168,0
375948,-1,1016.231,0.21315,0
375958,-1,1016.21,0.7850113,0
375967,-1,1016.333,-2.542168,0
375979,22.12733,1016.231,0.21315,0
375988,-1,1016.272,-0.8785782,0
375998,-1,1016.191,1.322212,0
376009,22.12275,1016.272,-0.8785782,0
376019,-1,1016.191,1.322212,0
376029,-1,1016.231,0.21315,0
376039,-1,1016.191,1.322212,0
376049,-1,1016.231,0.21315,0
376059,-1,1016.242,-0.0641098,0
376070,-1,1016.252,-0.3413773,0
376079,-1,1016.414,-4.74295,0
376089,-1,1016.272,-0.8785782,0
376099,22.12275,1016.231,0.21315,0
376110,22.11818,1016.261,-0.6013107,0
376120,-1,1016.17,1.87674,0
376130,-1,1016.242,-0.0641098,0
376140,-1,1016.15,2.41394,0
376150,-1,1016.242,-0.0641098,0
376161,-1,1016.282,-1.173172,0
376170,-1,1016.323,-2.2649,0
376180,-1,1016.242,-0.0641098,0
376190,-1,1016.252,-0.3413773,0
376201,22.13191,1016.282,-1.173172,0
376211,-1,1016.231,0.21315,0
376221,-1,1016.272,-0.8785782,0
376231,-1,1016.352,-3.079361,0
376241,22.12733,1016.231,0.21315,0
376251,-1,1016.393,-4.188423,0
376261,22.11818,1016.323,-2.2649,0
376271,-1,1016.242,-0.0641098,0
376281,-1,1016.191,1.322212,0
376292,22.12275,1016.231,0.21315,0
376303,-1,1016.231,0.21315,0
376313,-1,1016.272,-0.8785782,0
376323,-1,1016.252,-0.3413773,0
376332,-1,1016.282,-1.173172,0
376342,-1,1016.272,-0.8785782,0
376353,22.11359,1016.312,-1.987633,0
376363,-1,1016.272,-0.8785782,0
376372,-1,1016.403,-4.465683,0
376383,22.11818,1016.272,-0.8785782,0
376393,22.12275,1016.292,-1.450432,0
376402,-1,1016.242,-0.0641098,0
376412,22.12275,1016.414,-4.74295,0
376422,22.11818,1016.292,-1.450432,0
376433,22.11818,1016.191,1.322212,0
376443,22.12733,1016.333,-2.542168,0
376453,22.12275,1016.272,-0.8785782,0
376463,22.12733,1016.242,-0.0641098,0
376473,22.12275,1016.231,0.21315,0
376483,22.12733,1016.333,-2.542168,0
376494,22.12275,1016.272,-0.8785782,0
376504,22.11818,1016.312,-1.987633,0
376514,22.12275,1016.323,-2.2649,0
376524,22.11818,1016.272,-0.8785782,0
376535,22.12733,1016.323,-2.2649,0
376544,-1,1016.323,-2.2649,0
376554,22.12275,1016.333,-2.542168,0
376564,22.12275,1016.312,-1.987633,0
376574,22.11818,1016.191,1.322212,0
376585,22.11818,1016.231,0.21315,0
376595,22.11359,1016.292,-1.450432,0
376605,22.11818,1016.231,0.21315,0
376624,22.11818,1016.231,0.21315,0
376633,-1,1016.242,-0.0641098,0
376641,-1,1016.161,2.136673,0
376650,-1,1016.242,-0.0641098,0
376661,22.12275,1016.252,-0.3413773,0
376671,22.12275,1016.333,-2.542168,0
376681,22.11818,1016.312,-1.987633,0
376692,22.11818,1016.312,-1.987633,0
376701,-1,1016.221,0.5077438,0
376711,22.12275,1016.333,-2.542168,0
376721,22.11818,1016.282,-1.173172,0
376732,22.12275,1016.292,-1.450432,0
376742,22.11818,1016.454,-5.852013,0
376751,-1,1016.231,0.21315,0
376761,22.11818,1016.312,-1.987633,0
376771,22.12275,1016.191,1.322212,0
376782,22.12733,1016.282,-1.173172,0
376792,22.12733,1016.15,2.41394,0
376802,22.11818,1016.212,0.750351,0
376813,22.11818,1016.242,-0.0641098,0
376823,22.11818,1016.323,-2.2649,0
376833,22.11359,1016.393,-4.188423,0
376842,-1,1016.242,-0.0641098,0
376852,22.11818,1016.161,2.136673,0
376863,22.11818,1016.15,2.41394,0
376873,22.11818,1016.231,0.21315,0
376883,-1,1016.221,0.5077438,0
376892,-1,1016.272,-0.8785782,0
376903,22.12733,1016.352,-3.079361,0
376914,22.11818,1016.272,-0.8785782,0
376924,-1,1016.282,-1.173172,0
376934,-1,1016.403,-4.465683,0
376943,-1,1016.272,-0.8785782,0
376953,-1,1016.252,-0.3413773,0
376963,-1,1016.352,-3.079361,0
376975,22.11818,1016.261,-0.6013107,0
376985,-1,1016.221,0.5077438,0
376995,-1,1016.07,4.614723,0
377004,-1,1016.272,-0.8785782,0
377015,22.12733,1016.272,-0.8785782,0
377025,-1,1016.302,-1.693039,0
377035,-1,1016.242,-0.0641098,0
377045,-1,1016.312,-1.987633,0
377055,-1,1016.201,1.027618,0
377065,-1,1016.231,0.21315,0
377075,22.10901,1016.231,0.21315,0
377086,-1,1016.302,-1.693039,0
377095,-1,1016.221,0.5077438,0
377106,22.11818,1016.291,-1.415779,0
377116,-1,1016.231,0.21315,0
377126,-1,1016.393,-4.188423,0
377135,-1,1016.302,-1.693039,0
377146,22.12275,1016.221,0.5077438,0
377157,-1,1016.342,-2.802101,0
377166,-1,1016.363,-3.373955,0
377177,22.11818,1016.21,0.7850113,0
377187,22.12275,1016.352,-3.079361,0
377196,-1,1016.393,-4.188423,0
377206,22.11818,1016.342,-2.802101,0
377216,22.11818,1016.242,-0.0641098,0
377227,22.12733,1016.231,0.21315,0
377237,-1,1016.433,-5.280151,0
377247,-1,1016.352,-3.079361,0
377257,-1,1016.21,0.7850113,0
377267,-1,1016.312,-1.987633,0
377277,22.11818,1016.221,0.5077438,0
377288,-1,1016.393,-4.188423,0
377298,-1,1016.231,0.21315,0
377307,-1,1016.403,-4.465683,0
377318,22.11359,1016.352,-3.079361,0
377329,-1,1016.272,-0.8785782,0
377339,-1,1016.231,0.21315,0
377348,-1,1016.312,-1.987633,0
377358,-1,1016.291,-1.415779,0
377368,22.11818,1016.272,-0.8785782,0
377378,-1,1016.312,-1.987633,0
377389,22.11818,1016.302,-1.693039,0
377399,-1,1016.352,-3.079361,0
377409,22.11818,1016.342,-2.802101,0
377419,-1,1016.352,-3.079361,0
377429,-1,1016.414,-4.74295,0
377440,22.12275,1016.393,-4.188423,0
377450,22.12275,1016.272,-0.8785782,0
377461,-1,1016.302,-1.693039,0
377471,-1,1016.272,-0.8785782,0
377481,-1,1016.272,-0.8785782,0
377491,-1,1016.272,-0.8785782,0
377501,-1,1016.393,-4.188423,0
377511,-1,1016.302,-1.693039,0
377522,-1,1016.261,-0.6013107,0
377532,-1,1016.2,1.062271,0
377542,-1,1016.382,-3.893829,0
377550,-1,1016.352,-3.079361,0
377560,-1,1016.282,-1.173172,0
377570,-1,1016.251,-0.3240509,0
377580,-1,1016.191,1.322212,0
377590,-1,1016.21,0.7850113,0
377601,-1,1016.201,1.027618,0
377612,22.11818,1016.312,-1.987633,0
377622,-1,1016.231,0.21315,0
377633,-1,1016.231,0.21315,0
377643,-1,1016.332,-2.524834,0
377651,-1,1016.261,-0.6013107,0
377661,-1,1016.15,2.41394,0
377671,-1,1016.312,-1.987633,0
377682,22.11818,1016.393,-4.188423,0
377692,-1,1016.352,-3.079361,0
377702,22.11818,1016.312,-1.987633,0
377712,-1,1016.261,-0.6013107,0
377722,-1,1016.17,1.87674,0
377732,-1,1016.352,-3.079361,0
377743,22.11818,1016.282,-1.173172,0
377753,-1,1016.231,0.21315,0
377763,-1,1016.393,-4.188423,0
377772,-1,1016.272,-0.8785782,0
377783,22.11818,1016.352,-3.079361,0
377794,-1,1016.272,-0.8785782,0
377803,-1,1016.352,-3.079361,0
